{"metric":"MSE","block_size":512,"variance_ratio":0.95,"k":16,"bit_width":3,"dim":128,"num_vecs_encoded":65536,"num_blocks":128,"skeleton_bytes":3418432,"codes_bytes":2314240,"compressed_bytes":5732672,"baseline_bytes_f32":33554432,"baseline_bytes_bf16":16777216,"ratio_vs_f32":5.853192,"ratio_vs_bf16":2.926596,"encode_seconds":1.544369,"decode_seconds":0.075015,"verify":true,"mean_block_mse":0.2888363199}