{"n_vecs":4096,"dim":512,"block_size":512,"n_blocks":8,"variance_ratio":0.95,"per_block_mean_mse":9.303491e-5,"layer_pooled_mean_mse":9.663852e-5,"first_block_mean_mse":4.843287e-4,"pooled_over_per_block_mean":1.0387,"pooled_over_per_block_median":0.6801,"pooled_over_per_block_max":2.2788,"first_over_per_block_mean":5.2059,"first_over_per_block_median":6.2399,"first_over_per_block_max":6.8689,"pooled_d_eff":182,"first_d_eff":148,"per_block_d_eff":[148,120,98,91,92,92,91,89],"per_block_mses":[1.248601e-4,9.808036e-5,8.708823e-5,8.693987e-5,8.585474e-5,8.746068e-5,8.725858e-5,8.673667e-5],"layer_pooled_mses":[2.845340e-4,1.385485e-4,6.997716e-5,5.292232e-5,5.316361e-5,5.658972e-5,5.837962e-5,5.899326e-5],"first_block_mses":[1.248601e-4,4.761822e-4,5.114823e-4,5.424919e-4,5.450045e-4,5.466013e-4,5.322225e-4,5.957851e-4]}