{"n_vecs":4096,"dim":512,"block_size":512,"n_blocks":8,"variance_ratio":0.95,"per_block_mean_mse":1.511136e-4,"layer_pooled_mean_mse":1.509698e-4,"first_block_mean_mse":5.506279e-4,"pooled_over_per_block_mean":0.9990,"pooled_over_per_block_median":0.9232,"pooled_over_per_block_max":1.5190,"first_over_per_block_mean":3.6438,"first_over_per_block_median":4.1698,"first_over_per_block_max":4.4237,"pooled_d_eff":157,"first_d_eff":121,"per_block_d_eff":[121,111,111,111,111,111,111,111],"per_block_mses":[1.659916e-4,1.500857e-4,1.480220e-4,1.493314e-4,1.482636e-4,1.496520e-4,1.480361e-4,1.495265e-4],"layer_pooled_mses":[2.521409e-4,1.417299e-4,1.341199e-4,1.337850e-4,1.324643e-4,1.358295e-4,1.396397e-4,1.380494e-4],"first_block_mses":[1.659916e-4,6.525868e-4,6.547985e-4,6.268831e-4,6.182225e-4,6.067639e-4,5.134328e-4,5.663437e-4]}