{"n_vecs":4096,"dim":512,"block_size":512,"n_blocks":8,"variance_ratio":0.95,"per_block_mean_mse":3.126262e-2,"layer_pooled_mean_mse":3.248052e-2,"first_block_mean_mse":6.092258e-2,"pooled_over_per_block_mean":1.0390,"pooled_over_per_block_median":0.5425,"pooled_over_per_block_max":3.4252,"first_over_per_block_mean":1.9487,"first_over_per_block_median":2.1038,"first_over_per_block_max":2.4189,"pooled_d_eff":69,"first_d_eff":108,"per_block_d_eff":[108,59,48,47,47,47,47,46],"per_block_mses":[3.843035e-2,3.030209e-2,3.046374e-2,2.961845e-2,3.029609e-2,3.011249e-2,2.997672e-2,3.090105e-2],"layer_pooled_mses":[1.316306e-1,3.614080e-2,1.652637e-2,1.390896e-2,1.412445e-2,1.465589e-2,1.560168e-2,1.725541e-2],"first_block_mses":[3.843035e-2,5.494558e-2,5.696266e-2,6.152679e-2,6.373814e-2,6.704792e-2,6.998402e-2,7.474522e-2]}