{"n_vecs":4096,"dim":512,"block_size":512,"n_blocks":8,"variance_ratio":0.95,"per_block_mean_mse":1.067735e-4,"layer_pooled_mean_mse":1.086423e-4,"first_block_mean_mse":5.477927e-4,"pooled_over_per_block_mean":1.0175,"pooled_over_per_block_median":0.7108,"pooled_over_per_block_max":2.4143,"first_over_per_block_mean":5.1304,"first_over_per_block_median":6.1944,"first_over_per_block_max":6.3988,"pooled_d_eff":164,"first_d_eff":142,"per_block_d_eff":[142,112,101,98,99,98,98,98],"per_block_mses":[1.338725e-4,1.071259e-4,1.018546e-4,1.020586e-4,1.021414e-4,1.030360e-4,1.028368e-4,1.012618e-4],"layer_pooled_mses":[3.232116e-4,1.253411e-4,7.508125e-5,6.633733e-5,6.820387e-5,6.873604e-5,7.024777e-5,7.197920e-5],"first_block_mses":[1.338725e-4,5.900464e-4,6.517491e-4,6.321952e-4,6.410625e-4,5.701825e-4,5.229746e-4,6.402584e-4]}