{"n_vecs":4096,"dim":512,"block_size":512,"n_blocks":8,"variance_ratio":0.95,"per_block_mean_mse":3.768398e-2,"layer_pooled_mean_mse":3.908667e-2,"first_block_mean_mse":9.016629e-2,"pooled_over_per_block_mean":1.0372,"pooled_over_per_block_median":0.3576,"pooled_over_per_block_max":3.8758,"first_over_per_block_mean":2.3927,"first_over_per_block_median":2.6589,"first_over_per_block_max":2.7825,"pooled_d_eff":108,"first_d_eff":159,"per_block_d_eff":[159,107,80,75,74,74,74,72],"per_block_mses":[4.071453e-2,3.973320e-2,3.812678e-2,3.634094e-2,3.809567e-2,3.695530e-2,3.574028e-2,3.576512e-2],"layer_pooled_mses":[1.578033e-1,7.633333e-2,2.457341e-2,1.036500e-2,9.475044e-3,9.969571e-3,1.138312e-2,1.279058e-2],"first_block_mses":[4.071453e-2,1.010486e-1,9.437068e-2,9.667462e-2,9.444265e-2,9.826194e-2,9.630185e-2,9.951547e-2]}