{"n_vecs":4096,"dim":512,"block_size":512,"n_blocks":8,"variance_ratio":0.95,"per_block_mean_mse":2.549945e-2,"layer_pooled_mean_mse":2.585004e-2,"first_block_mean_mse":2.653309e-2,"pooled_over_per_block_mean":1.0137,"pooled_over_per_block_median":0.8317,"pooled_over_per_block_max":1.9948,"first_over_per_block_mean":1.0405,"first_over_per_block_median":1.0548,"first_over_per_block_max":1.0726,"pooled_d_eff":72,"first_d_eff":81,"per_block_d_eff":[81,68,68,68,68,68,68,68],"per_block_mses":[3.191762e-2,2.489768e-2,2.445843e-2,2.457218e-2,2.446833e-2,2.464024e-2,2.448680e-2,2.455434e-2],"layer_pooled_mses":[6.366953e-2,2.070808e-2,2.033813e-2,2.042933e-2,2.038006e-2,2.047761e-2,2.038083e-2,2.041679e-2],"first_block_mses":[3.191762e-2,2.428750e-2,2.573213e-2,2.619575e-2,2.580851e-2,2.627951e-2,2.570616e-2,2.633751e-2]}