{
  "model": "gemma4_e2b",
  "model_dir": "gemma-4-E2B-it",
  "ctx": 4096,
  "num_measurements": 6,
  "pooled_ratio_mean": 1.0241833333333334,
  "pooled_ratio_median": 1.02735,
  "pooled_ratio_max": 1.039,
  "first_ratio_mean": 3.2270000000000003,
  "first_ratio_median": 3.01825,
  "first_ratio_max": 5.2059,
  "per_measurement": [
    {
      "n_vecs": 4096,
      "dim": 512,
      "block_size": 512,
      "n_blocks": 8,
      "variance_ratio": 0.95,
      "per_block_mean_mse": 0.0001511136,
      "layer_pooled_mean_mse": 0.0001509698,
      "first_block_mean_mse": 0.0005506279,
      "pooled_over_per_block_mean": 0.999,
      "pooled_over_per_block_median": 0.9232,
      "pooled_over_per_block_max": 1.519,
      "first_over_per_block_mean": 3.6438,
      "first_over_per_block_median": 4.1698,
      "first_over_per_block_max": 4.4237,
      "pooled_d_eff": 157,
      "first_d_eff": 121,
      "per_block_d_eff": [
        121,
        111,
        111,
        111,
        111,
        111,
        111,
        111
      ],
      "per_block_mses": [
        0.0001659916,
        0.0001500857,
        0.000148022,
        0.0001493314,
        0.0001482636,
        0.000149652,
        0.0001480361,
        0.0001495265
      ],
      "layer_pooled_mses": [
        0.0002521409,
        0.0001417299,
        0.0001341199,
        0.000133785,
        0.0001324643,
        0.0001358295,
        0.0001396397,
        0.0001380494
      ],
      "first_block_mses": [
        0.0001659916,
        0.0006525868,
        0.0006547985,
        0.0006268831,
        0.0006182225,
        0.0006067639,
        0.0005134328,
        0.0005663437
      ],
      "layer_idx": 4,
      "stream": "K"
    },
    {
      "n_vecs": 4096,
      "dim": 512,
      "block_size": 512,
      "n_blocks": 8,
      "variance_ratio": 0.95,
      "per_block_mean_mse": 0.02549945,
      "layer_pooled_mean_mse": 0.02585004,
      "first_block_mean_mse": 0.02653309,
      "pooled_over_per_block_mean": 1.0137,
      "pooled_over_per_block_median": 0.8317,
      "pooled_over_per_block_max": 1.9948,
      "first_over_per_block_mean": 1.0405,
      "first_over_per_block_median": 1.0548,
      "first_over_per_block_max": 1.0726,
      "pooled_d_eff": 72,
      "first_d_eff": 81,
      "per_block_d_eff": [
        81,
        68,
        68,
        68,
        68,
        68,
        68,
        68
      ],
      "per_block_mses": [
        0.03191762,
        0.02489768,
        0.02445843,
        0.02457218,
        0.02446833,
        0.02464024,
        0.0244868,
        0.02455434
      ],
      "layer_pooled_mses": [
        0.06366953,
        0.02070808,
        0.02033813,
        0.02042933,
        0.02038006,
        0.02047761,
        0.02038083,
        0.02041679
      ],
      "first_block_mses": [
        0.03191762,
        0.0242875,
        0.02573213,
        0.02619575,
        0.02580851,
        0.02627951,
        0.02570616,
        0.02633751
      ],
      "layer_idx": 4,
      "stream": "V"
    },
    {
      "n_vecs": 4096,
      "dim": 512,
      "block_size": 512,
      "n_blocks": 8,
      "variance_ratio": 0.95,
      "per_block_mean_mse": 0.0001067735,
      "layer_pooled_mean_mse": 0.0001086423,
      "first_block_mean_mse": 0.0005477927,
      "pooled_over_per_block_mean": 1.0175,
      "pooled_over_per_block_median": 0.7108,
      "pooled_over_per_block_max": 2.4143,
      "first_over_per_block_mean": 5.1304,
      "first_over_per_block_median": 6.1944,
      "first_over_per_block_max": 6.3988,
      "pooled_d_eff": 164,
      "first_d_eff": 142,
      "per_block_d_eff": [
        142,
        112,
        101,
        98,
        99,
        98,
        98,
        98
      ],
      "per_block_mses": [
        0.0001338725,
        0.0001071259,
        0.0001018546,
        0.0001020586,
        0.0001021414,
        0.000103036,
        0.0001028368,
        0.0001012618
      ],
      "layer_pooled_mses": [
        0.0003232116,
        0.0001253411,
        7.508125e-05,
        6.633733e-05,
        6.820387e-05,
        6.873604e-05,
        7.024777e-05,
        7.19792e-05
      ],
      "first_block_mses": [
        0.0001338725,
        0.0005900464,
        0.0006517491,
        0.0006321952,
        0.0006410625,
        0.0005701825,
        0.0005229746,
        0.0006402584
      ],
      "layer_idx": 9,
      "stream": "K"
    },
    {
      "n_vecs": 4096,
      "dim": 512,
      "block_size": 512,
      "n_blocks": 8,
      "variance_ratio": 0.95,
      "per_block_mean_mse": 0.03126262,
      "layer_pooled_mean_mse": 0.03248052,
      "first_block_mean_mse": 0.06092258,
      "pooled_over_per_block_mean": 1.039,
      "pooled_over_per_block_median": 0.5425,
      "pooled_over_per_block_max": 3.4252,
      "first_over_per_block_mean": 1.9487,
      "first_over_per_block_median": 2.1038,
      "first_over_per_block_max": 2.4189,
      "pooled_d_eff": 69,
      "first_d_eff": 108,
      "per_block_d_eff": [
        108,
        59,
        48,
        47,
        47,
        47,
        47,
        46
      ],
      "per_block_mses": [
        0.03843035,
        0.03030209,
        0.03046374,
        0.02961845,
        0.03029609,
        0.03011249,
        0.02997672,
        0.03090105
      ],
      "layer_pooled_mses": [
        0.1316306,
        0.0361408,
        0.01652637,
        0.01390896,
        0.01412445,
        0.01465589,
        0.01560168,
        0.01725541
      ],
      "first_block_mses": [
        0.03843035,
        0.05494558,
        0.05696266,
        0.06152679,
        0.06373814,
        0.06704792,
        0.06998402,
        0.07474522
      ],
      "layer_idx": 9,
      "stream": "V"
    },
    {
      "n_vecs": 4096,
      "dim": 512,
      "block_size": 512,
      "n_blocks": 8,
      "variance_ratio": 0.95,
      "per_block_mean_mse": 9.303491e-05,
      "layer_pooled_mean_mse": 9.663852e-05,
      "first_block_mean_mse": 0.0004843287,
      "pooled_over_per_block_mean": 1.0387,
      "pooled_over_per_block_median": 0.6801,
      "pooled_over_per_block_max": 2.2788,
      "first_over_per_block_mean": 5.2059,
      "first_over_per_block_median": 6.2399,
      "first_over_per_block_max": 6.8689,
      "pooled_d_eff": 182,
      "first_d_eff": 148,
      "per_block_d_eff": [
        148,
        120,
        98,
        91,
        92,
        92,
        91,
        89
      ],
      "per_block_mses": [
        0.0001248601,
        9.808036e-05,
        8.708823e-05,
        8.693987e-05,
        8.585474e-05,
        8.746068e-05,
        8.725858e-05,
        8.673667e-05
      ],
      "layer_pooled_mses": [
        0.000284534,
        0.0001385485,
        6.997716e-05,
        5.292232e-05,
        5.316361e-05,
        5.658972e-05,
        5.837962e-05,
        5.899326e-05
      ],
      "first_block_mses": [
        0.0001248601,
        0.0004761822,
        0.0005114823,
        0.0005424919,
        0.0005450045,
        0.0005466013,
        0.0005322225,
        0.0005957851
      ],
      "layer_idx": 14,
      "stream": "K"
    },
    {
      "n_vecs": 4096,
      "dim": 512,
      "block_size": 512,
      "n_blocks": 8,
      "variance_ratio": 0.95,
      "per_block_mean_mse": 0.03768398,
      "layer_pooled_mean_mse": 0.03908667,
      "first_block_mean_mse": 0.09016629,
      "pooled_over_per_block_mean": 1.0372,
      "pooled_over_per_block_median": 0.3576,
      "pooled_over_per_block_max": 3.8758,
      "first_over_per_block_mean": 2.3927,
      "first_over_per_block_median": 2.6589,
      "first_over_per_block_max": 2.7825,
      "pooled_d_eff": 108,
      "first_d_eff": 159,
      "per_block_d_eff": [
        159,
        107,
        80,
        75,
        74,
        74,
        74,
        72
      ],