{"n_vecs":32768,"dim":128,"n_blocks":64,"block_size":512,"baseline_mse":2.447887e-1,"cells":[{"variance_ratio":0.950,"d_res":0,"d_eff":37,"mean_mse":2.447887e-1,"min_mse":1.082598e-1,"max_mse":3.446041e-1,"inflation_over_baseline":1.000000,"per_block_mses":[1.509851e-1,1.417211e-1,1.422688e-1,1.418386e-1,1.421533e-1,1.419916e-1,1.426198e-1,1.429488e-1,1.236172e-1,1.103821e-1,1.082598e-1,1.088943e-1,1.083833e-1,1.084103e-1,1.131817e-1,1.137566e-1,2.588141e-1,2.395463e-1,2.311754e-1,2.341799e-1,2.337841e-1,2.362529e-1,2.366091e-1,2.287902e-1,3.318303e-1,3.107961e-1,3.170209e-1,3.177457e-1,3.195398e-1,3.235747e-1,3.244469e-1,3.074538e-1,2.915820e-1,2.665278e-1,2.577962e-1,2.604268e-1,2.623852e-1,2.658804e-1,2.654553e-1,2.578220e-1,3.446041e-1,3.204090e-1,3.282087e-1,3.290572e-1,3.336403e-1,3.161319e-1,3.204580e-1,3.232830e-1,3.023180e-1,2.910247e-1,2.975046e-1,2.989205e-1,3.012630e-1,3.044998e-1,3.063018e-1,2.915247e-1,2.741842e-1,2.496530e-1,2.515323e-1,2.534958e-1,2.541298e-1,2.469751e-1,2.569147e-1,2.495915e-1]},{"variance_ratio":0.950,"d_res":2,"d_eff":37,"mean_mse":2.025889e-1,"min_mse":9.046179e-2,"max_mse":2.751533e-1,"inflation_over_baseline":0.827607,"per_block_mses":[1.259299e-1,1.186317e-1,1.190875e-1,1.187088e-1,1.191227e-1,1.189966e-1,1.196938e-1,1.199291e-1,1.043327e-1,9.218674e-2,9.046179e-2,9.062090e-2,9.055142e-2,9.046315e-2,9.435294e-2,9.517155e-2,2.196269e-1,2.041990e-1,1.968183e-1,1.991224e-1,1.991236e-1,2.005794e-1,2.011786e-1,1.945223e-1,2.716096e-1,2.568381e-1,2.627306e-1,2.618771e-1,2.635807e-1,2.667384e-1,2.671695e-1,2.537167e-1,2.421386e-1,2.247911e-1,2.170363e-1,2.194320e-1,2.201005e-1,2.230883e-1,2.225489e-1,2.150115e-1,2.751533e-1,2.547558e-1,2.650237e-1,2.625461e-1,2.703036e-1,2.552547e-1,2.632946e-1,2.610964e-1,2.468804e-1,2.398738e-1,2.400399e-1,2.417583e-1,2.417772e-1,2.453027e-1,2.450676e-1,2.351339e-1,2.317361e-1,2.086393e-1,2.107836e-1,2.121768e-1,2.139453e-1,2.081719e-1,2.157658e-1,2.093890e-1]},{"variance_ratio":0.950,"d_res":4,"d_eff":37,"mean_mse":1.770368e-1,"min_mse":7.957736e-2,"max_mse":2.365269e-1,"inflation_over_baseline":0.723223,"per_block_mses":[1.110402e-1,1.047255e-1,1.050774e-1,1.046374e-1,1.051958e-1,1.049324e-1,1.057031e-1,1.059357e-1,9.211750e-2,8.103481e-2,7.969641e-2,7.972554e-2,7.987955e-2,7.957736e-2,8.296893e-2,8.393658e-2,1.941160e-1,1.811261e-1,1.742489e-1,1.761378e-1,1.764066e-1,1.773963e-1,1.781330e-1,1.720704e-1,2.348796e-1,2.234196e-1,2.284754e-1,2.274070e-1,2.289115e-1,2.314931e-1,2.316523e-1,2.202556e-1,2.122745e-1,1.983021e-1,1.912541e-1,1.932056e-1,1.938378e-1,1.962664e-1,1.956806e-1,1.886027e-1,2.365269e-1,2.201552e-1,2.296169e-1,2.263353e-1,2.343839e-1,2.207406e-1,2.289146e-1,2.251872e-1,2.123680e-1,2.077995e-1,2.069590e-1,2.078923e-1,2.081538e-1,2.109993e-1,2.110766e-1,2.031746e-1,2.046906e-1,1.835128e-1,1.860486e-1,1.867755e-1,1.888198e-1,1.832993e-1,1.902628e-1,1.849220e-1]},{"variance_ratio":0.950,"d_res":8,"d_eff":37,"mean_mse":1.412902e-1,"min_mse":6.430148e-2,"max_mse":1.844012e-1,"inflation_over_baseline":0.577193,"per_block_mses":[8.997506e-2,8.497644e-2,8.500584e-2,8.468552e-2,8.532326e-2,8.511006e-2,8.586911e-2,8.574022e-2,7.463359e-2,6.536529e-2,6.433513e-2,6.439332e-2,6.456641e-2,6.430148e-2,6.683878e-2,6.787127e-2,1.572886e-1,1.472445e-1,1.414678e-1,1.431455e-1,1.432593e-1,1.439757e-1,1.447109e-1,1.394539e-1,1.830935e-1,1.763375e-1,1.805815e-1,1.791283e-1,1.805284e-1,1.821500e-1,1.824283e-1,1.732451e-1,1.705247e-1,1.607007e-1,1.544879e-1,1.560733e-1,1.565138e-1,1.588197e-1,1.582209e-1,1.522535e-1,1.836347e-1,1.731998e-1,1.814519e-1,1.774371e-1,1.844012e-1,1.733721e-1,1.804383e-1,1.768823e-1,1.646872e-1,1.633117e-1,1.621596e-1,1.626231e-1,1.627054e-1,1.650321e-1,1.656323e-1,1.598602e-1,1.656101e-1,1.484780e-1,1.505412e-1,1.508679e-1,1.529952e-1,1.482156e-1,1.541486e-1,1.502630e-1]},{"variance_ratio":0.900,"d_res":0,"d_eff":24,"mean_mse":4.845718e-1,"min_mse":2.184184e-1,"max_mse":6.729929e-1,"inflation_over_baseline":1.979551,"per_block_mses":[3.005984e-1,2.765003e-1,2.778402e-1,2.781615e-1,2.790769e-1,2.789267e-1,2.801346e-1,2.802522e-1,2.419550e-1,2.217872e-1,2.184184e-1,2.201174e-1,2.189075e-1,2.192601e-1,2.184882e-1,2.204718e-1,5.193692e-1,4.625304e-1,4.688965e-1,4.477068e-1,4.743166e-1,4.521752e-1,4.518964e-1,4.554537e-1,6.517935e-1,6.345997e-1,6.439610e-1,6.043644e-1,6.093235e-1,6.160215e-1,6.201302e-1,6.239134e-1,5.715592e-1,5.310629e-1,5.155584e-1,5.190740e-1,5.248255e-1,5.301346e-1,5.306487e-1,5.151469e-1,6.565624e-1,6.333202e-1,6.440755e-1,6.534818e-1,6.583592e-1,6.117956e-1,6.729929e-1,6.254329e-1,6.100372e-1,5.815571e-1,5.920520e-1,5.981367e-1,6.011240e-1,6.102598e-1,6.133728e-1,5.797638e-1,5.559422e-1,5.170800e-1,4.932806e-1,4.990138e-1,5.003954e-1,5.073048e-1,5.073059e-1,4.845873e-1]},{"variance_ratio":0.900,"d_res":2,"d_eff":24,"mean_mse":3.989614e-1,"min_mse":1.840010e-1,"max_mse":5.420945e-1,"inflation_over_baseline":1.629820,"per_block_mses":[2.551609e-1,2.341249e-1,2.348231e-1,2.360293e-1,2.360589e-1,2.363320e-1,2.364959e-1,2.376411e-1,2.061104e-1,1.887151e-1,1.850333e-1,1.862866e-1,1.845827e-1,1.851431e-1,1.840010e-1,1.859773e-1,4.292545e-1,3.917109e-1,3.987130e-1,3.814245e-1,4.034642e-1,3.845609e-1,3.834874e-1,3.873020e-1,5.176583e-1,5.121897e-1,5.207184e-1,4.882654e-1,4.909954e-1,4.967307e-1,4.994123e-1,5.039421e-1,4.678615e-1,4.378084e-1,4.230935e-1,4.275562e-1,4.321464e-1,4.379572e-1,4.371416e-1,4.225429e-1,5.195885e-1,5.107042e-1,5.205557e-1,5.273176e-1,5.328029e-1,4.977428e-1,5.420945e-1,5.059380e-1,4.770125e-1,4.670423e-1,4.758396e-1,4.808728e-1,4.822762e-1,4.914492e-1,4.923756e-1,4.669940e-1,4.624736e-1,4.388117e-1,4.206755e-1,4.247512e-1,4.281549e-1,4.317102e-1,4.332568e-1,4.146370e-1]},{"variance_ratio":0.900,"d_res":4,"d_eff":24,"mean_mse":3.471290e-1,"min_mse":1.630737e-1,"max_mse":4.641744e-1,"inflation_over_baseline":1.418076,"per_block_mses":[2.255348e-1,2.071250e-1,2.074481e-1,2.090208e-1,2.090023e-1,2.091936e-1,2.089623e-1,2.105020e-1,1.828575e-1,1.673364e-1,1.638788e-1,1.648648e-1,1.636038e-1,1.640773e-1,1.630737e-1,1.647503e-1,3.749950e-1,3.477370e-1,3.554540e-1,3.403411e-1,3.601042e-1,3.426482e-1,3.418553e-1,3.450056e-1,4.377054e-1,4.401634e-1,4.499801e-1,4.216456e-1,4.234498e-1,4.280736e-1,4.300999e-1,4.342421e-1,4.080123e-1,3.805268e-1,3.669430e-1,3.728243e-1,3.756048e-1,3.813539e-1,3.795719e-1,3.668771e-1,4.411676e-1,4.380558e-1,4.463486e-1,4.518157e-1,4.572228e-1,4.294423e-1,4.641744e-1,4.358825e-1,4.013018e-1,3.980354e-1,4.070735e-1,4.112288e-1,4.122330e-1,4.204928e-1,4.213024e-1,4.000228e-1,4.055753e-1,3.876118e-1,3.718498e-1,3.754508e-1,3.795061e-1,3.819268e-1,3.838542e-1,3.682367e-1]},{"variance_ratio":0.900,"d_res":8,"d_eff":24,"mean_mse":2.753024e-1,"min_mse":1.328129e-1,"max_mse":3.593458e-1,"inflation_over_baseline":1.124653,"per_block_mses":[1.825485e-1,1.682480e-1,1.681690e-1,1.700804e-1,1.700935e-1,1.701026e-1,1.696147e-1,1.711603e-1,1.494215e-1,1.361910e-1,1.333837e-1,1.342900e-1,1.332432e-1,1.337102e-1,1.328129e-1,1.344615e-1,3.011295e-1,2.854605e-1,2.933802e-1,2.803774e-1,2.969119e-1,2.814841e-1,2.810933e-1,2.832543e-1,3.341051e-1,3.428066e-1,3.516081e-1,3.289005e-1,3.305625e-1,3.337730e-1,3.356027e-1,3.391868e-1,3.254503e-1,3.025465e-1,2.913462e-1,2.965062e-1,2.978398e-1,3.026925e-1,3.010601e-1,2.910614e-1,3.383308e-1,3.403908e-1,3.470237e-1,3.494631e-1,3.550829e-1,3.354150e-1,3.593458e-1,3.387914e-1,3.038064e-1,3.068873e-1,3.143132e-1,3.170127e-1,3.188884e-1,3.248817e-1,3.265278e-1,3.106880e-1,3.252346e-1,3.126280e-1,3.002833e-1,3.033727e-1,3.073046e-1,3.087703e-1,3.103798e-1,2.988608e-1]},{"variance_ratio":0.850,"d_res":0,"d_eff":17,"mean_mse":7.192156e-1,"min_mse":3.317107e-1,"max_mse":1.018381e0,"inflation_over_baseline":2.938108,