{"n_vecs":32768,"dim":128,"n_blocks":64,"block_size":512,"baseline_mse":1.019093e-1,"cells":[{"variance_ratio":0.950,"d_res":0,"d_eff":50,"mean_mse":1.019093e-1,"min_mse":5.401197e-2,"max_mse":1.378084e-1,"inflation_over_baseline":1.000000,"per_block_mses":[8.947327e-2,8.149563e-2,8.035106e-2,8.349385e-2,8.207143e-2,8.349533e-2,8.306361e-2,8.333979e-2,1.159167e-1,1.136800e-1,1.099011e-1,1.097966e-1,1.129004e-1,1.133792e-1,1.113546e-1,1.124335e-1,1.206564e-1,1.104296e-1,1.156228e-1,1.125582e-1,1.189190e-1,1.185654e-1,1.192504e-1,1.154074e-1,1.012691e-1,8.817447e-2,8.705980e-2,8.624131e-2,8.889837e-2,8.552112e-2,8.842773e-2,8.900035e-2,1.378084e-1,1.243238e-1,1.228787e-1,1.230006e-1,1.239611e-1,1.218545e-1,1.235840e-1,1.232848e-1,1.241198e-1,1.217444e-1,1.188508e-1,1.233979e-1,1.220899e-1,1.210754e-1,1.213668e-1,1.203500e-1,1.172606e-1,1.095326e-1,1.081817e-1,1.097690e-1,1.117734e-1,1.103289e-1,1.092518e-1,1.127119e-1,5.915593e-2,5.401197e-2,5.401500e-2,5.680715e-2,5.561700e-2,5.593112e-2,5.549380e-2,5.651372e-2]},{"variance_ratio":0.950,"d_res":2,"d_eff":50,"mean_mse":8.566104e-2,"min_mse":4.497604e-2,"max_mse":1.180093e-1,"inflation_over_baseline":0.840562,"per_block_mses":[7.491958e-2,6.838098e-2,6.716420e-2,7.022333e-2,6.883585e-2,7.005936e-2,6.949303e-2,6.995660e-2,9.880253e-2,9.740112e-2,9.437633e-2,9.393805e-2,9.717408e-2,9.724670e-2,9.556597e-2,9.658939e-2,1.016714e-1,9.164568e-2,9.706241e-2,9.289340e-2,9.894786e-2,9.813423e-2,9.914519e-2,9.566068e-2,8.404863e-2,7.322176e-2,7.167477e-2,7.118218e-2,7.319796e-2,7.050629e-2,7.279999e-2,7.364362e-2,1.180093e-1,1.046249e-1,1.034921e-1,1.026679e-1,1.046336e-1,1.023638e-1,1.038046e-1,1.028058e-1,1.052642e-1,1.028454e-1,1.001426e-1,1.045040e-1,1.032836e-1,1.026759e-1,1.024373e-1,1.017072e-1,9.881388e-2,9.189343e-2,9.063588e-2,9.207684e-2,9.364261e-2,9.244294e-2,9.140454e-2,9.413707e-2,5.023194e-2,4.497604e-2,4.540451e-2,4.769203e-2,4.690699e-2,4.696242e-2,4.685434e-2,4.740587e-2]},{"variance_ratio":0.950,"d_res":4,"d_eff":50,"mean_mse":7.572442e-2,"min_mse":3.966143e-2,"max_mse":1.049604e-1,"inflation_over_baseline":0.743057,"per_block_mses":[6.628870e-2,6.044478e-2,5.926124e-2,6.209650e-2,6.085614e-2,6.188612e-2,6.140020e-2,6.184344e-2,8.793675e-2,8.695499e-2,8.442999e-2,8.376868e-2,8.692089e-2,8.695480e-2,8.534592e-2,8.627338e-2,8.991916e-2,8.065968e-2,8.550330e-2,8.141784e-2,8.699593e-2,8.631519e-2,8.733054e-2,8.448934e-2,7.372939e-2,6.431381e-2,6.282655e-2,6.245972e-2,6.411740e-2,6.188443e-2,6.379205e-2,6.452371e-2,1.049604e-1,9.270909e-2,9.152601e-2,9.066695e-2,9.250134e-2,9.065251e-2,9.164088e-2,9.075132e-2,9.300764e-2,9.099465e-2,8.851673e-2,9.254129e-2,9.154554e-2,9.094243e-2,9.057417e-2,9.001957e-2,8.725387e-2,8.102079e-2,7.979095e-2,8.107799e-2,8.248692e-2,8.143325e-2,8.038212e-2,8.283674e-2,4.476672e-2,3.966143e-2,4.024323e-2,4.225069e-2,4.163500e-2,4.153935e-2,4.156577e-2,4.192691e-2]},{"variance_ratio":0.950,"d_res":8,"d_eff":50,"mean_mse":6.157733e-2,"min_mse":3.225894e-2,"max_mse":8.583624e-2,"inflation_over_baseline":0.604237,"per_block_mses":[5.393204e-2,4.912859e-2,4.821302e-2,5.063673e-2,4.946081e-2,5.026520e-2,5.000238e-2,5.036766e-2,7.216596e-2,7.158661e-2,6.966735e-2,6.883512e-2,7.168828e-2,7.181196e-2,7.034349e-2,7.106199e-2,7.309388e-2,6.539409e-2,6.935368e-2,6.584239e-2,7.059266e-2,6.991929e-2,7.069268e-2,6.865680e-2,5.931396e-2,5.195411e-2,5.058927e-2,5.022410e-2,5.162744e-2,4.980316e-2,5.138754e-2,5.190508e-2,8.583624e-2,7.569182e-2,7.441611e-2,7.359313e-2,7.514183e-2,7.396888e-2,7.436820e-2,7.370141e-2,7.514330e-2,7.380323e-2,7.181944e-2,7.516681e-2,7.439492e-2,7.406049e-2,7.345972e-2,7.312842e-2,7.074776e-2,6.572617e-2,6.452239e-2,6.563783e-2,6.685887e-2,6.593186e-2,6.502314e-2,6.691302e-2,3.671403e-2,3.225894e-2,3.284349e-2,3.449362e-2,3.403720e-2,3.383567e-2,3.399983e-2,3.419387e-2]},{"variance_ratio":0.900,"d_res":0,"d_eff":34,"mean_mse":2.035264e-1,"min_mse":1.071465e-1,"max_mse":2.683096e-1,"inflation_over_baseline":1.997133,"per_block_mses":[1.817620e-1,1.586018e-1,1.648028e-1,1.645207e-1,1.609828e-1,1.631455e-1,1.692555e-1,1.708957e-1,2.396103e-1,2.306873e-1,2.225024e-1,2.229680e-1,2.190645e-1,2.208068e-1,2.261300e-1,2.194688e-1,2.417019e-1,2.237217e-1,2.282779e-1,2.326500e-1,2.378709e-1,2.368175e-1,2.253900e-1,2.281825e-1,1.983771e-1,1.751729e-1,1.724957e-1,1.721679e-1,1.770727e-1,1.776087e-1,1.767118e-1,1.706944e-1,2.683096e-1,2.489772e-1,2.460106e-1,2.477423e-1,2.469363e-1,2.464627e-1,2.469952e-1,2.500908e-1,2.407953e-1,2.390063e-1,2.466057e-1,2.427800e-1,2.391458e-1,2.363259e-1,2.382651e-1,2.481233e-1,2.380011e-1,2.195035e-1,2.177671e-1,2.215562e-1,2.179846e-1,2.245886e-1,2.224255e-1,2.182289e-1,1.207415e-1,1.071465e-1,1.108216e-1,1.120669e-1,1.102280e-1,1.108361e-1,1.144868e-1,1.166150e-1]},{"variance_ratio":0.900,"d_res":2,"d_eff":34,"mean_mse":1.723384e-1,"min_mse":9.096752e-2,"max_mse":2.271466e-1,"inflation_over_baseline":1.691096,"per_block_mses":[1.554338e-1,1.359285e-1,1.413412e-1,1.410593e-1,1.381411e-1,1.395519e-1,1.449030e-1,1.462713e-1,2.037105e-1,1.948185e-1,1.878480e-1,1.886739e-1,1.848479e-1,1.866697e-1,1.908483e-1,1.848770e-1,2.031230e-1,1.870415e-1,1.917329e-1,1.950051e-1,1.981967e-1,1.979068e-1,1.894949e-1,1.882683e-1,1.684707e-1,1.473257e-1,1.452080e-1,1.445541e-1,1.487215e-1,1.476650e-1,1.487834e-1,1.431445e-1,2.271466e-1,2.108899e-1,2.075304e-1,2.100841e-1,2.082607e-1,2.084354e-1,2.082030e-1,2.124604e-1,2.052449e-1,2.036490e-1,2.100601e-1,2.070736e-1,2.038992e-1,2.014342e-1,2.037669e-1,2.114915e-1,2.031711e-1,1.861063e-1,1.842313e-1,1.877534e-1,1.846048e-1,1.918758e-1,1.892949e-1,1.880444e-1,1.028394e-1,9.096752e-2,9.406185e-2,9.472340e-2,9.315670e-2,9.385275e-2,9.704655e-2,9.873278e-2]},{"variance_ratio":0.900,"d_res":4,"d_eff":34,"mean_mse":1.526351e-1,"min_mse":8.083969e-2,"max_mse":2.013759e-1,"inflation_over_baseline":1.497754,"per_block_mses":[1.390407e-1,1.212824e-1,1.260527e-1,1.257581e-1,1.234357e-1,1.244225e-1,1.292111e-1,1.301842e-1,1.808012e-1,1.720431e-1,1.656340e-1,1.665511e-1,1.634288e-1,1.647535e-1,1.686317e-1,1.630754e-1,1.793849e-1,1.644198e-1,1.685841e-1,1.710558e-1,1.732218e-1,1.734071e-1,1.663301e-1,1.641392e-1,1.496930e-1,1.300530e-1,1.284146e-1,1.277162e-1,1.312506e-1,1.295129e-1,1.310830e-1,1.260440e-1,2.013759e-1,1.864857e-1,1.831732e-1,1.857561e-1,1.837599e-1,1.839614e-1,1.835187e-1,1.883666e-1,1.822462e-1,1.812331e-1,1.866485e-1,1.841318e-1,1.818002e-1,1.790361e-1,1.812268e-1,1.878256e-1,1.807543e-1,1.654650e-1,1.640277e-1,1.671995e-1,1.645967e-1,1.711503e-1,1.689142e-1,1.681606e-1,9.174958e-2,8.083969e-2,8.351270e-2,8.389706e-2,8.251638e-2,8.320196e-2,8.597901e-2,8.751813e-2]},{"variance_ratio":0.900,"d_res":8,"d_eff":34,"mean_mse":1.244449e-1,"min_mse":6.635938e-2,"max_mse":1.644818e-1,"inflation_over_baseline":1.221134,"per_block_mses":[1.148372e-1,9.953611e-2,1.035379e-1,1.035700e-1,1.016628e-1,1.022982e-1,1.063013e-1,1.068772e-1,1.480668e-1,1.400788e-1,1.348867e-1,1.352797e-1,1.328668e-1,1.339931e-1,1.372605e-1,1.328269e-1,1.454552e-1,1.322645e-1,1.361397e-1,1.373355e-1,1.386244e-1,1.391121e-1,1.334387e-1,1.310926e-1,1.222366e-1,1.057621e-1,1.046759e-1,1.037566e-1,1.065543e-1,1.046864e-1,1.060434e-1,1.020681e-1,1.644818e-1,1.516732e-1,1.485913e-1,1.511160e-1,1.490547e-1,1.491462e-1,1.484291e-1,1.534972e-1,1.490098e-1,1.483274e-1,1.527555e-1,1.508132e-1,1.493539e-1,1.466573e-1,1.484061e-1,1.537534e-1,1.483037e-1,1.355710e-1,1.346168e-1,1.373377e-1,1.353141e-1,1.409931e-1,1.392292e-1,1.390724e-1,7.554148e-2,6.635938e-2,6.832939e-2,6.858665e-2,6.740178e-2,6.803392e-2,7.022040e-2,7.137230e-2]},{"variance_ratio":0.850,"d_res":0,"d_eff":26,"mean_mse":3.040244e-1,"min_mse":1.619140e-1,"max_mse":4.070475e-1,"inflation_over_baseline":2.983285,