{"n_vecs":32768,"dim":128,"n_blocks":64,"block_size":512,"baseline_mse":1.232378e-1,"cells":[{"variance_ratio":0.950,"d_res":0,"d_eff":39,"mean_mse":1.232378e-1,"min_mse":9.846305e-2,"max_mse":1.628286e-1,"inflation_over_baseline":1.000000,"per_block_mses":[1.247196e-1,1.105388e-1,1.102495e-1,1.112207e-1,1.116157e-1,1.120791e-1,1.130286e-1,1.137243e-1,1.295793e-1,1.179407e-1,1.196058e-1,1.147528e-1,1.159481e-1,1.164577e-1,1.158614e-1,1.165507e-1,1.496050e-1,1.339327e-1,1.336047e-1,1.343593e-1,1.303343e-1,1.327324e-1,1.290599e-1,1.295855e-1,1.577216e-1,1.533428e-1,1.595251e-1,1.628286e-1,1.565930e-1,1.603758e-1,1.543445e-1,1.573999e-1,1.082379e-1,9.960484e-2,9.846305e-2,1.030403e-1,1.026661e-1,1.024821e-1,9.890830e-2,9.885841e-2,1.267620e-1,1.247509e-1,1.215148e-1,1.183719e-1,1.220987e-1,1.185336e-1,1.174991e-1,1.178640e-1,1.198336e-1,1.143640e-1,1.139618e-1,1.149776e-1,1.150558e-1,1.105339e-1,1.091353e-1,1.103286e-1,1.582906e-1,1.327388e-1,1.280182e-1,1.224331e-1,1.186836e-1,1.158146e-1,1.169536e-1,1.172189e-1]},{"variance_ratio":0.950,"d_res":2,"d_eff":39,"mean_mse":1.026615e-1,"min_mse":8.254483e-2,"max_mse":1.343336e-1,"inflation_over_baseline":0.833036,"per_block_mses":[1.051297e-1,9.083710e-2,9.069877e-2,9.172273e-2,9.238089e-2,9.294037e-2,9.390749e-2,9.517231e-2,1.099138e-1,9.965608e-2,9.952760e-2,9.498207e-2,9.634573e-2,9.676678e-2,9.599515e-2,9.694337e-2,1.267706e-1,1.132547e-1,1.121948e-1,1.122874e-1,1.092989e-1,1.110061e-1,1.072719e-1,1.084782e-1,1.297291e-1,1.236724e-1,1.288163e-1,1.305371e-1,1.264776e-1,1.283925e-1,1.225206e-1,1.264591e-1,9.071119e-2,8.359765e-2,8.254483e-2,8.658464e-2,8.646265e-2,8.562280e-2,8.267309e-2,8.267293e-2,1.069448e-1,1.052469e-1,1.020899e-1,9.915095e-2,1.028551e-1,9.922199e-2,9.880713e-2,9.883307e-2,1.019229e-1,9.699018e-2,9.615881e-2,9.816409e-2,9.733190e-2,9.396724e-2,9.312637e-2,9.399692e-2,1.343336e-1,1.106441e-1,1.069987e-1,1.019816e-1,9.892187e-2,9.647443e-2,9.762312e-2,9.759067e-2]},{"variance_ratio":0.950,"d_res":4,"d_eff":39,"mean_mse":9.037733e-2,"min_mse":7.284703e-2,"max_mse":1.188120e-1,"inflation_over_baseline":0.733357,"per_block_mses":[9.289386e-2,7.977095e-2,7.973432e-2,8.075575e-2,8.128541e-2,8.175411e-2,8.279735e-2,8.412200e-2,9.743117e-2,8.826860e-2,8.772839e-2,8.356613e-2,8.477426e-2,8.523822e-2,8.435419e-2,8.537723e-2,1.121480e-1,9.991535e-2,9.881139e-2,9.877606e-2,9.609186e-2,9.767988e-2,9.413177e-2,9.534924e-2,1.135709e-1,1.077738e-1,1.119820e-1,1.133169e-1,1.097748e-1,1.117244e-1,1.064450e-1,1.098358e-1,8.022437e-2,7.386489e-2,7.292265e-2,7.669238e-2,7.645200e-2,7.560707e-2,7.284703e-2,7.298674e-2,9.479468e-2,9.301117e-2,9.018123e-2,8.736975e-2,9.104013e-2,8.759044e-2,8.727760e-2,8.709805e-2,9.060956e-2,8.614920e-2,8.521363e-2,8.735044e-2,8.663276e-2,8.337236e-2,8.272689e-2,8.355775e-2,1.188120e-1,9.681307e-2,9.390237e-2,8.926486e-2,8.681350e-2,8.459902e-2,8.570932e-2,8.548302e-2]},{"variance_ratio":0.950,"d_res":8,"d_eff":39,"mean_mse":7.311463e-2,"min_mse":5.910231e-2,"max_mse":9.637510e-2,"inflation_over_baseline":0.593281,"per_block_mses":[7.544774e-2,6.455279e-2,6.456249e-2,6.571247e-2,6.578044e-2,6.621499e-2,6.730989e-2,6.837957e-2,7.932304e-2,7.175436e-2,7.117478e-2,6.782528e-2,6.872704e-2,6.931950e-2,6.844429e-2,6.945899e-2,9.113928e-2,8.096417e-2,7.964701e-2,7.963551e-2,7.756526e-2,7.880843e-2,7.567303e-2,7.684262e-2,9.100473e-2,8.611330e-2,8.914640e-2,9.014904e-2,8.728468e-2,8.931283e-2,8.496281e-2,8.749567e-2,6.543297e-2,5.994738e-2,5.919335e-2,6.242899e-2,6.208712e-2,6.145725e-2,5.910231e-2,5.941103e-2,7.729250e-2,7.545268e-2,7.322992e-2,7.085489e-2,7.397344e-2,7.105128e-2,7.084450e-2,7.063104e-2,7.400067e-2,7.044824e-2,6.979473e-2,7.161199e-2,7.102383e-2,6.809923e-2,6.761754e-2,6.845409e-2,9.637510e-2,7.759581e-2,7.552743e-2,7.145658e-2,6.975092e-2,6.793693e-2,6.887666e-2,6.864355e-2]},{"variance_ratio":0.900,"d_res":0,"d_eff":26,"mean_mse":2.467633e-1,"min_mse":1.995610e-1,"max_mse":3.291635e-1,"inflation_over_baseline":2.002335,"per_block_mses":[2.529766e-1,2.253904e-1,2.219811e-1,2.241712e-1,2.236963e-1,2.269376e-1,2.268767e-1,2.291054e-1,2.581461e-1,2.318670e-1,2.335688e-1,2.216089e-1,2.252070e-1,2.272026e-1,2.269847e-1,2.276151e-1,2.996586e-1,2.597670e-1,2.633412e-1,2.625734e-1,2.582442e-1,2.584371e-1,2.539900e-1,2.522747e-1,3.111382e-1,3.291635e-1,3.222585e-1,3.272299e-1,3.199487e-1,3.260655e-1,3.193044e-1,3.229398e-1,2.187665e-1,2.006791e-1,1.997610e-1,2.000501e-1,1.995610e-1,2.004683e-1,1.999967e-1,2.006061e-1,2.558271e-1,2.431525e-1,2.373212e-1,2.454746e-1,2.408991e-1,2.339724e-1,2.408264e-1,2.330940e-1,2.455011e-1,2.351297e-1,2.332522e-1,2.380697e-1,2.261505e-1,2.289870e-1,2.270159e-1,2.271436e-1,3.131399e-1,2.657043e-1,2.550189e-1,2.432197e-1,2.351453e-1,2.388594e-1,2.302824e-1,2.301067e-1]},{"variance_ratio":0.900,"d_res":2,"d_eff":26,"mean_mse":2.028859e-1,"min_mse":1.686062e-1,"max_mse":2.620504e-1,"inflation_over_baseline":1.646297,"per_block_mses":[2.127373e-1,1.879353e-1,1.852795e-1,1.866218e-1,1.841105e-1,1.878198e-1,1.869592e-1,1.896095e-1,2.165573e-1,1.940097e-1,1.943552e-1,1.840755e-1,1.858761e-1,1.895687e-1,1.876598e-1,1.898814e-1,2.501488e-1,2.169048e-1,2.206085e-1,2.190244e-1,2.158772e-1,2.150032e-1,2.111149e-1,2.094957e-1,2.384096e-1,2.466106e-1,2.420730e-1,2.439172e-1,2.391332e-1,2.436644e-1,2.375676e-1,2.396744e-1,1.860257e-1,1.691841e-1,1.698032e-1,1.686975e-1,1.686062e-1,1.689895e-1,1.697860e-1,1.697490e-1,2.136771e-1,2.053335e-1,2.012260e-1,2.074228e-1,2.047603e-1,1.976464e-1,2.047966e-1,1.973959e-1,2.061732e-1,1.952550e-1,1.914293e-1,1.964937e-1,1.852313e-1,1.861959e-1,1.857000e-1,1.850631e-1,2.620504e-1,2.248534e-1,2.155530e-1,2.052946e-1,1.991764e-1,2.018759e-1,1.947979e-1,1.941699e-1]},{"variance_ratio":0.900,"d_res":4,"d_eff":26,"mean_mse":1.770140e-1,"min_mse":1.497861e-1,"max_mse":2.313730e-1,"inflation_over_baseline":1.436362,"per_block_mses":[1.882280e-1,1.652971e-1,1.629236e-1,1.637391e-1,1.613094e-1,1.651294e-1,1.641696e-1,1.664880e-1,1.916434e-1,1.717841e-1,1.718536e-1,1.626443e-1,1.642209e-1,1.677107e-1,1.654926e-1,1.679013e-1,2.205856e-1,1.910508e-1,1.944091e-1,1.929103e-1,1.900220e-1,1.892162e-1,1.856542e-1,1.838482e-1,2.010824e-1,2.005507e-1,1.971371e-1,1.979568e-1,1.934761e-1,1.969789e-1,1.914437e-1,1.924036e-1,1.655583e-1,1.497949e-1,1.508118e-1,1.499106e-1,1.497861e-1,1.498755e-1,1.505846e-1,1.505864e-1,1.888793e-1,1.815139e-1,1.781153e-1,1.831905e-1,1.814168e-1,1.752663e-1,1.815884e-1,1.749088e-1,1.827917e-1,1.716228e-1,1.679776e-1,1.728934e-1,1.629241e-1,1.632171e-1,1.631616e-1,1.623246e-1,2.313730e-1,1.987693e-1,1.905383e-1,1.813665e-1,1.762347e-1,1.785775e-1,1.722795e-1,1.717964e-1]},{"variance_ratio":0.900,"d_res":8,"d_eff":26,"mean_mse":1.423474e-1,"min_mse":1.225381e-1,"max_mse":1.878019e-1,"inflation_over_baseline":1.155064,"per_block_mses":[1.529190e-1,1.333885e-1,1.315670e-1,1.320360e-1,1.298468e-1,1.330022e-1,1.325355e-1,1.341377e-1,1.560639e-1,1.403374e-1,1.400223e-1,1.323861e-1,1.339110e-1,1.367763e-1,1.346229e-1,1.367281e-1,1.793197e-1,1.547933e-1,1.578012e-1,1.560204e-1,1.538723e-1,1.529955e-1,1.501059e-1,1.482174e-1,1.556776e-1,1.506463e-1,1.472319e-1,1.475691e-1,1.438400e-1,1.463467e-1,1.420030e-1,1.428498e-1,1.359734e-1,1.225722e-1,1.240044e-1,1.230794e-1,1.228001e-1,1.225381e-1,1.235026e-1,1.230508e-1,1.535010e-1,1.476835e-1,1.453383e-1,1.486359e-1,1.482961e-1,1.430083e-1,1.484206e-1,1.427419e-1,1.494053e-1,1.393177e-1,1.359599e-1,1.405578e-1,1.322980e-1,1.320353e-1,1.322943e-1,1.311923e-1,1.878019e-1,1.619632e-1,1.556725e-1,1.475615e-1,1.435694e-1,1.452823e-1,1.405520e-1,1.400550e-1]},{"variance_ratio":0.850,"d_res":0,"d_eff":19,"mean_mse":3.682723e-1,"min_mse":2.924574e-1,"max_mse":4.993883e-1,"inflation_over_baseline":2.988308,