{"n_vecs":32768,"dim":128,"n_blocks":64,"block_size":512,"baseline_mse":1.467746e-1,"cells":[{"variance_ratio":0.950,"d_res":0,"d_eff":48,"mean_mse":1.467746e-1,"min_mse":9.515400e-2,"max_mse":1.976432e-1,"inflation_over_baseline":1.000000,"per_block_mses":[1.963863e-1,1.470781e-1,1.428584e-1,1.346211e-1,1.323622e-1,1.317243e-1,1.286018e-1,1.286350e-1,1.976432e-1,1.690020e-1,1.667017e-1,1.682114e-1,1.658925e-1,1.673189e-1,1.647258e-1,1.745626e-1,1.902276e-1,1.516049e-1,1.508257e-1,1.519522e-1,1.501601e-1,1.514995e-1,1.564977e-1,1.519577e-1,1.191295e-1,1.045221e-1,1.059893e-1,9.993146e-2,9.905065e-2,9.678013e-2,9.702932e-2,9.515400e-2,1.717368e-1,1.405954e-1,1.415527e-1,1.422364e-1,1.398817e-1,1.398556e-1,1.386718e-1,1.397950e-1,1.627109e-1,1.418192e-1,1.443446e-1,1.439364e-1,1.479544e-1,1.427879e-1,1.462472e-1,1.480903e-1,1.960831e-1,1.605576e-1,1.638132e-1,1.575914e-1,1.623484e-1,1.618089e-1,1.604070e-1,1.609502e-1,1.616025e-1,1.335436e-1,1.430158e-1,1.415410e-1,1.379920e-1,1.452794e-1,1.433342e-1,1.428528e-1]},{"variance_ratio":0.950,"d_res":2,"d_eff":48,"mean_mse":1.231618e-1,"min_mse":8.092665e-2,"max_mse":1.654641e-1,"inflation_over_baseline":0.839122,"per_block_mses":[1.654641e-1,1.250456e-1,1.218312e-1,1.145222e-1,1.123422e-1,1.119679e-1,1.091518e-1,1.090270e-1,1.637899e-1,1.390112e-1,1.371404e-1,1.392468e-1,1.372730e-1,1.385534e-1,1.363853e-1,1.440619e-1,1.569628e-1,1.240075e-1,1.243484e-1,1.251255e-1,1.231462e-1,1.245217e-1,1.287863e-1,1.252202e-1,1.007263e-1,8.876021e-2,8.993242e-2,8.534171e-2,8.409423e-2,8.216146e-2,8.248439e-2,8.092665e-2,1.444201e-1,1.191684e-1,1.203848e-1,1.206899e-1,1.186258e-1,1.186913e-1,1.172100e-1,1.187802e-1,1.365902e-1,1.192451e-1,1.214975e-1,1.218649e-1,1.247894e-1,1.205508e-1,1.234297e-1,1.248497e-1,1.649352e-1,1.343449e-1,1.370742e-1,1.311914e-1,1.350135e-1,1.345296e-1,1.336981e-1,1.341433e-1,1.374044e-1,1.141671e-1,1.216036e-1,1.200794e-1,1.166316e-1,1.231840e-1,1.210338e-1,1.211765e-1]},{"variance_ratio":0.950,"d_res":4,"d_eff":48,"mean_mse":1.085226e-1,"min_mse":7.162166e-2,"max_mse":1.468213e-1,"inflation_over_baseline":0.739383,"per_block_mses":[1.468213e-1,1.109771e-1,1.080491e-1,1.016168e-1,9.966723e-2,9.929324e-2,9.675517e-2,9.654563e-2,1.432093e-1,1.212280e-1,1.197136e-1,1.216386e-1,1.199486e-1,1.208329e-1,1.190734e-1,1.256579e-1,1.370981e-1,1.085286e-1,1.089347e-1,1.095591e-1,1.078783e-1,1.089196e-1,1.128638e-1,1.098128e-1,8.884538e-2,7.864981e-2,7.952011e-2,7.557780e-2,7.450554e-2,7.267155e-2,7.304567e-2,7.162166e-2,1.271843e-1,1.053005e-1,1.064657e-1,1.065155e-1,1.046504e-1,1.048346e-1,1.033975e-1,1.049929e-1,1.205419e-1,1.051607e-1,1.072299e-1,1.078410e-1,1.102455e-1,1.066015e-1,1.092649e-1,1.103029e-1,1.456562e-1,1.182174e-1,1.204621e-1,1.153305e-1,1.184290e-1,1.182878e-1,1.174474e-1,1.181818e-1,1.217303e-1,1.013349e-1,1.076988e-1,1.063422e-1,1.032299e-1,1.090790e-1,1.070159e-1,1.074139e-1]},{"variance_ratio":0.950,"d_res":8,"d_eff":48,"mean_mse":8.767806e-2,"min_mse":5.800582e-2,"max_mse":1.199423e-1,"inflation_over_baseline":0.597365,"per_block_mses":[1.199423e-1,9.072381e-2,8.814181e-2,8.296882e-2,8.151154e-2,8.096114e-2,7.890098e-2,7.868265e-2,1.147813e-1,9.681980e-2,9.571784e-2,9.717653e-2,9.589605e-2,9.642161e-2,9.506864e-2,1.001944e-1,1.094044e-1,8.702583e-2,8.754475e-2,8.766919e-2,8.646437e-2,8.723720e-2,9.057693e-2,8.816759e-2,7.167926e-2,6.385101e-2,6.448357e-2,6.122213e-2,6.043642e-2,5.886140e-2,5.922729e-2,5.800582e-2,1.025599e-1,8.520221e-2,8.630445e-2,8.615629e-2,8.450751e-2,8.477133e-2,8.342118e-2,8.488021e-2,9.757284e-2,8.543006e-2,8.716356e-2,8.773691e-2,8.959643e-2,8.664585e-2,8.879625e-2,8.961521e-2,1.178857e-1,9.528817e-2,9.680398e-2,9.302557e-2,9.504851e-2,9.540707e-2,9.438794e-2,9.557181e-2,9.870260e-2,8.249045e-2,8.761992e-2,8.646450e-2,8.374108e-2,8.872063e-2,8.672993e-2,8.738175e-2]},{"variance_ratio":0.900,"d_res":0,"d_eff":32,"mean_mse":2.942566e-1,"min_mse":1.910071e-1,"max_mse":4.069508e-1,"inflation_over_baseline":2.004819,"per_block_mses":[3.946318e-1,3.035892e-1,2.942801e-1,2.800912e-1,2.625634e-1,2.630256e-1,2.564690e-1,2.565128e-1,3.815353e-1,3.394745e-1,3.361302e-1,3.415195e-1,3.367536e-1,3.417961e-1,3.364067e-1,3.435035e-1,3.923127e-1,3.017440e-1,3.015788e-1,3.043378e-1,3.019829e-1,3.046991e-1,3.026806e-1,3.066502e-1,2.389945e-1,2.090340e-1,2.070361e-1,2.047612e-1,2.042503e-1,2.006276e-1,1.910071e-1,1.982030e-1,3.476858e-1,2.888585e-1,2.783070e-1,2.813342e-1,2.753981e-1,2.780258e-1,2.747371e-1,2.792009e-1,3.306164e-1,2.722548e-1,2.897444e-1,2.879705e-1,2.960269e-1,2.867005e-1,2.927135e-1,2.962657e-1,4.069508e-1,3.226313e-1,3.271933e-1,3.169861e-1,3.120928e-1,3.269914e-1,3.235476e-1,3.257592e-1,3.167612e-1,2.683678e-1,2.801118e-1,2.793612e-1,2.715521e-1,2.852796e-1,2.808464e-1,2.939656e-1]},{"variance_ratio":0.900,"d_res":2,"d_eff":32,"mean_mse":2.455161e-1,"min_mse":1.628559e-1,"max_mse":3.425624e-1,"inflation_over_baseline":1.672742,"per_block_mses":[3.290839e-1,2.491598e-1,2.415827e-1,2.305495e-1,2.166271e-1,2.157706e-1,2.114189e-1,2.109739e-1,3.228459e-1,2.868034e-1,2.831028e-1,2.876135e-1,2.842116e-1,2.876330e-1,2.827992e-1,2.886747e-1,3.279907e-1,2.504532e-1,2.483580e-1,2.521183e-1,2.480863e-1,2.525506e-1,2.486709e-1,2.542182e-1,2.028918e-1,1.782942e-1,1.769131e-1,1.749661e-1,1.748814e-1,1.719533e-1,1.628559e-1,1.688491e-1,2.898092e-1,2.374825e-1,2.294666e-1,2.308449e-1,2.267405e-1,2.285537e-1,2.281488e-1,2.307239e-1,2.797380e-1,2.270396e-1,2.399536e-1,2.360461e-1,2.445750e-1,2.347563e-1,2.419524e-1,2.430057e-1,3.425624e-1,2.709418e-1,2.757038e-1,2.666272e-1,2.619163e-1,2.753454e-1,2.710423e-1,2.746594e-1,2.646375e-1,2.252498e-1,2.332971e-1,2.343725e-1,2.263689e-1,2.386104e-1,2.343081e-1,2.456474e-1]},{"variance_ratio":0.900,"d_res":4,"d_eff":32,"mean_mse":2.153723e-1,"min_mse":1.444758e-1,"max_mse":3.021050e-1,"inflation_over_baseline":1.467368,"per_block_mses":[2.893635e-1,2.165624e-1,2.097270e-1,2.006852e-1,1.883375e-1,1.876542e-1,1.840840e-1,1.838431e-1,2.855078e-1,2.530005e-1,2.494708e-1,2.532320e-1,2.507163e-1,2.533269e-1,2.492650e-1,2.542697e-1,2.887913e-1,2.191356e-1,2.163032e-1,2.206199e-1,2.157717e-1,2.209047e-1,2.164187e-1,2.223720e-1,1.798472e-1,1.579111e-1,1.567209e-1,1.554243e-1,1.551215e-1,1.527644e-1,1.444758e-1,1.498392e-1,2.538387e-1,2.078129e-1,2.005894e-1,2.013903e-1,1.981065e-1,1.993598e-1,1.998312e-1,2.013748e-1,2.472859e-1,1.989307e-1,2.092592e-1,2.047287e-1,2.127179e-1,2.034535e-1,2.106537e-1,2.111424e-1,3.021050e-1,2.385762e-1,2.432280e-1,2.343447e-1,2.303164e-1,2.424531e-1,2.382554e-1,2.422691e-1,2.324904e-1,1.982109e-1,2.046312e-1,2.061291e-1,1.984490e-1,2.094856e-1,2.050307e-1,2.159087e-1]},{"variance_ratio":0.900,"d_res":8,"d_eff":32,"mean_mse":1.732867e-1,"min_mse":1.177052e-1,"max_mse":2.446939e-1,"inflation_over_baseline":1.180631,"per_block_mses":[2.332110e-1,1.722933e-1,1.668086e-1,1.597433e-1,1.500289e-1,1.491283e-1,1.468686e-1,1.468490e-1,2.316196e-1,2.041690e-1,2.016754e-1,2.041320e-1,2.024813e-1,2.044500e-1,2.013670e-1,2.050794e-1,2.332892e-1,1.757340e-1,1.722199e-1,1.770872e-1,1.719940e-1,1.771960e-1,1.724042e-1,1.784709e-1,1.465840e-1,1.283459e-1,1.276626e-1,1.268626e-1,1.264299e-1,1.248435e-1,1.177052e-1,1.223924e-1,2.036993e-1,1.664475e-1,1.608470e-1,1.611647e-1,1.589396e-1,1.593335e-1,1.605540e-1,1.609682e-1,2.004701e-1,1.598207e-1,1.672402e-1,1.626256e-1,1.700447e-1,1.619510e-1,1.680381e-1,1.683000e-1,2.446939e-1,1.932700e-1,1.967899e-1,1.890857e-1,1.859948e-1,1.961712e-1,1.922056e-1,1.963767e-1,1.872729e-1,1.602053e-1,1.648230e-1,1.666455e-1,1.596506e-1,1.688204e-1,1.647972e-1,1.739773e-1]},{"variance_ratio":0.850,"d_res":0,"d_eff":23,"mean_mse":4.393949e-1,"min_mse":2.865178e-1,"max_mse":5.900670e-1,"inflation_over_baseline":2.993671,