{"n_vecs":32768,"dim":128,"n_blocks":64,"block_size":512,"baseline_mse":1.927690e-1,"cells":[{"variance_ratio":0.950,"d_res":0,"d_eff":48,"mean_mse":1.927690e-1,"min_mse":9.326954e-2,"max_mse":3.030636e-1,"inflation_over_baseline":1.000000,"per_block_mses":[2.897497e-1,2.735658e-1,2.767890e-1,2.664214e-1,2.680253e-1,2.694970e-1,2.713977e-1,2.744754e-1,1.004393e-1,9.454325e-2,9.386166e-2,9.326954e-2,9.361888e-2,9.333623e-2,9.373428e-2,9.348394e-2,2.569368e-1,2.555292e-1,2.487371e-1,2.489955e-1,2.524248e-1,2.529408e-1,2.553105e-1,2.562964e-1,2.502375e-1,2.292235e-1,2.294924e-1,2.201384e-1,2.282241e-1,2.210499e-1,2.302775e-1,2.241199e-1,1.163493e-1,1.084681e-1,1.070067e-1,1.072707e-1,1.066887e-1,1.062531e-1,1.060612e-1,1.066145e-1,1.654204e-1,1.545444e-1,1.509158e-1,1.529840e-1,1.510428e-1,1.524171e-1,1.571686e-1,1.528071e-1,1.501858e-1,1.397095e-1,1.378399e-1,1.397163e-1,1.383917e-1,1.401120e-1,1.389660e-1,1.406127e-1,3.030636e-1,2.934165e-1,2.793214e-1,2.801156e-1,2.849519e-1,2.861196e-1,2.865666e-1,2.899742e-1]},{"variance_ratio":0.950,"d_res":2,"d_eff":48,"mean_mse":1.607866e-1,"min_mse":7.821426e-2,"max_mse":2.464858e-1,"inflation_over_baseline":0.834089,"per_block_mses":[2.401788e-1,2.263717e-1,2.286382e-1,2.196110e-1,2.214084e-1,2.222839e-1,2.236374e-1,2.262055e-1,8.409055e-2,7.925469e-2,7.838361e-2,7.821426e-2,7.838110e-2,7.831131e-2,7.844759e-2,7.827089e-2,2.143552e-1,2.110575e-1,2.063184e-1,2.071541e-1,2.095458e-1,2.097134e-1,2.132108e-1,2.127487e-1,2.105284e-1,1.956973e-1,1.955448e-1,1.879416e-1,1.941410e-1,1.885848e-1,1.966674e-1,1.913430e-1,9.717392e-2,9.051294e-2,8.955142e-2,8.949424e-2,8.940576e-2,8.902593e-2,8.923683e-2,8.911854e-2,1.392717e-1,1.288509e-1,1.260923e-1,1.284107e-1,1.263742e-1,1.279405e-1,1.322541e-1,1.278540e-1,1.265636e-1,1.157648e-1,1.143206e-1,1.170572e-1,1.155073e-1,1.165176e-1,1.159467e-1,1.169099e-1,2.464858e-1,2.419519e-1,2.308129e-1,2.324382e-1,2.368563e-1,2.371391e-1,2.382474e-1,2.410130e-1]},{"variance_ratio":0.950,"d_res":4,"d_eff":48,"mean_mse":1.411475e-1,"min_mse":6.886643e-2,"max_mse":2.137263e-1,"inflation_over_baseline":0.732211,"per_block_mses":[2.101471e-1,1.985933e-1,2.004427e-1,1.919790e-1,1.944230e-1,1.944367e-1,1.957881e-1,1.977669e-1,7.375562e-2,6.988984e-2,6.905076e-2,6.886643e-2,6.902783e-2,6.908993e-2,6.907728e-2,6.889423e-2,1.874293e-1,1.840943e-1,1.800084e-1,1.811039e-1,1.830842e-1,1.831810e-1,1.871245e-1,1.859315e-1,1.861098e-1,1.737216e-1,1.735130e-1,1.672389e-1,1.726234e-1,1.677123e-1,1.750982e-1,1.702938e-1,8.517356e-2,7.947198e-2,7.883628e-2,7.867389e-2,7.855972e-2,7.834081e-2,7.866225e-2,7.825376e-2,1.227031e-1,1.130085e-1,1.107087e-1,1.128588e-1,1.109982e-1,1.124557e-1,1.164112e-1,1.124130e-1,1.118257e-1,1.017208e-1,1.003867e-1,1.028482e-1,1.015644e-1,1.020949e-1,1.019598e-1,1.027415e-1,2.137263e-1,2.103984e-1,2.010536e-1,2.032965e-1,2.068146e-1,2.072186e-1,2.081457e-1,2.106191e-1]},{"variance_ratio":0.950,"d_res":8,"d_eff":48,"mean_mse":1.134871e-1,"min_mse":5.556551e-2,"max_mse":1.686314e-1,"inflation_over_baseline":0.588721,"per_block_mses":[1.675878e-1,1.597380e-1,1.610385e-1,1.540120e-1,1.567149e-1,1.557049e-1,1.567903e-1,1.586918e-1,5.907055e-2,5.650225e-2,5.570594e-2,5.563630e-2,5.566626e-2,5.590372e-2,5.574646e-2,5.556551e-2,1.493890e-1,1.463537e-1,1.432953e-1,1.443384e-1,1.460606e-1,1.459329e-1,1.498615e-1,1.482332e-1,1.508036e-1,1.420765e-1,1.420473e-1,1.373671e-1,1.413735e-1,1.375064e-1,1.436543e-1,1.396825e-1,6.830783e-2,6.409813e-2,6.360378e-2,6.351776e-2,6.334285e-2,6.330094e-2,6.354584e-2,6.285518e-2,9.916753e-2,9.078033e-2,8.909793e-2,9.091439e-2,8.938427e-2,9.082816e-2,9.401017e-2,9.058446e-2,9.074331e-2,8.201736e-2,8.088523e-2,8.287701e-2,8.176358e-2,8.217238e-2,8.215637e-2,8.280205e-2,1.686314e-1,1.669458e-1,1.597516e-1,1.624655e-1,1.647185e-1,1.654335e-1,1.659184e-1,1.685030e-1]},{"variance_ratio":0.900,"d_res":0,"d_eff":33,"mean_mse":3.849751e-1,"min_mse":1.873523e-1,"max_mse":6.125088e-1,"inflation_over_baseline":1.997080,"per_block_mses":[5.677849e-1,5.489222e-1,5.268176e-1,5.288227e-1,5.312217e-1,5.370477e-1,5.404040e-1,5.466921e-1,2.000306e-1,1.885024e-1,1.881482e-1,1.873523e-1,1.883719e-1,1.874228e-1,1.887301e-1,1.886156e-1,5.110339e-1,5.115938e-1,4.934492e-1,4.961636e-1,5.018928e-1,5.055250e-1,5.088307e-1,5.109761e-1,4.991056e-1,4.538364e-1,4.570390e-1,4.402886e-1,4.591508e-1,4.446192e-1,4.648679e-1,4.499793e-1,2.317828e-1,2.169523e-1,2.153050e-1,2.157391e-1,2.150969e-1,2.142589e-1,2.137799e-1,2.149878e-1,3.343433e-1,3.080924e-1,3.133364e-1,3.032006e-1,3.127966e-1,3.019545e-1,3.119351e-1,3.156715e-1,3.064777e-1,2.787275e-1,2.864500e-1,2.777851e-1,2.855690e-1,2.775829e-1,2.866200e-1,2.789073e-1,6.125088e-1,5.524474e-1,5.694585e-1,5.758125e-1,5.850229e-1,5.514850e-1,5.594491e-1,5.616331e-1]},{"variance_ratio":0.900,"d_res":2,"d_eff":33,"mean_mse":3.208667e-1,"min_mse":1.576154e-1,"max_mse":4.872557e-1,"inflation_over_baseline":1.664514,"per_block_mses":[4.605994e-1,4.534626e-1,4.365789e-1,4.393263e-1,4.405926e-1,4.456000e-1,4.483386e-1,4.538017e-1,1.694900e-1,1.576154e-1,1.584070e-1,1.580028e-1,1.591471e-1,1.580971e-1,1.595945e-1,1.595052e-1,4.073505e-1,4.137448e-1,4.046847e-1,4.049147e-1,4.117824e-1,4.129950e-1,4.156268e-1,4.166462e-1,4.205885e-1,3.878885e-1,3.892596e-1,3.759579e-1,3.932527e-1,3.790117e-1,3.977444e-1,3.848607e-1,1.973236e-1,1.840674e-1,1.816955e-1,1.833539e-1,1.822943e-1,1.817329e-1,1.816052e-1,1.823231e-1,2.856284e-1,2.624899e-1,2.663961e-1,2.583113e-1,2.661266e-1,2.571059e-1,2.647057e-1,2.698440e-1,2.586249e-1,2.348241e-1,2.415583e-1,2.331555e-1,2.409298e-1,2.332055e-1,2.423122e-1,2.363437e-1,4.872557e-1,4.541333e-1,4.672884e-1,4.734036e-1,4.810456e-1,4.514993e-1,4.593071e-1,4.611100e-1]},{"variance_ratio":0.900,"d_res":4,"d_eff":33,"mean_mse":2.812689e-1,"min_mse":1.390443e-1,"max_mse":4.169126e-1,"inflation_over_baseline":1.459098,"per_block_mses":[3.988436e-1,3.951333e-1,3.813632e-1,3.844198e-1,3.851158e-1,3.896746e-1,3.907165e-1,3.962087e-1,1.502282e-1,1.390443e-1,1.401863e-1,1.395902e-1,1.404849e-1,1.398068e-1,1.412407e-1,1.411850e-1,3.479944e-1,3.575893e-1,3.521299e-1,3.509450e-1,3.577661e-1,3.587392e-1,3.606541e-1,3.615665e-1,3.726019e-1,3.446659e-1,3.456011e-1,3.337818e-1,3.501166e-1,3.362992e-1,3.537429e-1,3.416455e-1,1.750823e-1,1.630500e-1,1.604835e-1,1.625276e-1,1.611872e-1,1.608788e-1,1.608147e-1,1.615190e-1,2.542586e-1,2.329547e-1,2.364096e-1,2.290651e-1,2.360600e-1,2.280837e-1,2.343892e-1,2.398942e-1,2.294354e-1,2.074797e-1,2.137949e-1,2.057770e-1,2.130151e-1,2.055478e-1,2.140804e-1,2.090046e-1,4.169126e-1,3.941208e-1,4.036219e-1,4.098448e-1,4.157939e-1,3.902032e-1,3.977080e-1,3.991293e-1]},{"variance_ratio":0.900,"d_res":8,"d_eff":33,"mean_mse":2.257516e-1,"min_mse":1.129265e-1,"max_mse":3.263208e-1,"inflation_over_baseline":1.171099,"per_block_mses":[3.139874e-1,3.136088e-1,3.045186e-1,3.075044e-1,3.083296e-1,3.111691e-1,3.114707e-1,3.171100e-1,1.221202e-1,1.129265e-1,1.141495e-1,1.136037e-1,1.140513e-1,1.136152e-1,1.151910e-1,1.148427e-1,2.705704e-1,2.820310e-1,2.791006e-1,2.777128e-1,2.828912e-1,2.841011e-1,2.854711e-1,2.867758e-1,3.033438e-1,2.817005e-1,2.825878e-1,2.730736e-1,2.867295e-1,2.752520e-1,2.897946e-1,2.795633e-1,1.424019e-1,1.328092e-1,1.303951e-1,1.322870e-1,1.309842e-1,1.311007e-1,1.308602e-1,1.316891e-1,2.081509e-1,1.902211e-1,1.929753e-1,1.866990e-1,1.925817e-1,1.859505e-1,1.909176e-1,1.959708e-1,1.879412e-1,1.693871e-1,1.746778e-1,1.676431e-1,1.734368e-1,1.670095e-1,1.744483e-1,1.704641e-1,3.231899e-1,3.103569e-1,3.163550e-1,3.211690e-1,3.263208e-1,3.054324e-1,3.118163e-1,3.135603e-1]},{"variance_ratio":0.850,"d_res":0,"d_eff":25,"mean_mse":5.748335e-1,"min_mse":2.815321e-1,"max_mse":8.697033e-1,"inflation_over_baseline":2.981980,