{"n_vecs":32768,"dim":128,"n_blocks":64,"block_size":512,"baseline_mse":1.270601e-1,"cells":[{"variance_ratio":0.950,"d_res":0,"d_eff":48,"mean_mse":1.270601e-1,"min_mse":9.103489e-2,"max_mse":1.720222e-1,"inflation_over_baseline":1.000000,"per_block_mses":[1.013730e-1,9.481889e-2,9.488862e-2,9.350231e-2,9.103489e-2,9.180837e-2,9.144260e-2,9.244878e-2,1.557118e-1,1.447139e-1,1.426695e-1,1.417249e-1,1.412269e-1,1.406745e-1,1.407104e-1,1.405849e-1,1.310680e-1,1.080750e-1,1.031168e-1,1.048518e-1,1.034218e-1,1.041990e-1,1.000850e-1,1.001502e-1,1.406594e-1,1.332104e-1,1.281398e-1,1.338253e-1,1.322700e-1,1.348807e-1,1.334470e-1,1.360463e-1,1.272572e-1,1.137250e-1,1.105935e-1,1.126051e-1,1.097962e-1,1.123507e-1,1.100640e-1,1.131017e-1,1.606639e-1,1.501311e-1,1.469621e-1,1.467978e-1,1.515106e-1,1.526142e-1,1.527951e-1,1.540030e-1,1.252555e-1,1.064678e-1,1.050362e-1,1.060011e-1,1.044541e-1,1.062938e-1,1.058549e-1,1.068314e-1,1.720222e-1,1.582144e-1,1.629638e-1,1.638411e-1,1.636101e-1,1.655568e-1,1.666851e-1,1.610056e-1]},{"variance_ratio":0.950,"d_res":2,"d_eff":48,"mean_mse":1.064141e-1,"min_mse":7.670508e-2,"max_mse":1.433045e-1,"inflation_over_baseline":0.837510,"per_block_mses":[8.620790e-2,7.965047e-2,7.993647e-2,7.881503e-2,7.670508e-2,7.706477e-2,7.694632e-2,7.752324e-2,1.298649e-1,1.192080e-1,1.177277e-1,1.163858e-1,1.163181e-1,1.152319e-1,1.156104e-1,1.151023e-1,1.114151e-1,9.108937e-2,8.650349e-2,8.805640e-2,8.647717e-2,8.677926e-2,8.322345e-2,8.330776e-2,1.177625e-1,1.118107e-1,1.069473e-1,1.124654e-1,1.116095e-1,1.139336e-1,1.123682e-1,1.148259e-1,1.080853e-1,9.602716e-2,9.313097e-2,9.486394e-2,9.251872e-2,9.448629e-2,9.290243e-2,9.533158e-2,1.360457e-1,1.262779e-1,1.218309e-1,1.218357e-1,1.262253e-1,1.270965e-1,1.272827e-1,1.278868e-1,1.076517e-1,9.122887e-2,8.978927e-2,9.032014e-2,8.900372e-2,9.041779e-2,9.022289e-2,9.088123e-2,1.433045e-1,1.304793e-1,1.356860e-1,1.359793e-1,1.364277e-1,1.376548e-1,1.388666e-1,1.338853e-1]},{"variance_ratio":0.950,"d_res":4,"d_eff":48,"mean_mse":9.375128e-2,"min_mse":6.754016e-2,"max_mse":1.259013e-1,"inflation_over_baseline":0.737850,"per_block_mses":[7.613456e-2,7.016608e-2,7.040168e-2,6.947529e-2,6.754016e-2,6.787184e-2,6.775467e-2,6.815629e-2,1.140438e-1,1.041714e-1,1.029300e-1,1.014707e-1,1.013214e-1,1.004830e-1,1.007771e-1,1.000606e-1,9.871580e-2,8.039470e-2,7.633543e-2,7.767983e-2,7.620028e-2,7.634150e-2,7.317691e-2,7.318835e-2,1.038006e-1,9.887841e-2,9.439270e-2,9.959431e-2,9.884819e-2,1.008822e-1,9.951001e-2,1.018144e-1,9.591461e-2,8.510428e-2,8.235348e-2,8.408899e-2,8.188943e-2,8.367463e-2,8.233980e-2,8.451213e-2,1.202767e-1,1.116210e-1,1.071798e-1,1.069654e-1,1.109101e-1,1.120598e-1,1.120466e-1,1.126077e-1,9.602053e-2,8.130792e-2,7.987093e-2,8.027390e-2,7.918786e-2,8.037957e-2,8.026454e-2,8.070672e-2,1.259013e-1,1.140957e-1,1.189302e-1,1.189359e-1,1.194035e-1,1.201450e-1,1.215089e-1,1.170934e-1]},{"variance_ratio":0.950,"d_res":8,"d_eff":48,"mean_mse":7.578057e-2,"min_mse":5.431383e-2,"max_mse":1.012027e-1,"inflation_over_baseline":0.596415,"per_block_mses":[6.142159e-2,5.647105e-2,5.664897e-2,5.595048e-2,5.431383e-2,5.460412e-2,5.442085e-2,5.466970e-2,9.170014e-2,8.328451e-2,8.225981e-2,8.094950e-2,8.077591e-2,8.018831e-2,8.031656e-2,7.946891e-2,8.043737e-2,6.506306e-2,6.183018e-2,6.295643e-2,6.162568e-2,6.162423e-2,5.906583e-2,5.897909e-2,8.393731e-2,8.056771e-2,7.685851e-2,8.144883e-2,8.075846e-2,8.228831e-2,8.119727e-2,8.309938e-2,7.819637e-2,6.931387e-2,6.692592e-2,6.850075e-2,6.648704e-2,6.820661e-2,6.714666e-2,6.886106e-2,9.760363e-2,9.087844e-2,8.663950e-2,8.614986e-2,8.945105e-2,9.049037e-2,9.044882e-2,9.107786e-2,7.889151e-2,6.678574e-2,6.532230e-2,6.571435e-2,6.497546e-2,6.600341e-2,6.589010e-2,6.600354e-2,1.012027e-1,9.118653e-2,9.550143e-2,9.487543e-2,9.554043e-2,9.575433e-2,9.713267e-2,9.361715e-2]},{"variance_ratio":0.900,"d_res":0,"d_eff":33,"mean_mse":2.511390e-1,"min_mse":1.792605e-1,"max_mse":3.409641e-1,"inflation_over_baseline":1.976537,"per_block_mses":[1.969862e-1,1.808467e-1,1.838720e-1,1.805896e-1,1.880404e-1,1.881790e-1,1.792605e-1,1.794730e-1,3.061720e-1,2.860170e-1,2.823670e-1,2.819982e-1,2.806447e-1,2.815541e-1,2.791644e-1,2.810267e-1,2.548630e-1,2.132546e-1,2.108707e-1,2.053984e-1,2.107771e-1,2.040909e-1,2.025707e-1,2.036428e-1,2.887373e-1,2.681416e-1,2.624079e-1,2.635969e-1,2.636102e-1,2.674358e-1,2.677092e-1,2.707862e-1,2.463705e-1,2.239095e-1,2.202839e-1,2.236047e-1,2.197031e-1,2.232099e-1,2.202292e-1,2.254190e-1,3.203535e-1,2.933366e-1,2.928492e-1,2.926219e-1,2.925113e-1,2.925894e-1,2.941335e-1,2.946486e-1,2.436665e-1,2.112510e-1,2.109850e-1,2.125575e-1,2.097646e-1,2.138974e-1,2.124534e-1,2.059558e-1,3.409641e-1,3.241573e-1,3.120603e-1,3.099493e-1,3.137062e-1,3.172737e-1,3.187313e-1,3.256645e-1]},{"variance_ratio":0.900,"d_res":2,"d_eff":33,"mean_mse":2.111686e-1,"min_mse":1.505248e-1,"max_mse":2.808333e-1,"inflation_over_baseline":1.661959,"per_block_mses":[1.671817e-1,1.520422e-1,1.543374e-1,1.511775e-1,1.579852e-1,1.574390e-1,1.505248e-1,1.508916e-1,2.598908e-1,2.391012e-1,2.364945e-1,2.352525e-1,2.343767e-1,2.348866e-1,2.327966e-1,2.339388e-1,2.138461e-1,1.797544e-1,1.772075e-1,1.730358e-1,1.780415e-1,1.721622e-1,1.717324e-1,1.721189e-1,2.406325e-1,2.269528e-1,2.208530e-1,2.232580e-1,2.224010e-1,2.272226e-1,2.257060e-1,2.306455e-1,2.039019e-1,1.850041e-1,1.822289e-1,1.844653e-1,1.809411e-1,1.846260e-1,1.819007e-1,1.860593e-1,2.711801e-1,2.463073e-1,2.470608e-1,2.461542e-1,2.473817e-1,2.456940e-1,2.482221e-1,2.473295e-1,2.074094e-1,1.802779e-1,1.795722e-1,1.811206e-1,1.784998e-1,1.821912e-1,1.811927e-1,1.758680e-1,2.808333e-1,2.691259e-1,2.633371e-1,2.628777e-1,2.659296e-1,2.683938e-1,2.702520e-1,2.755667e-1]},{"variance_ratio":0.900,"d_res":4,"d_eff":33,"mean_mse":1.866970e-1,"min_mse":1.326758e-1,"max_mse":2.463491e-1,"inflation_over_baseline":1.469360,"per_block_mses":[1.476119e-1,1.338467e-1,1.358953e-1,1.331718e-1,1.391808e-1,1.384939e-1,1.326758e-1,1.329743e-1,2.301442e-1,2.112984e-1,2.086280e-1,2.076671e-1,2.059019e-1,2.068096e-1,2.045758e-1,2.055544e-1,1.889859e-1,1.591495e-1,1.566550e-1,1.530081e-1,1.575756e-1,1.524856e-1,1.522404e-1,1.524146e-1,2.123732e-1,2.005742e-1,1.954002e-1,1.976653e-1,1.962755e-1,2.016185e-1,1.996401e-1,2.049199e-1,1.807708e-1,1.636107e-1,1.615582e-1,1.633296e-1,1.599589e-1,1.633831e-1,1.608834e-1,1.644661e-1,2.402480e-1,2.174091e-1,2.190790e-1,2.177837e-1,2.191086e-1,2.172833e-1,2.197821e-1,2.187276e-1,1.850977e-1,1.606153e-1,1.599609e-1,1.613466e-1,1.589072e-1,1.620574e-1,1.613773e-1,1.566460e-1,2.463491e-1,2.362492e-1,2.325423e-1,2.321419e-1,2.341723e-1,2.369026e-1,2.383853e-1,2.430642e-1]},{"variance_ratio":0.900,"d_res":8,"d_eff":33,"mean_mse":1.518660e-1,"min_mse":1.070117e-1,"max_mse":1.980606e-1,"inflation_over_baseline":1.195230,"per_block_mses":[1.190546e-1,1.076909e-1,1.092460e-1,1.073595e-1,1.121317e-1,1.116149e-1,1.070163e-1,1.070117e-1,1.871214e-1,1.721909e-1,1.692343e-1,1.691293e-1,1.665311e-1,1.676802e-1,1.654010e-1,1.665205e-1,1.540092e-1,1.299320e-1,1.277350e-1,1.248173e-1,1.285447e-1,1.242990e-1,1.242130e-1,1.242220e-1,1.726507e-1,1.631739e-1,1.589765e-1,1.614260e-1,1.595443e-1,1.647786e-1,1.626858e-1,1.679899e-1,1.480713e-1,1.337824e-1,1.319602e-1,1.334524e-1,1.302291e-1,1.331476e-1,1.312112e-1,1.341988e-1,1.958607e-1,1.769368e-1,1.791212e-1,1.776035e-1,1.784254e-1,1.767929e-1,1.790986e-1,1.784005e-1,1.522922e-1,1.318708e-1,1.314920e-1,1.329083e-1,1.307460e-1,1.331750e-1,1.330055e-1,1.291506e-1,1.980606e-1,1.898453e-1,1.877414e-1,1.878239e-1,1.883637e-1,1.919388e-1,1.923047e-1,1.964813e-1]},{"variance_ratio":0.850,"d_res":0,"d_eff":25,"mean_mse":3.776388e-1,"min_mse":2.682653e-1,"max_mse":5.034679e-1,"inflation_over_baseline":2.972127,