{"n_vecs":32768,"dim":128,"n_blocks":64,"block_size":512,"baseline_mse":1.068960e-1,"cells":[{"variance_ratio":0.950,"d_res":0,"d_eff":49,"mean_mse":1.068960e-1,"min_mse":7.443680e-2,"max_mse":1.664736e-1,"inflation_over_baseline":1.000000,"per_block_mses":[1.443107e-1,1.311785e-1,1.313396e-1,1.353518e-1,1.331063e-1,1.355027e-1,1.313508e-1,1.337463e-1,1.532862e-1,1.246174e-1,1.309980e-1,1.296303e-1,1.236485e-1,1.222628e-1,1.258343e-1,1.261980e-1,9.965004e-2,8.603405e-2,8.174823e-2,8.013528e-2,7.765552e-2,7.610555e-2,7.443680e-2,7.497589e-2,9.549761e-2,8.475613e-2,8.641477e-2,8.575362e-2,8.519379e-2,8.279640e-2,8.562333e-2,8.287864e-2,1.039217e-1,8.378549e-2,8.267039e-2,8.040219e-2,7.740961e-2,7.696905e-2,7.829769e-2,7.816969e-2,1.455376e-1,1.075503e-1,1.086915e-1,1.069214e-1,1.022030e-1,1.015661e-1,1.017607e-1,1.025358e-1,1.307672e-1,1.003114e-1,1.078620e-1,9.930591e-2,9.929346e-2,9.899911e-2,9.850443e-2,9.751350e-2,1.664736e-1,1.267691e-1,1.311157e-1,1.240405e-1,1.199070e-1,1.154548e-1,1.183685e-1,1.162482e-1]},{"variance_ratio":0.950,"d_res":2,"d_eff":49,"mean_mse":9.102781e-2,"min_mse":6.344559e-2,"max_mse":1.407783e-1,"inflation_over_baseline":0.851555,"per_block_mses":[1.228979e-1,1.118812e-1,1.126874e-1,1.159346e-1,1.142206e-1,1.156832e-1,1.125817e-1,1.141299e-1,1.307049e-1,1.060794e-1,1.112696e-1,1.104254e-1,1.054947e-1,1.039919e-1,1.067017e-1,1.078944e-1,8.557823e-2,7.340886e-2,6.987165e-2,6.853684e-2,6.649898e-2,6.500820e-2,6.344559e-2,6.384223e-2,8.101773e-2,7.215539e-2,7.377724e-2,7.342213e-2,7.314982e-2,7.113059e-2,7.372505e-2,7.125862e-2,8.886389e-2,7.112514e-2,7.029722e-2,6.820184e-2,6.546808e-2,6.505124e-2,6.607768e-2,6.610413e-2,1.234623e-1,9.114853e-2,9.245844e-2,9.062164e-2,8.716762e-2,8.570308e-2,8.623049e-2,8.676657e-2,1.115550e-1,8.584314e-2,9.232263e-2,8.495397e-2,8.459101e-2,8.437100e-2,8.412856e-2,8.305388e-2,1.407783e-1,1.066196e-1,1.100229e-1,1.050823e-1,1.017568e-1,9.811352e-2,1.006583e-1,9.877529e-2]},{"variance_ratio":0.950,"d_res":4,"d_eff":49,"mean_mse":8.088957e-2,"min_mse":5.632260e-2,"max_mse":1.249245e-1,"inflation_over_baseline":0.756713,"per_block_mses":[1.091917e-1,9.954875e-2,1.004057e-1,1.032530e-1,1.018500e-1,1.029851e-1,1.003527e-1,1.015901e-1,1.161093e-1,9.388061e-2,9.863532e-2,9.803632e-2,9.375945e-2,9.227782e-2,9.469818e-2,9.582040e-2,7.644649e-2,6.541329e-2,6.224859e-2,6.100841e-2,5.925113e-2,5.785154e-2,5.632260e-2,5.668381e-2,7.184375e-2,6.421413e-2,6.558033e-2,6.540176e-2,6.524013e-2,6.341465e-2,6.585689e-2,6.361013e-2,7.921796e-2,6.321593e-2,6.252862e-2,6.046284e-2,5.810109e-2,5.756846e-2,5.848796e-2,5.867474e-2,1.095618e-1,8.093069e-2,8.213846e-2,8.044910e-2,7.776090e-2,7.594795e-2,7.664819e-2,7.710831e-2,9.924790e-2,7.640610e-2,8.209301e-2,7.563885e-2,7.517592e-2,7.496264e-2,7.476042e-2,7.375540e-2,1.249245e-1,9.431178e-2,9.725104e-2,9.320667e-2,9.018924e-2,8.683003e-2,8.907202e-2,8.752210e-2]},{"variance_ratio":0.950,"d_res":8,"d_eff":49,"mean_mse":6.621557e-2,"min_mse":4.611130e-2,"max_mse":1.021197e-1,"inflation_over_baseline":0.619439,"per_block_mses":[8.909780e-2,8.163170e-2,8.240216e-2,8.476996e-2,8.372879e-2,8.447951e-2,8.252231e-2,8.347327e-2,9.486238e-2,7.632227e-2,8.044516e-2,8.012689e-2,7.667498e-2,7.535085e-2,7.727397e-2,7.824939e-2,6.306123e-2,5.375318e-2,5.113212e-2,4.994487e-2,4.862917e-2,4.743357e-2,4.611130e-2,4.638693e-2,5.873578e-2,5.260378e-2,5.372348e-2,5.367152e-2,5.365202e-2,5.206448e-2,5.419749e-2,5.231056e-2,6.508327e-2,5.194179e-2,5.137029e-2,4.947897e-2,4.757526e-2,4.720644e-2,4.776777e-2,4.805057e-2,8.952658e-2,6.617359e-2,6.719342e-2,6.591534e-2,6.397752e-2,6.216881e-2,6.286452e-2,6.321066e-2,8.142226e-2,6.266386e-2,6.716653e-2,6.204451e-2,6.148827e-2,6.142958e-2,6.109129e-2,6.028723e-2,1.021197e-1,7.681095e-2,7.912562e-2,7.600490e-2,7.352897e-2,7.065283e-2,7.243220e-2,7.119978e-2]},{"variance_ratio":0.900,"d_res":0,"d_eff":32,"mean_mse":2.133268e-1,"min_mse":1.503323e-1,"max_mse":3.326134e-1,"inflation_over_baseline":1.995648,"per_block_mses":[2.861894e-1,2.671127e-1,2.612702e-1,2.656111e-1,2.670966e-1,2.679108e-1,2.650156e-1,2.672717e-1,3.088850e-1,2.508651e-1,2.596082e-1,2.498420e-1,2.417820e-1,2.480527e-1,2.494745e-1,2.471332e-1,1.937319e-1,1.717050e-1,1.652646e-1,1.608694e-1,1.503323e-1,1.530341e-1,1.506611e-1,1.520692e-1,1.917853e-1,1.724953e-1,1.719589e-1,1.750913e-1,1.674574e-1,1.689279e-1,1.696187e-1,1.703194e-1,2.051539e-1,1.683364e-1,1.612785e-1,1.619287e-1,1.562818e-1,1.569122e-1,1.538524e-1,1.543689e-1,2.886524e-1,2.220865e-1,2.164890e-1,2.114982e-1,2.040706e-1,2.038954e-1,2.044718e-1,2.053075e-1,2.587952e-1,2.048437e-1,2.139080e-1,2.047375e-1,1.978800e-1,1.970169e-1,1.959243e-1,1.935588e-1,3.326134e-1,2.513176e-1,2.685373e-1,2.461242e-1,2.353465e-1,2.320266e-1,2.316467e-1,2.256105e-1]},{"variance_ratio":0.900,"d_res":2,"d_eff":32,"mean_mse":1.820599e-1,"min_mse":1.279416e-1,"max_mse":2.843224e-1,"inflation_over_baseline":1.703150,"per_block_mses":[2.462886e-1,2.291206e-1,2.227262e-1,2.274662e-1,2.288834e-1,2.296373e-1,2.269324e-1,2.297420e-1,2.670576e-1,2.160050e-1,2.236466e-1,2.149408e-1,2.075968e-1,2.130809e-1,2.138367e-1,2.130225e-1,1.651679e-1,1.448328e-1,1.385212e-1,1.367619e-1,1.279416e-1,1.292546e-1,1.285240e-1,1.290599e-1,1.623688e-1,1.457510e-1,1.457899e-1,1.482463e-1,1.404720e-1,1.415132e-1,1.427829e-1,1.432907e-1,1.780048e-1,1.456210e-1,1.397808e-1,1.397958e-1,1.350611e-1,1.353884e-1,1.325630e-1,1.332313e-1,2.478660e-1,1.893752e-1,1.847938e-1,1.793791e-1,1.725341e-1,1.725022e-1,1.727459e-1,1.732320e-1,2.206859e-1,1.733629e-1,1.825722e-1,1.742333e-1,1.678223e-1,1.672992e-1,1.661153e-1,1.649513e-1,2.843224e-1,2.136682e-1,2.271340e-1,2.093369e-1,2.005078e-1,1.978161e-1,1.974833e-1,1.923874e-1]},{"variance_ratio":0.900,"d_res":4,"d_eff":32,"mean_mse":1.622972e-1,"min_mse":1.139654e-1,"max_mse":2.537032e-1,"inflation_over_baseline":1.518272,"per_block_mses":[2.200970e-1,2.042096e-1,1.983508e-1,2.027858e-1,2.040256e-1,2.051566e-1,2.027973e-1,2.053959e-1,2.391357e-1,1.932984e-1,2.002415e-1,1.919110e-1,1.857879e-1,1.907877e-1,1.913427e-1,1.904365e-1,1.469430e-1,1.281054e-1,1.225349e-1,1.214274e-1,1.139654e-1,1.148969e-1,1.143529e-1,1.146583e-1,1.447406e-1,1.294690e-1,1.297975e-1,1.318120e-1,1.248658e-1,1.256408e-1,1.268506e-1,1.270790e-1,1.596863e-1,1.304016e-1,1.253408e-1,1.249406e-1,1.208820e-1,1.209706e-1,1.184581e-1,1.189243e-1,2.212635e-1,1.689601e-1,1.646865e-1,1.598057e-1,1.537386e-1,1.538165e-1,1.538956e-1,1.543044e-1,1.970874e-1,1.542531e-1,1.628530e-1,1.550521e-1,1.493336e-1,1.490321e-1,1.479170e-1,1.471041e-1,2.537032e-1,1.902035e-1,2.018662e-1,1.858510e-1,1.780053e-1,1.755675e-1,1.753704e-1,1.708459e-1]},{"variance_ratio":0.900,"d_res":8,"d_eff":32,"mean_mse":1.335839e-1,"min_mse":9.375637e-2,"max_mse":2.094754e-1,"inflation_over_baseline":1.249662,"per_block_mses":[1.815581e-1,1.679496e-1,1.630419e-1,1.672421e-1,1.679082e-1,1.692764e-1,1.677975e-1,1.698562e-1,1.979428e-1,1.594620e-1,1.655864e-1,1.580085e-1,1.531180e-1,1.575096e-1,1.582296e-1,1.570470e-1,1.205958e-1,1.044354e-1,1.000765e-1,9.961525e-2,9.375637e-2,9.444801e-2,9.395792e-2,9.390706e-2,1.190296e-1,1.063248e-1,1.067297e-1,1.085155e-1,1.026276e-1,1.032307e-1,1.042522e-1,1.044711e-1,1.324213e-1,1.079757e-1,1.037105e-1,1.029840e-1,9.968459e-2,9.951924e-2,9.746486e-2,9.761086e-2,1.823486e-1,1.394092e-1,1.361300e-1,1.315523e-1,1.266463e-1,1.268404e-1,1.270578e-1,1.271751e-1,1.626879e-1,1.267510e-1,1.337949e-1,1.270719e-1,1.228666e-1,1.221186e-1,1.214740e-1,1.209545e-1,2.094754e-1,1.560919e-1,1.654883e-1,1.519703e-1,1.456270e-1,1.436483e-1,1.436191e-1,1.396931e-1]},{"variance_ratio":0.850,"d_res":0,"d_eff":23,"mean_mse":3.196769e-1,"min_mse":2.225907e-1,"max_mse":4.864356e-1,"inflation_over_baseline":2.990541,