{"n_vecs":32768,"dim":128,"n_blocks":64,"block_size":512,"baseline_mse":1.278619e-1,"cells":[{"variance_ratio":0.950,"d_res":0,"d_eff":42,"mean_mse":1.278619e-1,"min_mse":7.820270e-2,"max_mse":1.999883e-1,"inflation_over_baseline":1.000000,"per_block_mses":[1.247523e-1,1.180728e-1,1.159867e-1,1.191649e-1,1.158437e-1,1.156252e-1,1.167459e-1,1.166755e-1,1.210417e-1,1.123576e-1,1.111893e-1,1.119631e-1,1.091221e-1,1.078034e-1,1.103470e-1,1.098380e-1,9.444928e-2,8.775609e-2,8.451108e-2,8.440776e-2,8.102697e-2,8.156428e-2,7.820270e-2,7.848443e-2,1.219907e-1,1.099394e-1,1.116922e-1,1.119516e-1,1.158992e-1,1.166008e-1,1.163772e-1,1.164794e-1,1.192855e-1,1.222635e-1,1.224505e-1,1.245826e-1,1.235793e-1,1.197635e-1,1.247752e-1,1.196386e-1,1.681586e-1,1.479214e-1,1.449108e-1,1.448470e-1,1.467243e-1,1.478918e-1,1.425819e-1,1.443630e-1,1.338581e-1,1.270168e-1,1.282981e-1,1.290152e-1,1.299683e-1,1.296055e-1,1.301905e-1,1.280424e-1,1.972843e-1,1.870471e-1,1.894047e-1,1.982282e-1,1.934871e-1,1.921300e-1,1.999883e-1,1.979997e-1]},{"variance_ratio":0.950,"d_res":2,"d_eff":42,"mean_mse":1.070922e-1,"min_mse":6.573341e-2,"max_mse":1.654726e-1,"inflation_over_baseline":0.837561,"per_block_mses":[1.056464e-1,9.900262e-2,9.703869e-2,9.998986e-2,9.752528e-2,9.690615e-2,9.810639e-2,9.799500e-2,1.041616e-1,9.605285e-2,9.474695e-2,9.566603e-2,9.322612e-2,9.201605e-2,9.456413e-2,9.412675e-2,8.008242e-2,7.444350e-2,7.194240e-2,7.126004e-2,6.846130e-2,6.868125e-2,6.573341e-2,6.617230e-2,1.025723e-1,9.150565e-2,9.367850e-2,9.418235e-2,9.742360e-2,9.756901e-2,9.742441e-2,9.738511e-2,1.002229e-1,1.015351e-1,1.006907e-1,1.034228e-1,1.020773e-1,9.891684e-2,1.032012e-1,9.892539e-2,1.406783e-1,1.236241e-1,1.216433e-1,1.211736e-1,1.232980e-1,1.241433e-1,1.193251e-1,1.208446e-1,1.114998e-1,1.055324e-1,1.082749e-1,1.081151e-1,1.094225e-1,1.084718e-1,1.092084e-1,1.069503e-1,1.654726e-1,1.556540e-1,1.578954e-1,1.634720e-1,1.592302e-1,1.584383e-1,1.642677e-1,1.629847e-1]},{"variance_ratio":0.950,"d_res":4,"d_eff":42,"mean_mse":9.441129e-2,"min_mse":5.821271e-2,"max_mse":1.457979e-1,"inflation_over_baseline":0.738385,"per_block_mses":[9.358614e-2,8.756464e-2,8.608991e-2,8.864327e-2,8.660125e-2,8.582931e-2,8.697097e-2,8.686052e-2,9.285674e-2,8.574034e-2,8.428352e-2,8.523129e-2,8.303804e-2,8.193991e-2,8.431019e-2,8.384159e-2,7.099143e-2,6.622566e-2,6.401331e-2,6.309074e-2,6.079231e-2,6.089752e-2,5.821271e-2,5.862728e-2,9.040912e-2,8.027149e-2,8.238685e-2,8.289845e-2,8.577359e-2,8.595865e-2,8.566299e-2,8.574132e-2,8.862452e-2,8.939480e-2,8.837675e-2,9.087988e-2,8.954842e-2,8.691461e-2,9.077115e-2,8.683780e-2,1.239409e-1,1.088473e-1,1.072308e-1,1.066487e-1,1.086948e-1,1.094695e-1,1.050686e-1,1.065287e-1,9.827023e-2,9.249133e-2,9.558033e-2,9.511423e-2,9.655343e-2,9.532303e-2,9.628133e-2,9.399097e-2,1.457979e-1,1.362667e-1,1.385497e-1,1.427485e-1,1.389421e-1,1.383936e-1,1.431187e-1,1.417826e-1]},{"variance_ratio":0.950,"d_res":8,"d_eff":42,"mean_mse":7.639077e-2,"min_mse":4.753788e-2,"max_mse":1.171507e-1,"inflation_over_baseline":0.597447,"per_block_mses":[7.631555e-2,7.133576e-2,7.031765e-2,7.242532e-2,7.087982e-2,7.003473e-2,7.120277e-2,7.091276e-2,7.589841e-2,7.047240e-2,6.901203e-2,6.994738e-2,6.818465e-2,6.732790e-2,6.935191e-2,6.887339e-2,5.792821e-2,5.431834e-2,5.243317e-2,5.135440e-2,4.975699e-2,4.967876e-2,4.753788e-2,4.780013e-2,7.307628e-2,6.463569e-2,6.639505e-2,6.694329e-2,6.923061e-2,6.970063e-2,6.916249e-2,6.932128e-2,7.213125e-2,7.232510e-2,7.125867e-2,7.343950e-2,7.218453e-2,7.003323e-2,7.334446e-2,7.010378e-2,1.001470e-1,8.762790e-2,8.663144e-2,8.616732e-2,8.809029e-2,8.859866e-2,8.497301e-2,8.614897e-2,7.951162e-2,7.417016e-2,7.716908e-2,7.658952e-2,7.808786e-2,7.660968e-2,7.766838e-2,7.562511e-2,1.171507e-1,1.090441e-1,1.109723e-1,1.137369e-1,1.106761e-1,1.106088e-1,1.136352e-1,1.127833e-1]},{"variance_ratio":0.900,"d_res":0,"d_eff":28,"mean_mse":2.561151e-1,"min_mse":1.566680e-1,"max_mse":4.071545e-1,"inflation_over_baseline":2.003060,"per_block_mses":[2.528297e-1,2.424515e-1,2.399355e-1,2.388542e-1,2.327892e-1,2.307023e-1,2.337428e-1,2.340723e-1,2.420240e-1,2.313570e-1,2.213777e-1,2.223177e-1,2.180016e-1,2.164794e-1,2.211476e-1,2.197512e-1,1.914009e-1,1.776926e-1,1.700680e-1,1.697289e-1,1.622025e-1,1.637772e-1,1.566680e-1,1.578820e-1,2.412360e-1,2.167348e-1,2.254388e-1,2.279035e-1,2.289023e-1,2.297415e-1,2.294394e-1,2.281132e-1,2.351505e-1,2.392762e-1,2.453447e-1,2.461169e-1,2.489810e-1,2.487636e-1,2.375041e-1,2.497996e-1,3.250122e-1,2.934726e-1,2.779921e-1,2.976020e-1,2.934438e-1,2.945356e-1,2.872015e-1,2.878957e-1,2.661066e-1,2.522530e-1,2.582745e-1,2.645036e-1,2.660887e-1,2.677122e-1,2.671832e-1,2.681610e-1,3.997347e-1,3.772648e-1,3.682722e-1,3.843537e-1,3.829496e-1,3.775353e-1,4.071545e-1,4.009662e-1]},{"variance_ratio":0.900,"d_res":2,"d_eff":28,"mean_mse":2.141859e-1,"min_mse":1.318269e-1,"max_mse":3.278295e-1,"inflation_over_baseline":1.675134,"per_block_mses":[2.146824e-1,2.045368e-1,2.016459e-1,2.018047e-1,1.960149e-1,1.952540e-1,1.981355e-1,1.979437e-1,2.093927e-1,1.968999e-1,1.872744e-1,1.893883e-1,1.844502e-1,1.832771e-1,1.874954e-1,1.861854e-1,1.625696e-1,1.499416e-1,1.444558e-1,1.435061e-1,1.372007e-1,1.370373e-1,1.318269e-1,1.323264e-1,2.044364e-1,1.859201e-1,1.946078e-1,1.960550e-1,1.967518e-1,1.963500e-1,1.975687e-1,1.960460e-1,1.978033e-1,2.015066e-1,2.071548e-1,2.072179e-1,2.094170e-1,2.084957e-1,1.991050e-1,2.093264e-1,2.724844e-1,2.469975e-1,2.328602e-1,2.502579e-1,2.468394e-1,2.478194e-1,2.403162e-1,2.413381e-1,2.207386e-1,2.068194e-1,2.145283e-1,2.213216e-1,2.180630e-1,2.228057e-1,2.187164e-1,2.217375e-1,3.156256e-1,3.094679e-1,2.989425e-1,3.109738e-1,3.111669e-1,3.049208e-1,3.278295e-1,3.243217e-1]},{"variance_ratio":0.900,"d_res":4,"d_eff":28,"mean_mse":1.887165e-1,"min_mse":1.170159e-1,"max_mse":2.830949e-1,"inflation_over_baseline":1.475939,"per_block_mses":[1.907357e-1,1.805587e-1,1.775227e-1,1.780365e-1,1.726153e-1,1.723106e-1,1.751800e-1,1.750451e-1,1.875550e-1,1.749517e-1,1.663098e-1,1.685246e-1,1.639360e-1,1.625092e-1,1.664973e-1,1.650881e-1,1.447468e-1,1.333714e-1,1.283971e-1,1.275501e-1,1.217976e-1,1.214746e-1,1.170159e-1,1.174047e-1,1.812559e-1,1.655455e-1,1.738039e-1,1.747562e-1,1.755638e-1,1.747233e-1,1.761543e-1,1.749331e-1,1.747953e-1,1.777010e-1,1.830680e-1,1.826927e-1,1.847031e-1,1.835912e-1,1.754126e-1,1.842305e-1,2.407840e-1,2.183468e-1,2.056216e-1,2.210993e-1,2.183262e-1,2.192412e-1,2.123711e-1,2.130881e-1,1.934195e-1,1.811711e-1,1.885455e-1,1.944247e-1,1.907078e-1,1.956456e-1,1.910633e-1,1.944451e-1,2.729601e-1,2.689343e-1,2.594230e-1,2.692940e-1,2.690941e-1,2.646189e-1,2.830949e-1,2.800692e-1]},{"variance_ratio":0.900,"d_res":8,"d_eff":28,"mean_mse":1.526945e-1,"min_mse":9.580743e-2,"max_mse":2.223034e-1,"inflation_over_baseline":1.194214,"per_block_mses":[1.558649e-1,1.462083e-1,1.436793e-1,1.443918e-1,1.396831e-1,1.396739e-1,1.421534e-1,1.424097e-1,1.551006e-1,1.433544e-1,1.365949e-1,1.383900e-1,1.343720e-1,1.330137e-1,1.365815e-1,1.350787e-1,1.189150e-1,1.094614e-1,1.053292e-1,1.047667e-1,9.977516e-2,9.953001e-2,9.580743e-2,9.603854e-2,1.479435e-1,1.355204e-1,1.427777e-1,1.435362e-1,1.443416e-1,1.432629e-1,1.447062e-1,1.437907e-1,1.419315e-1,1.440896e-1,1.485505e-1,1.476792e-1,1.500185e-1,1.486814e-1,1.421165e-1,1.491664e-1,1.951808e-1,1.767886e-1,1.665847e-1,1.791583e-1,1.771590e-1,1.779982e-1,1.723149e-1,1.725959e-1,1.555280e-1,1.455900e-1,1.519376e-1,1.565731e-1,1.527610e-1,1.575839e-1,1.535434e-1,1.564984e-1,2.158640e-1,2.133016e-1,2.053318e-1,2.123938e-1,2.121530e-1,2.089360e-1,2.223034e-1,2.200840e-1]},{"variance_ratio":0.850,"d_res":0,"d_eff":21,"mean_mse":3.823758e-1,"min_mse":2.363074e-1,"max_mse":5.872513e-1,"inflation_over_baseline":2.990536,