{"n_vecs":32768,"dim":128,"n_blocks":64,"block_size":512,"baseline_mse":1.185556e-1,"cells":[{"variance_ratio":0.950,"d_res":0,"d_eff":49,"mean_mse":1.185556e-1,"min_mse":7.440998e-2,"max_mse":2.148709e-1,"inflation_over_baseline":1.000000,"per_block_mses":[1.325392e-1,1.110962e-1,1.077419e-1,1.095276e-1,1.100316e-1,1.086301e-1,1.087504e-1,1.065977e-1,1.238924e-1,1.130385e-1,1.083297e-1,1.108256e-1,1.094315e-1,1.085401e-1,1.076607e-1,1.110938e-1,1.343052e-1,1.094344e-1,1.056993e-1,1.041794e-1,1.073271e-1,1.026675e-1,1.059204e-1,1.008260e-1,2.148709e-1,1.327763e-1,1.289446e-1,1.276167e-1,1.270013e-1,1.268770e-1,1.268618e-1,1.255236e-1,1.582256e-1,1.329368e-1,1.338584e-1,1.322929e-1,1.302414e-1,1.303168e-1,1.287657e-1,1.279305e-1,1.502506e-1,1.357558e-1,1.356835e-1,1.325528e-1,1.314603e-1,1.306043e-1,1.349600e-1,1.337048e-1,1.456804e-1,1.289759e-1,1.251900e-1,1.229670e-1,1.221217e-1,1.214421e-1,1.215458e-1,1.251457e-1,1.086992e-1,7.968107e-2,7.844931e-2,7.794909e-2,7.600829e-2,7.647547e-2,7.440998e-2,7.471905e-2]},{"variance_ratio":0.950,"d_res":2,"d_eff":49,"mean_mse":9.933783e-2,"min_mse":6.224419e-2,"max_mse":1.812993e-1,"inflation_over_baseline":0.837901,"per_block_mses":[1.103008e-1,9.224084e-2,8.921218e-2,9.064564e-2,9.142641e-2,8.989376e-2,9.009912e-2,8.772268e-2,1.031442e-1,9.387387e-2,8.941108e-2,9.164721e-2,9.057509e-2,8.982488e-2,8.882587e-2,9.135060e-2,1.138825e-1,9.227215e-2,8.942211e-2,8.781251e-2,9.081900e-2,8.663099e-2,8.988225e-2,8.482663e-2,1.812993e-1,1.125180e-1,1.091096e-1,1.081540e-1,1.075949e-1,1.073030e-1,1.069236e-1,1.065788e-1,1.326396e-1,1.116692e-1,1.118588e-1,1.110121e-1,1.085839e-1,1.096553e-1,1.073245e-1,1.074271e-1,1.268067e-1,1.140757e-1,1.135838e-1,1.109100e-1,1.099738e-1,1.093276e-1,1.127674e-1,1.116661e-1,1.229579e-1,1.086964e-1,1.058404e-1,1.043892e-1,1.033245e-1,1.031990e-1,1.027915e-1,1.056357e-1,9.092413e-2,6.535533e-2,6.438623e-2,6.402841e-2,6.322892e-2,6.373875e-2,6.224419e-2,6.237526e-2]},{"variance_ratio":0.950,"d_res":4,"d_eff":49,"mean_mse":8.732317e-2,"min_mse":5.470404e-2,"max_mse":1.604968e-1,"inflation_over_baseline":0.736559,"per_block_mses":[9.646675e-2,8.050830e-2,7.785927e-2,7.896646e-2,7.975371e-2,7.841928e-2,7.848857e-2,7.627599e-2,9.049969e-2,8.245085e-2,7.819203e-2,8.023696e-2,7.909256e-2,7.868283e-2,7.749415e-2,7.977257e-2,1.007258e-1,8.133693e-2,7.884888e-2,7.735004e-2,8.017007e-2,7.638241e-2,7.940980e-2,7.468317e-2,1.604968e-1,9.930000e-2,9.630069e-2,9.547561e-2,9.482695e-2,9.471610e-2,9.423315e-2,9.418310e-2,1.163711e-1,9.806698e-2,9.807560e-2,9.756485e-2,9.528379e-2,9.645540e-2,9.412832e-2,9.438052e-2,1.119142e-1,1.006605e-1,9.994400e-2,9.760590e-2,9.678837e-2,9.622388e-2,9.907096e-2,9.817588e-2,1.082474e-1,9.568691e-2,9.316922e-2,9.206173e-2,9.119321e-2,9.123503e-2,9.082826e-2,9.325487e-2,7.995621e-2,5.714798e-2,5.644142e-2,5.611310e-2,5.545448e-2,5.611359e-2,5.470404e-2,5.476535e-2]},{"variance_ratio":0.950,"d_res":8,"d_eff":49,"mean_mse":7.026289e-2,"min_mse":4.386960e-2,"max_mse":1.304949e-1,"inflation_over_baseline":0.592658,"per_block_mses":[7.688299e-2,6.405700e-2,6.186820e-2,6.282236e-2,6.340462e-2,6.249672e-2,6.236420e-2,6.044558e-2,7.248228e-2,6.634899e-2,6.277779e-2,6.438150e-2,6.342288e-2,6.312893e-2,6.211237e-2,6.384547e-2,8.173391e-2,6.558062e-2,6.378090e-2,6.240174e-2,6.505842e-2,6.185650e-2,6.439771e-2,6.021244e-2,1.304949e-1,8.047092e-2,7.788439e-2,7.721539e-2,7.665447e-2,7.658193e-2,7.605805e-2,7.628462e-2,9.348479e-2,7.873493e-2,7.856013e-2,7.829616e-2,7.641492e-2,7.748705e-2,7.542629e-2,7.576482e-2,9.051566e-2,8.138945e-2,8.067613e-2,7.856646e-2,7.815787e-2,7.768015e-2,8.000288e-2,7.921614e-2,8.707570e-2,7.712964e-2,7.493574e-2,7.420955e-2,7.341310e-2,7.374386e-2,7.331431e-2,7.531582e-2,6.431486e-2,4.577780e-2,4.525709e-2,4.493217e-2,4.450561e-2,4.518313e-2,4.396412e-2,4.386960e-2]},{"variance_ratio":0.900,"d_res":0,"d_eff":33,"mean_mse":2.373960e-1,"min_mse":1.490166e-1,"max_mse":4.182943e-1,"inflation_over_baseline":2.002402,"per_block_mses":[2.639585e-1,2.228840e-1,2.172620e-1,2.213449e-1,2.131727e-1,2.190693e-1,2.110013e-1,2.151914e-1,2.440750e-1,2.165883e-1,2.193489e-1,2.145042e-1,2.233993e-1,2.217254e-1,2.207676e-1,2.177582e-1,2.710558e-1,2.176149e-1,2.180449e-1,2.083822e-1,2.138091e-1,2.067398e-1,2.117038e-1,2.035634e-1,4.182943e-1,2.651951e-1,2.568814e-1,2.654233e-1,2.507404e-1,2.625226e-1,2.490774e-1,2.584924e-1,3.267694e-1,2.649500e-1,2.702309e-1,2.665338e-1,2.621756e-1,2.627552e-1,2.593943e-1,2.583598e-1,2.977146e-1,2.715965e-1,2.706129e-1,2.662451e-1,2.625406e-1,2.620983e-1,2.589304e-1,2.696724e-1,2.881320e-1,2.548614e-1,2.508576e-1,2.468910e-1,2.462756e-1,2.445235e-1,2.454257e-1,2.424075e-1,2.176185e-1,1.657317e-1,1.563824e-1,1.546688e-1,1.518936e-1,1.519463e-1,1.490166e-1,1.565405e-1]},{"variance_ratio":0.900,"d_res":2,"d_eff":33,"mean_mse":1.996946e-1,"min_mse":1.232339e-1,"max_mse":3.494891e-1,"inflation_over_baseline":1.684396,"per_block_mses":[2.252757e-1,1.919661e-1,1.869169e-1,1.893924e-1,1.836539e-1,1.887611e-1,1.817241e-1,1.847746e-1,2.028829e-1,1.784277e-1,1.805974e-1,1.761020e-1,1.835355e-1,1.810743e-1,1.813750e-1,1.781035e-1,2.293810e-1,1.824501e-1,1.831481e-1,1.743775e-1,1.790415e-1,1.726001e-1,1.767010e-1,1.698047e-1,3.494891e-1,2.224278e-1,2.158274e-1,2.245155e-1,2.110960e-1,2.220099e-1,2.103216e-1,2.186852e-1,2.756905e-1,2.224697e-1,2.279194e-1,2.239533e-1,2.211304e-1,2.208767e-1,2.184382e-1,2.170455e-1,2.527480e-1,2.289421e-1,2.288962e-1,2.244865e-1,2.224544e-1,2.214852e-1,2.194807e-1,2.267675e-1,2.430278e-1,2.155926e-1,2.127110e-1,2.084850e-1,2.089252e-1,2.067600e-1,2.084409e-1,2.046552e-1,1.788927e-1,1.392937e-1,1.303313e-1,1.291653e-1,1.260638e-1,1.258554e-1,1.232339e-1,1.297954e-1]},{"variance_ratio":0.900,"d_res":4,"d_eff":33,"mean_mse":1.762620e-1,"min_mse":1.078455e-1,"max_mse":3.095914e-1,"inflation_over_baseline":1.486745,"per_block_mses":[2.005060e-1,1.710336e-1,1.665036e-1,1.684339e-1,1.638108e-1,1.683769e-1,1.622107e-1,1.648032e-1,1.773584e-1,1.551591e-1,1.571600e-1,1.531722e-1,1.594298e-1,1.565642e-1,1.572624e-1,1.542841e-1,2.035109e-1,1.615615e-1,1.618966e-1,1.538554e-1,1.584740e-1,1.527453e-1,1.560017e-1,1.501559e-1,3.095914e-1,1.968090e-1,1.909200e-1,1.990817e-1,1.866343e-1,1.970667e-1,1.861234e-1,1.937225e-1,2.434525e-1,1.955488e-1,2.009987e-1,1.973246e-1,1.950440e-1,1.944175e-1,1.923694e-1,1.907829e-1,2.236099e-1,2.018681e-1,2.022998e-1,1.980294e-1,1.964822e-1,1.954314e-1,1.940766e-1,1.999378e-1,2.152124e-1,1.915214e-1,1.889576e-1,1.846944e-1,1.854904e-1,1.832617e-1,1.849571e-1,1.811078e-1,1.566800e-1,1.224964e-1,1.144406e-1,1.134517e-1,1.106037e-1,1.103562e-1,1.078455e-1,1.137963e-1]},{"variance_ratio":0.900,"d_res":8,"d_eff":33,"mean_mse":1.428546e-1,"min_mse":8.675243e-2,"max_mse":2.525219e-1,"inflation_over_baseline":1.204959,"per_block_mses":[1.642658e-1,1.403705e-1,1.366818e-1,1.378197e-1,1.343866e-1,1.385354e-1,1.330894e-1,1.351057e-1,1.413946e-1,1.229595e-1,1.247170e-1,1.212809e-1,1.260072e-1,1.234716e-1,1.239938e-1,1.214999e-1,1.664538e-1,1.316620e-1,1.318298e-1,1.250745e-1,1.291703e-1,1.242856e-1,1.271997e-1,1.222882e-1,2.525219e-1,1.604262e-1,1.555815e-1,1.622836e-1,1.519209e-1,1.610548e-1,1.514420e-1,1.581938e-1,1.973615e-1,1.573643e-1,1.622860e-1,1.592608e-1,1.574894e-1,1.566233e-1,1.549929e-1,1.532876e-1,1.814530e-1,1.633411e-1,1.641870e-1,1.600612e-1,1.593856e-1,1.580102e-1,1.572802e-1,1.614455e-1,1.751946e-1,1.564993e-1,1.544445e-1,1.505571e-1,1.513577e-1,1.495348e-1,1.512271e-1,1.476753e-1,1.258316e-1,9.892829e-2,9.233313e-2,9.171999e-2,8.923076e-2,8.911119e-2,8.675243e-2,9.150158e-2]},{"variance_ratio":0.850,"d_res":0,"d_eff":24,"mean_mse":3.552241e-1,"min_mse":2.255251e-1,"max_mse":6.245420e-1,"inflation_over_baseline":2.996266,