{"n_vecs":32768,"dim":128,"n_blocks":64,"block_size":512,"baseline_mse":1.093131e-1,"cells":[{"variance_ratio":0.950,"d_res":0,"d_eff":46,"mean_mse":1.093131e-1,"min_mse":7.859222e-2,"max_mse":1.481034e-1,"inflation_over_baseline":1.000000,"per_block_mses":[9.105059e-2,8.172170e-2,8.348908e-2,8.362961e-2,8.073922e-2,7.966154e-2,7.859222e-2,8.238643e-2,1.054580e-1,9.281566e-2,9.611218e-2,9.477276e-2,9.282104e-2,9.185782e-2,9.383710e-2,9.063929e-2,1.257329e-1,1.103603e-1,1.088821e-1,1.081664e-1,1.053532e-1,1.035681e-1,1.056830e-1,1.021170e-1,1.324208e-1,1.271617e-1,1.217803e-1,1.284173e-1,1.280291e-1,1.219440e-1,1.219361e-1,1.222579e-1,1.015653e-1,9.614187e-2,9.607238e-2,9.600322e-2,9.377635e-2,9.338905e-2,9.639776e-2,9.649885e-2,1.308850e-1,1.171559e-1,1.174346e-1,1.184952e-1,1.165076e-1,1.133716e-1,1.133586e-1,1.155349e-1,1.130181e-1,1.093014e-1,1.050145e-1,1.064060e-1,1.051088e-1,1.002010e-1,1.000333e-1,1.011518e-1,1.451841e-1,1.481034e-1,1.447629e-1,1.425414e-1,1.459889e-1,1.416781e-1,1.410593e-1,1.405013e-1]},{"variance_ratio":0.950,"d_res":2,"d_eff":46,"mean_mse":9.176148e-2,"min_mse":6.615372e-2,"max_mse":1.223464e-1,"inflation_over_baseline":0.839437,"per_block_mses":[7.615201e-2,6.792312e-2,7.004892e-2,6.979475e-2,6.760727e-2,6.664219e-2,6.615372e-2,6.895431e-2,8.941584e-2,7.896943e-2,8.197055e-2,8.049303e-2,7.888521e-2,7.813129e-2,7.957516e-2,7.718687e-2,1.076786e-1,9.409105e-2,9.196630e-2,9.100385e-2,8.892359e-2,8.757328e-2,8.922908e-2,8.640616e-2,1.098823e-1,1.038552e-1,1.012706e-1,1.063604e-1,1.066598e-1,1.017752e-1,1.018988e-1,1.017840e-1,8.718833e-2,8.028705e-2,8.090604e-2,8.118669e-2,7.942230e-2,7.838430e-2,8.165527e-2,8.113415e-2,1.115902e-1,9.964402e-2,9.960062e-2,1.003507e-1,9.782329e-2,9.549705e-2,9.472575e-2,9.667138e-2,9.473487e-2,9.174043e-2,8.834158e-2,8.903759e-2,8.848837e-2,8.416639e-2,8.409221e-2,8.525552e-2,1.186428e-1,1.223464e-1,1.199563e-1,1.188532e-1,1.213845e-1,1.179861e-1,1.171243e-1,1.162556e-1]},{"variance_ratio":0.950,"d_res":4,"d_eff":46,"mean_mse":8.097391e-2,"min_mse":5.852321e-2,"max_mse":1.065145e-1,"inflation_over_baseline":0.740752,"per_block_mses":[6.699141e-2,5.968310e-2,6.186751e-2,6.159091e-2,5.963582e-2,5.881089e-2,5.852321e-2,6.079367e-2,7.938304e-2,7.025615e-2,7.306079e-2,7.161518e-2,6.997861e-2,6.958789e-2,7.048214e-2,6.860229e-2,9.571312e-2,8.384423e-2,8.167096e-2,8.068681e-2,7.886927e-2,7.768694e-2,7.907652e-2,7.659386e-2,9.653580e-2,9.063358e-2,8.890584e-2,9.332762e-2,9.389109e-2,8.928505e-2,8.984404e-2,8.951282e-2,7.759598e-2,7.088909e-2,7.150128e-2,7.182933e-2,7.027227e-2,6.915844e-2,7.225570e-2,7.162474e-2,9.893237e-2,8.850506e-2,8.821448e-2,8.885994e-2,8.647510e-2,8.438318e-2,8.354054e-2,8.538146e-2,8.352750e-2,8.106042e-2,7.819518e-2,7.871142e-2,7.842916e-2,7.456155e-2,7.446654e-2,7.547073e-2,1.027739e-1,1.065145e-1,1.045823e-1,1.040208e-1,1.062928e-1,1.034256e-1,1.024352e-1,1.015031e-1]},{"variance_ratio":0.950,"d_res":8,"d_eff":46,"mean_mse":6.569844e-2,"min_mse":4.762921e-2,"max_mse":8.558214e-2,"inflation_over_baseline":0.601012,"per_block_mses":[5.408229e-2,4.832285e-2,5.021969e-2,5.000762e-2,4.845297e-2,4.764080e-2,4.762921e-2,4.927651e-2,6.480374e-2,5.755803e-2,5.992787e-2,5.862684e-2,5.721313e-2,5.715802e-2,5.754750e-2,5.602836e-2,7.837899e-2,6.885913e-2,6.696983e-2,6.598980e-2,6.444463e-2,6.347418e-2,6.459204e-2,6.242392e-2,7.758112e-2,7.263313e-2,7.179097e-2,7.526097e-2,7.592888e-2,7.200175e-2,7.292027e-2,7.231273e-2,6.329668e-2,5.750067e-2,5.809096e-2,5.827682e-2,5.717499e-2,5.618451e-2,5.869214e-2,5.808887e-2,8.050355e-2,7.234691e-2,7.196223e-2,7.245114e-2,7.039182e-2,6.866057e-2,6.790880e-2,6.961771e-2,6.758832e-2,6.594263e-2,6.366605e-2,6.409302e-2,6.402293e-2,6.073441e-2,6.079037e-2,6.157565e-2,8.099256e-2,8.496625e-2,8.366569e-2,8.339586e-2,8.558214e-2,8.293162e-2,8.229598e-2,8.125029e-2]},{"variance_ratio":0.900,"d_res":0,"d_eff":31,"mean_mse":2.189096e-1,"min_mse":1.594947e-1,"max_mse":2.960618e-1,"inflation_over_baseline":2.002593,"per_block_mses":[1.804375e-1,1.679877e-1,1.667705e-1,1.684673e-1,1.641984e-1,1.609942e-1,1.597165e-1,1.594947e-1,2.096542e-1,1.845565e-1,1.920402e-1,1.917049e-1,1.823324e-1,1.873113e-1,1.835864e-1,1.858897e-1,2.485929e-1,2.173125e-1,2.174852e-1,2.182081e-1,2.149105e-1,2.110531e-1,2.076921e-1,2.080334e-1,2.520944e-1,2.469294e-1,2.505818e-1,2.480809e-1,2.471212e-1,2.492469e-1,2.481493e-1,2.376669e-1,2.031425e-1,1.925023e-1,1.948596e-1,1.856264e-1,1.911552e-1,1.934990e-1,1.892004e-1,1.913938e-1,2.621602e-1,2.414042e-1,2.326739e-1,2.336301e-1,2.300199e-1,2.346238e-1,2.320244e-1,2.301667e-1,2.306047e-1,2.170662e-1,2.098728e-1,2.152969e-1,2.023280e-1,2.018695e-1,1.993228e-1,2.013327e-1,2.959372e-1,2.887210e-1,2.960618e-1,2.892138e-1,2.919305e-1,2.895616e-1,2.869862e-1,2.877267e-1]},{"variance_ratio":0.900,"d_res":2,"d_eff":31,"mean_mse":1.836712e-1,"min_mse":1.350176e-1,"max_mse":2.467710e-1,"inflation_over_baseline":1.680230,"per_block_mses":[1.530625e-1,1.426495e-1,1.412003e-1,1.432610e-1,1.394227e-1,1.361806e-1,1.350176e-1,1.351204e-1,1.774420e-1,1.560399e-1,1.637041e-1,1.631333e-1,1.549983e-1,1.588056e-1,1.563450e-1,1.581294e-1,2.103001e-1,1.829338e-1,1.835084e-1,1.841473e-1,1.812489e-1,1.783447e-1,1.745052e-1,1.752667e-1,2.110741e-1,2.075003e-1,2.103589e-1,2.081465e-1,2.051080e-1,2.083570e-1,2.055771e-1,1.983950e-1,1.714035e-1,1.623928e-1,1.626661e-1,1.554969e-1,1.596180e-1,1.625338e-1,1.577630e-1,1.602071e-1,2.221017e-1,2.033666e-1,1.967431e-1,1.972732e-1,1.953579e-1,1.994825e-1,1.965543e-1,1.953205e-1,1.939078e-1,1.832416e-1,1.771459e-1,1.817702e-1,1.706782e-1,1.702410e-1,1.682433e-1,1.694038e-1,2.467710e-1,2.365956e-1,2.418217e-1,2.353626e-1,2.375214e-1,2.361078e-1,2.336862e-1,2.348913e-1]},{"variance_ratio":0.900,"d_res":4,"d_eff":31,"mean_mse":1.620433e-1,"min_mse":1.195963e-1,"max_mse":2.163780e-1,"inflation_over_baseline":1.482378,"per_block_mses":[1.361215e-1,1.266466e-1,1.255749e-1,1.274569e-1,1.238485e-1,1.206931e-1,1.195963e-1,1.200901e-1,1.576512e-1,1.382344e-1,1.454438e-1,1.450048e-1,1.375973e-1,1.410038e-1,1.388859e-1,1.404990e-1,1.864818e-1,1.622266e-1,1.628429e-1,1.633285e-1,1.605981e-1,1.584629e-1,1.547028e-1,1.554913e-1,1.857718e-1,1.825361e-1,1.844763e-1,1.825529e-1,1.794067e-1,1.826552e-1,1.798477e-1,1.740977e-1,1.518782e-1,1.436590e-1,1.433881e-1,1.371342e-1,1.405234e-1,1.432637e-1,1.387174e-1,1.408855e-1,1.971733e-1,1.803947e-1,1.745486e-1,1.748762e-1,1.735834e-1,1.768111e-1,1.742745e-1,1.735665e-1,1.720799e-1,1.622961e-1,1.567166e-1,1.605982e-1,1.511940e-1,1.506233e-1,1.487069e-1,1.499239e-1,2.163780e-1,2.068554e-1,2.104613e-1,2.038335e-1,2.064369e-1,2.049628e-1,2.021960e-1,2.030056e-1]},{"variance_ratio":0.900,"d_res":8,"d_eff":31,"mean_mse":1.315118e-1,"min_mse":9.774129e-2,"max_mse":1.737519e-1,"inflation_over_baseline":1.203075,"per_block_mses":[1.115052e-1,1.038293e-1,1.029538e-1,1.046085e-1,1.013641e-1,9.845112e-2,9.774129e-2,9.847385e-2,1.291035e-1,1.127622e-1,1.192634e-1,1.189111e-1,1.125186e-1,1.155388e-1,1.137720e-1,1.153456e-1,1.527904e-1,1.329426e-1,1.335644e-1,1.340084e-1,1.315335e-1,1.301493e-1,1.268981e-1,1.274668e-1,1.494831e-1,1.474239e-1,1.483151e-1,1.468955e-1,1.440037e-1,1.465656e-1,1.445913e-1,1.401571e-1,1.237863e-1,1.167543e-1,1.163616e-1,1.109688e-1,1.136233e-1,1.160508e-1,1.120342e-1,1.138696e-1,1.612873e-1,1.474857e-1,1.425947e-1,1.430242e-1,1.418138e-1,1.445473e-1,1.426515e-1,1.422599e-1,1.409193e-1,1.321873e-1,1.276296e-1,1.303961e-1,1.231305e-1,1.225403e-1,1.209422e-1,1.217897e-1,1.737519e-1,1.656301e-1,1.677105e-1,1.613158e-1,1.639164e-1,1.625244e-1,1.601196e-1,1.602093e-1]},{"variance_ratio":0.850,"d_res":0,"d_eff":23,"mean_mse":3.280214e-1,"min_mse":2.352619e-1,"max_mse":4.482849e-1,"inflation_over_baseline":3.000752,