{"n_vecs":32768,"dim":128,"n_blocks":64,"block_size":512,"baseline_mse":8.712634e-2,"cells":[{"variance_ratio":0.950,"d_res":0,"d_eff":57,"mean_mse":8.712634e-2,"min_mse":5.492859e-2,"max_mse":1.097019e-1,"inflation_over_baseline":1.000000,"per_block_mses":[9.617363e-2,9.196292e-2,9.058759e-2,9.553836e-2,9.500878e-2,9.600232e-2,9.552312e-2,9.685616e-2,6.087073e-2,5.893614e-2,6.029561e-2,6.068141e-2,5.973528e-2,5.988002e-2,5.950994e-2,6.023634e-2,1.097019e-1,9.736144e-2,1.003915e-1,9.780887e-2,1.011921e-1,9.805428e-2,9.704141e-2,9.796202e-2,1.023986e-1,9.298089e-2,8.788400e-2,8.810447e-2,8.803621e-2,8.868611e-2,8.806167e-2,8.876189e-2,1.086240e-1,1.028513e-1,1.030674e-1,1.036868e-1,1.033481e-1,1.045154e-1,1.032593e-1,1.046712e-1,9.824241e-2,9.275487e-2,9.194727e-2,9.091160e-2,9.093912e-2,8.991121e-2,9.021613e-2,9.033133e-2,1.081926e-1,9.900721e-2,9.734544e-2,9.738968e-2,9.719882e-2,9.771964e-2,9.764707e-2,9.815848e-2,6.187535e-2,5.712507e-2,5.739024e-2,5.502728e-2,5.492859e-2,5.502230e-2,5.520007e-2,5.535478e-2]},{"variance_ratio":0.950,"d_res":2,"d_eff":57,"mean_mse":7.299113e-2,"min_mse":4.636461e-2,"max_mse":9.262765e-2,"inflation_over_baseline":0.837762,"per_block_mses":[8.099006e-2,7.631875e-2,7.561192e-2,7.952508e-2,7.889522e-2,7.965890e-2,7.912125e-2,8.024304e-2,5.104547e-2,4.920503e-2,5.033241e-2,5.070734e-2,4.992469e-2,5.008884e-2,4.975865e-2,5.039292e-2,9.262765e-2,8.217179e-2,8.481368e-2,8.242394e-2,8.538641e-2,8.249001e-2,8.161572e-2,8.228786e-2,8.513448e-2,7.695222e-2,7.274926e-2,7.282168e-2,7.306813e-2,7.340635e-2,7.332755e-2,7.367477e-2,9.137829e-2,8.722153e-2,8.707399e-2,8.792866e-2,8.757516e-2,8.817999e-2,8.685604e-2,8.811466e-2,8.351321e-2,7.821271e-2,7.779909e-2,7.665579e-2,7.660400e-2,7.607526e-2,7.639859e-2,7.638809e-2,9.110075e-2,8.215135e-2,8.097919e-2,8.020958e-2,8.019399e-2,8.082304e-2,8.060004e-2,8.105159e-2,5.257320e-2,4.793382e-2,4.844097e-2,4.646691e-2,4.636461e-2,4.653094e-2,4.642587e-2,4.684046e-2]},{"variance_ratio":0.950,"d_res":4,"d_eff":57,"mean_mse":6.421300e-2,"min_mse":4.092315e-2,"max_mse":8.173781e-2,"inflation_over_baseline":0.737010,"per_block_mses":[7.122111e-2,6.696442e-2,6.639655e-2,6.981669e-2,6.932112e-2,6.990160e-2,6.933745e-2,7.027286e-2,4.471940e-2,4.305739e-2,4.412570e-2,4.445119e-2,4.379142e-2,4.393142e-2,4.371326e-2,4.427359e-2,8.173781e-2,7.255693e-2,7.490756e-2,7.280280e-2,7.540072e-2,7.282295e-2,7.203296e-2,7.263583e-2,7.446090e-2,6.748549e-2,6.377547e-2,6.367655e-2,6.414510e-2,6.439804e-2,6.445739e-2,6.462632e-2,8.050886e-2,7.712999e-2,7.688401e-2,7.777255e-2,7.746853e-2,7.770113e-2,7.660637e-2,7.774434e-2,7.365111e-2,6.888548e-2,6.857858e-2,6.762103e-2,6.734914e-2,6.704850e-2,6.738810e-2,6.725717e-2,8.007223e-2,7.211237e-2,7.104593e-2,7.018445e-2,7.021874e-2,7.073213e-2,7.049755e-2,7.095638e-2,4.658125e-2,4.224226e-2,4.275742e-2,4.107137e-2,4.092315e-2,4.108959e-2,4.093304e-2,4.140130e-2]},{"variance_ratio":0.950,"d_res":8,"d_eff":57,"mean_mse":5.173711e-2,"min_mse":3.299485e-2,"max_mse":6.601955e-2,"inflation_over_baseline":0.593817,"per_block_mses":[5.711514e-2,5.369070e-2,5.340138e-2,5.611543e-2,5.575114e-2,5.612252e-2,5.549617e-2,5.623283e-2,3.570939e-2,3.437664e-2,3.536724e-2,3.574253e-2,3.508759e-2,3.525563e-2,3.509560e-2,3.555209e-2,6.601955e-2,5.867844e-2,6.059679e-2,5.891224e-2,6.099769e-2,5.888905e-2,5.825337e-2,5.881349e-2,5.984936e-2,5.428504e-2,5.141038e-2,5.132160e-2,5.160584e-2,5.182051e-2,5.196533e-2,5.211245e-2,6.499311e-2,6.274641e-2,6.246999e-2,6.315176e-2,6.283003e-2,6.295276e-2,6.202352e-2,6.302405e-2,5.903243e-2,5.530089e-2,5.522649e-2,5.436641e-2,5.412617e-2,5.380809e-2,5.427299e-2,5.404436e-2,6.433235e-2,5.802185e-2,5.713815e-2,5.638816e-2,5.645139e-2,5.684306e-2,5.655431e-2,5.703091e-2,3.778826e-2,3.407080e-2,3.464770e-2,3.318067e-2,3.308529e-2,3.318527e-2,3.299485e-2,3.344955e-2]},{"variance_ratio":0.900,"d_res":0,"d_eff":41,"mean_mse":1.751632e-1,"min_mse":1.099225e-1,"max_mse":2.158298e-1,"inflation_over_baseline":2.010451,"per_block_mses":[1.913913e-1,1.858446e-1,1.826000e-1,1.846029e-1,1.827986e-1,1.856765e-1,1.936080e-1,1.970578e-1,1.258402e-1,1.214307e-1,1.240356e-1,1.199572e-1,1.231589e-1,1.242409e-1,1.227947e-1,1.244521e-1,2.156585e-1,2.006938e-1,1.988779e-1,2.017232e-1,2.000391e-1,2.027156e-1,2.006436e-1,2.022089e-1,2.006036e-1,1.795240e-1,1.794137e-1,1.790432e-1,1.796562e-1,1.802815e-1,1.797680e-1,1.804846e-1,2.124800e-1,2.083575e-1,2.118637e-1,2.042061e-1,2.135482e-1,2.059208e-1,2.158298e-1,2.089569e-1,1.912862e-1,1.827739e-1,1.809550e-1,1.795646e-1,1.794335e-1,1.856639e-1,1.856354e-1,1.860559e-1,2.146511e-1,1.967943e-1,1.940900e-1,1.943726e-1,1.941286e-1,1.947001e-1,1.938905e-1,1.958403e-1,1.219126e-1,1.137048e-1,1.141331e-1,1.140238e-1,1.142740e-1,1.099225e-1,1.103570e-1,1.102953e-1]},{"variance_ratio":0.900,"d_res":2,"d_eff":41,"mean_mse":1.471773e-1,"min_mse":9.128999e-2,"max_mse":1.843333e-1,"inflation_over_baseline":1.689240,"per_block_mses":[1.593517e-1,1.544911e-1,1.521719e-1,1.524998e-1,1.523472e-1,1.536551e-1,1.615438e-1,1.644606e-1,1.074142e-1,1.030449e-1,1.049661e-1,1.011100e-1,1.043916e-1,1.049378e-1,1.041708e-1,1.052023e-1,1.843333e-1,1.687700e-1,1.679687e-1,1.704153e-1,1.698134e-1,1.706240e-1,1.693999e-1,1.700754e-1,1.672183e-1,1.490958e-1,1.481698e-1,1.486031e-1,1.487647e-1,1.494275e-1,1.488146e-1,1.500258e-1,1.808061e-1,1.761197e-1,1.787151e-1,1.714823e-1,1.800626e-1,1.726044e-1,1.816833e-1,1.752374e-1,1.609683e-1,1.540258e-1,1.519986e-1,1.513232e-1,1.504448e-1,1.561569e-1,1.556440e-1,1.565088e-1,1.824542e-1,1.679143e-1,1.642669e-1,1.654396e-1,1.650291e-1,1.661950e-1,1.640473e-1,1.667845e-1,1.028229e-1,9.488629e-2,9.485311e-2,9.487358e-2,9.460375e-2,9.128999e-2,9.129379e-2,9.153282e-2]},{"variance_ratio":0.900,"d_res":4,"d_eff":41,"mean_mse":1.297444e-1,"min_mse":8.037711e-2,"max_mse":1.638964e-1,"inflation_over_baseline":1.489153,"per_block_mses":[1.399051e-1,1.354061e-1,1.335945e-1,1.334693e-1,1.335648e-1,1.344364e-1,1.416880e-1,1.442787e-1,9.540033e-2,9.115741e-2,9.281596e-2,8.927254e-2,9.250658e-2,9.281602e-2,9.216148e-2,9.290436e-2,1.638964e-1,1.492037e-1,1.485369e-1,1.507245e-1,1.503979e-1,1.508079e-1,1.497943e-1,1.504510e-1,1.459379e-1,1.300123e-1,1.287189e-1,1.295123e-1,1.294905e-1,1.303623e-1,1.296231e-1,1.311467e-1,1.602204e-1,1.555837e-1,1.577838e-1,1.512410e-1,1.589294e-1,1.521213e-1,1.602380e-1,1.541582e-1,1.420936e-1,1.363145e-1,1.343042e-1,1.338127e-1,1.327348e-1,1.378202e-1,1.374206e-1,1.384104e-1,1.614809e-1,1.491364e-1,1.453302e-1,1.467212e-1,1.460356e-1,1.475996e-1,1.450105e-1,1.482218e-1,9.102065e-2,8.339670e-2,8.362865e-2,8.381868e-2,8.337375e-2,8.054047e-2,8.037711e-2,8.077135e-2]},{"variance_ratio":0.900,"d_res":8,"d_eff":41,"mean_mse":1.050137e-1,"min_mse":6.511936e-2,"max_mse":1.339422e-1,"inflation_over_baseline":1.205303,"per_block_mses":[1.126301e-1,1.090703e-1,1.076061e-1,1.072605e-1,1.073803e-1,1.077889e-1,1.138215e-1,1.158105e-1,7.770743e-2,7.396316e-2,7.536996e-2,7.237448e-2,7.546656e-2,7.539425e-2,7.501754e-2,7.557177e-2,1.339422e-1,1.213881e-1,1.206657e-1,1.223538e-1,1.225150e-1,1.226086e-1,1.216886e-1,1.225230e-1,1.162158e-1,1.035199e-1,1.019178e-1,1.029340e-1,1.029910e-1,1.039037e-1,1.030930e-1,1.048850e-1,1.303260e-1,1.264180e-1,1.281437e-1,1.224189e-1,1.288660e-1,1.229413e-1,1.299607e-1,1.245201e-1,1.149258e-1,1.107416e-1,1.089801e-1,1.084882e-1,1.072937e-1,1.115821e-1,1.114156e-1,1.123270e-1,1.313799e-1,1.219834e-1,1.186005e-1,1.199403e-1,1.191061e-1,1.206568e-1,1.180224e-1,1.211030e-1,7.416194e-2,6.730009e-2,6.787919e-2,6.819827e-2,6.769748e-2,6.536595e-2,6.511936e-2,6.563142e-2]},{"variance_ratio":0.850,"d_res":0,"d_eff":31,"mean_mse":2.619292e-1,"min_mse":1.650023e-1,"max_mse":3.273324e-1,"inflation_over_baseline":3.006315,