{"n_vecs":32768,"dim":128,"n_blocks":64,"block_size":512,"baseline_mse":9.001188e-2,"cells":[{"variance_ratio":0.950,"d_res":0,"d_eff":51,"mean_mse":9.001188e-2,"min_mse":7.122279e-2,"max_mse":1.099590e-1,"inflation_over_baseline":1.000000,"per_block_mses":[1.098358e-1,1.042357e-1,1.047730e-1,1.059544e-1,1.097411e-1,1.089054e-1,1.074651e-1,1.099590e-1,8.773341e-2,7.990606e-2,7.711513e-2,7.566166e-2,7.594374e-2,7.276888e-2,7.122279e-2,7.125422e-2,8.527013e-2,8.296288e-2,8.025443e-2,8.146709e-2,8.005550e-2,7.965946e-2,7.837125e-2,7.839494e-2,1.009864e-1,1.030101e-1,1.032577e-1,1.037550e-1,9.940149e-2,1.034132e-1,9.986533e-2,9.903546e-2,9.032734e-2,8.973359e-2,8.658145e-2,8.749141e-2,8.368557e-2,8.600143e-2,8.570223e-2,8.402195e-2,9.627596e-2,8.740000e-2,8.674200e-2,8.802659e-2,8.708087e-2,8.605782e-2,8.619920e-2,8.583292e-2,7.300318e-2,7.526811e-2,7.202521e-2,7.517206e-2,7.444896e-2,7.299844e-2,7.474020e-2,7.448763e-2,1.092830e-1,1.064002e-1,1.031195e-1,1.048004e-1,1.049293e-1,1.047605e-1,1.026597e-1,1.038672e-1]},{"variance_ratio":0.950,"d_res":2,"d_eff":51,"mean_mse":7.651017e-2,"min_mse":6.076518e-2,"max_mse":9.406589e-2,"inflation_over_baseline":0.850001,"per_block_mses":[9.406589e-2,8.874952e-2,8.890515e-2,9.006245e-2,9.306659e-2,9.249401e-2,9.132468e-2,9.306257e-2,7.477520e-2,6.782212e-2,6.602618e-2,6.463517e-2,6.508320e-2,6.216093e-2,6.100829e-2,6.076518e-2,7.319187e-2,7.036810e-2,6.864069e-2,6.958686e-2,6.858565e-2,6.808116e-2,6.699027e-2,6.676876e-2,8.526392e-2,8.671811e-2,8.633578e-2,8.670016e-2,8.272988e-2,8.643042e-2,8.273032e-2,8.313044e-2,7.728065e-2,7.663564e-2,7.407705e-2,7.484053e-2,7.193471e-2,7.352617e-2,7.367474e-2,7.206196e-2,8.227077e-2,7.466726e-2,7.435394e-2,7.520083e-2,7.410232e-2,7.317789e-2,7.355548e-2,7.295562e-2,6.233914e-2,6.439744e-2,6.165166e-2,6.452516e-2,6.358780e-2,6.270083e-2,6.373154e-2,6.409434e-2,9.298561e-2,8.926486e-2,8.700362e-2,8.815392e-2,8.877998e-2,8.781609e-2,8.684048e-2,8.820341e-2]},{"variance_ratio":0.950,"d_res":4,"d_eff":51,"mean_mse":6.793327e-2,"min_mse":5.410206e-2,"max_mse":8.387689e-2,"inflation_over_baseline":0.754715,"per_block_mses":[8.387689e-2,7.903181e-2,7.896344e-2,8.009768e-2,8.260360e-2,8.215867e-2,8.110201e-2,8.268446e-2,6.645498e-2,6.021766e-2,5.884101e-2,5.763539e-2,5.805546e-2,5.542426e-2,5.439205e-2,5.410206e-2,6.546461e-2,6.249865e-2,6.110215e-2,6.195294e-2,6.125079e-2,6.058896e-2,5.969006e-2,5.929828e-2,7.518714e-2,7.650762e-2,7.599763e-2,7.618155e-2,7.266392e-2,7.587230e-2,7.257137e-2,7.306599e-2,6.870629e-2,6.818739e-2,6.593837e-2,6.671087e-2,6.417254e-2,6.550495e-2,6.568520e-2,6.418533e-2,7.311108e-2,6.641183e-2,6.622306e-2,6.695787e-2,6.577611e-2,6.499950e-2,6.547791e-2,6.486443e-2,5.539694e-2,5.733697e-2,5.488503e-2,5.753242e-2,5.656535e-2,5.591304e-2,5.662595e-2,5.715258e-2,8.228874e-2,7.878080e-2,7.699936e-2,7.806332e-2,7.871857e-2,7.777291e-2,7.701473e-2,7.823464e-2]},{"variance_ratio":0.950,"d_res":8,"d_eff":51,"mean_mse":5.552576e-2,"min_mse":4.452593e-2,"max_mse":6.884418e-2,"inflation_over_baseline":0.616872,"per_block_mses":[6.884418e-2,6.494034e-2,6.466150e-2,6.568670e-2,6.756781e-2,6.732184e-2,6.631364e-2,6.767247e-2,5.427087e-2,4.942992e-2,4.827561e-2,4.743318e-2,4.785910e-2,4.562716e-2,4.479975e-2,4.452593e-2,5.407317e-2,5.115259e-2,5.025330e-2,5.095988e-2,5.049966e-2,4.978681e-2,4.909749e-2,4.870397e-2,6.072472e-2,6.192015e-2,6.137140e-2,6.138956e-2,5.828786e-2,6.101204e-2,5.821743e-2,5.877327e-2,5.613472e-2,5.582750e-2,5.400863e-2,5.463134e-2,5.274036e-2,5.376282e-2,5.403157e-2,5.263907e-2,5.986140e-2,5.447795e-2,5.425519e-2,5.485393e-2,5.386576e-2,5.318756e-2,5.371094e-2,5.305223e-2,4.524010e-2,4.694511e-2,4.503028e-2,4.719044e-2,4.635105e-2,4.589982e-2,4.630016e-2,4.682810e-2,6.674843e-2,6.395100e-2,6.269424e-2,6.373466e-2,6.421261e-2,6.343158e-2,6.275757e-2,6.383940e-2]},{"variance_ratio":0.900,"d_res":0,"d_eff":35,"mean_mse":1.797588e-1,"min_mse":1.433430e-1,"max_mse":2.161634e-1,"inflation_over_baseline":1.997057,"per_block_mses":[2.140624e-1,2.138056e-1,2.102182e-1,2.149709e-1,2.136644e-1,2.122616e-1,2.113623e-1,2.117405e-1,1.713309e-1,1.600017e-1,1.570670e-1,1.549448e-1,1.468162e-1,1.481079e-1,1.433430e-1,1.442435e-1,1.658556e-1,1.668410e-1,1.619340e-1,1.655615e-1,1.626555e-1,1.621468e-1,1.581903e-1,1.593636e-1,2.028294e-1,1.952611e-1,2.002468e-1,2.013451e-1,2.038896e-1,2.034213e-1,2.057531e-1,2.044161e-1,1.821895e-1,1.805072e-1,1.759487e-1,1.706985e-1,1.713638e-1,1.673497e-1,1.676443e-1,1.714200e-1,1.929142e-1,1.791050e-1,1.755898e-1,1.722449e-1,1.781802e-1,1.704311e-1,1.698427e-1,1.762075e-1,1.469817e-1,1.496756e-1,1.455857e-1,1.469424e-1,1.455840e-1,1.504652e-1,1.476313e-1,1.475811e-1,2.161634e-1,2.101258e-1,2.095458e-1,2.077048e-1,2.129035e-1,2.070942e-1,2.060967e-1,2.051953e-1]},{"variance_ratio":0.900,"d_res":2,"d_eff":35,"mean_mse":1.528331e-1,"min_mse":1.229643e-1,"max_mse":1.848860e-1,"inflation_over_baseline":1.697921,"per_block_mses":[1.848860e-1,1.840539e-1,1.811414e-1,1.847432e-1,1.831444e-1,1.822238e-1,1.810060e-1,1.811955e-1,1.455452e-1,1.362794e-1,1.347719e-1,1.328392e-1,1.257803e-1,1.268547e-1,1.229643e-1,1.235671e-1,1.418679e-1,1.422118e-1,1.398942e-1,1.428632e-1,1.402983e-1,1.394433e-1,1.364228e-1,1.371573e-1,1.698575e-1,1.619669e-1,1.668684e-1,1.668430e-1,1.684930e-1,1.667881e-1,1.693720e-1,1.686710e-1,1.560737e-1,1.532502e-1,1.497453e-1,1.454499e-1,1.459350e-1,1.426429e-1,1.435431e-1,1.461922e-1,1.655572e-1,1.521276e-1,1.500889e-1,1.482007e-1,1.524747e-1,1.470259e-1,1.464447e-1,1.501410e-1,1.265936e-1,1.275237e-1,1.246223e-1,1.256892e-1,1.241170e-1,1.284905e-1,1.260528e-1,1.264302e-1,1.840246e-1,1.790446e-1,1.775636e-1,1.730254e-1,1.793559e-1,1.716938e-1,1.705067e-1,1.716762e-1]},{"variance_ratio":0.900,"d_res":4,"d_eff":35,"mean_mse":1.358394e-1,"min_mse":1.098255e-1,"max_mse":1.652925e-1,"inflation_over_baseline":1.509128,"per_block_mses":[1.652925e-1,1.646007e-1,1.617822e-1,1.648638e-1,1.629157e-1,1.624850e-1,1.610039e-1,1.614810e-1,1.292513e-1,1.213492e-1,1.201459e-1,1.186043e-1,1.123820e-1,1.130729e-1,1.098255e-1,1.105281e-1,1.267463e-1,1.269547e-1,1.253767e-1,1.277073e-1,1.254376e-1,1.245865e-1,1.220566e-1,1.224359e-1,1.493433e-1,1.422970e-1,1.466674e-1,1.462257e-1,1.475160e-1,1.459449e-1,1.485566e-1,1.478319e-1,1.391514e-1,1.362225e-1,1.330478e-1,1.292060e-1,1.296652e-1,1.268723e-1,1.277910e-1,1.300845e-1,1.478796e-1,1.357146e-1,1.339148e-1,1.323005e-1,1.360407e-1,1.315965e-1,1.309340e-1,1.338738e-1,1.131303e-1,1.136840e-1,1.110745e-1,1.119772e-1,1.103687e-1,1.142782e-1,1.121529e-1,1.128099e-1,1.634892e-1,1.589563e-1,1.573282e-1,1.527167e-1,1.587919e-1,1.513786e-1,1.505813e-1,1.514417e-1]},{"variance_ratio":0.900,"d_res":8,"d_eff":35,"mean_mse":1.112599e-1,"min_mse":9.039837e-2,"max_mse":1.366282e-1,"inflation_over_baseline":1.236058,"per_block_mses":[1.366282e-1,1.358972e-1,1.332077e-1,1.357285e-1,1.335619e-1,1.335955e-1,1.318595e-1,1.323792e-1,1.057022e-1,9.971816e-2,9.880789e-2,9.768270e-2,9.275838e-2,9.310832e-2,9.039837e-2,9.133515e-2,1.046243e-1,1.049548e-1,1.040013e-1,1.056858e-1,1.037829e-1,1.028871e-1,1.009791e-1,1.010767e-1,1.205599e-1,1.149043e-1,1.181867e-1,1.173584e-1,1.183435e-1,1.169316e-1,1.193820e-1,1.187017e-1,1.144288e-1,1.117145e-1,1.090633e-1,1.056185e-1,1.061788e-1,1.039665e-1,1.048287e-1,1.067671e-1,1.218437e-1,1.117166e-1,1.101786e-1,1.089184e-1,1.119097e-1,1.083750e-1,1.080183e-1,1.099620e-1,9.318917e-2,9.321032e-2,9.123086e-2,9.178770e-2,9.045702e-2,9.360203e-2,9.196587e-2,9.270676e-2,1.334925e-1,1.298273e-1,1.281893e-1,1.241209e-1,1.296304e-1,1.229815e-1,1.226665e-1,1.233569e-1]},{"variance_ratio":0.850,"d_res":0,"d_eff":27,"mean_mse":2.695565e-1,"min_mse":2.106830e-1,"max_mse":3.297965e-1,"inflation_over_baseline":2.994677,