{"n_vecs":32768,"dim":128,"n_blocks":64,"block_size":512,"baseline_mse":1.001818e-1,"cells":[{"variance_ratio":0.950,"d_res":0,"d_eff":57,"mean_mse":1.001818e-1,"min_mse":7.038515e-2,"max_mse":1.433207e-1,"inflation_over_baseline":1.000000,"per_block_mses":[1.170492e-1,1.022286e-1,1.038179e-1,1.057140e-1,1.041578e-1,1.038523e-1,1.025022e-1,1.018737e-1,9.458032e-2,7.684748e-2,7.542039e-2,7.429089e-2,7.121183e-2,7.302830e-2,7.038515e-2,7.038812e-2,1.433207e-1,1.343197e-1,1.293873e-1,1.293071e-1,1.283891e-1,1.330589e-1,1.267862e-1,1.252450e-1,1.214892e-1,1.087471e-1,1.075761e-1,1.055299e-1,1.030938e-1,1.038626e-1,1.065389e-1,1.066814e-1,1.154643e-1,9.949294e-2,9.990361e-2,9.793416e-2,9.586389e-2,9.596428e-2,9.755568e-2,9.696504e-2,8.328363e-2,7.418822e-2,7.264110e-2,7.259463e-2,7.270471e-2,7.220084e-2,7.227598e-2,7.059562e-2,1.170962e-1,1.123318e-1,1.138306e-1,1.158249e-1,1.156923e-1,1.165952e-1,1.162279e-1,1.157541e-1,1.117270e-1,9.519815e-2,8.931599e-2,8.782495e-2,8.999640e-2,8.621005e-2,8.886035e-2,8.883938e-2]},{"variance_ratio":0.950,"d_res":2,"d_eff":57,"mean_mse":8.392835e-2,"min_mse":5.942300e-2,"max_mse":1.177099e-1,"inflation_over_baseline":0.837760,"per_block_mses":[9.958709e-2,8.604324e-2,8.713186e-2,8.869066e-2,8.703179e-2,8.700995e-2,8.585670e-2,8.514052e-2,7.954223e-2,6.435893e-2,6.357581e-2,6.250113e-2,6.015735e-2,6.149722e-2,5.949076e-2,5.942300e-2,1.177099e-1,1.085270e-1,1.053083e-1,1.040795e-1,1.032200e-1,1.073487e-1,1.020143e-1,1.010438e-1,1.025249e-1,9.167441e-2,9.084359e-2,8.885672e-2,8.705643e-2,8.766063e-2,8.978126e-2,9.002189e-2,9.759350e-2,8.450383e-2,8.473577e-2,8.214909e-2,8.079391e-2,8.036115e-2,8.191420e-2,8.129405e-2,7.010305e-2,6.222730e-2,6.086282e-2,6.105841e-2,6.120150e-2,6.113461e-2,6.088268e-2,5.974582e-2,9.952583e-2,9.563342e-2,9.715727e-2,9.874345e-2,9.840946e-2,9.951197e-2,9.901630e-2,9.876666e-2,9.453402e-2,7.982057e-2,7.479370e-2,7.355588e-2,7.524594e-2,7.248202e-2,7.436481e-2,7.458190e-2]},{"variance_ratio":0.950,"d_res":4,"d_eff":57,"mean_mse":7.406917e-2,"min_mse":5.265521e-2,"max_mse":1.027183e-1,"inflation_over_baseline":0.739348,"per_block_mses":[8.843139e-2,7.613275e-2,7.718472e-2,7.846394e-2,7.685729e-2,7.690915e-2,7.566049e-2,7.511995e-2,7.037037e-2,5.692630e-2,5.630801e-2,5.536049e-2,5.331225e-2,5.454909e-2,5.280520e-2,5.265521e-2,1.027183e-1,9.404954e-2,9.169544e-2,8.987276e-2,8.925993e-2,9.276299e-2,8.836397e-2,8.771417e-2,9.062150e-2,8.079943e-2,8.035366e-2,7.851963e-2,7.699203e-2,7.750209e-2,7.945116e-2,7.948596e-2,8.631590e-2,7.507003e-2,7.516805e-2,7.279032e-2,7.165794e-2,7.120835e-2,7.242774e-2,7.188055e-2,6.201607e-2,5.507632e-2,5.393306e-2,5.411052e-2,5.435301e-2,5.435688e-2,5.409664e-2,5.304450e-2,8.815114e-2,8.482048e-2,8.623047e-2,8.768433e-2,8.721600e-2,8.832565e-2,8.782810e-2,8.777630e-2,8.396331e-2,7.054194e-2,6.610890e-2,6.493440e-2,6.642945e-2,6.415601e-2,6.563238e-2,6.591314e-2]},{"variance_ratio":0.950,"d_res":8,"d_eff":57,"mean_mse":6.014398e-2,"min_mse":4.306062e-2,"max_mse":8.211316e-2,"inflation_over_baseline":0.600348,"per_block_mses":[7.220288e-2,6.203652e-2,6.285012e-2,6.394723e-2,6.241435e-2,6.253019e-2,6.127950e-2,6.102302e-2,5.737069e-2,4.650279e-2,4.603161e-2,4.515973e-2,4.356650e-2,4.455705e-2,4.316762e-2,4.306062e-2,8.211316e-2,7.510798e-2,7.338366e-2,7.117144e-2,7.080597e-2,7.357985e-2,7.011896e-2,6.968874e-2,7.361416e-2,6.560297e-2,6.552557e-2,6.413105e-2,6.287464e-2,6.307951e-2,6.476883e-2,6.455445e-2,6.997291e-2,6.152716e-2,6.152522e-2,5.939065e-2,5.846928e-2,5.811499e-2,5.888272e-2,5.849643e-2,5.053700e-2,4.496425e-2,4.412150e-2,4.422940e-2,4.452818e-2,4.450325e-2,4.429224e-2,4.342512e-2,7.152337e-2,6.924868e-2,7.040336e-2,7.159583e-2,7.113527e-2,7.220302e-2,7.168558e-2,7.177901e-2,6.854054e-2,5.724315e-2,5.360999e-2,5.278756e-2,5.385294e-2,5.213140e-2,5.318884e-2,5.348437e-2]},{"variance_ratio":0.900,"d_res":0,"d_eff":40,"mean_mse":2.004617e-1,"min_mse":1.416214e-1,"max_mse":2.929619e-1,"inflation_over_baseline":2.000980,"per_block_mses":[2.395312e-1,2.052691e-1,2.089786e-1,2.033333e-1,2.009206e-1,2.089689e-1,2.072084e-1,2.050503e-1,1.913157e-1,1.536686e-1,1.509417e-1,1.492149e-1,1.434747e-1,1.463656e-1,1.416214e-1,1.420137e-1,2.929619e-1,2.727602e-1,2.630808e-1,2.675114e-1,2.509864e-1,2.631826e-1,2.486115e-1,2.589791e-1,2.411472e-1,2.110035e-1,2.102268e-1,2.176328e-1,2.144156e-1,2.144426e-1,2.120196e-1,2.107494e-1,2.298963e-1,2.002249e-1,1.938549e-1,1.981479e-1,1.942536e-1,1.947168e-1,1.908500e-1,1.905684e-1,1.677359e-1,1.472981e-1,1.473184e-1,1.481903e-1,1.464598e-1,1.474900e-1,1.456429e-1,1.440196e-1,2.306506e-1,2.230043e-1,2.266498e-1,2.319860e-1,2.314515e-1,2.342401e-1,2.329475e-1,2.329782e-1,2.164705e-1,1.894059e-1,1.790235e-1,1.761582e-1,1.734622e-1,1.739924e-1,1.714581e-1,1.714160e-1]},{"variance_ratio":0.900,"d_res":2,"d_eff":40,"mean_mse":1.691292e-1,"min_mse":1.209687e-1,"max_mse":2.435266e-1,"inflation_over_baseline":1.688223,"per_block_mses":[2.026444e-1,1.745407e-1,1.773260e-1,1.722129e-1,1.693321e-1,1.763966e-1,1.752749e-1,1.731349e-1,1.647016e-1,1.308349e-1,1.287564e-1,1.274228e-1,1.226475e-1,1.249881e-1,1.209687e-1,1.215189e-1,2.435266e-1,2.267214e-1,2.181845e-1,2.216038e-1,2.087272e-1,2.179023e-1,2.066792e-1,2.135654e-1,2.045465e-1,1.774326e-1,1.772733e-1,1.824555e-1,1.798051e-1,1.804930e-1,1.774885e-1,1.771120e-1,1.927322e-1,1.667879e-1,1.617843e-1,1.652355e-1,1.627335e-1,1.626430e-1,1.611950e-1,1.600295e-1,1.424589e-1,1.245367e-1,1.245273e-1,1.252727e-1,1.236360e-1,1.240058e-1,1.224890e-1,1.212038e-1,1.974885e-1,1.907171e-1,1.944866e-1,1.992956e-1,1.988157e-1,2.008275e-1,2.002314e-1,1.998601e-1,1.828534e-1,1.599047e-1,1.514059e-1,1.485436e-1,1.463156e-1,1.466465e-1,1.448079e-1,1.445815e-1]},{"variance_ratio":0.900,"d_res":4,"d_eff":40,"mean_mse":1.497497e-1,"min_mse":1.071218e-1,"max_mse":2.132417e-1,"inflation_over_baseline":1.494779,"per_block_mses":[1.800558e-1,1.551176e-1,1.574461e-1,1.525073e-1,1.497356e-1,1.558587e-1,1.552932e-1,1.533311e-1,1.475123e-1,1.163757e-1,1.145720e-1,1.136603e-1,1.091752e-1,1.114389e-1,1.079091e-1,1.082337e-1,2.132417e-1,1.990077e-1,1.916988e-1,1.941734e-1,1.830878e-1,1.907640e-1,1.812566e-1,1.868994e-1,1.817392e-1,1.573595e-1,1.569681e-1,1.614558e-1,1.589503e-1,1.599127e-1,1.571532e-1,1.567756e-1,1.704758e-1,1.471415e-1,1.424707e-1,1.457580e-1,1.437253e-1,1.437026e-1,1.427618e-1,1.414602e-1,1.266754e-1,1.105183e-1,1.104438e-1,1.109952e-1,1.095059e-1,1.097568e-1,1.084159e-1,1.071218e-1,1.762364e-1,1.697430e-1,1.733251e-1,1.776575e-1,1.771366e-1,1.789949e-1,1.785488e-1,1.781153e-1,1.624583e-1,1.415202e-1,1.341848e-1,1.312778e-1,1.295221e-1,1.298031e-1,1.280214e-1,1.278366e-1]},{"variance_ratio":0.900,"d_res":8,"d_eff":40,"mean_mse":1.221998e-1,"min_mse":8.750046e-2,"max_mse":1.710573e-1,"inflation_over_baseline":1.219781,"per_block_mses":[1.479963e-1,1.275447e-1,1.290477e-1,1.248968e-1,1.220641e-1,1.273040e-1,1.267693e-1,1.253171e-1,1.221473e-1,9.556074e-2,9.388604e-2,9.355811e-2,8.961039e-2,9.180739e-2,8.883486e-2,8.913841e-2,1.710573e-1,1.603852e-1,1.548144e-1,1.566307e-1,1.474204e-1,1.534402e-1,1.459489e-1,1.498275e-1,1.486155e-1,1.286606e-1,1.280534e-1,1.315719e-1,1.295201e-1,1.305585e-1,1.282033e-1,1.280193e-1,1.388455e-1,1.196310e-1,1.158285e-1,1.187158e-1,1.169092e-1,1.169197e-1,1.163705e-1,1.151847e-1,1.042155e-1,9.043671e-2,9.055899e-2,9.085099e-2,8.981229e-2,8.984682e-2,8.872892e-2,8.750046e-2,1.449825e-1,1.394599e-1,1.424502e-1,1.458911e-1,1.453519e-1,1.469622e-1,1.465624e-1,1.460694e-1,1.331932e-1,1.153058e-1,1.095001e-1,1.067444e-1,1.056259e-1,1.057431e-1,1.044195e-1,1.039601e-1]},{"variance_ratio":0.850,"d_res":0,"d_eff":31,"mean_mse":2.997525e-1,"min_mse":2.097534e-1,"max_mse":4.382258e-1,"inflation_over_baseline":2.992086,