{"n_vecs":32768,"dim":128,"n_blocks":64,"block_size":512,"baseline_mse":1.062403e-1,"cells":[{"variance_ratio":0.950,"d_res":0,"d_eff":48,"mean_mse":1.062403e-1,"min_mse":6.905480e-2,"max_mse":2.011721e-1,"inflation_over_baseline":1.000000,"per_block_mses":[1.175681e-1,1.034443e-1,1.059735e-1,1.051780e-1,1.055096e-1,1.079137e-1,1.072072e-1,1.038997e-1,8.133384e-2,6.905480e-2,7.000776e-2,7.110260e-2,6.980803e-2,7.124827e-2,7.043244e-2,7.168068e-2,1.118209e-1,8.038888e-2,7.527954e-2,7.488813e-2,7.449582e-2,7.478484e-2,7.178753e-2,7.192186e-2,1.126017e-1,1.009547e-1,9.920546e-2,9.922843e-2,9.930080e-2,9.990824e-2,9.981798e-2,1.005453e-1,1.718093e-1,1.760798e-1,1.768300e-1,1.992575e-1,2.005407e-1,1.991305e-1,1.774860e-1,2.011721e-1,1.165258e-1,9.188239e-2,9.123703e-2,9.300062e-2,9.174338e-2,9.293844e-2,9.267243e-2,9.382876e-2,1.123924e-1,9.441585e-2,9.355446e-2,9.388742e-2,9.351413e-2,9.351652e-2,9.315862e-2,9.465030e-2,1.275531e-1,1.102583e-1,1.097452e-1,1.060035e-1,1.099963e-1,1.069520e-1,1.067044e-1,1.086501e-1]},{"variance_ratio":0.950,"d_res":2,"d_eff":48,"mean_mse":8.709666e-2,"min_mse":5.818262e-2,"max_mse":1.536145e-1,"inflation_over_baseline":0.819808,"per_block_mses":[9.444878e-2,8.554786e-2,8.831692e-2,8.690111e-2,8.783012e-2,8.939059e-2,8.882078e-2,8.575146e-2,6.836023e-2,5.820964e-2,5.865065e-2,5.920758e-2,5.818262e-2,5.915098e-2,5.862535e-2,5.953412e-2,9.530561e-2,6.780670e-2,6.331137e-2,6.286849e-2,6.259065e-2,6.243933e-2,6.011193e-2,6.053180e-2,9.376082e-2,8.389701e-2,8.232351e-2,8.227048e-2,8.238571e-2,8.266861e-2,8.239167e-2,8.329142e-2,1.350093e-1,1.367597e-1,1.367293e-1,1.532484e-1,1.535840e-1,1.523513e-1,1.370544e-1,1.536145e-1,9.893956e-2,7.791373e-2,7.724209e-2,7.813377e-2,7.736854e-2,7.792172e-2,7.780784e-2,7.851655e-2,9.209851e-2,7.690175e-2,7.633319e-2,7.682143e-2,7.672482e-2,7.668985e-2,7.640315e-2,7.736959e-2,1.080605e-1,9.283926e-2,9.258429e-2,8.958020e-2,9.285170e-2,9.035080e-2,8.985699e-2,9.164148e-2]},{"variance_ratio":0.950,"d_res":4,"d_eff":48,"mean_mse":7.609016e-2,"min_mse":5.146050e-2,"max_mse":1.285107e-1,"inflation_over_baseline":0.716208,"per_block_mses":[8.184484e-2,7.530755e-2,7.781263e-2,7.626733e-2,7.732015e-2,7.850431e-2,7.818525e-2,7.542164e-2,6.041613e-2,5.158473e-2,5.187793e-2,5.230234e-2,5.146050e-2,5.223543e-2,5.178304e-2,5.260314e-2,8.499058e-2,6.023033e-2,5.619575e-2,5.573984e-2,5.546537e-2,5.531643e-2,5.334439e-2,5.368071e-2,8.222318e-2,7.373990e-2,7.216359e-2,7.222735e-2,7.227118e-2,7.249975e-2,7.218088e-2,7.314643e-2,1.139623e-1,1.150311e-1,1.147305e-1,1.284567e-1,1.285107e-1,1.274158e-1,1.149534e-1,1.282669e-1,8.785247e-2,6.928520e-2,6.859118e-2,6.919867e-2,6.869736e-2,6.896617e-2,6.901943e-2,6.947213e-2,8.060521e-2,6.756688e-2,6.693014e-2,6.749075e-2,6.754059e-2,6.739288e-2,6.724678e-2,6.810491e-2,9.584859e-2,8.250866e-2,8.221757e-2,7.961421e-2,8.248394e-2,8.026443e-2,7.976790e-2,8.143388e-2]},{"variance_ratio":0.950,"d_res":8,"d_eff":48,"mean_mse":6.091684e-2,"min_mse":4.171727e-2,"max_mse":9.692349e-2,"inflation_over_baseline":0.573387,"per_block_mses":[6.503141e-2,6.102137e-2,6.304437e-2,6.131490e-2,6.245268e-2,6.325944e-2,6.312493e-2,6.078161e-2,4.897795e-2,4.197520e-2,4.216331e-2,4.246761e-2,4.171727e-2,4.244826e-2,4.197210e-2,4.262622e-2,6.979765e-2,4.937682e-2,4.603860e-2,4.560912e-2,4.534779e-2,4.517668e-2,4.356041e-2,4.385766e-2,6.594008e-2,5.930969e-2,5.799663e-2,5.811811e-2,5.795061e-2,5.822921e-2,5.784046e-2,5.880633e-2,8.677586e-2,8.708203e-2,8.659633e-2,9.692349e-2,9.679045e-2,9.610067e-2,8.700282e-2,9.611477e-2,7.171003e-2,5.691818e-2,5.610451e-2,5.656064e-2,5.628536e-2,5.622981e-2,5.640789e-2,5.668247e-2,6.482547e-2,5.475133e-2,5.404324e-2,5.478801e-2,5.475944e-2,5.464421e-2,5.446456e-2,5.522586e-2,7.842850e-2,6.745695e-2,6.732552e-2,6.521303e-2,6.755735e-2,6.574540e-2,6.517501e-2,6.665378e-2]},{"variance_ratio":0.900,"d_res":0,"d_eff":34,"mean_mse":2.129283e-1,"min_mse":1.387281e-1,"max_mse":3.937740e-1,"inflation_over_baseline":2.004214,"per_block_mses":[2.289128e-1,2.147622e-1,2.078316e-1,2.101394e-1,2.106275e-1,2.155084e-1,2.151906e-1,2.092281e-1,1.626845e-1,1.413565e-1,1.387281e-1,1.403055e-1,1.387356e-1,1.405377e-1,1.396226e-1,1.415397e-1,2.230487e-1,1.618950e-1,1.524580e-1,1.526245e-1,1.515023e-1,1.466100e-1,1.471988e-1,1.469792e-1,2.246790e-1,1.998390e-1,2.071607e-1,1.980686e-1,1.982545e-1,1.994056e-1,2.000284e-1,2.012856e-1,3.332445e-1,3.852396e-1,3.889597e-1,3.861470e-1,3.871992e-1,3.890088e-1,3.931361e-1,3.937740e-1,2.316051e-1,1.879047e-1,1.888602e-1,1.844562e-1,1.830689e-1,1.847812e-1,1.847734e-1,1.863022e-1,2.256321e-1,1.836531e-1,1.852314e-1,1.832760e-1,1.825011e-1,1.835553e-1,1.833489e-1,1.862510e-1,2.483463e-1,2.205172e-1,2.142063e-1,2.153636e-1,2.143513e-1,2.171909e-1,2.168136e-1,2.119614e-1]},{"variance_ratio":0.900,"d_res":2,"d_eff":34,"mean_mse":1.755059e-1,"min_mse":1.176588e-1,"max_mse":3.072574e-1,"inflation_over_baseline":1.651971,"per_block_mses":[1.886100e-1,1.764251e-1,1.693503e-1,1.705326e-1,1.707290e-1,1.747074e-1,1.744791e-1,1.711725e-1,1.373295e-1,1.188881e-1,1.176588e-1,1.186429e-1,1.180255e-1,1.188983e-1,1.190243e-1,1.202296e-1,1.884506e-1,1.357387e-1,1.282562e-1,1.277700e-1,1.270177e-1,1.226726e-1,1.234640e-1,1.233324e-1,1.915906e-1,1.698972e-1,1.761031e-1,1.681425e-1,1.680580e-1,1.693130e-1,1.696000e-1,1.710937e-1,2.532400e-1,3.000733e-1,3.031398e-1,3.017182e-1,3.019278e-1,3.037759e-1,3.056050e-1,3.072574e-1,1.955780e-1,1.577952e-1,1.598561e-1,1.555921e-1,1.547243e-1,1.557509e-1,1.564138e-1,1.574911e-1,1.898817e-1,1.541848e-1,1.562312e-1,1.539877e-1,1.540075e-1,1.545247e-1,1.542381e-1,1.564007e-1,2.074602e-1,1.840425e-1,1.774355e-1,1.807685e-1,1.776562e-1,1.812036e-1,1.792088e-1,1.760026e-1]},{"variance_ratio":0.900,"d_res":4,"d_eff":34,"mean_mse":1.533245e-1,"min_mse":1.046279e-1,"max_mse":2.588137e-1,"inflation_over_baseline":1.443186,"per_block_mses":[1.643699e-1,1.535118e-1,1.470328e-1,1.476819e-1,1.477180e-1,1.514313e-1,1.511143e-1,1.485800e-1,1.219328e-1,1.054429e-1,1.046279e-1,1.054645e-1,1.052135e-1,1.056657e-1,1.059887e-1,1.070191e-1,1.672238e-1,1.200427e-1,1.135727e-1,1.130424e-1,1.124283e-1,1.086751e-1,1.092761e-1,1.092657e-1,1.700806e-1,1.505157e-1,1.557430e-1,1.486023e-1,1.486207e-1,1.499934e-1,1.500367e-1,1.514345e-1,2.108105e-1,2.516969e-1,2.547746e-1,2.534822e-1,2.537506e-1,2.553846e-1,2.565682e-1,2.588137e-1,1.735406e-1,1.395211e-1,1.422573e-1,1.380143e-1,1.375419e-1,1.381826e-1,1.391547e-1,1.398199e-1,1.668349e-1,1.361875e-1,1.383980e-1,1.361369e-1,1.364863e-1,1.367645e-1,1.363661e-1,1.383421e-1,1.831983e-1,1.627755e-1,1.564325e-1,1.601203e-1,1.566806e-1,1.600678e-1,1.578688e-1,1.554442e-1]},{"variance_ratio":0.900,"d_res":8,"d_eff":34,"mean_mse":1.226206e-1,"min_mse":8.586454e-2,"max_mse":1.948340e-1,"inflation_over_baseline":1.154182,"per_block_mses":[1.312106e-1,1.221367e-1,1.168480e-1,1.176666e-1,1.176042e-1,1.204380e-1,1.197931e-1,1.180801e-1,9.960553e-2,8.609313e-2,8.586454e-2,8.653709e-2,8.657051e-2,8.656195e-2,8.705508e-2,8.788572e-2,1.370655e-1,9.797206e-2,9.266849e-2,9.223187e-2,9.182346e-2,8.889561e-2,8.918147e-2,8.940706e-2,1.383485e-1,1.224267e-1,1.263814e-1,1.206665e-1,1.207146e-1,1.219737e-1,1.217290e-1,1.229521e-1,1.569905e-1,1.882666e-1,1.913000e-1,1.900330e-1,1.907241e-1,1.921386e-1,1.928558e-1,1.948340e-1,1.419579e-1,1.140178e-1,1.167924e-1,1.132163e-1,1.128310e-1,1.132816e-1,1.142962e-1,1.145104e-1,1.340353e-1,1.102218e-1,1.124256e-1,1.104160e-1,1.111589e-1,1.111213e-1,1.108654e-1,1.128449e-1,1.489974e-1,1.326897e-1,1.271448e-1,1.307200e-1,1.275971e-1,1.303239e-1,1.282004e-1,1.265227e-1]},{"variance_ratio":0.850,"d_res":0,"d_eff":25,"mean_mse":3.176887e-1,"min_mse":2.060769e-1,"max_mse":6.032090e-1,"inflation_over_baseline":2.990284,