{"n_vecs":32768,"dim":128,"n_blocks":64,"block_size":512,"baseline_mse":2.603843e-1,"cells":[{"variance_ratio":0.950,"d_res":0,"d_eff":38,"mean_mse":2.603843e-1,"min_mse":1.019005e-1,"max_mse":3.967710e-1,"inflation_over_baseline":1.000000,"per_block_mses":[1.442924e-1,1.338497e-1,1.340813e-1,1.351869e-1,1.342294e-1,1.350215e-1,1.341033e-1,1.356655e-1,1.101884e-1,1.032626e-1,1.019005e-1,1.038462e-1,1.019368e-1,1.035581e-1,1.025303e-1,1.041760e-1,3.550074e-1,3.058980e-1,3.045010e-1,3.051366e-1,3.047987e-1,3.067555e-1,3.057906e-1,3.085894e-1,3.898000e-1,3.722238e-1,3.814988e-1,3.824396e-1,3.884189e-1,3.914513e-1,3.950801e-1,3.967710e-1,1.204849e-1,1.178811e-1,1.164630e-1,1.175968e-1,1.111782e-1,1.121516e-1,1.157739e-1,1.117794e-1,3.537592e-1,3.365389e-1,3.259728e-1,3.294808e-1,3.328069e-1,3.374380e-1,3.401507e-1,3.455244e-1,3.446974e-1,3.362891e-1,3.494095e-1,3.505394e-1,3.567133e-1,3.331724e-1,3.380327e-1,3.412939e-1,3.643525e-1,3.486105e-1,3.381325e-1,3.385916e-1,3.419339e-1,3.461660e-1,3.468399e-1,3.528486e-1]},{"variance_ratio":0.950,"d_res":2,"d_eff":38,"mean_mse":2.154613e-1,"min_mse":8.502067e-2,"max_mse":3.201308e-1,"inflation_over_baseline":0.827474,"per_block_mses":[1.225219e-1,1.139239e-1,1.134805e-1,1.147038e-1,1.138591e-1,1.147289e-1,1.138936e-1,1.148651e-1,9.130904e-2,8.604107e-2,8.511018e-2,8.706113e-2,8.502067e-2,8.684416e-2,8.570508e-2,8.715611e-2,2.958965e-1,2.582567e-1,2.570214e-1,2.575296e-1,2.576474e-1,2.580930e-1,2.581496e-1,2.599864e-1,3.152288e-1,3.018080e-1,3.107262e-1,3.095814e-1,3.150180e-1,3.172283e-1,3.195422e-1,3.201308e-1,1.017564e-1,9.812942e-2,9.688156e-2,9.786440e-2,9.234204e-2,9.321344e-2,9.645005e-2,9.287940e-2,2.892329e-1,2.785287e-1,2.701421e-1,2.713245e-1,2.755506e-1,2.791652e-1,2.813583e-1,2.851889e-1,2.822759e-1,2.797984e-1,2.904254e-1,2.910496e-1,2.954097e-1,2.764024e-1,2.796073e-1,2.837438e-1,3.001469e-1,2.867114e-1,2.780327e-1,2.763649e-1,2.838979e-1,2.822032e-1,2.880970e-1,2.872802e-1]},{"variance_ratio":0.950,"d_res":4,"d_eff":38,"mean_mse":1.879108e-1,"min_mse":7.489652e-2,"max_mse":2.756593e-1,"inflation_over_baseline":0.721667,"per_block_mses":[1.082834e-1,1.007483e-1,1.002084e-1,1.013676e-1,1.005632e-1,1.012711e-1,1.007483e-1,1.012301e-1,8.013779e-2,7.557305e-2,7.489652e-2,7.671972e-2,7.492323e-2,7.655736e-2,7.558984e-2,7.668028e-2,2.593459e-1,2.271364e-1,2.258536e-1,2.265907e-1,2.270112e-1,2.268252e-1,2.271114e-1,2.287000e-1,2.699785e-1,2.598326e-1,2.675607e-1,2.662698e-1,2.711161e-1,2.733376e-1,2.751211e-1,2.756593e-1,8.994322e-2,8.640219e-2,8.552677e-2,8.643323e-2,8.135531e-2,8.210931e-2,8.511995e-2,8.193673e-2,2.495926e-1,2.421679e-1,2.350706e-1,2.359547e-1,2.402607e-1,2.429980e-1,2.448530e-1,2.484997e-1,2.436186e-1,2.439246e-1,2.533832e-1,2.533763e-1,2.570957e-1,2.410803e-1,2.429845e-1,2.471725e-1,2.606546e-1,2.500644e-1,2.427950e-1,2.410571e-1,2.490417e-1,2.462942e-1,2.522365e-1,2.503409e-1]},{"variance_ratio":0.950,"d_res":8,"d_eff":38,"mean_mse":1.493239e-1,"min_mse":6.023932e-2,"max_mse":2.158536e-1,"inflation_over_baseline":0.573475,"per_block_mses":[8.730102e-2,8.139292e-2,8.084643e-2,8.199894e-2,8.126022e-2,8.175971e-2,8.153419e-2,8.160664e-2,6.422633e-2,6.073577e-2,6.023932e-2,6.176375e-2,6.043353e-2,6.166657e-2,6.091348e-2,6.166230e-2,2.081720e-1,1.827320e-1,1.814282e-1,1.821094e-1,1.826044e-1,1.821624e-1,1.826549e-1,1.836631e-1,2.089852e-1,2.032007e-1,2.099192e-1,2.094363e-1,2.122396e-1,2.146665e-1,2.152352e-1,2.158536e-1,7.258779e-2,6.961782e-2,6.899228e-2,6.971128e-2,6.548315e-2,6.617713e-2,6.876516e-2,6.609927e-2,1.942611e-1,1.911107e-1,1.855990e-1,1.862912e-1,1.901204e-1,1.918461e-1,1.935920e-1,1.967535e-1,1.906023e-1,1.938121e-1,2.017607e-1,2.012644e-1,2.043281e-1,1.913749e-1,1.924638e-1,1.959290e-1,2.050639e-1,1.986282e-1,1.926012e-1,1.918668e-1,1.989772e-1,1.961155e-1,2.010554e-1,1.994728e-1]},{"variance_ratio":0.900,"d_res":0,"d_eff":26,"mean_mse":5.174666e-1,"min_mse":2.071159e-1,"max_mse":8.263208e-1,"inflation_over_baseline":1.987319,"per_block_mses":[2.867975e-1,2.653982e-1,2.655796e-1,2.677675e-1,2.668667e-1,2.678028e-1,2.674751e-1,2.688814e-1,2.254685e-1,2.089627e-1,2.073445e-1,2.097462e-1,2.071159e-1,2.090369e-1,2.077980e-1,2.110802e-1,7.126216e-1,6.120354e-1,6.201523e-1,6.223059e-1,6.220007e-1,5.943637e-1,6.274777e-1,5.990012e-1,8.263208e-1,7.798814e-1,7.275107e-1,7.378515e-1,7.417694e-1,7.551352e-1,7.578376e-1,7.661543e-1,2.414952e-1,2.318959e-1,2.301872e-1,2.313145e-1,2.304526e-1,2.313576e-1,2.294933e-1,2.306949e-1,7.025026e-1,6.756787e-1,6.470287e-1,6.545462e-1,6.619911e-1,6.706773e-1,6.769302e-1,6.825191e-1,6.710121e-1,6.458255e-1,6.541790e-1,6.707876e-1,6.670734e-1,6.836560e-1,6.851562e-1,6.985866e-1,7.158032e-1,6.907217e-1,7.044826e-1,7.137050e-1,7.166956e-1,6.701424e-1,6.748476e-1,6.808846e-1]},{"variance_ratio":0.900,"d_res":2,"d_eff":26,"mean_mse":4.206660e-1,"min_mse":1.733004e-1,"max_mse":6.389424e-1,"inflation_over_baseline":1.615558,"per_block_mses":[2.436834e-1,2.236462e-1,2.243624e-1,2.254102e-1,2.249067e-1,2.256933e-1,2.250586e-1,2.261265e-1,1.897718e-1,1.745083e-1,1.733004e-1,1.764938e-1,1.737026e-1,1.755807e-1,1.742168e-1,1.775787e-1,5.973288e-1,5.101958e-1,5.167082e-1,5.193033e-1,5.178678e-1,4.945238e-1,5.218258e-1,4.996657e-1,6.389424e-1,6.146629e-1,5.799988e-1,5.856635e-1,5.886701e-1,6.012934e-1,6.010369e-1,6.051120e-1,2.053699e-1,1.952249e-1,1.931419e-1,1.947683e-1,1.933354e-1,1.948177e-1,1.926670e-1,1.939554e-1,5.471534e-1,5.414428e-1,5.213817e-1,5.289076e-1,5.347329e-1,5.417383e-1,5.467484e-1,5.533233e-1,5.252335e-1,5.204038e-1,5.270438e-1,5.394239e-1,5.382861e-1,5.498104e-1,5.511447e-1,5.613523e-1,5.697153e-1,5.589367e-1,5.715322e-1,5.765663e-1,5.835604e-1,5.426010e-1,5.495194e-1,5.519433e-1]},{"variance_ratio":0.900,"d_res":4,"d_eff":26,"mean_mse":3.625937e-1,"min_mse":1.527509e-1,"max_mse":5.324943e-1,"inflation_over_baseline":1.392533,"per_block_mses":[2.156631e-1,1.980018e-1,1.987841e-1,1.995148e-1,1.990809e-1,2.000442e-1,1.991673e-1,2.002210e-1,1.674354e-1,1.537458e-1,1.527509e-1,1.558263e-1,1.533411e-1,1.549674e-1,1.535607e-1,1.568064e-1,5.215963e-1,4.465798e-1,4.516329e-1,4.553615e-1,4.539554e-1,4.325989e-1,4.567088e-1,4.380509e-1,5.324943e-1,5.181582e-1,4.907829e-1,4.945251e-1,4.995726e-1,5.093394e-1,5.093968e-1,5.116670e-1,1.820129e-1,1.724632e-1,1.705648e-1,1.722201e-1,1.706193e-1,1.724143e-1,1.699071e-1,1.712470e-1,4.594858e-1,4.627323e-1,4.477076e-1,4.534112e-1,4.588899e-1,4.652674e-1,4.693989e-1,4.756459e-1,4.422733e-1,4.431865e-1,4.498221e-1,4.608655e-1,4.594845e-1,4.691346e-1,4.700943e-1,4.794683e-1,4.847786e-1,4.791988e-1,4.923516e-1,4.955350e-1,5.019249e-1,4.690450e-1,4.765625e-1,4.769500e-1]},{"variance_ratio":0.900,"d_res":8,"d_eff":26,"mean_mse":2.836463e-1,"min_mse":1.233622e-1,"max_mse":4.153568e-1,"inflation_over_baseline":1.089337,"per_block_mses":[1.748382e-1,1.608263e-1,1.617266e-1,1.620263e-1,1.617319e-1,1.625953e-1,1.617913e-1,1.624291e-1,1.352783e-1,1.239689e-1,1.233622e-1,1.263729e-1,1.244026e-1,1.256728e-1,1.241449e-1,1.267463e-1,4.153568e-1,3.575976e-1,3.612204e-1,3.653045e-1,3.654104e-1,3.468791e-1,3.668530e-1,3.521472e-1,3.972561e-1,3.947758e-1,3.740719e-1,3.787377e-1,3.815710e-1,3.895844e-1,3.887275e-1,3.918632e-1,1.480045e-1,1.395836e-1,1.380933e-1,1.394469e-1,1.378733e-1,1.396988e-1,1.374045e-1,1.386412e-1,3.476889e-1,3.571950e-1,3.469803e-1,3.516638e-1,3.546347e-1,3.619912e-1,3.643473e-1,3.706444e-1,3.341274e-1,3.411706e-1,3.459993e-1,3.545837e-1,3.520394e-1,3.603189e-1,3.608828e-1,3.693847e-1,3.715619e-1,3.710093e-1,3.841853e-1,3.847107e-1,3.908775e-1,3.665943e-1,3.738815e-1,3.728717e-1]},{"variance_ratio":0.850,"d_res":0,"d_eff":20,"mean_mse":7.699754e-1,"min_mse":3.003222e-1,"max_mse":1.163899e0,"inflation_over_baseline":2.957073,