{"n_vecs":32768,"dim":128,"n_blocks":64,"block_size":512,"baseline_mse":2.803219e-1,"cells":[{"variance_ratio":0.950,"d_res":0,"d_eff":34,"mean_mse":2.803219e-1,"min_mse":1.472952e-1,"max_mse":7.073065e-1,"inflation_over_baseline":1.000000,"per_block_mses":[2.646574e-1,2.323495e-1,2.230647e-1,2.106458e-1,2.062004e-1,2.099213e-1,2.068819e-1,2.093713e-1,6.842514e-1,6.759327e-1,6.797932e-1,6.891229e-1,6.910794e-1,6.979376e-1,7.045694e-1,7.073065e-1,2.541929e-1,2.441416e-1,2.378530e-1,2.301268e-1,2.357726e-1,2.282756e-1,2.236413e-1,2.397589e-1,1.575234e-1,1.472952e-1,1.480956e-1,1.534404e-1,1.501951e-1,1.576226e-1,1.564725e-1,1.574368e-1,1.838196e-1,1.783561e-1,1.826071e-1,1.842870e-1,1.799903e-1,1.892086e-1,1.867587e-1,1.879568e-1,2.003681e-1,1.944286e-1,1.961250e-1,1.902369e-1,1.837407e-1,1.897312e-1,1.899948e-1,1.890081e-1,3.718152e-1,3.555528e-1,3.618993e-1,3.566241e-1,3.537358e-1,3.473240e-1,3.438443e-1,3.379776e-1,2.452194e-1,2.101547e-1,2.038759e-1,2.066398e-1,2.015300e-1,2.102784e-1,2.062390e-1,2.063469e-1]},{"variance_ratio":0.950,"d_res":2,"d_eff":34,"mean_mse":2.336471e-1,"min_mse":1.244903e-1,"max_mse":5.848848e-1,"inflation_over_baseline":0.833496,"per_block_mses":[2.237561e-1,1.949675e-1,1.869915e-1,1.763087e-1,1.709912e-1,1.756055e-1,1.724576e-1,1.748600e-1,5.536810e-1,5.546498e-1,5.592625e-1,5.692330e-1,5.725957e-1,5.787404e-1,5.848848e-1,5.821428e-1,2.137284e-1,2.049755e-1,1.991418e-1,1.927070e-1,1.970503e-1,1.909556e-1,1.868729e-1,1.993299e-1,1.341366e-1,1.244903e-1,1.246146e-1,1.303316e-1,1.273228e-1,1.336980e-1,1.327289e-1,1.336410e-1,1.566104e-1,1.512636e-1,1.559540e-1,1.568021e-1,1.538892e-1,1.610802e-1,1.597606e-1,1.597969e-1,1.701666e-1,1.643493e-1,1.650958e-1,1.610870e-1,1.553223e-1,1.608083e-1,1.603291e-1,1.598709e-1,3.074328e-1,2.944529e-1,2.987165e-1,2.943876e-1,2.918366e-1,2.862926e-1,2.822690e-1,2.772497e-1,2.070672e-1,1.741020e-1,1.695456e-1,1.717613e-1,1.684922e-1,1.758952e-1,1.717759e-1,1.730974e-1]},{"variance_ratio":0.950,"d_res":4,"d_eff":34,"mean_mse":2.049224e-1,"min_mse":1.101301e-1,"max_mse":5.070521e-1,"inflation_over_baseline":0.731025,"per_block_mses":[1.984799e-1,1.716459e-1,1.646389e-1,1.550453e-1,1.498755e-1,1.547040e-1,1.516774e-1,1.539844e-1,4.757592e-1,4.782600e-1,4.842200e-1,4.940590e-1,4.972909e-1,5.023200e-1,5.070521e-1,5.013802e-1,1.895357e-1,1.805328e-1,1.750726e-1,1.695840e-1,1.736391e-1,1.681961e-1,1.643918e-1,1.752783e-1,1.192004e-1,1.101825e-1,1.101301e-1,1.150765e-1,1.127497e-1,1.184414e-1,1.176316e-1,1.184368e-1,1.394916e-1,1.339647e-1,1.387018e-1,1.396123e-1,1.372426e-1,1.433929e-1,1.426476e-1,1.420941e-1,1.518283e-1,1.457656e-1,1.462776e-1,1.428307e-1,1.376794e-1,1.428173e-1,1.421937e-1,1.419637e-1,2.702784e-1,2.584257e-1,2.608629e-1,2.579661e-1,2.555449e-1,2.514291e-1,2.472591e-1,2.429215e-1,1.835599e-1,1.527310e-1,1.489269e-1,1.511628e-1,1.483905e-1,1.548562e-1,1.510803e-1,1.526632e-1]},{"variance_ratio":0.950,"d_res":8,"d_eff":34,"mean_mse":1.643630e-1,"min_mse":8.960068e-2,"max_mse":3.949561e-1,"inflation_over_baseline":0.586337,"per_block_mses":[1.620573e-1,1.391126e-1,1.334135e-1,1.254508e-1,1.210235e-1,1.255391e-1,1.231104e-1,1.248367e-1,3.698681e-1,3.709112e-1,3.772933e-1,3.847451e-1,3.885651e-1,3.934426e-1,3.949561e-1,3.869904e-1,1.546458e-1,1.463762e-1,1.415254e-1,1.375622e-1,1.406205e-1,1.363506e-1,1.328883e-1,1.420602e-1,9.758388e-2,8.979645e-2,8.960068e-2,9.337085e-2,9.192267e-2,9.651329e-2,9.603118e-2,9.648385e-2,1.146842e-1,1.091854e-1,1.135674e-1,1.146129e-1,1.130028e-1,1.175807e-1,1.175802e-1,1.163951e-1,1.250139e-1,1.190554e-1,1.194066e-1,1.164713e-1,1.124120e-1,1.166503e-1,1.162751e-1,1.161094e-1,2.178662e-1,2.086872e-1,2.095713e-1,2.083270e-1,2.065020e-1,2.032380e-1,1.994295e-1,1.960015e-1,1.495281e-1,1.229611e-1,1.203380e-1,1.223509e-1,1.200777e-1,1.253829e-1,1.224703e-1,1.238515e-1]},{"variance_ratio":0.900,"d_res":0,"d_eff":21,"mean_mse":5.495764e-1,"min_mse":3.000246e-1,"max_mse":1.434496e0,"inflation_over_baseline":1.960519,"per_block_mses":[5.242718e-1,4.601452e-1,4.478896e-1,4.309877e-1,4.069153e-1,4.092180e-1,4.060849e-1,4.312023e-1,1.112520e0,1.160624e0,1.173701e0,1.416173e0,1.423499e0,1.426760e0,1.418928e0,1.434496e0,5.298127e-1,4.707592e-1,4.682122e-1,4.699572e-1,4.655341e-1,4.703259e-1,4.429815e-1,4.721364e-1,3.196174e-1,3.001063e-1,3.000246e-1,3.001027e-1,3.059864e-1,3.105784e-1,3.063540e-1,3.115480e-1,3.674318e-1,3.613328e-1,3.729642e-1,3.589360e-1,3.725249e-1,3.741872e-1,3.732707e-1,3.734801e-1,3.933770e-1,3.875160e-1,3.927608e-1,3.823753e-1,3.724473e-1,3.873485e-1,3.699075e-1,3.857338e-1,7.228446e-1,7.007526e-1,6.789231e-1,6.708890e-1,6.622026e-1,6.543564e-1,6.492243e-1,6.988862e-1,4.955884e-1,4.199347e-1,4.227224e-1,4.065873e-1,3.958395e-1,4.186600e-1,4.107797e-1,4.116525e-1]},{"variance_ratio":0.900,"d_res":2,"d_eff":21,"mean_mse":4.437190e-1,"min_mse":2.552213e-1,"max_mse":1.098415e0,"inflation_over_baseline":1.582891,"per_block_mses":[4.396008e-1,3.808080e-1,3.696367e-1,3.565548e-1,3.373113e-1,3.410509e-1,3.360944e-1,3.574154e-1,8.888559e-1,9.476597e-1,9.569841e-1,1.075389e0,1.073975e0,1.080098e0,1.085329e0,1.098415e0,4.384299e-1,3.849154e-1,3.842632e-1,3.851883e-1,3.821776e-1,3.850349e-1,3.634040e-1,3.833982e-1,2.718863e-1,2.552708e-1,2.555488e-1,2.552213e-1,2.605972e-1,2.637381e-1,2.611759e-1,2.659133e-1,3.065257e-1,2.988858e-1,3.092349e-1,2.970528e-1,3.086800e-1,3.091421e-1,3.087629e-1,3.074163e-1,3.340241e-1,3.253407e-1,3.282839e-1,3.198331e-1,3.103783e-1,3.235284e-1,3.079391e-1,3.211961e-1,5.840610e-1,5.479228e-1,5.277043e-1,5.208781e-1,5.148039e-1,5.068968e-1,4.997902e-1,5.336123e-1,4.182564e-1,3.503377e-1,3.537572e-1,3.387355e-1,3.308594e-1,3.488769e-1,3.419755e-1,3.419846e-1]},{"variance_ratio":0.900,"d_res":4,"d_eff":21,"mean_mse":3.858255e-1,"min_mse":2.260584e-1,"max_mse":9.502790e-1,"inflation_over_baseline":1.376366,"per_block_mses":[3.873635e-1,3.329758e-1,3.224907e-1,3.125747e-1,2.963654e-1,2.991140e-1,2.939526e-1,3.124470e-1,7.596748e-1,8.200582e-1,8.285939e-1,9.263381e-1,9.264193e-1,9.326310e-1,9.384430e-1,9.502790e-1,3.852320e-1,3.337764e-1,3.356104e-1,3.345424e-1,3.318996e-1,3.344270e-1,3.151645e-1,3.318362e-1,2.416431e-1,2.263103e-1,2.263338e-1,2.260584e-1,2.312471e-1,2.335469e-1,2.317496e-1,2.361298e-1,2.707172e-1,2.615324e-1,2.706496e-1,2.599352e-1,2.703885e-1,2.703088e-1,2.701824e-1,2.688187e-1,2.972673e-1,2.863906e-1,2.886413e-1,2.811628e-1,2.725172e-1,2.838852e-1,2.705658e-1,2.813775e-1,5.078748e-1,4.682965e-1,4.481060e-1,4.424423e-1,4.378010e-1,4.314069e-1,4.236989e-1,4.505215e-1,3.705416e-1,3.077352e-1,3.111270e-1,2.974285e-1,2.901472e-1,3.063791e-1,2.995252e-1,3.002298e-1]},{"variance_ratio":0.900,"d_res":8,"d_eff":21,"mean_mse":3.067751e-1,"min_mse":1.841362e-1,"max_mse":7.441898e-1,"inflation_over_baseline":1.094367,"per_block_mses":[3.136249e-1,2.671105e-1,2.586695e-1,2.512941e-1,2.393238e-1,2.408459e-1,2.362901e-1,2.507006e-1,5.858083e-1,6.418042e-1,6.494371e-1,7.237004e-1,7.268919e-1,7.303944e-1,7.349208e-1,7.441898e-1,3.113188e-1,2.653262e-1,2.688373e-1,2.667987e-1,2.648881e-1,2.665568e-1,2.506372e-1,2.629648e-1,1.978062e-1,1.842358e-1,1.843367e-1,1.841362e-1,1.883930e-1,1.899388e-1,1.885562e-1,1.918552e-1,2.202642e-1,2.093992e-1,2.170068e-1,2.088132e-1,2.174093e-1,2.165865e-1,2.168415e-1,2.152774e-1,2.430747e-1,2.311200e-1,2.329656e-1,2.264930e-1,2.194037e-1,2.283732e-1,2.181110e-1,2.261939e-1,4.046562e-1,3.662263e-1,3.485170e-1,3.439100e-1,3.412201e-1,3.364042e-1,3.282535e-1,3.493765e-1,3.020392e-1,2.485074e-1,2.508716e-1,2.403183e-1,2.336861e-1,2.477329e-1,2.409895e-1,2.419735e-1]},{"variance_ratio":0.850,"d_res":0,"d_eff":15,"mean_mse":8.152399e-1,"min_mse":4.368599e-1,"max_mse":2.194022e0,"inflation_over_baseline":2.908227,