{"n_vecs":32768,"dim":128,"n_blocks":64,"block_size":512,"baseline_mse":1.303894e-1,"cells":[{"variance_ratio":0.950,"d_res":0,"d_eff":55,"mean_mse":1.303894e-1,"min_mse":9.492571e-2,"max_mse":2.088215e-1,"inflation_over_baseline":1.000000,"per_block_mses":[1.117009e-1,9.776277e-2,9.492571e-2,9.747512e-2,9.655748e-2,9.591173e-2,9.545178e-2,9.497211e-2,1.404849e-1,1.307053e-1,1.315602e-1,1.324351e-1,1.300119e-1,1.316885e-1,1.343203e-1,1.314765e-1,1.187916e-1,1.047138e-1,1.089363e-1,1.038025e-1,1.086219e-1,1.089273e-1,1.084166e-1,1.090393e-1,1.490141e-1,1.256901e-1,1.240031e-1,1.223903e-1,1.226187e-1,1.214394e-1,1.217946e-1,1.208968e-1,2.088215e-1,1.939902e-1,1.854533e-1,1.833128e-1,1.768996e-1,1.823723e-1,1.763306e-1,1.751259e-1,1.832310e-1,1.675028e-1,1.670505e-1,1.703388e-1,1.684243e-1,1.713536e-1,1.692631e-1,1.735650e-1,1.145713e-1,1.011736e-1,1.036193e-1,1.024473e-1,1.017590e-1,1.013187e-1,1.007619e-1,1.001592e-1,1.394889e-1,1.151082e-1,1.122233e-1,1.161153e-1,1.147011e-1,1.146283e-1,1.137025e-1,1.135718e-1]},{"variance_ratio":0.950,"d_res":2,"d_eff":55,"mean_mse":1.095966e-1,"min_mse":8.100222e-2,"max_mse":1.740806e-1,"inflation_over_baseline":0.840533,"per_block_mses":[9.593331e-2,8.336214e-2,8.123113e-2,8.337108e-2,8.288116e-2,8.197438e-2,8.180465e-2,8.100222e-2,1.184640e-1,1.107391e-1,1.116345e-1,1.120633e-1,1.101230e-1,1.114942e-1,1.136269e-1,1.115949e-1,1.009437e-1,8.838353e-2,9.178914e-2,8.726580e-2,9.173196e-2,9.205749e-2,9.137060e-2,9.158864e-2,1.249001e-1,1.055791e-1,1.038410e-1,1.029586e-1,1.030616e-1,1.018801e-1,1.024704e-1,1.018406e-1,1.740806e-1,1.611198e-1,1.547680e-1,1.518945e-1,1.473249e-1,1.514064e-1,1.462078e-1,1.449698e-1,1.516974e-1,1.374591e-1,1.372092e-1,1.406892e-1,1.383343e-1,1.414365e-1,1.389588e-1,1.433463e-1,9.734405e-2,8.702772e-2,8.886868e-2,8.789209e-2,8.707903e-2,8.699892e-2,8.619505e-2,8.593366e-2,1.184336e-1,9.694193e-2,9.445170e-2,9.825207e-2,9.689242e-2,9.646146e-2,9.575527e-2,9.578704e-2]},{"variance_ratio":0.950,"d_res":4,"d_eff":55,"mean_mse":9.661340e-2,"min_mse":7.204901e-2,"max_mse":1.530871e-1,"inflation_over_baseline":0.740961,"per_block_mses":[8.542033e-2,7.421969e-2,7.229269e-2,7.422916e-2,7.368572e-2,7.300427e-2,7.281070e-2,7.204901e-2,1.050236e-1,9.813913e-2,9.890652e-2,9.928351e-2,9.768082e-2,9.871501e-2,1.007103e-1,9.893119e-2,8.924703e-2,7.777843e-2,8.088557e-2,7.695184e-2,8.083688e-2,8.126229e-2,8.052285e-2,8.057765e-2,1.100519e-1,9.283833e-2,9.133123e-2,9.068510e-2,9.073422e-2,8.967940e-2,9.034542e-2,8.958272e-2,1.530871e-1,1.416042e-1,1.360120e-1,1.330997e-1,1.293809e-1,1.324620e-1,1.283572e-1,1.271279e-1,1.320585e-1,1.189936e-1,1.192935e-1,1.224267e-1,1.202977e-1,1.231116e-1,1.206069e-1,1.247995e-1,8.636154e-2,7.758086e-2,7.914573e-2,7.824047e-2,7.771307e-2,7.754447e-2,7.680545e-2,7.666198e-2,1.050159e-1,8.569413e-2,8.357711e-2,8.693601e-2,8.591175e-2,8.530602e-2,8.488612e-2,8.474575e-2]},{"variance_ratio":0.950,"d_res":8,"d_eff":55,"mean_mse":7.811116e-2,"min_mse":5.876625e-2,"max_mse":1.235842e-1,"inflation_over_baseline":0.599061,"per_block_mses":[6.989388e-2,6.087396e-2,5.903575e-2,6.067369e-2,6.017454e-2,5.967107e-2,5.946279e-2,5.876625e-2,8.568565e-2,7.998248e-2,8.069086e-2,8.098866e-2,7.972624e-2,8.037116e-2,8.222415e-2,8.064671e-2,7.214926e-2,6.274936e-2,6.526177e-2,6.214091e-2,6.528737e-2,6.563335e-2,6.502617e-2,6.488495e-2,8.877963e-2,7.458404e-2,7.349575e-2,7.294978e-2,7.303341e-2,7.217041e-2,7.282052e-2,7.203223e-2,1.235842e-1,1.142748e-1,1.095457e-1,1.070561e-1,1.042626e-1,1.063594e-1,1.034074e-1,1.022893e-1,1.044549e-1,9.346661e-2,9.448814e-2,9.693750e-2,9.514953e-2,9.769759e-2,9.515117e-2,9.894646e-2,7.058494e-2,6.372994e-2,6.489118e-2,6.425802e-2,6.383957e-2,6.369130e-2,6.306288e-2,6.308129e-2,8.595474e-2,6.981068e-2,6.808460e-2,7.080079e-2,7.012499e-2,6.962808e-2,6.945703e-2,6.917623e-2]},{"variance_ratio":0.900,"d_res":0,"d_eff":38,"mean_mse":2.603565e-1,"min_mse":1.887260e-1,"max_mse":4.251582e-1,"inflation_over_baseline":1.996761,"per_block_mses":[2.238277e-1,1.983550e-1,1.942261e-1,1.918678e-1,1.903537e-1,1.898321e-1,1.887260e-1,1.958494e-1,2.865254e-1,2.625191e-1,2.655452e-1,2.666772e-1,2.634542e-1,2.657805e-1,2.627382e-1,2.652361e-1,2.368327e-1,2.167558e-1,2.146471e-1,2.156371e-1,2.143849e-1,2.155992e-1,2.143706e-1,2.160230e-1,3.001648e-1,2.596430e-1,2.473490e-1,2.439717e-1,2.443071e-1,2.420000e-1,2.429437e-1,2.409425e-1,4.251582e-1,3.869998e-1,3.712314e-1,3.678057e-1,3.561145e-1,3.661238e-1,3.553059e-1,3.529643e-1,3.500102e-1,3.471914e-1,3.473593e-1,3.505176e-1,3.210914e-1,3.241698e-1,3.219882e-1,3.268110e-1,2.273323e-1,2.070751e-1,2.024242e-1,2.083660e-1,2.064278e-1,2.058946e-1,2.044848e-1,2.035167e-1,2.809942e-1,2.311382e-1,2.259099e-1,2.250407e-1,2.221827e-1,2.226692e-1,2.205694e-1,2.208631e-1]},{"variance_ratio":0.900,"d_res":2,"d_eff":38,"mean_mse":2.203004e-1,"min_mse":1.613886e-1,"max_mse":3.613373e-1,"inflation_over_baseline":1.689558,"per_block_mses":[1.916339e-1,1.696769e-1,1.664732e-1,1.641572e-1,1.632132e-1,1.624372e-1,1.613886e-1,1.670254e-1,2.424286e-1,2.216102e-1,2.252010e-1,2.263586e-1,2.237067e-1,2.260988e-1,2.232731e-1,2.251395e-1,2.005948e-1,1.831267e-1,1.819972e-1,1.825512e-1,1.816099e-1,1.829754e-1,1.815019e-1,1.834154e-1,2.551495e-1,2.224361e-1,2.115173e-1,2.084755e-1,2.087228e-1,2.062400e-1,2.076455e-1,2.057645e-1,3.613373e-1,3.288793e-1,3.153775e-1,3.116319e-1,3.018026e-1,3.100061e-1,3.014241e-1,2.973284e-1,2.774070e-1,2.837355e-1,2.862964e-1,2.887311e-1,2.640809e-1,2.676282e-1,2.656032e-1,2.705100e-1,1.943690e-1,1.772328e-1,1.730859e-1,1.777955e-1,1.761040e-1,1.757021e-1,1.744636e-1,1.736446e-1,2.388177e-1,1.981445e-1,1.933299e-1,1.929388e-1,1.899291e-1,1.905752e-1,1.884826e-1,1.892878e-1]},{"variance_ratio":0.900,"d_res":4,"d_eff":38,"mean_mse":1.953111e-1,"min_mse":1.438991e-1,"max_mse":3.210425e-1,"inflation_over_baseline":1.497906,"per_block_mses":[1.710636e-1,1.516279e-1,1.486342e-1,1.465596e-1,1.456778e-1,1.449193e-1,1.438991e-1,1.487266e-1,2.154989e-1,1.962400e-1,2.001717e-1,2.009787e-1,1.984982e-1,2.008678e-1,1.984460e-1,1.998482e-1,1.778552e-1,1.622258e-1,1.612430e-1,1.619683e-1,1.611839e-1,1.623428e-1,1.609783e-1,1.623986e-1,2.265060e-1,1.979658e-1,1.878764e-1,1.851610e-1,1.853801e-1,1.830372e-1,1.845786e-1,1.827899e-1,3.210425e-1,2.921531e-1,2.800448e-1,2.764926e-1,2.676373e-1,2.750905e-1,2.675031e-1,2.632851e-1,2.405100e-1,2.475593e-1,2.507284e-1,2.527292e-1,2.305134e-1,2.341086e-1,2.321670e-1,2.365633e-1,1.736851e-1,1.579741e-1,1.541868e-1,1.581937e-1,1.567724e-1,1.564166e-1,1.552463e-1,1.544568e-1,2.125325e-1,1.765987e-1,1.725877e-1,1.720320e-1,1.692879e-1,1.698247e-1,1.682084e-1,1.686316e-1]},{"variance_ratio":0.900,"d_res":8,"d_eff":38,"mean_mse":1.592667e-1,"min_mse":1.184609e-1,"max_mse":2.629352e-1,"inflation_over_baseline":1.221470,"per_block_mses":[1.408206e-1,1.251341e-1,1.224412e-1,1.206971e-1,1.199418e-1,1.193603e-1,1.184609e-1,1.223940e-1,1.767547e-1,1.602998e-1,1.641153e-1,1.646012e-1,1.626199e-1,1.644143e-1,1.626428e-1,1.635214e-1,1.446290e-1,1.318076e-1,1.309478e-1,1.316188e-1,1.312756e-1,1.323039e-1,1.310631e-1,1.319448e-1,1.847326e-1,1.622386e-1,1.536422e-1,1.514151e-1,1.515352e-1,1.496949e-1,1.512419e-1,1.493018e-1,2.629352e-1,2.392667e-1,2.290653e-1,2.258922e-1,2.187457e-1,2.244498e-1,2.182691e-1,2.143822e-1,1.907801e-1,1.969988e-1,2.000187e-1,2.014469e-1,1.832105e-1,1.861975e-1,1.847530e-1,1.880270e-1,1.433648e-1,1.300263e-1,1.268490e-1,1.298692e-1,1.286841e-1,1.285367e-1,1.276827e-1,1.267326e-1,1.741485e-1,1.451465e-1,1.419627e-1,1.414814e-1,1.393044e-1,1.399766e-1,1.387161e-1,1.385391e-1]},{"variance_ratio":0.850,"d_res":0,"d_eff":27,"mean_mse":3.896609e-1,"min_mse":2.890110e-1,"max_mse":6.337327e-1,"inflation_over_baseline":2.988440,