{"n_vecs":32768,"dim":128,"n_blocks":64,"block_size":512,"baseline_mse":3.160296e-1,"cells":[{"variance_ratio":0.950,"d_res":0,"d_eff":55,"mean_mse":3.160296e-1,"min_mse":2.442836e-1,"max_mse":4.760305e-1,"inflation_over_baseline":1.000000,"per_block_mses":[2.711028e-1,2.494592e-1,2.503681e-1,2.545508e-1,2.442836e-1,2.511732e-1,2.597996e-1,2.482754e-1,3.734317e-1,3.363010e-1,3.242154e-1,3.229660e-1,3.180121e-1,3.348435e-1,3.305557e-1,3.326551e-1,3.352780e-1,2.975013e-1,2.882536e-1,2.849426e-1,2.817139e-1,2.813920e-1,2.788118e-1,2.932241e-1,3.489287e-1,2.937173e-1,2.811485e-1,2.782715e-1,2.869692e-1,2.735234e-1,2.834549e-1,2.836195e-1,4.760305e-1,4.159683e-1,3.894602e-1,3.954330e-1,3.975082e-1,3.892470e-1,3.921393e-1,3.852944e-1,4.084605e-1,3.529633e-1,3.478901e-1,3.483800e-1,3.468023e-1,3.482653e-1,3.457052e-1,3.471314e-1,3.435066e-1,3.299806e-1,3.228899e-1,3.256845e-1,3.217862e-1,3.247186e-1,3.211225e-1,3.235599e-1,3.183252e-1,2.639487e-1,2.566243e-1,2.659803e-1,2.641009e-1,2.628305e-1,2.612168e-1,2.601939e-1]},{"variance_ratio":0.950,"d_res":2,"d_eff":55,"mean_mse":2.612322e-1,"min_mse":2.020193e-1,"max_mse":3.895174e-1,"inflation_over_baseline":0.826607,"per_block_mses":[2.236963e-1,2.064547e-1,2.064743e-1,2.096519e-1,2.020193e-1,2.080734e-1,2.122025e-1,2.063818e-1,3.053880e-1,2.751144e-1,2.660486e-1,2.647277e-1,2.616567e-1,2.732367e-1,2.708311e-1,2.727482e-1,2.716520e-1,2.423209e-1,2.351977e-1,2.324829e-1,2.299994e-1,2.297063e-1,2.278582e-1,2.415627e-1,2.852872e-1,2.389350e-1,2.286206e-1,2.260585e-1,2.342528e-1,2.224051e-1,2.309927e-1,2.300726e-1,3.895174e-1,3.383813e-1,3.185095e-1,3.228485e-1,3.248840e-1,3.190088e-1,3.205933e-1,3.144276e-1,3.440741e-1,2.956535e-1,2.942263e-1,2.933260e-1,2.934956e-1,2.938008e-1,2.926718e-1,2.933306e-1,2.888327e-1,2.822226e-1,2.739870e-1,2.775608e-1,2.730785e-1,2.759390e-1,2.724001e-1,2.751284e-1,2.641509e-1,2.177393e-1,2.114490e-1,2.192093e-1,2.182793e-1,2.173986e-1,2.160680e-1,2.145571e-1]},{"variance_ratio":0.950,"d_res":4,"d_eff":55,"mean_mse":2.278659e-1,"min_mse":1.748082e-1,"max_mse":3.383522e-1,"inflation_over_baseline":0.721027,"per_block_mses":[1.940191e-1,1.786554e-1,1.787961e-1,1.810903e-1,1.748082e-1,1.805034e-1,1.825620e-1,1.789229e-1,2.669081e-1,2.395139e-1,2.318564e-1,2.304717e-1,2.280736e-1,2.372927e-1,2.356072e-1,2.372526e-1,2.346380e-1,2.095368e-1,2.036114e-1,2.013088e-1,1.994147e-1,1.992382e-1,1.975037e-1,2.103711e-1,2.481366e-1,2.074349e-1,1.981331e-1,1.957872e-1,2.031871e-1,1.927092e-1,2.005851e-1,1.990255e-1,3.383522e-1,2.932233e-1,2.762489e-1,2.801829e-1,2.814225e-1,2.764522e-1,2.776881e-1,2.725258e-1,3.036669e-1,2.607140e-1,2.597866e-1,2.588883e-1,2.595138e-1,2.597838e-1,2.586472e-1,2.592955e-1,2.552471e-1,2.498297e-1,2.417183e-1,2.453148e-1,2.409484e-1,2.441760e-1,2.406917e-1,2.430404e-1,2.306800e-1,1.890644e-1,1.843840e-1,1.907897e-1,1.904171e-1,1.892432e-1,1.881351e-1,1.863910e-1]},{"variance_ratio":0.950,"d_res":8,"d_eff":55,"mean_mse":1.812709e-1,"min_mse":1.368729e-1,"max_mse":2.683887e-1,"inflation_over_baseline":0.573588,"per_block_mses":[1.528618e-1,1.399541e-1,1.397580e-1,1.412615e-1,1.368729e-1,1.412774e-1,1.422913e-1,1.406207e-1,2.130860e-1,1.900875e-1,1.839647e-1,1.828658e-1,1.811830e-1,1.877618e-1,1.867861e-1,1.878524e-1,1.838342e-1,1.641860e-1,1.599108e-1,1.585894e-1,1.569564e-1,1.572663e-1,1.555993e-1,1.667887e-1,1.972052e-1,1.636874e-1,1.562784e-1,1.541040e-1,1.605083e-1,1.516915e-1,1.586889e-1,1.569911e-1,2.683887e-1,2.322299e-1,2.190623e-1,2.220318e-1,2.222233e-1,2.185705e-1,2.192341e-1,2.157258e-1,2.464553e-1,2.105964e-1,2.102787e-1,2.095561e-1,2.099579e-1,2.105852e-1,2.092156e-1,2.100544e-1,2.070355e-1,2.027779e-1,1.956672e-1,1.987946e-1,1.948891e-1,1.979090e-1,1.944222e-1,1.963910e-1,1.832957e-1,1.495914e-1,1.465991e-1,1.510841e-1,1.512402e-1,1.500472e-1,1.491508e-1,1.475077e-1]},{"variance_ratio":0.900,"d_res":0,"d_eff":39,"mean_mse":6.379719e-1,"min_mse":4.984738e-1,"max_mse":9.463547e-1,"inflation_over_baseline":2.018709,"per_block_mses":[5.096311e-1,4.984738e-1,5.236809e-1,5.277128e-1,5.134970e-1,5.220072e-1,5.084926e-1,5.168874e-1,7.580896e-1,6.706833e-1,6.512029e-1,6.477205e-1,6.410358e-1,6.673822e-1,6.626891e-1,6.634343e-1,6.734250e-1,5.858776e-1,5.701718e-1,5.892740e-1,5.835087e-1,5.827315e-1,5.779490e-1,5.774580e-1,7.072149e-1,5.715715e-1,5.740597e-1,5.675752e-1,5.591155e-1,5.579393e-1,5.517153e-1,5.517334e-1,9.463547e-1,8.215210e-1,8.074610e-1,7.875728e-1,7.904261e-1,7.768737e-1,7.816663e-1,7.695518e-1,8.280434e-1,7.164822e-1,7.122134e-1,7.132485e-1,7.119984e-1,7.134994e-1,7.109493e-1,7.127962e-1,6.816692e-1,6.654019e-1,6.563862e-1,6.690085e-1,6.588667e-1,6.700743e-1,6.600970e-1,6.692296e-1,6.521643e-1,5.267563e-1,5.180218e-1,5.309984e-1,5.313374e-1,5.270021e-1,5.259380e-1,5.226492e-1]},{"variance_ratio":0.900,"d_res":2,"d_eff":39,"mean_mse":5.272637e-1,"min_mse":3.900273e-1,"max_mse":7.802669e-1,"inflation_over_baseline":1.668400,"per_block_mses":[4.070450e-1,3.920254e-1,4.024414e-1,4.056638e-1,3.951689e-1,4.028364e-1,3.900273e-1,3.958791e-1,6.259129e-1,5.479304e-1,5.342085e-1,5.294865e-1,5.265837e-1,5.443558e-1,5.441047e-1,5.426380e-1,5.631376e-1,4.872745e-1,4.738057e-1,4.926061e-1,4.851789e-1,4.869131e-1,4.824488e-1,4.824408e-1,5.853627e-1,4.710060e-1,4.756969e-1,4.677858e-1,4.643678e-1,4.605541e-1,4.580961e-1,4.561147e-1,7.802669e-1,6.787610e-1,6.653578e-1,6.482377e-1,6.510507e-1,6.405228e-1,6.437209e-1,6.348976e-1,7.010961e-1,6.056688e-1,6.029847e-1,6.035043e-1,6.036491e-1,6.026718e-1,6.025539e-1,6.024752e-1,5.771093e-1,5.640071e-1,5.536846e-1,5.624574e-1,5.517512e-1,5.619095e-1,5.526265e-1,5.617975e-1,5.388741e-1,4.370448e-1,4.307179e-1,4.430712e-1,4.447633e-1,4.410892e-1,4.404898e-1,4.369691e-1]},{"variance_ratio":0.900,"d_res":4,"d_eff":39,"mean_mse":4.603939e-1,"min_mse":3.265438e-1,"max_mse":6.805907e-1,"inflation_over_baseline":1.456806,"per_block_mses":[3.448718e-1,3.294994e-1,3.366981e-1,3.391428e-1,3.302767e-1,3.365296e-1,3.265438e-1,3.310447e-1,5.482741e-1,4.770318e-1,4.669226e-1,4.617840e-1,4.599909e-1,4.744701e-1,4.750006e-1,4.730879e-1,4.937657e-1,4.260629e-1,4.137741e-1,4.315846e-1,4.239792e-1,4.270699e-1,4.225958e-1,4.227321e-1,5.129141e-1,4.118411e-1,4.167964e-1,4.086749e-1,4.063909e-1,4.024004e-1,4.009641e-1,3.990230e-1,6.805907e-1,5.917627e-1,5.807156e-1,5.652556e-1,5.676337e-1,5.578005e-1,5.601364e-1,5.526499e-1,6.222141e-1,5.352704e-1,5.330316e-1,5.336297e-1,5.340839e-1,5.326833e-1,5.325734e-1,5.324691e-1,5.098373e-1,5.002752e-1,4.892499e-1,4.967571e-1,4.875140e-1,4.960772e-1,4.876936e-1,4.961060e-1,4.709649e-1,3.809459e-1,3.764563e-1,3.867577e-1,3.894804e-1,3.856249e-1,3.857526e-1,3.814779e-1]},{"variance_ratio":0.900,"d_res":8,"d_eff":39,"mean_mse":3.677000e-1,"min_mse":2.453363e-1,"max_mse":5.433174e-1,"inflation_over_baseline":1.163499,"per_block_mses":[2.625136e-1,2.499490e-1,2.531413e-1,2.549399e-1,2.476498e-1,2.530361e-1,2.453363e-1,2.484981e-1,4.396946e-1,3.814323e-1,3.743580e-1,3.690952e-1,3.688845e-1,3.792653e-1,3.803817e-1,3.782939e-1,3.947720e-1,3.399586e-1,3.295424e-1,3.453479e-1,3.382296e-1,3.421353e-1,3.381988e-1,3.381248e-1,4.130363e-1,3.291022e-1,3.330741e-1,3.253423e-1,3.239241e-1,3.205520e-1,3.205424e-1,3.180386e-1,5.433174e-1,4.716383e-1,4.638539e-1,4.504889e-1,4.520757e-1,4.453149e-1,4.450344e-1,4.405648e-1,5.078562e-1,4.354072e-1,4.331517e-1,4.335467e-1,4.344083e-1,4.331005e-1,4.332936e-1,4.330421e-1,4.141994e-1,4.085257e-1,3.981024e-1,4.041725e-1,3.969396e-1,4.031536e-1,3.959968e-1,4.037158e-1,3.753893e-1,3.029053e-1,3.004738e-1,3.076627e-1,3.104896e-1,3.075897e-1,3.072672e-1,3.037336e-1]},{"variance_ratio":0.850,"d_res":0,"d_eff":30,"mean_mse":9.518680e-1,"min_mse":7.354020e-1,"max_mse":1.436326e0,"inflation_over_baseline":3.011959,