{"n_vecs":32768,"dim":128,"n_blocks":64,"block_size":512,"baseline_mse":3.520630e-1,"cells":[{"variance_ratio":0.950,"d_res":0,"d_eff":38,"mean_mse":3.520630e-1,"min_mse":2.283594e-1,"max_mse":6.815561e-1,"inflation_over_baseline":1.000000,"per_block_mses":[2.548562e-1,2.496470e-1,2.496298e-1,2.458515e-1,2.473721e-1,2.440668e-1,2.466487e-1,2.434872e-1,4.403191e-1,4.148816e-1,3.996245e-1,3.965851e-1,3.982411e-1,3.959207e-1,3.973349e-1,3.955702e-1,6.815561e-1,6.321620e-1,6.271988e-1,6.253556e-1,6.241619e-1,6.227083e-1,6.232359e-1,6.217668e-1,2.835317e-1,2.355706e-1,2.328621e-1,2.325136e-1,2.297971e-1,2.307151e-1,2.283594e-1,2.418446e-1,3.705823e-1,3.485215e-1,3.484939e-1,3.464436e-1,3.469301e-1,3.453570e-1,3.467888e-1,3.298621e-1,2.463661e-1,2.491354e-1,2.481047e-1,2.473435e-1,2.573252e-1,2.462735e-1,2.561073e-1,2.457882e-1,3.732415e-1,3.663797e-1,3.697060e-1,3.684481e-1,3.704763e-1,3.690782e-1,3.708471e-1,3.695374e-1,3.394424e-1,3.147791e-1,3.182141e-1,3.307948e-1,3.184632e-1,3.304564e-1,3.184807e-1,3.308864e-1]},{"variance_ratio":0.950,"d_res":2,"d_eff":38,"mean_mse":2.903287e-1,"min_mse":1.952373e-1,"max_mse":5.705513e-1,"inflation_over_baseline":0.824650,"per_block_mses":[2.153976e-1,2.103372e-1,2.108694e-1,2.070971e-1,2.094281e-1,2.053112e-1,2.084779e-1,2.050357e-1,3.794949e-1,3.561565e-1,3.424855e-1,3.397508e-1,3.411021e-1,3.391536e-1,3.407971e-1,3.385463e-1,5.705513e-1,5.259086e-1,5.230383e-1,5.214676e-1,5.207357e-1,5.176419e-1,5.173685e-1,5.151964e-1,2.372374e-1,2.011504e-1,1.988288e-1,1.984672e-1,1.962919e-1,1.975921e-1,1.952373e-1,2.067478e-1,3.124075e-1,2.954242e-1,2.949358e-1,2.930119e-1,2.933018e-1,2.924743e-1,2.935592e-1,2.785812e-1,1.961443e-1,1.983222e-1,1.991875e-1,1.968045e-1,2.057737e-1,1.960575e-1,2.056886e-1,1.969362e-1,2.704179e-1,2.594993e-1,2.608121e-1,2.583709e-1,2.619289e-1,2.571713e-1,2.596756e-1,2.600803e-1,2.938240e-1,2.722069e-1,2.754037e-1,2.867838e-1,2.751905e-1,2.863920e-1,2.755979e-1,2.861693e-1]},{"variance_ratio":0.950,"d_res":4,"d_eff":38,"mean_mse":2.533016e-1,"min_mse":1.690156e-1,"max_mse":5.003768e-1,"inflation_over_baseline":0.719478,"per_block_mses":[1.897358e-1,1.850965e-1,1.858571e-1,1.821086e-1,1.845755e-1,1.805244e-1,1.837355e-1,1.804727e-1,3.368130e-1,3.160518e-1,3.035649e-1,3.014986e-1,3.024511e-1,3.006411e-1,3.022617e-1,3.000223e-1,5.003768e-1,4.604912e-1,4.591007e-1,4.576057e-1,4.569093e-1,4.536092e-1,4.533459e-1,4.504397e-1,2.086686e-1,1.785236e-1,1.764877e-1,1.762701e-1,1.742151e-1,1.753720e-1,1.731816e-1,1.836881e-1,2.764473e-1,2.610512e-1,2.606294e-1,2.589706e-1,2.591724e-1,2.580173e-1,2.594312e-1,2.459427e-1,1.690156e-1,1.711105e-1,1.727002e-1,1.699131e-1,1.775693e-1,1.694169e-1,1.782479e-1,1.706911e-1,2.197583e-1,2.070852e-1,2.080377e-1,2.065349e-1,2.088719e-1,2.041449e-1,2.063862e-1,2.067172e-1,2.629124e-1,2.432630e-1,2.458430e-1,2.564246e-1,2.455323e-1,2.559314e-1,2.460139e-1,2.558203e-1]},{"variance_ratio":0.950,"d_res":8,"d_eff":38,"mean_mse":2.025005e-1,"min_mse":1.339439e-1,"max_mse":4.021638e-1,"inflation_over_baseline":0.575182,"per_block_mses":[1.527987e-1,1.490495e-1,1.496198e-1,1.463727e-1,1.488270e-1,1.453186e-1,1.479026e-1,1.454378e-1,2.742127e-1,2.573511e-1,2.471725e-1,2.453358e-1,2.466986e-1,2.446384e-1,2.464467e-1,2.441175e-1,4.021638e-1,3.685953e-1,3.688413e-1,3.670029e-1,3.673020e-1,3.640907e-1,3.637002e-1,3.601884e-1,1.685540e-1,1.452781e-1,1.434940e-1,1.436063e-1,1.416883e-1,1.426223e-1,1.407809e-1,1.496938e-1,2.240441e-1,2.113220e-1,2.102755e-1,2.094829e-1,2.090295e-1,2.082273e-1,2.091820e-1,1.985064e-1,1.339439e-1,1.350432e-1,1.366825e-1,1.343608e-1,1.405828e-1,1.340734e-1,1.416968e-1,1.354118e-1,1.621197e-1,1.497731e-1,1.497917e-1,1.488066e-1,1.496005e-1,1.476558e-1,1.486268e-1,1.478025e-1,2.169069e-1,2.003840e-1,2.019890e-1,2.112467e-1,2.017586e-1,2.104603e-1,2.018957e-1,2.104440e-1]},{"variance_ratio":0.900,"d_res":0,"d_eff":25,"mean_mse":7.037247e-1,"min_mse":4.531964e-1,"max_mse":1.339224e0,"inflation_over_baseline":1.998860,"per_block_mses":[5.027555e-1,4.804049e-1,4.806881e-1,4.770278e-1,4.785710e-1,4.746087e-1,4.769602e-1,4.741594e-1,8.986542e-1,8.113537e-1,8.125008e-1,8.093269e-1,7.751919e-1,7.719416e-1,7.736907e-1,7.710212e-1,1.339224e0,1.272248e0,1.284966e0,1.276465e0,1.211060e0,1.275335e0,1.212837e0,1.197781e0,5.742828e-1,4.876844e-1,4.589495e-1,4.862918e-1,4.553206e-1,4.837584e-1,4.531964e-1,4.815686e-1,7.235579e-1,6.898233e-1,6.908609e-1,6.892921e-1,6.901743e-1,6.887105e-1,6.903722e-1,6.888416e-1,5.040955e-1,5.075700e-1,5.100473e-1,5.035489e-1,5.047773e-1,5.013672e-1,5.024271e-1,5.003147e-1,8.053934e-1,7.425433e-1,7.438065e-1,7.488063e-1,7.474759e-1,7.511808e-1,7.491150e-1,7.526864e-1,6.631132e-1,6.299352e-1,6.351074e-1,6.633104e-1,6.365003e-1,6.634776e-1,6.361888e-1,6.641333e-1]},{"variance_ratio":0.900,"d_res":2,"d_eff":25,"mean_mse":5.679777e-1,"min_mse":3.731029e-1,"max_mse":1.057254e0,"inflation_over_baseline":1.613284,"per_block_mses":[4.003544e-1,3.799461e-1,3.807540e-1,3.769056e-1,3.803576e-1,3.752145e-1,3.786481e-1,3.743369e-1,7.725220e-1,7.011382e-1,6.974914e-1,6.985196e-1,6.695684e-1,6.637757e-1,6.679217e-1,6.642611e-1,1.057254e0,9.962406e-1,1.001691e0,9.979932e-1,9.438099e-1,9.969894e-1,9.478385e-1,9.286702e-1,4.680775e-1,4.037532e-1,3.782328e-1,3.994200e-1,3.754190e-1,3.968164e-1,3.731029e-1,3.935093e-1,6.161105e-1,5.883701e-1,5.895351e-1,5.891500e-1,5.868673e-1,5.880124e-1,5.896555e-1,5.864522e-1,4.134475e-1,4.197591e-1,4.230117e-1,4.177310e-1,4.190573e-1,4.153651e-1,4.173821e-1,4.158479e-1,5.686147e-1,5.231268e-1,5.244631e-1,5.252050e-1,5.285445e-1,5.271889e-1,5.267626e-1,5.272525e-1,5.605289e-1,5.334399e-1,5.365215e-1,5.611257e-1,5.362874e-1,5.602406e-1,5.348231e-1,5.601580e-1]},{"variance_ratio":0.900,"d_res":4,"d_eff":25,"mean_mse":4.916106e-1,"min_mse":3.212143e-1,"max_mse":9.058825e-1,"inflation_over_baseline":1.396371,"per_block_mses":[3.468256e-1,3.274324e-1,3.292080e-1,3.239291e-1,3.282948e-1,3.225118e-1,3.259093e-1,3.212143e-1,6.908770e-1,6.266530e-1,6.226782e-1,6.245142e-1,5.986084e-1,5.930220e-1,5.975298e-1,5.933643e-1,9.058825e-1,8.549458e-1,8.588535e-1,8.561175e-1,8.111327e-1,8.573153e-1,8.124097e-1,7.965668e-1,4.072059e-1,3.527546e-1,3.309432e-1,3.481082e-1,3.282589e-1,3.461265e-1,3.262889e-1,3.429903e-1,5.458206e-1,5.212939e-1,5.227787e-1,5.224215e-1,5.199312e-1,5.209139e-1,5.223029e-1,5.185697e-1,3.612251e-1,3.683970e-1,3.717118e-1,3.676496e-1,3.682729e-1,3.651362e-1,3.667360e-1,3.660298e-1,4.449734e-1,4.118189e-1,4.114158e-1,4.124125e-1,4.137371e-1,4.126893e-1,4.131886e-1,4.130028e-1,4.976448e-1,4.741017e-1,4.767371e-1,4.982988e-1,4.767750e-1,4.972972e-1,4.743178e-1,4.970060e-1]},{"variance_ratio":0.900,"d_res":8,"d_eff":25,"mean_mse":3.899812e-1,"min_mse":2.538263e-1,"max_mse":7.145825e-1,"inflation_over_baseline":1.107703,"per_block_mses":[2.768972e-1,2.596473e-1,2.616257e-1,2.553534e-1,2.603830e-1,2.550544e-1,2.580352e-1,2.538263e-1,5.692681e-1,5.151041e-1,5.120406e-1,5.140894e-1,4.933592e-1,4.883157e-1,4.928084e-1,4.878978e-1,7.145825e-1,6.756889e-1,6.769712e-1,6.755182e-1,6.408113e-1,6.774314e-1,6.413158e-1,6.285438e-1,3.270486e-1,2.838387e-1,2.662384e-1,2.795723e-1,2.640340e-1,2.782982e-1,2.631949e-1,2.748684e-1,4.431504e-1,4.227000e-1,4.244442e-1,4.238111e-1,4.210722e-1,4.224552e-1,4.229012e-1,4.194824e-1,2.886941e-1,2.970975e-1,3.003478e-1,2.974094e-1,2.976092e-1,2.955640e-1,2.966193e-1,2.965065e-1,3.056422e-1,2.820317e-1,2.800840e-1,2.818709e-1,2.806519e-1,2.811409e-1,2.812558e-1,2.813152e-1,4.087604e-1,3.897840e-1,3.912028e-1,4.080528e-1,3.914871e-1,4.074552e-1,3.895049e-1,4.070296e-1]},{"variance_ratio":0.850,"d_res":0,"d_eff":18,"mean_mse":1.053662e0,"min_mse":6.983611e-1,"max_mse":2.044548e0,"inflation_over_baseline":2.992824,