{"n_vecs":32768,"dim":128,"n_blocks":64,"block_size":512,"baseline_mse":3.104768e-1,"cells":[{"variance_ratio":0.950,"d_res":0,"d_eff":41,"mean_mse":3.104768e-1,"min_mse":2.051728e-1,"max_mse":7.156780e-1,"inflation_over_baseline":1.000000,"per_block_mses":[2.917000e-1,2.438787e-1,2.489726e-1,2.386522e-1,2.467149e-1,2.377840e-1,2.455245e-1,2.470655e-1,2.187734e-1,2.062186e-1,2.110881e-1,2.145139e-1,2.051728e-1,2.124028e-1,2.132913e-1,2.088709e-1,2.741279e-1,2.625116e-1,2.586423e-1,2.544727e-1,2.545302e-1,2.533500e-1,2.532864e-1,2.500510e-1,6.456140e-1,7.078193e-1,7.156780e-1,7.105861e-1,7.087701e-1,7.068623e-1,7.051561e-1,7.032748e-1,2.639812e-1,2.202791e-1,2.158237e-1,2.134902e-1,2.120842e-1,2.122883e-1,2.107650e-1,2.092941e-1,2.912388e-1,2.898473e-1,2.970387e-1,2.941492e-1,2.884380e-1,3.107831e-1,3.059449e-1,3.057879e-1,3.181703e-1,3.059044e-1,3.024309e-1,3.041135e-1,3.016893e-1,3.025216e-1,3.003701e-1,3.010266e-1,2.751200e-1,2.469256e-1,2.398268e-1,2.406460e-1,2.401215e-1,2.340922e-1,2.338060e-1,2.271602e-1]},{"variance_ratio":0.950,"d_res":2,"d_eff":41,"mean_mse":2.539729e-1,"min_mse":1.731413e-1,"max_mse":5.436283e-1,"inflation_over_baseline":0.818009,"per_block_mses":[2.430783e-1,2.023769e-1,2.070563e-1,1.973263e-1,2.050614e-1,1.968278e-1,2.043823e-1,2.046303e-1,1.851862e-1,1.743329e-1,1.791204e-1,1.816547e-1,1.731413e-1,1.790934e-1,1.800118e-1,1.762713e-1,2.296820e-1,2.176602e-1,2.152570e-1,2.120108e-1,2.129424e-1,2.114997e-1,2.116332e-1,2.079556e-1,4.948094e-1,5.418371e-1,5.434107e-1,5.436283e-1,5.363385e-1,5.365856e-1,5.306444e-1,5.338284e-1,2.220069e-1,1.837592e-1,1.804060e-1,1.775661e-1,1.779388e-1,1.768399e-1,1.761487e-1,1.737007e-1,2.444587e-1,2.421790e-1,2.480182e-1,2.431721e-1,2.408855e-1,2.568347e-1,2.556195e-1,2.520417e-1,2.723020e-1,2.622216e-1,2.594370e-1,2.604583e-1,2.579744e-1,2.586697e-1,2.571562e-1,2.562899e-1,2.321333e-1,2.101991e-1,2.041431e-1,2.046895e-1,2.049023e-1,1.995544e-1,1.992278e-1,1.940540e-1]},{"variance_ratio":0.950,"d_res":4,"d_eff":41,"mean_mse":2.195481e-1,"min_mse":1.524987e-1,"max_mse":4.442641e-1,"inflation_over_baseline":0.707132,"per_block_mses":[2.130946e-1,1.775206e-1,1.815752e-1,1.726646e-1,1.797819e-1,1.726532e-1,1.791337e-1,1.790287e-1,1.635163e-1,1.536667e-1,1.581325e-1,1.603488e-1,1.526608e-1,1.579582e-1,1.586213e-1,1.553448e-1,2.020940e-1,1.901118e-1,1.889464e-1,1.855834e-1,1.866161e-1,1.854919e-1,1.854782e-1,1.823129e-1,4.077759e-1,4.426176e-1,4.418422e-1,4.442641e-1,4.377110e-1,4.380384e-1,4.321811e-1,4.368668e-1,1.955714e-1,1.612938e-1,1.585198e-1,1.559971e-1,1.565540e-1,1.553273e-1,1.546104e-1,1.524987e-1,2.150464e-1,2.131012e-1,2.179499e-1,2.134182e-1,2.118568e-1,2.249958e-1,2.248088e-1,2.212855e-1,2.422883e-1,2.334614e-1,2.307342e-1,2.317851e-1,2.296895e-1,2.300832e-1,2.289741e-1,2.276813e-1,2.045760e-1,1.859757e-1,1.808046e-1,1.813412e-1,1.814984e-1,1.770092e-1,1.765152e-1,1.721929e-1]},{"variance_ratio":0.950,"d_res":8,"d_eff":41,"mean_mse":1.726833e-1,"min_mse":1.228510e-1,"max_mse":3.211269e-1,"inflation_over_baseline":0.556188,"per_block_mses":[1.709637e-1,1.425272e-1,1.455076e-1,1.384104e-1,1.439685e-1,1.384368e-1,1.434931e-1,1.432113e-1,1.316336e-1,1.234881e-1,1.271335e-1,1.293314e-1,1.229416e-1,1.273725e-1,1.273094e-1,1.251029e-1,1.624301e-1,1.520975e-1,1.516229e-1,1.486264e-1,1.494267e-1,1.487434e-1,1.487095e-1,1.459737e-1,2.980984e-1,3.165666e-1,3.182893e-1,3.211269e-1,3.167296e-1,3.174928e-1,3.130550e-1,3.164360e-1,1.573719e-1,1.296910e-1,1.272936e-1,1.255260e-1,1.259819e-1,1.249487e-1,1.241306e-1,1.228510e-1,1.730176e-1,1.724195e-1,1.765636e-1,1.723504e-1,1.714561e-1,1.808350e-1,1.812847e-1,1.782208e-1,1.978600e-1,1.908536e-1,1.888979e-1,1.896389e-1,1.879663e-1,1.884157e-1,1.872540e-1,1.865527e-1,1.650067e-1,1.508014e-1,1.464887e-1,1.471835e-1,1.471577e-1,1.439082e-1,1.431886e-1,1.403610e-1]},{"variance_ratio":0.900,"d_res":0,"d_eff":29,"mean_mse":6.225616e-1,"min_mse":4.096477e-1,"max_mse":1.470572e0,"inflation_over_baseline":2.005179,"per_block_mses":[5.974932e-1,4.788752e-1,4.921414e-1,4.942587e-1,4.868036e-1,4.917768e-1,4.849976e-1,4.868525e-1,4.306833e-1,4.096477e-1,4.166339e-1,4.266998e-1,4.250374e-1,4.223700e-1,4.207817e-1,4.158978e-1,5.411007e-1,5.141379e-1,5.022154e-1,5.001497e-1,4.946475e-1,4.985979e-1,4.933754e-1,4.937231e-1,1.379184e0,1.418170e0,1.441519e0,1.464965e0,1.465202e0,1.470572e0,1.460522e0,1.463916e0,5.209731e-1,4.335258e-1,4.265564e-1,4.206298e-1,4.186969e-1,4.181539e-1,4.160599e-1,4.120680e-1,5.924347e-1,5.700011e-1,5.950273e-1,5.835486e-1,5.794469e-1,6.167687e-1,6.156193e-1,6.066227e-1,6.118637e-1,6.018984e-1,6.001213e-1,5.987553e-1,5.994984e-1,5.968501e-1,5.964432e-1,5.937858e-1,5.421374e-1,4.821592e-1,4.936666e-1,4.746740e-1,4.727500e-1,4.619085e-1,4.605225e-1,4.478261e-1]},{"variance_ratio":0.900,"d_res":2,"d_eff":29,"mean_mse":5.005444e-1,"min_mse":3.422112e-1,"max_mse":1.080485e0,"inflation_over_baseline":1.612180,"per_block_mses":[5.047324e-1,4.014865e-1,4.128665e-1,4.127728e-1,4.080209e-1,4.111668e-1,4.053339e-1,4.076852e-1,3.639823e-1,3.464768e-1,3.507974e-1,3.604675e-1,3.585527e-1,3.583386e-1,3.563920e-1,3.513923e-1,4.528784e-1,4.334896e-1,4.256055e-1,4.229062e-1,4.158673e-1,4.176550e-1,4.144936e-1,4.166980e-1,9.818155e-1,1.051998e0,1.078580e0,1.080485e0,1.057696e0,1.059479e0,1.053325e0,1.056430e0,4.327586e-1,3.594018e-1,3.531030e-1,3.487319e-1,3.469254e-1,3.469454e-1,3.454513e-1,3.422112e-1,4.897939e-1,4.680149e-1,4.914656e-1,4.797592e-1,4.768354e-1,5.066136e-1,5.045665e-1,4.960602e-1,5.190749e-1,5.110380e-1,5.135534e-1,5.070467e-1,5.114966e-1,5.053557e-1,5.077322e-1,5.027548e-1,4.460889e-1,3.932134e-1,4.030691e-1,3.881837e-1,3.859398e-1,3.778122e-1,3.774210e-1,3.665566e-1]},{"variance_ratio":0.900,"d_res":4,"d_eff":29,"mean_mse":4.312643e-1,"min_mse":3.001937e-1,"max_mse":8.975992e-1,"inflation_over_baseline":1.389039,"per_block_mses":[4.457068e-1,3.530132e-1,3.624033e-1,3.626521e-1,3.585186e-1,3.614438e-1,3.550884e-1,3.583823e-1,3.216943e-1,3.056261e-1,3.089381e-1,3.181512e-1,3.158231e-1,3.161475e-1,3.140316e-1,3.094362e-1,3.983438e-1,3.824923e-1,3.758402e-1,3.732736e-1,3.672280e-1,3.682153e-1,3.659831e-1,3.673204e-1,7.926132e-1,8.766697e-1,8.975992e-1,8.882529e-1,8.585855e-1,8.536781e-1,8.533501e-1,8.525472e-1,3.799237e-1,3.142262e-1,3.088406e-1,3.052133e-1,3.038301e-1,3.042085e-1,3.028021e-1,3.001937e-1,4.297529e-1,4.062928e-1,4.270386e-1,4.164984e-1,4.137785e-1,4.391487e-1,4.381433e-1,4.279684e-1,4.594160e-1,4.518028e-1,4.553344e-1,4.483548e-1,4.525961e-1,4.460083e-1,4.485461e-1,4.441913e-1,3.889909e-1,3.425193e-1,3.514570e-1,3.383880e-1,3.371442e-1,3.293898e-1,3.298527e-1,3.200142e-1]},{"variance_ratio":0.900,"d_res":8,"d_eff":29,"mean_mse":3.377040e-1,"min_mse":2.412752e-1,"max_mse":6.593233e-1,"inflation_over_baseline":1.087695,"per_block_mses":[3.604937e-1,2.838682e-1,2.909193e-1,2.910645e-1,2.879905e-1,2.904909e-1,2.842413e-1,2.881944e-1,2.602762e-1,2.472198e-1,2.494297e-1,2.568934e-1,2.542732e-1,2.547321e-1,2.530630e-1,2.492439e-1,3.206297e-1,3.089956e-1,3.042058e-1,3.011768e-1,2.970924e-1,2.966123e-1,2.950977e-1,2.960613e-1,5.652117e-1,6.483116e-1,6.593233e-1,6.443588e-1,6.180725e-1,6.077430e-1,6.117846e-1,6.039581e-1,3.054762e-1,2.517957e-1,2.472791e-1,2.446727e-1,2.444650e-1,2.446686e-1,2.438271e-1,2.412752e-1,3.456172e-1,3.222585e-1,3.393166e-1,3.309721e-1,3.277765e-1,3.471319e-1,3.470084e-1,3.359687e-1,3.735265e-1,3.652931e-1,3.710109e-1,3.631795e-1,3.684322e-1,3.601457e-1,3.631276e-1,3.595869e-1,3.095031e-1,2.730796e-1,2.810501e-1,2.706265e-1,2.702203e-1,2.632022e-1,2.643432e-1,2.561880e-1]},{"variance_ratio":0.850,"d_res":0,"d_eff":23,"mean_mse":9.159694e-1,"min_mse":6.049962e-1,"max_mse":2.091329e0,"inflation_over_baseline":2.950202,