{"n_vecs":32768,"dim":128,"n_blocks":64,"block_size":512,"baseline_mse":2.493704e-1,"cells":[{"variance_ratio":0.950,"d_res":0,"d_eff":47,"mean_mse":2.493704e-1,"min_mse":1.449446e-1,"max_mse":4.179464e-1,"inflation_over_baseline":1.000000,"per_block_mses":[2.896330e-1,2.246348e-1,2.250010e-1,2.209762e-1,2.283366e-1,2.171108e-1,2.250984e-1,2.146932e-1,4.179464e-1,3.704554e-1,3.484279e-1,3.533625e-1,3.393262e-1,3.484093e-1,3.350375e-1,3.436261e-1,2.960825e-1,2.858724e-1,2.784583e-1,2.879087e-1,2.744914e-1,2.863521e-1,2.731933e-1,2.851442e-1,3.014707e-1,2.617214e-1,2.437952e-1,2.504279e-1,2.387451e-1,2.476515e-1,2.462094e-1,2.446550e-1,1.951317e-1,1.550817e-1,1.507964e-1,1.468764e-1,1.464377e-1,1.452788e-1,1.449446e-1,1.504371e-1,2.986074e-1,2.731607e-1,2.674859e-1,2.663119e-1,2.633937e-1,2.535088e-1,2.613643e-1,2.621305e-1,2.662269e-1,2.068558e-1,2.018716e-1,1.940196e-1,1.946877e-1,1.906491e-1,1.917074e-1,1.880964e-1,3.050661e-1,2.425159e-1,2.369910e-1,2.336443e-1,2.321263e-1,2.312716e-1,2.299831e-1,2.287895e-1]},{"variance_ratio":0.950,"d_res":2,"d_eff":47,"mean_mse":2.091346e-1,"min_mse":1.215794e-1,"max_mse":3.505252e-1,"inflation_over_baseline":0.838650,"per_block_mses":[2.411145e-1,1.856078e-1,1.869830e-1,1.821358e-1,1.900126e-1,1.785843e-1,1.866786e-1,1.763637e-1,3.505252e-1,3.118006e-1,2.932759e-1,2.984652e-1,2.864399e-1,2.943173e-1,2.826748e-1,2.902359e-1,2.486351e-1,2.398196e-1,2.349230e-1,2.417715e-1,2.325246e-1,2.406756e-1,2.312688e-1,2.386300e-1,2.519578e-1,2.193785e-1,2.041208e-1,2.100463e-1,1.993852e-1,2.080589e-1,2.066402e-1,2.046488e-1,1.630617e-1,1.302317e-1,1.264199e-1,1.230394e-1,1.227063e-1,1.217578e-1,1.215794e-1,1.262352e-1,2.526030e-1,2.307908e-1,2.261345e-1,2.251635e-1,2.220246e-1,2.132992e-1,2.203645e-1,2.216084e-1,2.252991e-1,1.729453e-1,1.689773e-1,1.627420e-1,1.626946e-1,1.599318e-1,1.604444e-1,1.576290e-1,2.577042e-1,2.020920e-1,1.971736e-1,1.940519e-1,1.931010e-1,1.928438e-1,1.917364e-1,1.905278e-1]},{"variance_ratio":0.950,"d_res":4,"d_eff":47,"mean_mse":1.842773e-1,"min_mse":1.071936e-1,"max_mse":3.095764e-1,"inflation_over_baseline":0.738970,"per_block_mses":[2.114553e-1,1.623694e-1,1.639790e-1,1.591278e-1,1.665872e-1,1.559268e-1,1.637233e-1,1.541410e-1,3.095764e-1,2.756651e-1,2.592883e-1,2.638308e-1,2.532666e-1,2.602936e-1,2.501005e-1,2.560227e-1,2.197877e-1,2.120966e-1,2.085603e-1,2.137131e-1,2.063059e-1,2.125270e-1,2.050640e-1,2.105475e-1,2.211726e-1,1.927566e-1,1.791394e-1,1.844760e-1,1.752326e-1,1.829635e-1,1.818611e-1,1.797864e-1,1.434551e-1,1.148604e-1,1.116281e-1,1.085440e-1,1.082549e-1,1.076049e-1,1.071936e-1,1.112528e-1,2.235079e-1,2.044164e-1,2.002845e-1,1.995283e-1,1.962231e-1,1.888887e-1,1.948538e-1,1.961502e-1,1.989530e-1,1.522421e-1,1.485995e-1,1.433955e-1,1.431836e-1,1.408134e-1,1.411512e-1,1.386108e-1,2.267671e-1,1.770902e-1,1.728475e-1,1.698040e-1,1.690117e-1,1.688635e-1,1.679132e-1,1.665111e-1]},{"variance_ratio":0.950,"d_res":8,"d_eff":47,"mean_mse":1.490152e-1,"min_mse":8.664894e-2,"max_mse":2.516928e-1,"inflation_over_baseline":0.597566,"per_block_mses":[1.696424e-1,1.298298e-1,1.316395e-1,1.271699e-1,1.337215e-1,1.245388e-1,1.314479e-1,1.228137e-1,2.516928e-1,2.245086e-1,2.108407e-1,2.144847e-1,2.059340e-1,2.116651e-1,2.034330e-1,2.076618e-1,1.791249e-1,1.731805e-1,1.708342e-1,1.743447e-1,1.688388e-1,1.733033e-1,1.675542e-1,1.712637e-1,1.771891e-1,1.548208e-1,1.434584e-1,1.481317e-1,1.410289e-1,1.471138e-1,1.463618e-1,1.442982e-1,1.160404e-1,9.279317e-2,9.024011e-2,8.793121e-2,8.742101e-2,8.733064e-2,8.664894e-2,9.001813e-2,1.817781e-1,1.665148e-1,1.631533e-1,1.627346e-1,1.592831e-1,1.539988e-1,1.584198e-1,1.597088e-1,1.615694e-1,1.228896e-1,1.197893e-1,1.159172e-1,1.153931e-1,1.137428e-1,1.138855e-1,1.117040e-1,1.822740e-1,1.417210e-1,1.381836e-1,1.361528e-1,1.350178e-1,1.353784e-1,1.344860e-1,1.329853e-1]},{"variance_ratio":0.900,"d_res":0,"d_eff":31,"mean_mse":4.974908e-1,"min_mse":2.872117e-1,"max_mse":8.371685e-1,"inflation_over_baseline":1.994987,"per_block_mses":[5.763778e-1,4.626732e-1,4.637084e-1,4.402669e-1,4.526475e-1,4.350765e-1,4.478357e-1,4.309607e-1,8.371685e-1,7.475294e-1,7.023897e-1,7.124125e-1,6.840639e-1,7.016939e-1,6.758573e-1,6.927041e-1,5.959152e-1,5.656967e-1,5.552084e-1,5.516430e-1,5.504451e-1,5.518131e-1,5.497352e-1,5.524443e-1,5.917231e-1,5.204046e-1,5.073321e-1,4.995539e-1,4.768124e-1,4.935008e-1,4.905500e-1,4.879429e-1,3.950455e-1,3.023295e-1,2.961701e-1,3.038787e-1,2.895565e-1,2.887085e-1,2.872117e-1,2.996717e-1,5.965158e-1,5.523551e-1,5.237924e-1,5.161269e-1,5.160242e-1,5.128279e-1,5.121492e-1,5.087947e-1,5.557362e-1,4.014458e-1,3.809786e-1,3.825061e-1,3.957737e-1,3.773889e-1,3.910628e-1,3.738588e-1,6.066732e-1,4.807301e-1,4.665300e-1,4.632186e-1,4.570541e-1,4.763916e-1,4.532636e-1,4.715536e-1]},{"variance_ratio":0.900,"d_res":2,"d_eff":31,"mean_mse":4.192365e-1,"min_mse":2.397002e-1,"max_mse":7.070937e-1,"inflation_over_baseline":1.681180,"per_block_mses":[4.890221e-1,3.913772e-1,3.901146e-1,3.728032e-1,3.822743e-1,3.681368e-1,3.767653e-1,3.649872e-1,7.070937e-1,6.374811e-1,5.947320e-1,6.083539e-1,5.840505e-1,5.996945e-1,5.772079e-1,5.911173e-1,4.973386e-1,4.729482e-1,4.636474e-1,4.629759e-1,4.619018e-1,4.626443e-1,4.610387e-1,4.625941e-1,4.972405e-1,4.361840e-1,4.257455e-1,4.174952e-1,3.982417e-1,4.131289e-1,4.099831e-1,4.063991e-1,3.346646e-1,2.538763e-1,2.478544e-1,2.546208e-1,2.414218e-1,2.418563e-1,2.397002e-1,2.504628e-1,5.092677e-1,4.745291e-1,4.489732e-1,4.413547e-1,4.426204e-1,4.402860e-1,4.391674e-1,4.359018e-1,4.560800e-1,3.278221e-1,3.086987e-1,3.119148e-1,3.213213e-1,3.058903e-1,3.144237e-1,3.031158e-1,5.200244e-1,4.100421e-1,3.963079e-1,3.941975e-1,3.876408e-1,4.052347e-1,3.860167e-1,4.011321e-1]},{"variance_ratio":0.900,"d_res":4,"d_eff":31,"mean_mse":3.698435e-1,"min_mse":2.097443e-1,"max_mse":6.258427e-1,"inflation_over_baseline":1.483109,"per_block_mses":[4.334200e-1,3.458861e-1,3.441872e-1,3.296898e-1,3.372072e-1,3.252433e-1,3.326530e-1,3.227057e-1,6.258427e-1,5.673121e-1,5.268062e-1,5.409970e-1,5.185713e-1,5.333634e-1,5.131465e-1,5.245782e-1,4.364121e-1,4.153374e-1,4.068157e-1,4.070884e-1,4.056731e-1,4.063971e-1,4.054603e-1,4.059603e-1,4.388683e-1,3.852440e-1,3.759005e-1,3.679656e-1,3.505905e-1,3.640712e-1,3.613533e-1,3.577687e-1,2.955454e-1,2.227206e-1,2.169344e-1,2.231067e-1,2.113101e-1,2.121299e-1,2.097443e-1,2.193147e-1,4.538659e-1,4.230330e-1,3.996918e-1,3.929000e-1,3.942276e-1,3.929649e-1,3.910899e-1,3.887250e-1,3.953575e-1,2.825158e-1,2.655277e-1,2.686386e-1,2.757842e-1,2.627243e-1,2.683206e-1,2.604188e-1,4.634494e-1,3.647364e-1,3.517432e-1,3.500815e-1,3.437815e-1,3.594128e-1,3.422384e-1,3.554322e-1]},{"variance_ratio":0.900,"d_res":8,"d_eff":31,"mean_mse":2.996008e-1,"min_mse":1.680462e-1,"max_mse":5.104742e-1,"inflation_over_baseline":1.201429,"per_block_mses":[3.526682e-1,2.802729e-1,2.789448e-1,2.672940e-1,2.731076e-1,2.639530e-1,2.692334e-1,2.618871e-1,5.104742e-1,4.652897e-1,4.294562e-1,4.432027e-1,4.242147e-1,4.365237e-1,4.203068e-1,4.289019e-1,3.512963e-1,3.338906e-1,3.263799e-1,3.270769e-1,3.261148e-1,3.265134e-1,3.267882e-1,3.265338e-1,3.562066e-1,3.127324e-1,3.049495e-1,2.979526e-1,2.837041e-1,2.947961e-1,2.924261e-1,2.893770e-1,2.390606e-1,1.787195e-1,1.738113e-1,1.790748e-1,1.692267e-1,1.702939e-1,1.680462e-1,1.758691e-1,3.733240e-1,3.471738e-1,3.281801e-1,3.225104e-1,3.234418e-1,3.233244e-1,3.214225e-1,3.195650e-1,3.125749e-1,2.218464e-1,2.079889e-1,2.105599e-1,2.143264e-1,2.051127e-1,2.085414e-1,2.028445e-1,3.810403e-1,2.984195e-1,2.865127e-1,2.859807e-1,2.802364e-1,2.939176e-1,2.790143e-1,2.900240e-1]},{"variance_ratio":0.850,"d_res":0,"d_eff":21,"mean_mse":7.459045e-1,"min_mse":4.300922e-1,"max_mse":1.213549e0,"inflation_over_baseline":2.991151,