{"n_vecs":32768,"dim":128,"n_blocks":64,"block_size":512,"baseline_mse":1.388745e-1,"cells":[{"variance_ratio":0.950,"d_res":0,"d_eff":49,"mean_mse":1.388745e-1,"min_mse":3.954192e-2,"max_mse":1.942445e-1,"inflation_over_baseline":1.000000,"per_block_mses":[1.531486e-1,1.363636e-1,1.349608e-1,1.363292e-1,1.349817e-1,1.370265e-1,1.353990e-1,1.375317e-1,1.903094e-1,1.871454e-1,1.839868e-1,1.839411e-1,1.860869e-1,1.880050e-1,1.896994e-1,1.829253e-1,1.942445e-1,1.801933e-1,1.842969e-1,1.834772e-1,1.768193e-1,1.783002e-1,1.795269e-1,1.812005e-1,1.400461e-1,1.349709e-1,1.327634e-1,1.341668e-1,1.326107e-1,1.340994e-1,1.327864e-1,1.346131e-1,1.730733e-1,1.597425e-1,1.579585e-1,1.596998e-1,1.594629e-1,1.609725e-1,1.599759e-1,1.614738e-1,1.188196e-1,9.957612e-2,9.738016e-2,9.838898e-2,9.820561e-2,9.832185e-2,9.759425e-2,9.845912e-2,4.746569e-2,4.145221e-2,3.954192e-2,3.986091e-2,3.966018e-2,4.003917e-2,3.990911e-2,4.022598e-2,1.836741e-1,1.648473e-1,1.641889e-1,1.592545e-1,1.658737e-1,1.612856e-1,1.667790e-1,1.628492e-1]},{"variance_ratio":0.950,"d_res":2,"d_eff":49,"mean_mse":1.146794e-1,"min_mse":3.264451e-2,"max_mse":1.615572e-1,"inflation_over_baseline":0.825777,"per_block_mses":[1.281687e-1,1.138470e-1,1.125687e-1,1.136426e-1,1.123117e-1,1.137954e-1,1.121265e-1,1.138415e-1,1.555330e-1,1.539976e-1,1.516386e-1,1.508426e-1,1.535658e-1,1.544779e-1,1.567334e-1,1.501176e-1,1.615572e-1,1.509360e-1,1.548336e-1,1.539163e-1,1.481998e-1,1.495273e-1,1.504597e-1,1.521370e-1,1.147527e-1,1.116181e-1,1.098557e-1,1.100981e-1,1.089956e-1,1.098920e-1,1.089202e-1,1.096137e-1,1.428341e-1,1.305502e-1,1.288267e-1,1.301091e-1,1.294024e-1,1.307762e-1,1.297791e-1,1.314591e-1,9.952692e-2,8.166517e-2,8.046823e-2,8.115965e-2,8.145480e-2,8.084965e-2,8.066153e-2,8.107617e-2,3.912933e-2,3.388432e-2,3.264451e-2,3.269460e-2,3.278013e-2,3.295440e-2,3.299386e-2,3.314855e-2,1.507529e-1,1.362506e-1,1.357139e-1,1.315975e-1,1.370581e-1,1.333079e-1,1.372188e-1,1.342286e-1]},{"variance_ratio":0.950,"d_res":4,"d_eff":49,"mean_mse":1.002704e-1,"min_mse":2.839943e-2,"max_mse":1.408033e-1,"inflation_over_baseline":0.722022,"per_block_mses":[1.125519e-1,1.002393e-1,9.902360e-2,9.990600e-2,9.876883e-2,1.000412e-1,9.847717e-2,1.000238e-1,1.348159e-1,1.341430e-1,1.325453e-1,1.314370e-1,1.339827e-1,1.349193e-1,1.369927e-1,1.308348e-1,1.408033e-1,1.328882e-1,1.364116e-1,1.353390e-1,1.302690e-1,1.314369e-1,1.323118e-1,1.338210e-1,1.003235e-1,9.802313e-2,9.629653e-2,9.619979e-2,9.534547e-2,9.599297e-2,9.513748e-2,9.539797e-2,1.253364e-1,1.138257e-1,1.117866e-1,1.133729e-1,1.124352e-1,1.135882e-1,1.129992e-1,1.145535e-1,8.767258e-2,7.126963e-2,7.032542e-2,7.093616e-2,7.146194e-2,7.073878e-2,7.064854e-2,7.101268e-2,3.420456e-2,2.941436e-2,2.845110e-2,2.839943e-2,2.855239e-2,2.864785e-2,2.874815e-2,2.878288e-2,1.307787e-1,1.188410e-1,1.184239e-1,1.148591e-1,1.195300e-1,1.163324e-1,1.195328e-1,1.171440e-1]},{"variance_ratio":0.950,"d_res":8,"d_eff":49,"mean_mse":8.026919e-2,"min_mse":2.249104e-2,"max_mse":1.113285e-1,"inflation_over_baseline":0.577998,"per_block_mses":[9.066112e-2,8.120345e-2,7.999491e-2,8.088275e-2,8.003869e-2,8.081751e-2,7.962385e-2,8.053995e-2,1.061616e-1,1.068717e-1,1.058789e-1,1.047455e-1,1.071320e-1,1.076235e-1,1.096185e-1,1.041994e-1,1.113285e-1,1.067887e-1,1.095309e-1,1.084666e-1,1.046423e-1,1.055569e-1,1.063898e-1,1.074166e-1,8.059339e-2,7.889972e-2,7.751186e-2,7.696585e-2,7.640988e-2,7.676777e-2,7.611107e-2,7.599677e-2,1.005825e-1,9.081831e-2,8.899585e-2,9.056107e-2,8.964929e-2,9.046801e-2,9.022032e-2,9.133554e-2,7.091194e-2,5.727939e-2,5.652887e-2,5.695028e-2,5.769606e-2,5.675200e-2,5.684429e-2,5.710293e-2,2.723205e-2,2.326797e-2,2.256860e-2,2.249104e-2,2.267165e-2,2.275476e-2,2.287099e-2,2.281287e-2,1.035724e-1,9.481089e-2,9.465441e-2,9.181810e-2,9.553506e-2,9.289449e-2,9.550088e-2,9.370527e-2]},{"variance_ratio":0.900,"d_res":0,"d_eff":34,"mean_mse":2.760005e-1,"min_mse":7.847950e-2,"max_mse":3.811844e-1,"inflation_over_baseline":1.987410,"per_block_mses":[3.063041e-1,2.776706e-1,2.765422e-1,2.691810e-1,2.767118e-1,2.714547e-1,2.784034e-1,2.730615e-1,3.811844e-1,3.659629e-1,3.757062e-1,3.769140e-1,3.555968e-1,3.575633e-1,3.610175e-1,3.633109e-1,3.794389e-1,3.596569e-1,3.655559e-1,3.665401e-1,3.690474e-1,3.445314e-1,3.454312e-1,3.477706e-1,2.761877e-1,2.668498e-1,2.653729e-1,2.689432e-1,2.665552e-1,2.698677e-1,2.678725e-1,2.587178e-1,3.542156e-1,3.178686e-1,3.158057e-1,3.175019e-1,3.186631e-1,3.201284e-1,3.184670e-1,3.206995e-1,2.418322e-1,1.960518e-1,1.996281e-1,1.945118e-1,1.932907e-1,1.942153e-1,1.935020e-1,1.942997e-1,9.294104e-2,8.182939e-2,7.847950e-2,8.198116e-2,7.861665e-2,8.242356e-2,7.889060e-2,8.254254e-2,3.638492e-1,3.268124e-1,3.292085e-1,3.179348e-1,3.201694e-1,3.230172e-1,3.223440e-1,3.273884e-1]},{"variance_ratio":0.900,"d_res":2,"d_eff":34,"mean_mse":2.274829e-1,"min_mse":6.637109e-2,"max_mse":3.078100e-1,"inflation_over_baseline":1.638047,"per_block_mses":[2.582729e-1,2.325489e-1,2.323830e-1,2.259078e-1,2.325138e-1,2.279959e-1,2.335173e-1,2.278276e-1,3.054031e-1,3.008296e-1,3.075231e-1,3.078100e-1,2.905717e-1,2.897055e-1,2.923059e-1,2.945825e-1,3.019304e-1,2.914863e-1,2.975965e-1,2.967784e-1,2.992302e-1,2.758977e-1,2.772848e-1,2.795840e-1,2.281987e-1,2.213093e-1,2.193027e-1,2.222474e-1,2.215658e-1,2.248655e-1,2.221643e-1,2.140602e-1,2.973129e-1,2.607546e-1,2.588817e-1,2.595806e-1,2.607366e-1,2.627556e-1,2.610960e-1,2.622201e-1,2.039467e-1,1.638235e-1,1.679796e-1,1.622261e-1,1.614573e-1,1.616358e-1,1.615361e-1,1.618928e-1,7.844448e-2,6.922194e-2,6.647541e-2,6.882512e-2,6.637109e-2,6.920484e-2,6.672117e-2,6.924644e-2,3.010031e-1,2.710945e-1,2.719612e-1,2.627790e-1,2.657843e-1,2.682974e-1,2.691557e-1,2.732860e-1]},{"variance_ratio":0.900,"d_res":4,"d_eff":34,"mean_mse":1.983093e-1,"min_mse":5.853572e-2,"max_mse":2.683718e-1,"inflation_over_baseline":1.427975,"per_block_mses":[2.282902e-1,2.047125e-1,2.043899e-1,1.987483e-1,2.047774e-1,2.005434e-1,2.052736e-1,1.999640e-1,2.629119e-1,2.617657e-1,2.676019e-1,2.683718e-1,2.533083e-1,2.514255e-1,2.534002e-1,2.555353e-1,2.595068e-1,2.521181e-1,2.577347e-1,2.564589e-1,2.587955e-1,2.374132e-1,2.387904e-1,2.413437e-1,1.991424e-1,1.936402e-1,1.917820e-1,1.943615e-1,1.939045e-1,1.972235e-1,1.942532e-1,1.870049e-1,2.610467e-1,2.264034e-1,2.244621e-1,2.253763e-1,2.262437e-1,2.276325e-1,2.266046e-1,2.269092e-1,1.806188e-1,1.440078e-1,1.481001e-1,1.427499e-1,1.419826e-1,1.422963e-1,1.422255e-1,1.423212e-1,6.916703e-2,6.111767e-2,5.862925e-2,6.047229e-2,5.853572e-2,6.080162e-2,5.880642e-2,6.082346e-2,2.612804e-1,2.357983e-1,2.364165e-1,2.279649e-1,2.317060e-1,2.334724e-1,2.349658e-1,2.383624e-1]},{"variance_ratio":0.900,"d_res":8,"d_eff":34,"mean_mse":1.583382e-1,"min_mse":4.724319e-2,"max_mse":2.139281e-1,"inflation_over_baseline":1.140153,"per_block_mses":[1.857659e-1,1.652163e-1,1.647652e-1,1.603752e-1,1.656281e-1,1.613514e-1,1.657082e-1,1.609869e-1,2.059228e-1,2.081755e-1,2.134786e-1,2.139281e-1,2.019214e-1,1.997561e-1,2.013195e-1,2.032866e-1,2.035418e-1,1.997543e-1,2.059868e-1,2.036303e-1,2.064243e-1,1.876027e-1,1.888289e-1,1.911840e-1,1.593368e-1,1.548145e-1,1.536118e-1,1.552376e-1,1.555389e-1,1.579084e-1,1.553367e-1,1.495468e-1,2.104152e-1,1.796985e-1,1.778410e-1,1.786718e-1,1.793034e-1,1.805055e-1,1.798968e-1,1.796601e-1,1.474359e-1,1.165470e-1,1.199854e-1,1.153766e-1,1.151128e-1,1.151926e-1,1.149991e-1,1.148117e-1,5.577250e-2,4.938916e-2,4.724319e-2,4.867955e-2,4.725241e-2,4.889771e-2,4.743418e-2,4.897358e-2,2.072805e-1,1.870532e-1,1.872706e-1,1.806113e-1,1.848127e-1,1.851273e-1,1.870349e-1,1.894875e-1]},{"variance_ratio":0.850,"d_res":0,"d_eff":26,"mean_mse":4.070914e-1,"min_mse":1.194301e-1,"max_mse":5.606611e-1,"inflation_over_baseline":2.931362,