{"n_vecs":32768,"dim":128,"n_blocks":64,"block_size":512,"baseline_mse":1.783828e-1,"cells":[{"variance_ratio":0.950,"d_res":0,"d_eff":56,"mean_mse":1.783828e-1,"min_mse":9.788068e-2,"max_mse":2.336686e-1,"inflation_over_baseline":1.000000,"per_block_mses":[1.519467e-1,1.501375e-1,1.511268e-1,1.505188e-1,1.581054e-1,1.571584e-1,1.582299e-1,1.572111e-1,1.845665e-1,1.775441e-1,1.845040e-1,1.845929e-1,1.832257e-1,1.837202e-1,1.827187e-1,1.834857e-1,1.025222e-1,9.812206e-2,1.021612e-1,9.865097e-2,1.021122e-1,9.886161e-2,9.788068e-2,9.894435e-2,2.002982e-1,1.997734e-1,1.997826e-1,2.000281e-1,2.002439e-1,1.996630e-1,2.004325e-1,1.995791e-1,1.630335e-1,1.669808e-1,1.675969e-1,1.682427e-1,1.681406e-1,1.687156e-1,1.685663e-1,1.692397e-1,1.881239e-1,1.925056e-1,1.935980e-1,1.863791e-1,1.945601e-1,1.949708e-1,1.951968e-1,1.953218e-1,1.851313e-1,1.976028e-1,1.998908e-1,2.005151e-1,2.010248e-1,2.016330e-1,2.016537e-1,2.022620e-1,2.261694e-1,2.281156e-1,2.318578e-1,2.305359e-1,2.332933e-1,2.314911e-1,2.336686e-1,2.326350e-1]},{"variance_ratio":0.950,"d_res":2,"d_eff":56,"mean_mse":1.510548e-1,"min_mse":8.282747e-2,"max_mse":1.978408e-1,"inflation_over_baseline":0.846801,"per_block_mses":[1.276278e-1,1.261475e-1,1.270610e-1,1.264681e-1,1.327882e-1,1.323586e-1,1.327922e-1,1.321844e-1,1.550062e-1,1.500412e-1,1.552060e-1,1.556802e-1,1.542213e-1,1.548829e-1,1.543602e-1,1.543034e-1,8.671308e-2,8.306033e-2,8.645805e-2,8.343740e-2,8.664803e-2,8.382014e-2,8.282747e-2,8.392117e-2,1.708521e-1,1.704803e-1,1.703789e-1,1.712293e-1,1.706461e-1,1.712323e-1,1.711104e-1,1.705971e-1,1.372563e-1,1.398745e-1,1.412230e-1,1.411815e-1,1.417493e-1,1.418110e-1,1.422111e-1,1.424972e-1,1.596236e-1,1.632342e-1,1.644408e-1,1.576818e-1,1.651190e-1,1.659811e-1,1.657720e-1,1.660422e-1,1.580315e-1,1.685130e-1,1.703779e-1,1.711541e-1,1.716877e-1,1.723212e-1,1.721864e-1,1.723274e-1,1.915917e-1,1.925519e-1,1.960161e-1,1.944294e-1,1.970947e-1,1.949389e-1,1.978408e-1,1.962036e-1]},{"variance_ratio":0.950,"d_res":4,"d_eff":56,"mean_mse":1.336450e-1,"min_mse":7.319138e-2,"max_mse":1.749743e-1,"inflation_over_baseline":0.749203,"per_block_mses":[1.123114e-1,1.111803e-1,1.120406e-1,1.114802e-1,1.171721e-1,1.168106e-1,1.170164e-1,1.165189e-1,1.360107e-1,1.322228e-1,1.363641e-1,1.367808e-1,1.355720e-1,1.363623e-1,1.357282e-1,1.356384e-1,7.666323e-2,7.338368e-2,7.642036e-2,7.383285e-2,7.667094e-2,7.402841e-2,7.319138e-2,7.415964e-2,1.514426e-1,1.513733e-1,1.511539e-1,1.522945e-1,1.513811e-1,1.522914e-1,1.520032e-1,1.515526e-1,1.211653e-1,1.231904e-1,1.246886e-1,1.246159e-1,1.249589e-1,1.252553e-1,1.255734e-1,1.255045e-1,1.416667e-1,1.449879e-1,1.457323e-1,1.398116e-1,1.463755e-1,1.475875e-1,1.472284e-1,1.475890e-1,1.403299e-1,1.496979e-1,1.513712e-1,1.519483e-1,1.528731e-1,1.531465e-1,1.532847e-1,1.531721e-1,1.695086e-1,1.700600e-1,1.730711e-1,1.721603e-1,1.742595e-1,1.727600e-1,1.749743e-1,1.736753e-1]},{"variance_ratio":0.950,"d_res":8,"d_eff":56,"mean_mse":1.085797e-1,"min_mse":5.949247e-2,"max_mse":1.420198e-1,"inflation_over_baseline":0.608689,"per_block_mses":[9.057456e-2,8.965493e-2,9.048778e-2,8.987803e-2,9.450313e-2,9.452279e-2,9.439773e-2,9.402442e-2,1.091491e-1,1.064428e-1,1.095765e-1,1.100467e-1,1.090796e-1,1.098379e-1,1.092289e-1,1.089440e-1,6.221468e-2,5.960195e-2,6.199201e-2,6.003202e-2,6.233464e-2,6.006418e-2,5.949247e-2,6.016805e-2,1.230469e-1,1.235504e-1,1.230413e-1,1.244159e-1,1.233594e-1,1.245179e-1,1.239780e-1,1.237363e-1,9.838996e-2,9.987169e-2,1.011297e-1,1.010105e-1,1.012001e-1,1.018052e-1,1.019284e-1,1.016843e-1,1.163944e-1,1.187836e-1,1.190018e-1,1.144700e-1,1.195382e-1,1.209366e-1,1.206734e-1,1.208915e-1,1.145871e-1,1.224925e-1,1.237771e-1,1.241452e-1,1.252061e-1,1.253301e-1,1.256459e-1,1.251574e-1,1.372789e-1,1.378240e-1,1.398276e-1,1.396434e-1,1.411579e-1,1.403810e-1,1.420198e-1,1.410232e-1]},{"variance_ratio":0.900,"d_res":0,"d_eff":39,"mean_mse":3.539997e-1,"min_mse":2.002155e-1,"max_mse":4.672418e-1,"inflation_over_baseline":1.984494,"per_block_mses":[3.116219e-1,3.113313e-1,3.109033e-1,3.112099e-1,3.107903e-1,3.101931e-1,3.110809e-1,3.101749e-1,3.663871e-1,3.561175e-1,3.524522e-1,3.534395e-1,3.500072e-1,3.518128e-1,3.489819e-1,3.510915e-1,2.010253e-1,2.016395e-1,2.002462e-1,2.023650e-1,2.002155e-1,2.028382e-1,2.006244e-1,2.031718e-1,3.918303e-1,3.898174e-1,3.918041e-1,4.040530e-1,3.923214e-1,4.032203e-1,3.925203e-1,4.031421e-1,3.178005e-1,3.378236e-1,3.255871e-1,3.276273e-1,3.267004e-1,3.288160e-1,3.272844e-1,3.295909e-1,3.758061e-1,3.733066e-1,3.873404e-1,3.766739e-1,3.892336e-1,3.914183e-1,3.769324e-1,3.921653e-1,3.692558e-1,3.959561e-1,3.978941e-1,4.013472e-1,4.004228e-1,4.035704e-1,4.017380e-1,4.046992e-1,4.495586e-1,4.582724e-1,4.623425e-1,4.633731e-1,4.655839e-1,4.651862e-1,4.670005e-1,4.672418e-1]},{"variance_ratio":0.900,"d_res":2,"d_eff":39,"mean_mse":2.987617e-1,"min_mse":1.714154e-1,"max_mse":3.903659e-1,"inflation_over_baseline":1.674835,"per_block_mses":[2.659636e-1,2.654903e-1,2.645540e-1,2.648932e-1,2.645864e-1,2.641607e-1,2.642338e-1,2.641550e-1,2.943539e-1,2.851938e-1,2.829817e-1,2.827636e-1,2.804691e-1,2.813193e-1,2.810963e-1,2.813259e-1,1.717329e-1,1.721872e-1,1.714154e-1,1.730213e-1,1.714368e-1,1.735533e-1,1.719637e-1,1.735068e-1,3.354214e-1,3.338273e-1,3.348883e-1,3.456693e-1,3.355267e-1,3.451613e-1,3.360041e-1,3.455795e-1,2.696169e-1,2.874616e-1,2.760503e-1,2.784391e-1,2.770610e-1,2.798160e-1,2.771561e-1,2.803175e-1,3.211283e-1,3.182160e-1,3.306752e-1,3.216836e-1,3.321601e-1,3.339894e-1,3.213926e-1,3.340802e-1,3.164076e-1,3.380839e-1,3.396892e-1,3.425700e-1,3.420846e-1,3.445050e-1,3.429379e-1,3.446405e-1,3.748817e-1,3.830682e-1,3.879360e-1,3.877806e-1,3.889216e-1,3.891749e-1,3.900233e-1,3.903659e-1]},{"variance_ratio":0.900,"d_res":4,"d_eff":39,"mean_mse":2.646665e-1,"min_mse":1.524177e-1,"max_mse":3.445693e-1,"inflation_over_baseline":1.483699,"per_block_mses":[2.366069e-1,2.359731e-1,2.350250e-1,2.351073e-1,2.354070e-1,2.349035e-1,2.346861e-1,2.347185e-1,2.558052e-1,2.476439e-1,2.462500e-1,2.462296e-1,2.440691e-1,2.446439e-1,2.448190e-1,2.446895e-1,1.526020e-1,1.529955e-1,1.524177e-1,1.538587e-1,1.524707e-1,1.545520e-1,1.531270e-1,1.542996e-1,2.987927e-1,2.974754e-1,2.980349e-1,3.081562e-1,2.981371e-1,3.077976e-1,2.991065e-1,3.077980e-1,2.386106e-1,2.549666e-1,2.446716e-1,2.468921e-1,2.457587e-1,2.489420e-1,2.457497e-1,2.488517e-1,2.861572e-1,2.832165e-1,2.949976e-1,2.862318e-1,2.959713e-1,2.974312e-1,2.861714e-1,2.973919e-1,2.818004e-1,3.004722e-1,3.017821e-1,3.044663e-1,3.040634e-1,3.064614e-1,3.051000e-1,3.067164e-1,3.307119e-1,3.382384e-1,3.417685e-1,3.421876e-1,3.424496e-1,3.437801e-1,3.438748e-1,3.445693e-1]},{"variance_ratio":0.900,"d_res":8,"d_eff":39,"mean_mse":2.159386e-1,"min_mse":1.248162e-1,"max_mse":2.796364e-1,"inflation_over_baseline":1.210535,"per_block_mses":[1.941756e-1,1.933963e-1,1.922634e-1,1.920068e-1,1.928429e-1,1.925486e-1,1.917264e-1,1.918881e-1,2.038518e-1,1.978297e-1,1.964261e-1,1.971243e-1,1.949839e-1,1.955732e-1,1.958765e-1,1.956639e-1,1.248162e-1,1.252547e-1,1.248752e-1,1.259483e-1,1.249729e-1,1.268336e-1,1.256268e-1,1.265543e-1,2.449821e-1,2.442841e-1,2.442265e-1,2.529313e-1,2.439342e-1,2.530164e-1,2.451523e-1,2.526168e-1,1.946574e-1,2.081667e-1,1.999903e-1,2.017870e-1,2.006649e-1,2.038189e-1,2.006547e-1,2.030710e-1,2.352853e-1,2.330545e-1,2.429055e-1,2.351869e-1,2.433980e-1,2.444141e-1,2.356287e-1,2.444094e-1,2.303476e-1,2.461897e-1,2.471361e-1,2.495782e-1,2.493043e-1,2.514669e-1,2.500055e-1,2.517205e-1,2.686763e-1,2.747516e-1,2.763699e-1,2.780022e-1,2.769140e-1,2.796364e-1,2.791303e-1,2.795450e-1]},{"variance_ratio":0.850,"d_res":0,"d_eff":29,"mean_mse":5.294634e-1,"min_mse":2.949756e-1,"max_mse":6.955103e-1,"inflation_over_baseline":2.968130,