{"n_vecs":32768,"dim":128,"n_blocks":64,"block_size":512,"baseline_mse":1.009024e-1,"cells":[{"variance_ratio":0.950,"d_res":0,"d_eff":54,"mean_mse":1.009024e-1,"min_mse":6.416957e-2,"max_mse":1.402749e-1,"inflation_over_baseline":1.000000,"per_block_mses":[6.619044e-2,6.533476e-2,6.489895e-2,6.593423e-2,6.492338e-2,6.595396e-2,6.529412e-2,6.622097e-2,6.584776e-2,6.532504e-2,6.416957e-2,6.556892e-2,6.445688e-2,6.531190e-2,6.463555e-2,6.489572e-2,9.561709e-2,9.375239e-2,9.312272e-2,9.447176e-2,9.279906e-2,9.431323e-2,9.305898e-2,9.441347e-2,1.188611e-1,1.161502e-1,1.156176e-1,1.167070e-1,1.161327e-1,1.171980e-1,1.164057e-1,1.170819e-1,1.047752e-1,1.027264e-1,9.983876e-2,1.004488e-1,1.005834e-1,1.013126e-1,1.015880e-1,1.021181e-1,1.105408e-1,1.040291e-1,1.038553e-1,1.054895e-1,1.044894e-1,1.060545e-1,1.053234e-1,1.065106e-1,1.252236e-1,1.191659e-1,1.191174e-1,1.196633e-1,1.195370e-1,1.198309e-1,1.199874e-1,1.200487e-1,1.338209e-1,1.355742e-1,1.383786e-1,1.398793e-1,1.385971e-1,1.402749e-1,1.387793e-1,1.395229e-1]},{"variance_ratio":0.950,"d_res":2,"d_eff":54,"mean_mse":8.390138e-2,"min_mse":5.304353e-2,"max_mse":1.157256e-1,"inflation_over_baseline":0.831511,"per_block_mses":[5.539772e-2,5.438171e-2,5.392495e-2,5.491799e-2,5.400968e-2,5.490320e-2,5.420884e-2,5.513551e-2,5.542641e-2,5.385838e-2,5.304353e-2,5.399615e-2,5.353945e-2,5.383048e-2,5.355416e-2,5.368149e-2,7.960353e-2,7.761817e-2,7.725695e-2,7.835150e-2,7.715495e-2,7.789956e-2,7.738583e-2,7.822099e-2,9.948065e-2,9.640152e-2,9.520456e-2,9.669885e-2,9.568237e-2,9.695031e-2,9.590346e-2,9.673056e-2,8.895872e-2,8.661620e-2,8.451973e-2,8.483613e-2,8.506696e-2,8.543250e-2,8.578836e-2,8.604988e-2,9.216872e-2,8.611714e-2,8.554695e-2,8.727389e-2,8.631509e-2,8.760284e-2,8.689718e-2,8.805190e-2,1.049841e-1,9.978636e-2,9.987991e-2,1.002051e-1,9.999938e-2,9.998417e-2,1.000568e-1,1.003036e-1,1.116895e-1,1.118587e-1,1.145796e-1,1.151833e-1,1.148329e-1,1.157256e-1,1.143461e-1,1.146776e-1]},{"variance_ratio":0.950,"d_res":4,"d_eff":54,"mean_mse":7.359359e-2,"min_mse":4.631825e-2,"max_mse":1.015093e-1,"inflation_over_baseline":0.729355,"per_block_mses":[4.880942e-2,4.782081e-2,4.732301e-2,4.824996e-2,4.736246e-2,4.822422e-2,4.767535e-2,4.839920e-2,4.880554e-2,4.706977e-2,4.631825e-2,4.719473e-2,4.683490e-2,4.710755e-2,4.689986e-2,4.705670e-2,6.975831e-2,6.757268e-2,6.745154e-2,6.838043e-2,6.742784e-2,6.793731e-2,6.764793e-2,6.820961e-2,8.733563e-2,8.466527e-2,8.346469e-2,8.465380e-2,8.363744e-2,8.492280e-2,8.399035e-2,8.471485e-2,7.887477e-2,7.669386e-2,7.488785e-2,7.502565e-2,7.537947e-2,7.550828e-2,7.600380e-2,7.592840e-2,8.051338e-2,7.489630e-2,7.437043e-2,7.598302e-2,7.512442e-2,7.626491e-2,7.578584e-2,7.669748e-2,9.239171e-2,8.784750e-2,8.798944e-2,8.816671e-2,8.820409e-2,8.797511e-2,8.810405e-2,8.813606e-2,9.821486e-2,9.783883e-2,1.003742e-1,1.010703e-1,1.006525e-1,1.015093e-1,1.003230e-1,1.003319e-1]},{"variance_ratio":0.950,"d_res":8,"d_eff":54,"mean_mse":5.905730e-2,"min_mse":3.701452e-2,"max_mse":8.155939e-2,"inflation_over_baseline":0.585292,"per_block_mses":[3.925564e-2,3.840807e-2,3.789201e-2,3.867836e-2,3.803012e-2,3.874240e-2,3.829436e-2,3.885183e-2,3.940352e-2,3.768491e-2,3.701452e-2,3.773951e-2,3.753840e-2,3.770144e-2,3.764009e-2,3.771259e-2,5.571983e-2,5.361317e-2,5.369687e-2,5.426401e-2,5.372723e-2,5.402929e-2,5.395692e-2,5.422059e-2,7.044862e-2,6.813188e-2,6.710071e-2,6.807120e-2,6.704752e-2,6.822798e-2,6.730878e-2,6.821463e-2,6.430757e-2,6.237736e-2,6.088807e-2,6.090544e-2,6.148004e-2,6.132019e-2,6.185687e-2,6.153618e-2,6.400516e-2,5.935772e-2,5.873503e-2,6.020198e-2,5.946840e-2,6.052850e-2,6.016595e-2,6.089005e-2,7.432100e-2,7.076003e-2,7.093055e-2,7.106971e-2,7.111525e-2,7.092470e-2,7.098332e-2,7.097054e-2,7.889602e-2,7.847061e-2,8.053062e-2,8.133043e-2,8.064811e-2,8.155939e-2,8.043276e-2,8.033263e-2]},{"variance_ratio":0.900,"d_res":0,"d_eff":38,"mean_mse":2.007941e-1,"min_mse":1.274849e-1,"max_mse":2.877564e-1,"inflation_over_baseline":1.989985,"per_block_mses":[1.302736e-1,1.282284e-1,1.285386e-1,1.296205e-1,1.287037e-1,1.293762e-1,1.286001e-1,1.296991e-1,1.321137e-1,1.322317e-1,1.319352e-1,1.342118e-1,1.274849e-1,1.285015e-1,1.277438e-1,1.287490e-1,1.939500e-1,1.838282e-1,1.819801e-1,1.846455e-1,1.822819e-1,1.837070e-1,1.820827e-1,1.841719e-1,2.357869e-1,2.311320e-1,2.314039e-1,2.334600e-1,2.325411e-1,2.342518e-1,2.332585e-1,2.339603e-1,2.028405e-1,2.018404e-1,2.032949e-1,2.063141e-1,2.056470e-1,1.995888e-1,1.997124e-1,2.009690e-1,2.125854e-1,2.076574e-1,2.072569e-1,2.091442e-1,2.071525e-1,2.101250e-1,2.082479e-1,2.110879e-1,2.459924e-1,2.429467e-1,2.409389e-1,2.345163e-1,2.431773e-1,2.355656e-1,2.337044e-1,2.358467e-1,2.671301e-1,2.762042e-1,2.727742e-1,2.746486e-1,2.857333e-1,2.757242e-1,2.862474e-1,2.877564e-1]},{"variance_ratio":0.900,"d_res":2,"d_eff":38,"mean_mse":1.687443e-1,"min_mse":1.072233e-1,"max_mse":2.421430e-1,"inflation_over_baseline":1.672353,"per_block_mses":[1.086036e-1,1.073548e-1,1.075886e-1,1.082469e-1,1.077197e-1,1.081826e-1,1.074580e-1,1.086253e-1,1.102541e-1,1.106522e-1,1.105759e-1,1.124273e-1,1.072233e-1,1.080019e-1,1.073058e-1,1.082723e-1,1.609375e-1,1.548077e-1,1.532800e-1,1.550329e-1,1.537524e-1,1.535495e-1,1.518055e-1,1.526748e-1,1.988590e-1,1.953622e-1,1.957268e-1,1.973186e-1,1.964544e-1,1.971850e-1,1.968678e-1,1.974435e-1,1.728256e-1,1.706534e-1,1.723870e-1,1.743615e-1,1.741742e-1,1.679376e-1,1.684287e-1,1.692596e-1,1.756801e-1,1.732543e-1,1.726471e-1,1.746162e-1,1.725179e-1,1.751704e-1,1.731640e-1,1.757067e-1,2.072769e-1,2.052591e-1,2.033538e-1,1.984417e-1,2.052188e-1,1.991839e-1,1.970955e-1,1.990362e-1,2.257235e-1,2.325921e-1,2.284472e-1,2.315133e-1,2.399125e-1,2.322108e-1,2.398959e-1,2.421430e-1]},{"variance_ratio":0.900,"d_res":4,"d_eff":38,"mean_mse":1.488420e-1,"min_mse":9.427391e-2,"max_mse":2.139992e-1,"inflation_over_baseline":1.475110,"per_block_mses":[9.616912e-2,9.461488e-2,9.499649e-2,9.539984e-2,9.509060e-2,9.543057e-2,9.472937e-2,9.581806e-2,9.709998e-2,9.679588e-2,9.705051e-2,9.874134e-2,9.427391e-2,9.499126e-2,9.433425e-2,9.523477e-2,1.411582e-1,1.363472e-1,1.350175e-1,1.360489e-1,1.357176e-1,1.346385e-1,1.333145e-1,1.338021e-1,1.761675e-1,1.728145e-1,1.733380e-1,1.748326e-1,1.741154e-1,1.746189e-1,1.745826e-1,1.747817e-1,1.536289e-1,1.514630e-1,1.532479e-1,1.544903e-1,1.547832e-1,1.485968e-1,1.492851e-1,1.496545e-1,1.536988e-1,1.513808e-1,1.509740e-1,1.526916e-1,1.509322e-1,1.533107e-1,1.514447e-1,1.538186e-1,1.828818e-1,1.813074e-1,1.795606e-1,1.753155e-1,1.812200e-1,1.761547e-1,1.739267e-1,1.758956e-1,1.995330e-1,2.054584e-1,2.015610e-1,2.045315e-1,2.119656e-1,2.052492e-1,2.118621e-1,2.139992e-1]},{"variance_ratio":0.900,"d_res":8,"d_eff":38,"mean_mse":1.205402e-1,"min_mse":7.581856e-2,"max_mse":1.737442e-1,"inflation_over_baseline":1.194622,"per_block_mses":[7.832641e-2,7.676276e-2,7.720465e-2,7.729698e-2,7.728108e-2,7.755954e-2,7.697964e-2,7.767827e-2,7.836802e-2,7.768267e-2,7.782138e-2,7.933611e-2,7.581856e-2,7.648819e-2,7.591134e-2,7.672191e-2,1.129967e-1,1.098451e-1,1.088379e-1,1.092921e-1,1.096385e-1,1.081260e-1,1.071752e-1,1.071685e-1,1.435471e-1,1.407195e-1,1.413660e-1,1.424614e-1,1.419482e-1,1.426932e-1,1.427605e-1,1.427721e-1,1.258117e-1,1.240192e-1,1.254334e-1,1.261471e-1,1.266719e-1,1.212682e-1,1.218757e-1,1.218532e-1,1.228930e-1,1.207483e-1,1.207454e-1,1.221027e-1,1.208990e-1,1.228455e-1,1.212165e-1,1.231832e-1,1.480402e-1,1.467890e-1,1.455587e-1,1.421161e-1,1.468942e-1,1.428326e-1,1.412335e-1,1.426428e-1,1.621408e-1,1.668033e-1,1.635825e-1,1.657858e-1,1.716785e-1,1.665066e-1,1.719241e-1,1.737442e-1]},{"variance_ratio":0.850,"d_res":0,"d_eff":29,"mean_mse":3.010157e-1,"min_mse":1.916715e-1,"max_mse":4.203527e-1,"inflation_over_baseline":2.983238,