{"n_vecs":32768,"dim":128,"n_blocks":64,"block_size":512,"baseline_mse":1.703620e0,"cells":[{"variance_ratio":0.950,"d_res":0,"d_eff":10,"mean_mse":1.703620e0,"min_mse":2.494803e-1,"max_mse":3.449684e0,"inflation_over_baseline":1.000000,"per_block_mses":[1.596566e0,1.595432e0,1.596973e0,1.593481e0,1.596548e0,1.592948e0,1.599349e0,1.593257e0,2.498421e-1,2.629427e-1,2.494803e-1,2.628331e-1,2.497043e-1,2.624962e-1,2.498749e-1,2.624438e-1,2.990556e0,2.977134e0,2.996830e0,2.973212e0,3.001879e0,2.964670e0,3.010218e0,2.966699e0,1.881807e0,1.876952e0,1.881026e0,1.877543e0,1.882504e0,1.984184e0,1.882540e0,1.984210e0,1.022676e0,1.034186e0,1.022185e0,1.033269e0,1.023335e0,1.032259e0,1.022997e0,1.033275e0,4.948679e-1,4.716675e-1,4.931850e-1,4.719735e-1,4.938075e-1,4.718870e-1,4.931524e-1,4.715488e-1,3.432925e0,3.434134e0,3.438069e0,3.424970e0,3.438430e0,3.425162e0,3.449684e0,3.425451e0,1.940818e0,1.941890e0,1.941028e0,1.940287e0,1.941516e0,1.939252e0,1.945566e0,1.940072e0]},{"variance_ratio":0.950,"d_res":2,"d_eff":10,"mean_mse":1.315890e0,"min_mse":2.078536e-1,"max_mse":2.545830e0,"inflation_over_baseline":0.772408,"per_block_mses":[1.272524e0,1.275440e0,1.274382e0,1.265511e0,1.262679e0,1.258254e0,1.276747e0,1.258280e0,2.079710e-1,2.199626e-1,2.078536e-1,2.201175e-1,2.081746e-1,2.193768e-1,2.086320e-1,2.196333e-1,2.240433e0,2.241472e0,2.274723e0,2.263764e0,2.269213e0,2.222114e0,2.255477e0,2.232861e0,1.521181e0,1.524595e0,1.536396e0,1.520179e0,1.527763e0,1.581410e0,1.524268e0,1.581813e0,8.493296e-1,8.543773e-1,8.486046e-1,8.561081e-1,8.483760e-1,8.571616e-1,8.511854e-1,8.567173e-1,4.066042e-1,3.847786e-1,4.048594e-1,3.856836e-1,4.056739e-1,3.851912e-1,4.049473e-1,3.845313e-1,2.490233e0,2.506220e0,2.545830e0,2.541215e0,2.521769e0,2.486304e0,2.499331e0,2.496051e0,1.498886e0,1.495465e0,1.490852e0,1.488884e0,1.502340e0,1.500400e0,1.502108e0,1.493741e0]},{"variance_ratio":0.950,"d_res":4,"d_eff":10,"mean_mse":1.120698e0,"min_mse":1.821683e-1,"max_mse":2.137499e0,"inflation_over_baseline":0.657834,"per_block_mses":[1.086281e0,1.086760e0,1.087027e0,1.077214e0,1.073160e0,1.069017e0,1.090842e0,1.070114e0,1.821705e-1,1.927843e-1,1.821683e-1,1.933689e-1,1.825168e-1,1.921460e-1,1.826966e-1,1.925342e-1,1.884646e0,1.895959e0,1.928656e0,1.921045e0,1.920991e0,1.875286e0,1.900066e0,1.886975e0,1.316586e0,1.321916e0,1.332741e0,1.316489e0,1.324166e0,1.363064e0,1.319774e0,1.364977e0,7.417530e-1,7.468587e-1,7.419521e-1,7.500177e-1,7.437139e-1,7.500000e-1,7.459226e-1,7.500130e-1,3.516050e-1,3.314863e-1,3.487027e-1,3.330862e-1,3.494473e-1,3.325674e-1,3.490136e-1,3.305910e-1,2.085817e0,2.102074e0,2.137499e0,2.137474e0,2.124032e0,2.086990e0,2.091722e0,2.098828e0,1.268840e0,1.270040e0,1.260667e0,1.262039e0,1.274977e0,1.272495e0,1.272376e0,1.267949e0]},{"variance_ratio":0.950,"d_res":8,"d_eff":10,"mean_mse":8.815820e-1,"min_mse":1.454396e-1,"max_mse":1.664469e0,"inflation_over_baseline":0.517476,"per_block_mses":[8.510154e-1,8.513590e-1,8.500848e-1,8.438936e-1,8.400455e-1,8.377235e-1,8.553671e-1,8.363872e-1,1.454396e-1,1.539900e-1,1.455546e-1,1.548025e-1,1.461040e-1,1.534289e-1,1.456538e-1,1.534620e-1,1.480629e0,1.491277e0,1.521197e0,1.510986e0,1.516277e0,1.477340e0,1.496111e0,1.487665e0,1.047341e0,1.052898e0,1.057966e0,1.050085e0,1.054656e0,1.081495e0,1.052177e0,1.081436e0,5.951143e-1,5.996857e-1,5.960743e-1,6.026361e-1,5.981557e-1,6.025639e-1,5.998234e-1,6.027702e-1,2.767190e-1,2.599265e-1,2.728696e-1,2.617364e-1,2.733369e-1,2.608226e-1,2.737231e-1,2.592323e-1,1.622376e0,1.643951e0,1.664469e0,1.661206e0,1.653578e0,1.622444e0,1.628445e0,1.639212e0,9.914737e-1,9.910458e-1,9.851701e-1,9.824536e-1,9.944438e-1,9.968123e-1,9.935847e-1,9.915486e-1]},{"variance_ratio":0.900,"d_res":0,"d_eff":4,"mean_mse":3.240227e0,"min_mse":4.895657e-1,"max_mse":7.051057e0,"inflation_over_baseline":1.901966,"per_block_mses":[2.188797e0,2.174746e0,2.187789e0,2.170670e0,2.187317e0,2.169723e0,2.191320e0,2.170338e0,4.897019e-1,4.966995e-1,4.895657e-1,4.963990e-1,4.898499e-1,4.955079e-1,4.901922e-1,4.952052e-1,6.286378e0,6.280171e0,6.291726e0,6.276773e0,6.305693e0,6.261850e0,6.349764e0,6.241597e0,3.761404e0,3.737480e0,3.762892e0,3.735329e0,3.767959e0,3.738307e0,3.760556e0,3.738149e0,1.957170e0,1.961128e0,1.956214e0,1.959900e0,1.957924e0,1.960242e0,1.957386e0,1.962477e0,9.803984e-1,9.185823e-1,9.782830e-1,9.191902e-1,9.791684e-1,9.199703e-1,9.773779e-1,9.197364e-1,6.955511e0,7.051057e0,6.958807e0,7.037939e0,6.961907e0,7.044525e0,6.995082e0,7.029215e0,3.300730e0,3.300752e0,3.305290e0,3.293572e0,3.307543e0,3.291149e0,3.313773e0,3.282651e0]},{"variance_ratio":0.900,"d_res":2,"d_eff":4,"mean_mse":1.882770e0,"min_mse":3.856648e-1,"max_mse":3.531672e0,"inflation_over_baseline":1.105159,"per_block_mses":[1.557723e0,1.544731e0,1.551617e0,1.554857e0,1.570810e0,1.561255e0,1.562233e0,1.544447e0,3.898432e-1,3.892563e-1,3.856648e-1,3.895486e-1,3.860305e-1,3.920698e-1,3.901697e-1,3.860678e-1,3.064039e0,3.070075e0,3.142391e0,3.112748e0,3.134774e0,3.035656e0,3.090222e0,3.063373e0,2.515893e0,2.504543e0,2.546340e0,2.552783e0,2.561618e0,2.531339e0,2.515043e0,2.504787e0,1.511528e0,1.426593e0,1.500703e0,1.462906e0,1.524052e0,1.469051e0,1.449233e0,1.449328e0,7.755664e-1,7.302873e-1,7.721840e-1,7.300003e-1,7.753920e-1,7.290095e-1,7.738730e-1,7.302141e-1,3.412685e0,3.466905e0,3.514696e0,3.531672e0,3.489573e0,3.425721e0,3.433954e0,3.461154e0,1.807494e0,1.795455e0,1.799849e0,1.801770e0,1.820829e0,1.810753e0,1.814966e0,1.797937e0]},{"variance_ratio":0.900,"d_res":4,"d_eff":4,"mean_mse":1.504534e0,"min_mse":3.275443e-1,"max_mse":2.654720e0,"inflation_over_baseline":0.883140,"per_block_mses":[1.286541e0,1.282024e0,1.284271e0,1.285483e0,1.294369e0,1.290153e0,1.291594e0,1.282891e0,3.312414e-1,3.306278e-1,3.277043e-1,3.304205e-1,3.275443e-1,3.345354e-1,3.323854e-1,3.275847e-1,2.376763e0,2.369664e0,2.417104e0,2.400894e0,2.409473e0,2.351955e0,2.397143e0,2.366320e0,2.060364e0,2.049972e0,2.077598e0,2.073533e0,2.084118e0,2.066492e0,2.061885e0,2.050439e0,1.249436e0,1.175970e0,1.241368e0,1.214874e0,1.266489e0,1.219808e0,1.199684e0,1.201427e0,6.648891e-1,6.255454e-1,6.605095e-1,6.250815e-1,6.644220e-1,6.238546e-1,6.621761e-1,6.246653e-1,2.598529e0,2.614849e0,2.644898e0,2.654720e0,2.623693e0,2.603761e0,2.610198e0,2.611893e0,1.481391e0,1.477217e0,1.476620e0,1.477025e0,1.491666e0,1.484148e0,1.487374e0,1.478903e0]},{"variance_ratio":0.900,"d_res":8,"d_eff":4,"mean_mse":1.126446e0,"min_mse":2.537009e-1,"max_mse":1.930265e0,"inflation_over_baseline":0.661208,"per_block_mses":[9.714395e-1,9.703490e-1,9.727602e-1,9.739942e-1,9.783693e-1,9.780221e-1,9.771271e-1,9.758611e-1,2.563543e-1,2.562351e-1,2.549257e-1,2.557919e-1,2.537009e-1,2.594571e-1,2.573397e-1,2.540231e-1,1.752032e0,1.747571e0,1.776138e0,1.762883e0,1.771845e0,1.743088e0,1.771201e0,1.749714e0,1.554044e0,1.550758e0,1.566327e0,1.560678e0,1.564942e0,1.558196e0,1.556697e0,1.550207e0,9.366715e-1,8.878063e-1,9.325185e-1,9.201618e-1,9.532607e-1,9.295000e-1,9.094650e-1,9.125123e-1,5.149087e-1,4.827817e-1,5.109859e-1,4.829054e-1,5.141041e-1,4.821779e-1,5.111406e-1,4.816970e-1,1.910943e0,1.918149e0,1.930265e0,1.927521e0,1.916497e0,1.913544e0,1.920205e0,1.918305e0,1.121265e0,1.122255e0,1.120859e0,1.119384e0,1.128704e0,1.125798e0,1.126645e0,1.127544e0]},{"variance_ratio":0.850,"d_res":0,"d_eff":2,"mean_mse":3.702939e0,"min_mse":7.511172e-1,"max_mse":7.051057e0,"inflation_over_baseline":2.173571,