{"n_vecs":32768,"dim":128,"n_blocks":64,"block_size":512,"baseline_mse":1.434932e-1,"cells":[{"variance_ratio":0.950,"d_res":0,"d_eff":44,"mean_mse":1.434932e-1,"min_mse":1.145452e-1,"max_mse":2.011404e-1,"inflation_over_baseline":1.000000,"per_block_mses":[2.011404e-1,1.648854e-1,1.607909e-1,1.657286e-1,1.573919e-1,1.574154e-1,1.551959e-1,1.612073e-1,1.648357e-1,1.279439e-1,1.278080e-1,1.219054e-1,1.191112e-1,1.232822e-1,1.202902e-1,1.145452e-1,1.936059e-1,1.560654e-1,1.566473e-1,1.557565e-1,1.536585e-1,1.512562e-1,1.491846e-1,1.556649e-1,1.565450e-1,1.273388e-1,1.293843e-1,1.311459e-1,1.275355e-1,1.272802e-1,1.307360e-1,1.306913e-1,1.906810e-1,1.692569e-1,1.677730e-1,1.660167e-1,1.633176e-1,1.649717e-1,1.678776e-1,1.696461e-1,1.347636e-1,1.215676e-1,1.194927e-1,1.244959e-1,1.203975e-1,1.203857e-1,1.175148e-1,1.179997e-1,1.661256e-1,1.463303e-1,1.504557e-1,1.477938e-1,1.465312e-1,1.457238e-1,1.441501e-1,1.438465e-1,1.444450e-1,1.189499e-1,1.197051e-1,1.217968e-1,1.190948e-1,1.169038e-1,1.202273e-1,1.193507e-1]},{"variance_ratio":0.950,"d_res":2,"d_eff":44,"mean_mse":1.202013e-1,"min_mse":9.541725e-2,"max_mse":1.723243e-1,"inflation_over_baseline":0.837679,"per_block_mses":[1.723243e-1,1.403956e-1,1.360939e-1,1.411946e-1,1.333757e-1,1.338220e-1,1.312452e-1,1.370741e-1,1.393867e-1,1.070694e-1,1.067596e-1,1.014666e-1,9.924892e-2,1.030860e-1,1.005617e-1,9.541725e-2,1.625824e-1,1.304624e-1,1.304172e-1,1.303685e-1,1.282112e-1,1.265562e-1,1.249363e-1,1.305739e-1,1.311741e-1,1.064695e-1,1.075249e-1,1.082564e-1,1.057692e-1,1.054663e-1,1.088406e-1,1.088040e-1,1.598010e-1,1.422933e-1,1.402345e-1,1.388407e-1,1.362579e-1,1.380061e-1,1.406039e-1,1.418515e-1,1.128618e-1,9.982184e-2,9.841474e-2,1.014522e-1,9.847710e-2,9.817111e-2,9.615799e-2,9.629900e-2,1.369689e-1,1.221376e-1,1.255338e-1,1.237145e-1,1.226960e-1,1.224591e-1,1.211654e-1,1.204531e-1,1.221226e-1,1.008529e-1,1.015952e-1,1.036076e-1,1.014047e-1,9.961340e-2,1.024655e-1,1.016116e-1]},{"variance_ratio":0.950,"d_res":4,"d_eff":44,"mean_mse":1.058519e-1,"min_mse":8.350966e-2,"max_mse":1.533192e-1,"inflation_over_baseline":0.737679,"per_block_mses":[1.533192e-1,1.243902e-1,1.206398e-1,1.252429e-1,1.181821e-1,1.186195e-1,1.162981e-1,1.214808e-1,1.232668e-1,9.452751e-2,9.423957e-2,8.958944e-2,8.756571e-2,9.104980e-2,8.870761e-2,8.412274e-2,1.434240e-1,1.145239e-1,1.146602e-1,1.146523e-1,1.127271e-1,1.114707e-1,1.100207e-1,1.149497e-1,1.152997e-1,9.338721e-2,9.426466e-2,9.473841e-2,9.256844e-2,9.212985e-2,9.520883e-2,9.526001e-2,1.410294e-1,1.254164e-1,1.233654e-1,1.222733e-1,1.198850e-1,1.216857e-1,1.236836e-1,1.248529e-1,9.920837e-2,8.696791e-2,8.589066e-2,8.818712e-2,8.571357e-2,8.520883e-2,8.375234e-2,8.350966e-2,1.197968e-1,1.074020e-1,1.105752e-1,1.090000e-1,1.082488e-1,1.080861e-1,1.070332e-1,1.061234e-1,1.078178e-1,8.918094e-2,8.990851e-2,9.172756e-2,8.976667e-2,8.817985e-2,9.066097e-2,8.985418e-2]},{"variance_ratio":0.950,"d_res":8,"d_eff":44,"mean_mse":8.548868e-2,"min_mse":6.623385e-2,"max_mse":1.252071e-1,"inflation_over_baseline":0.595768,"per_block_mses":[1.252071e-1,1.008873e-1,9.809810e-2,1.020802e-1,9.628112e-2,9.666665e-2,9.468751e-2,9.886557e-2,9.997145e-2,7.678346e-2,7.655078e-2,7.282149e-2,7.111183e-2,7.394669e-2,7.210841e-2,6.830401e-2,1.157529e-1,9.245522e-2,9.268117e-2,9.254000e-2,9.095334e-2,9.014005e-2,8.895588e-2,9.285468e-2,9.276540e-2,7.477464e-2,7.534002e-2,7.568539e-2,7.396185e-2,7.356045e-2,7.607131e-2,7.618677e-2,1.139397e-1,1.012139e-1,9.944694e-2,9.873447e-2,9.655354e-2,9.836399e-2,9.995863e-2,1.008861e-1,7.953122e-2,6.923855e-2,6.852799e-2,7.004700e-2,6.820466e-2,6.760344e-2,6.668601e-2,6.623385e-2,9.614919e-2,8.673398e-2,8.983753e-2,8.842889e-2,8.807750e-2,8.794713e-2,8.716730e-2,8.608885e-2,8.707908e-2,7.231769e-2,7.272102e-2,7.434715e-2,7.263543e-2,7.138329e-2,7.340011e-2,7.274074e-2]},{"variance_ratio":0.900,"d_res":0,"d_eff":30,"mean_mse":2.854773e-1,"min_mse":2.278479e-1,"max_mse":3.962435e-1,"inflation_over_baseline":1.989484,"per_block_mses":[3.962435e-1,3.341331e-1,3.269761e-1,3.297308e-1,3.227698e-1,3.128000e-1,3.189752e-1,3.219483e-1,3.213391e-1,2.580972e-1,2.550401e-1,2.437948e-1,2.379983e-1,2.356394e-1,2.409924e-1,2.278479e-1,3.843809e-1,3.100862e-1,3.177136e-1,3.149594e-1,2.950248e-1,3.081148e-1,3.036984e-1,3.028132e-1,3.050078e-1,2.629062e-1,2.591820e-1,2.522341e-1,2.607794e-1,2.604770e-1,2.531633e-1,2.539354e-1,3.771367e-1,3.336418e-1,3.328774e-1,3.297083e-1,3.246046e-1,3.267613e-1,3.338255e-1,3.369131e-1,2.687680e-1,2.404135e-1,2.369484e-1,2.367732e-1,2.416899e-1,2.439565e-1,2.361799e-1,2.391944e-1,3.319760e-1,2.963319e-1,2.939129e-1,2.903512e-1,2.894655e-1,2.899605e-1,2.866059e-1,2.877099e-1,2.789514e-1,2.436918e-1,2.366399e-1,2.325307e-1,2.400697e-1,2.378961e-1,2.328158e-1,2.334452e-1]},{"variance_ratio":0.900,"d_res":2,"d_eff":30,"mean_mse":2.386575e-1,"min_mse":1.900900e-1,"max_mse":3.367467e-1,"inflation_over_baseline":1.663198,"per_block_mses":[3.367467e-1,2.808455e-1,2.746913e-1,2.773274e-1,2.722108e-1,2.633637e-1,2.687090e-1,2.704471e-1,2.690215e-1,2.154553e-1,2.123478e-1,2.034720e-1,1.988794e-1,1.966159e-1,2.016588e-1,1.900900e-1,3.277686e-1,2.621614e-1,2.691180e-1,2.662504e-1,2.498754e-1,2.607707e-1,2.577776e-1,2.564188e-1,2.571318e-1,2.211954e-1,2.177198e-1,2.106325e-1,2.192701e-1,2.195719e-1,2.138838e-1,2.149235e-1,3.153854e-1,2.771573e-1,2.777446e-1,2.746664e-1,2.704869e-1,2.717582e-1,2.792431e-1,2.807556e-1,2.267214e-1,1.963637e-1,1.921417e-1,1.918266e-1,1.946642e-1,1.975850e-1,1.904607e-1,1.919035e-1,2.776662e-1,2.451270e-1,2.435327e-1,2.400320e-1,2.392468e-1,2.378778e-1,2.364498e-1,2.350523e-1,2.356805e-1,2.060307e-1,1.979334e-1,1.957773e-1,2.021947e-1,2.018012e-1,1.969013e-1,1.975610e-1]},{"variance_ratio":0.900,"d_res":4,"d_eff":30,"mean_mse":2.099777e-1,"min_mse":1.647619e-1,"max_mse":2.986841e-1,"inflation_over_baseline":1.463329,"per_block_mses":[2.986841e-1,2.481547e-1,2.426780e-1,2.448724e-1,2.410660e-1,2.323369e-1,2.375065e-1,2.384547e-1,2.378429e-1,1.899564e-1,1.869706e-1,1.791844e-1,1.752908e-1,1.734608e-1,1.777424e-1,1.675262e-1,2.912967e-1,2.313240e-1,2.379392e-1,2.353302e-1,2.211280e-1,2.303248e-1,2.283250e-1,2.269225e-1,2.272905e-1,1.948283e-1,1.914175e-1,1.852926e-1,1.929633e-1,1.936570e-1,1.888902e-1,1.900703e-1,2.785010e-1,2.428866e-1,2.439474e-1,2.416974e-1,2.378775e-1,2.389072e-1,2.457617e-1,2.462183e-1,2.002262e-1,1.708659e-1,1.663322e-1,1.659921e-1,1.676481e-1,1.706639e-1,1.647619e-1,1.656121e-1,2.443613e-1,2.145200e-1,2.127664e-1,2.095871e-1,2.084065e-1,2.069663e-1,2.057808e-1,2.041676e-1,2.084692e-1,1.825768e-1,1.745005e-1,1.728352e-1,1.791819e-1,1.787165e-1,1.742766e-1,1.748304e-1]},{"variance_ratio":0.900,"d_res":8,"d_eff":30,"mean_mse":1.697078e-1,"min_mse":1.300040e-1,"max_mse":2.438463e-1,"inflation_over_baseline":1.182689,"per_block_mses":[2.438463e-1,2.016499e-1,1.973402e-1,1.988779e-1,1.961411e-1,1.884642e-1,1.930117e-1,1.936305e-1,1.932714e-1,1.540818e-1,1.515517e-1,1.455898e-1,1.420811e-1,1.408876e-1,1.443502e-1,1.359962e-1,2.378646e-1,1.876987e-1,1.941610e-1,1.917578e-1,1.800678e-1,1.874141e-1,1.859228e-1,1.847034e-1,1.843787e-1,1.570125e-1,1.541646e-1,1.493310e-1,1.554480e-1,1.562091e-1,1.527836e-1,1.538206e-1,2.251977e-1,1.954315e-1,1.968118e-1,1.951716e-1,1.923071e-1,1.931187e-1,1.988947e-1,1.983856e-1,1.624315e-1,1.358426e-1,1.316627e-1,1.311265e-1,1.317270e-1,1.346239e-1,1.300040e-1,1.305100e-1,1.973665e-1,1.725680e-1,1.708689e-1,1.682883e-1,1.666403e-1,1.654643e-1,1.643509e-1,1.623463e-1,1.695926e-1,1.484680e-1,1.414735e-1,1.403379e-1,1.461785e-1,1.457562e-1,1.423426e-1,1.425013e-1]},{"variance_ratio":0.850,"d_res":0,"d_eff":22,"mean_mse":4.297323e-1,"min_mse":3.459417e-1,"max_mse":5.986302e-1,"inflation_over_baseline":2.994793,