{"n_vecs":32768,"dim":128,"n_blocks":64,"block_size":512,"baseline_mse":1.629489e-1,"cells":[{"variance_ratio":0.950,"d_res":0,"d_eff":49,"mean_mse":1.629489e-1,"min_mse":1.115369e-1,"max_mse":2.950703e-1,"inflation_over_baseline":1.000000,"per_block_mses":[1.213713e-1,1.129961e-1,1.127331e-1,1.144420e-1,1.128728e-1,1.130783e-1,1.115369e-1,1.128023e-1,2.824746e-1,2.900101e-1,2.950703e-1,2.829617e-1,2.838519e-1,2.846727e-1,2.853857e-1,2.867418e-1,1.371114e-1,1.274539e-1,1.274454e-1,1.310626e-1,1.286163e-1,1.235864e-1,1.274246e-1,1.212652e-1,1.441484e-1,1.380649e-1,1.435695e-1,1.445271e-1,1.447662e-1,1.450792e-1,1.431078e-1,1.439564e-1,1.140980e-1,1.144402e-1,1.160830e-1,1.169421e-1,1.164010e-1,1.169506e-1,1.160304e-1,1.166464e-1,1.834312e-1,1.776146e-1,1.686105e-1,1.677362e-1,1.730433e-1,1.652520e-1,1.715019e-1,1.717572e-1,1.576041e-1,1.800907e-1,1.805391e-1,1.831719e-1,1.828624e-1,1.880056e-1,1.856446e-1,1.886011e-1,1.722222e-1,1.668243e-1,1.575495e-1,1.651656e-1,1.610709e-1,1.609820e-1,1.584777e-1,1.591918e-1]},{"variance_ratio":0.950,"d_res":2,"d_eff":49,"mean_mse":1.351309e-1,"min_mse":9.256414e-2,"max_mse":2.269540e-1,"inflation_over_baseline":0.829284,"per_block_mses":[1.033624e-1,9.421709e-2,9.401060e-2,9.535242e-2,9.390809e-2,9.308701e-2,9.256414e-2,9.366783e-2,2.193640e-1,2.224022e-1,2.269540e-1,2.229094e-1,2.219357e-1,2.241505e-1,2.235851e-1,2.242148e-1,1.153261e-1,1.069435e-1,1.068235e-1,1.101316e-1,1.078264e-1,1.031772e-1,1.070400e-1,1.009724e-1,1.227054e-1,1.172912e-1,1.227314e-1,1.226199e-1,1.231341e-1,1.232191e-1,1.220302e-1,1.228815e-1,9.504018e-2,9.522520e-2,9.602070e-2,9.729045e-2,9.698259e-2,9.740682e-2,9.669150e-2,9.734838e-2,1.555091e-1,1.505828e-1,1.433987e-1,1.422697e-1,1.459796e-1,1.397963e-1,1.451055e-1,1.449202e-1,1.339081e-1,1.518117e-1,1.527569e-1,1.547432e-1,1.547947e-1,1.591606e-1,1.572807e-1,1.610326e-1,1.474412e-1,1.416202e-1,1.343981e-1,1.397384e-1,1.364158e-1,1.356017e-1,1.334366e-1,1.341277e-1]},{"variance_ratio":0.950,"d_res":4,"d_eff":49,"mean_mse":1.180748e-1,"min_mse":8.157947e-2,"max_mse":1.884564e-1,"inflation_over_baseline":0.724612,"per_block_mses":[9.170080e-2,8.321621e-2,8.290066e-2,8.387683e-2,8.259370e-2,8.164752e-2,8.157947e-2,8.243992e-2,1.841337e-1,1.843386e-1,1.884564e-1,1.862464e-1,1.852222e-1,1.867917e-1,1.864313e-1,1.869740e-1,1.018680e-1,9.470421e-2,9.452195e-2,9.748783e-2,9.518853e-2,9.092224e-2,9.466316e-2,8.904198e-2,1.091129e-1,1.039218e-1,1.090558e-1,1.086818e-1,1.091845e-1,1.093209e-1,1.085679e-1,1.093172e-1,8.344608e-2,8.389611e-2,8.446915e-2,8.553666e-2,8.533682e-2,8.570495e-2,8.511105e-2,8.568207e-2,1.378449e-1,1.337238e-1,1.272886e-1,1.260022e-1,1.292079e-1,1.237247e-1,1.282916e-1,1.279446e-1,1.185625e-1,1.336075e-1,1.347575e-1,1.364741e-1,1.364224e-1,1.402199e-1,1.387032e-1,1.426061e-1,1.311304e-1,1.258453e-1,1.195186e-1,1.238697e-1,1.209738e-1,1.200239e-1,1.181070e-1,1.186440e-1]},{"variance_ratio":0.950,"d_res":8,"d_eff":49,"mean_mse":9.430141e-2,"min_mse":6.599956e-2,"max_mse":1.392204e-1,"inflation_over_baseline":0.578718,"per_block_mses":[7.477033e-2,6.737798e-2,6.719978e-2,6.796067e-2,6.669795e-2,6.599956e-2,6.600220e-2,6.667495e-2,1.392204e-1,1.354420e-1,1.384005e-1,1.380995e-1,1.371927e-1,1.378662e-1,1.374255e-1,1.382508e-1,8.308451e-2,7.731278e-2,7.714717e-2,7.971916e-2,7.755290e-2,7.396937e-2,7.711472e-2,7.262154e-2,8.918202e-2,8.434957e-2,8.912931e-2,8.856117e-2,8.928852e-2,8.913946e-2,8.888218e-2,8.950675e-2,6.705562e-2,6.765762e-2,6.794972e-2,6.886987e-2,6.879751e-2,6.903015e-2,6.863385e-2,6.900789e-2,1.123603e-1,1.094123e-1,1.040696e-1,1.027052e-1,1.052567e-1,1.008997e-1,1.042984e-1,1.036800e-1,9.666959e-2,1.079851e-1,1.089208e-1,1.102855e-1,1.106186e-1,1.133446e-1,1.121631e-1,1.155734e-1,1.072240e-1,1.028182e-1,9.770699e-2,1.011922e-1,9.893348e-2,9.788302e-2,9.648499e-2,9.666013e-2]},{"variance_ratio":0.900,"d_res":0,"d_eff":36,"mean_mse":3.258476e-1,"min_mse":2.193680e-1,"max_mse":5.793879e-1,"inflation_over_baseline":1.999692,"per_block_mses":[2.397029e-1,2.193680e-1,2.222955e-1,2.256956e-1,2.244693e-1,2.249046e-1,2.328011e-1,2.239159e-1,5.722258e-1,5.674001e-1,5.793879e-1,5.563419e-1,5.654284e-1,5.627905e-1,5.674429e-1,5.687237e-1,2.656763e-1,2.522995e-1,2.557284e-1,2.620998e-1,2.587527e-1,2.508198e-1,2.454165e-1,2.468488e-1,2.927498e-1,2.786013e-1,2.897359e-1,2.913527e-1,2.930665e-1,2.939230e-1,2.898113e-1,2.926056e-1,2.282606e-1,2.283423e-1,2.328270e-1,2.344479e-1,2.307228e-1,2.354023e-1,2.317321e-1,2.351891e-1,3.614340e-1,3.381721e-1,3.450113e-1,3.451063e-1,3.432625e-1,3.414169e-1,3.382064e-1,3.372254e-1,3.144981e-1,3.601603e-1,3.645912e-1,3.710409e-1,3.732380e-1,3.825483e-1,3.813988e-1,3.851683e-1,3.481352e-1,3.218482e-1,3.265965e-1,3.286225e-1,3.199627e-1,3.235075e-1,3.159692e-1,3.178168e-1]},{"variance_ratio":0.900,"d_res":2,"d_eff":36,"mean_mse":2.713814e-1,"min_mse":1.869031e-1,"max_mse":4.581031e-1,"inflation_over_baseline":1.665439,"per_block_mses":[2.029728e-1,1.869031e-1,1.901663e-1,1.924133e-1,1.916104e-1,1.917807e-1,1.975031e-1,1.889814e-1,4.505310e-1,4.439472e-1,4.581031e-1,4.413006e-1,4.501436e-1,4.447286e-1,4.499292e-1,4.497017e-1,2.255119e-1,2.124556e-1,2.149517e-1,2.201375e-1,2.177308e-1,2.112935e-1,2.059602e-1,2.079159e-1,2.482290e-1,2.375230e-1,2.476055e-1,2.466458e-1,2.492147e-1,2.492903e-1,2.463801e-1,2.496900e-1,1.907622e-1,1.928229e-1,1.951613e-1,1.972179e-1,1.931123e-1,1.985566e-1,1.934901e-1,1.989329e-1,3.075455e-1,2.892609e-1,2.970543e-1,2.963493e-1,2.943985e-1,2.916632e-1,2.907133e-1,2.894474e-1,2.631841e-1,2.985841e-1,3.023247e-1,3.069484e-1,3.091397e-1,3.152571e-1,3.158298e-1,3.173429e-1,2.894325e-1,2.703139e-1,2.777461e-1,2.794938e-1,2.725355e-1,2.747633e-1,2.680362e-1,2.697367e-1]},{"variance_ratio":0.900,"d_res":4,"d_eff":36,"mean_mse":2.378483e-1,"min_mse":1.664560e-1,"max_mse":3.857049e-1,"inflation_over_baseline":1.459650,"per_block_mses":[1.806577e-1,1.664560e-1,1.696228e-1,1.716633e-1,1.709082e-1,1.709810e-1,1.758780e-1,1.679251e-1,3.800423e-1,3.731131e-1,3.857049e-1,3.718199e-1,3.793108e-1,3.742746e-1,3.786453e-1,3.789695e-1,2.007112e-1,1.881237e-1,1.903278e-1,1.947722e-1,1.927017e-1,1.868597e-1,1.821555e-1,1.843754e-1,2.204765e-1,2.115170e-1,2.203904e-1,2.187834e-1,2.211230e-1,2.209056e-1,2.187614e-1,2.220903e-1,1.689960e-1,1.707787e-1,1.727755e-1,1.750464e-1,1.710431e-1,1.762022e-1,1.711601e-1,1.764602e-1,2.736262e-1,2.577593e-1,2.648713e-1,2.638648e-1,2.621988e-1,2.594656e-1,2.583537e-1,2.577760e-1,2.311268e-1,2.596620e-1,2.626064e-1,2.668338e-1,2.694471e-1,2.741398e-1,2.750843e-1,2.755894e-1,2.571668e-1,2.396133e-1,2.469748e-1,2.488344e-1,2.425630e-1,2.444061e-1,2.381620e-1,2.396568e-1]},{"variance_ratio":0.900,"d_res":8,"d_eff":36,"mean_mse":1.907447e-1,"min_mse":1.370397e-1,"max_mse":2.885962e-1,"inflation_over_baseline":1.170580,"per_block_mses":[1.485794e-1,1.370397e-1,1.398474e-1,1.413316e-1,1.407791e-1,1.405071e-1,1.448209e-1,1.377831e-1,2.881985e-1,2.809544e-1,2.885962e-1,2.783243e-1,2.842644e-1,2.800467e-1,2.832461e-1,2.826487e-1,1.649442e-1,1.536824e-1,1.553177e-1,1.592626e-1,1.572577e-1,1.526942e-1,1.487915e-1,1.512086e-1,1.805053e-1,1.737000e-1,1.812194e-1,1.785704e-1,1.811095e-1,1.803887e-1,1.787548e-1,1.820638e-1,1.376254e-1,1.390195e-1,1.410936e-1,1.430180e-1,1.394968e-1,1.440788e-1,1.392358e-1,1.440455e-1,2.241153e-1,2.111281e-1,2.169442e-1,2.161706e-1,2.154350e-1,2.126309e-1,2.114364e-1,2.109130e-1,1.864025e-1,2.061688e-1,2.079157e-1,2.106243e-1,2.137437e-1,2.171840e-1,2.184063e-1,2.175561e-1,2.111483e-1,1.962115e-1,2.030574e-1,2.045529e-1,1.995992e-1,2.005990e-1,1.955722e-1,1.960937e-1]},{"variance_ratio":0.850,"d_res":0,"d_eff":28,"mean_mse":4.906539e-1,"min_mse":3.303645e-1,"max_mse":8.942646e-1,"inflation_over_baseline":3.011091,