{"n_vecs":32768,"dim":128,"n_blocks":64,"block_size":512,"baseline_mse":1.069211e-1,"cells":[{"variance_ratio":0.950,"d_res":0,"d_eff":47,"mean_mse":1.069211e-1,"min_mse":7.130411e-2,"max_mse":1.597346e-1,"inflation_over_baseline":1.000000,"per_block_mses":[9.232821e-2,8.429668e-2,8.578597e-2,8.791887e-2,8.960095e-2,8.866093e-2,9.140074e-2,9.448687e-2,1.171267e-1,1.147065e-1,1.169313e-1,1.203614e-1,1.206276e-1,1.224375e-1,1.223446e-1,1.188348e-1,1.597346e-1,1.353592e-1,1.387768e-1,1.363178e-1,1.371016e-1,1.413703e-1,1.435498e-1,1.423790e-1,9.091597e-2,9.177027e-2,9.063438e-2,9.013777e-2,8.857186e-2,8.859759e-2,8.854985e-2,8.841948e-2,1.251659e-1,1.164644e-1,1.203991e-1,1.172523e-1,1.172816e-1,1.210265e-1,1.204848e-1,1.191434e-1,1.327779e-1,1.202869e-1,1.207348e-1,1.153384e-1,1.183694e-1,1.201294e-1,1.188336e-1,1.192085e-1,9.353839e-2,7.404878e-2,7.443274e-2,7.481116e-2,7.185633e-2,7.321321e-2,7.130411e-2,7.206161e-2,1.066450e-1,9.853354e-2,1.007097e-1,9.913268e-2,9.800579e-2,9.770135e-2,9.732672e-2,9.669806e-2]},{"variance_ratio":0.950,"d_res":2,"d_eff":47,"mean_mse":9.024288e-2,"min_mse":6.053844e-2,"max_mse":1.316159e-1,"inflation_over_baseline":0.844014,"per_block_mses":[7.840058e-2,7.175679e-2,7.304384e-2,7.489542e-2,7.611560e-2,7.548639e-2,7.797853e-2,8.069906e-2,9.999013e-2,9.729236e-2,9.928798e-2,1.023309e-1,1.024579e-1,1.038035e-1,1.035911e-1,1.002058e-1,1.316159e-1,1.114425e-1,1.132859e-1,1.117396e-1,1.121401e-1,1.162999e-1,1.178959e-1,1.172962e-1,7.686346e-2,7.725789e-2,7.609835e-2,7.573549e-2,7.410400e-2,7.432199e-2,7.419269e-2,7.403419e-2,1.059463e-1,9.910077e-2,1.017581e-1,9.949851e-2,9.928879e-2,1.025759e-1,1.013502e-1,1.010036e-1,1.127146e-1,1.018325e-1,1.029394e-1,9.808802e-2,1.006426e-1,1.020107e-1,1.008990e-1,1.010762e-1,7.972843e-2,6.270872e-2,6.296715e-2,6.343551e-2,6.092197e-2,6.181428e-2,6.053844e-2,6.116483e-2,9.123297e-2,8.437153e-2,8.675983e-2,8.502341e-2,8.418236e-2,8.287429e-2,8.361210e-2,8.182313e-2]},{"variance_ratio":0.950,"d_res":4,"d_eff":47,"mean_mse":7.984708e-2,"min_mse":5.386823e-2,"max_mse":1.148396e-1,"inflation_over_baseline":0.746785,"per_block_mses":[6.953666e-2,6.391365e-2,6.501608e-2,6.662842e-2,6.752884e-2,6.709339e-2,6.935873e-2,7.174712e-2,8.856257e-2,8.614639e-2,8.788391e-2,9.048159e-2,9.078240e-2,9.188140e-2,9.157065e-2,8.856250e-2,1.148396e-1,9.755222e-2,9.885548e-2,9.778889e-2,9.756502e-2,1.017531e-1,1.029489e-1,1.027178e-1,6.806988e-2,6.821420e-2,6.718760e-2,6.686460e-2,6.527702e-2,6.557288e-2,6.537065e-2,6.532678e-2,9.378352e-2,8.785466e-2,9.006139e-2,8.801367e-2,8.783559e-2,9.075274e-2,8.949057e-2,8.940055e-2,9.993784e-2,9.028320e-2,9.167922e-2,8.720842e-2,8.973397e-2,9.073321e-2,8.975029e-2,8.976200e-2,7.098305e-2,5.563143e-2,5.591435e-2,5.636712e-2,5.418551e-2,5.487220e-2,5.386823e-2,5.438394e-2,8.109684e-2,7.512242e-2,7.737468e-2,7.571817e-2,7.498374e-2,7.364640e-2,7.454225e-2,7.264300e-2]},{"variance_ratio":0.950,"d_res":8,"d_eff":47,"mean_mse":6.499796e-2,"min_mse":4.426012e-2,"max_mse":9.184615e-2,"inflation_over_baseline":0.607906,"per_block_mses":[5.654054e-2,5.237925e-2,5.340494e-2,5.467176e-2,5.524762e-2,5.485872e-2,5.695728e-2,5.878123e-2,7.192439e-2,7.022283e-2,7.133711e-2,7.340044e-2,7.385586e-2,7.457839e-2,7.425870e-2,7.170492e-2,9.184615e-2,7.843655e-2,7.978384e-2,7.854324e-2,7.826769e-2,8.180239e-2,8.227492e-2,8.264001e-2,5.543612e-2,5.550213e-2,5.457556e-2,5.433773e-2,5.287661e-2,5.319740e-2,5.286989e-2,5.297417e-2,7.609121e-2,7.134167e-2,7.308812e-2,7.133782e-2,7.115536e-2,7.366032e-2,7.254008e-2,7.257680e-2,8.179669e-2,7.387870e-2,7.530290e-2,7.140871e-2,7.395387e-2,7.441736e-2,7.363883e-2,7.347971e-2,5.830708e-2,4.552528e-2,4.587017e-2,4.621039e-2,4.454719e-2,4.490956e-2,4.426012e-2,4.463180e-2,6.638004e-2,6.174269e-2,6.356137e-2,6.210454e-2,6.152296e-2,6.041985e-2,6.127182e-2,5.944814e-2]},{"variance_ratio":0.900,"d_res":0,"d_eff":32,"mean_mse":2.128278e-1,"min_mse":1.448458e-1,"max_mse":3.058604e-1,"inflation_over_baseline":1.990512,"per_block_mses":[1.839075e-1,1.629617e-1,1.664290e-1,1.788241e-1,1.764058e-1,1.800783e-1,1.796525e-1,1.821925e-1,2.364997e-1,2.304288e-1,2.339293e-1,2.372231e-1,2.394736e-1,2.418370e-1,2.430494e-1,2.462248e-1,3.058604e-1,2.691195e-1,2.777282e-1,2.727520e-1,2.800397e-1,2.721667e-1,2.795572e-1,2.766582e-1,1.857276e-1,1.805052e-1,1.793084e-1,1.794796e-1,1.784893e-1,1.784410e-1,1.791789e-1,1.782371e-1,2.473132e-1,2.363052e-1,2.408404e-1,2.402653e-1,2.383780e-1,2.359529e-1,2.334335e-1,2.332064e-1,2.661347e-1,2.369941e-1,2.422811e-1,2.322909e-1,2.398344e-1,2.316817e-1,2.397885e-1,2.308889e-1,1.834906e-1,1.488883e-1,1.499879e-1,1.510283e-1,1.460133e-1,1.487257e-1,1.448458e-1,1.466467e-1,2.105819e-1,2.038241e-1,1.992138e-1,1.961770e-1,1.952840e-1,1.937681e-1,1.930684e-1,1.914810e-1]},{"variance_ratio":0.900,"d_res":2,"d_eff":32,"mean_mse":1.792501e-1,"min_mse":1.222568e-1,"max_mse":2.544800e-1,"inflation_over_baseline":1.676470,"per_block_mses":[1.567870e-1,1.378155e-1,1.393190e-1,1.497563e-1,1.480407e-1,1.512151e-1,1.513011e-1,1.534203e-1,2.006522e-1,1.936776e-1,1.964062e-1,1.989366e-1,2.010598e-1,2.030184e-1,2.034836e-1,2.064288e-1,2.544800e-1,2.256080e-1,2.333865e-1,2.292597e-1,2.347177e-1,2.284653e-1,2.340835e-1,2.317654e-1,1.587256e-1,1.544229e-1,1.536992e-1,1.537665e-1,1.529857e-1,1.524263e-1,1.535820e-1,1.524951e-1,2.073858e-1,1.961741e-1,2.011980e-1,1.992916e-1,1.982271e-1,1.953456e-1,1.932031e-1,1.925147e-1,2.259799e-1,2.002346e-1,2.056270e-1,1.961790e-1,2.026690e-1,1.953137e-1,2.023589e-1,1.938305e-1,1.569020e-1,1.262104e-1,1.267830e-1,1.277834e-1,1.228911e-1,1.249869e-1,1.222568e-1,1.241544e-1,1.788737e-1,1.724555e-1,1.682431e-1,1.660930e-1,1.652560e-1,1.636137e-1,1.627884e-1,1.619919e-1]},{"variance_ratio":0.900,"d_res":4,"d_eff":32,"mean_mse":1.584921e-1,"min_mse":1.088046e-1,"max_mse":2.229217e-1,"inflation_over_baseline":1.482327,"per_block_mses":[1.391645e-1,1.222798e-1,1.234098e-1,1.326711e-1,1.313566e-1,1.340286e-1,1.343780e-1,1.361753e-1,1.774026e-1,1.710588e-1,1.732514e-1,1.756344e-1,1.773875e-1,1.791285e-1,1.793022e-1,1.819830e-1,2.229217e-1,1.974519e-1,2.042796e-1,2.008213e-1,2.053474e-1,1.997602e-1,2.044108e-1,2.024320e-1,1.412067e-1,1.374068e-1,1.368590e-1,1.368243e-1,1.362173e-1,1.355887e-1,1.367166e-1,1.356366e-1,1.829654e-1,1.719572e-1,1.767988e-1,1.752882e-1,1.741164e-1,1.713423e-1,1.695576e-1,1.689231e-1,2.013560e-1,1.779717e-1,1.829977e-1,1.744957e-1,1.801508e-1,1.736636e-1,1.797588e-1,1.722523e-1,1.401273e-1,1.123268e-1,1.127268e-1,1.139594e-1,1.092373e-1,1.107670e-1,1.088046e-1,1.101491e-1,1.588231e-1,1.530456e-1,1.492794e-1,1.477006e-1,1.467124e-1,1.454275e-1,1.443808e-1,1.439364e-1]},{"variance_ratio":0.900,"d_res":8,"d_eff":32,"mean_mse":1.288930e-1,"min_mse":8.943068e-2,"max_mse":1.785525e-1,"inflation_over_baseline":1.205496,"per_block_mses":[1.135432e-1,9.993301e-2,1.009222e-1,1.080617e-1,1.073887e-1,1.092326e-1,1.098773e-1,1.110853e-1,1.437463e-1,1.386676e-1,1.404815e-1,1.426019e-1,1.435796e-1,1.453686e-1,1.451502e-1,1.473824e-1,1.785525e-1,1.579716e-1,1.629251e-1,1.603492e-1,1.631165e-1,1.586637e-1,1.622127e-1,1.609007e-1,1.157582e-1,1.128093e-1,1.122809e-1,1.122472e-1,1.121219e-1,1.114451e-1,1.122511e-1,1.112069e-1,1.482681e-1,1.383951e-1,1.430007e-1,1.419030e-1,1.408980e-1,1.384509e-1,1.368968e-1,1.363942e-1,1.654775e-1,1.459544e-1,1.502231e-1,1.432217e-1,1.476617e-1,1.425197e-1,1.473433e-1,1.414165e-1,1.155726e-1,9.250490e-2,9.262478e-2,9.374781e-2,8.970422e-2,9.079381e-2,8.943068e-2,9.025321e-2,1.299166e-1,1.253016e-1,1.222109e-1,1.212386e-1,1.202205e-1,1.194474e-1,1.181134e-1,1.182103e-1]},{"variance_ratio":0.850,"d_res":0,"d_eff":24,"mean_mse":3.187667e-1,"min_mse":2.143142e-1,"max_mse":4.547188e-1,"inflation_over_baseline":2.981325,