{"metric":"MSE","block_size":512,"variance_ratio":0.95,"k":16,"bit_width":3,"dim":64,"num_vecs_encoded":262144,"num_blocks":512,"skeleton_bytes":6058432,"codes_bytes":8249344,"compressed_bytes":14307776,"baseline_bytes_f32":67108864,"baseline_bytes_bf16":33554432,"ratio_vs_f32":4.690377,"ratio_vs_bf16":2.345189,"encode_seconds":1.634120,"decode_seconds":0.213795,"verify":true,"mean_block_mse":0.1633592084}