{"metric":"MSE","block_size":512,"variance_ratio":0.95,"k":16,"bit_width":3,"dim":128,"num_vecs_encoded":24576,"num_blocks":48,"skeleton_bytes":1758912,"codes_bytes":1069056,"compressed_bytes":2827968,"baseline_bytes_f32":12582912,"baseline_bytes_bf16":6291456,"ratio_vs_f32":4.449453,"ratio_vs_bf16":2.224727,"encode_seconds":0.642405,"decode_seconds":0.037230,"verify":true,"mean_block_mse":0.6323435219}