{"metric":"InnerProduct","block_size":512,"variance_ratio":0.95,"k":16,"bit_width":3,"dim":64,"num_vecs_encoded":262144,"num_blocks":512,"skeleton_bytes":6774272,"codes_bytes":8716288,"compressed_bytes":15490560,"baseline_bytes_f32":67108864,"baseline_bytes_bf16":33554432,"ratio_vs_f32":4.332243,"ratio_vs_bf16":2.166121,"encode_seconds":2.083214,"decode_seconds":0.224142,"verify":true,"mean_block_mse":0.7994877694}