{"metric":"MSE","block_size":512,"variance_ratio":0.95,"k":16,"bit_width":3,"dim":64,"num_vecs_encoded":262144,"num_blocks":512,"skeleton_bytes":6649472,"codes_bytes":8820736,"compressed_bytes":15470208,"baseline_bytes_f32":67108864,"baseline_bytes_bf16":33554432,"ratio_vs_f32":4.337942,"ratio_vs_bf16":2.168971,"encode_seconds":1.705363,"decode_seconds":0.229415,"verify":true,"mean_block_mse":0.0832581211}