{"metric":"MSE","block_size":512,"variance_ratio":0.95,"k":16,"bit_width":3,"dim":64,"num_vecs_encoded":262144,"num_blocks":512,"skeleton_bytes":6756672,"codes_bytes":8833024,"compressed_bytes":15589696,"baseline_bytes_f32":67108864,"baseline_bytes_bf16":33554432,"ratio_vs_f32":4.304694,"ratio_vs_bf16":2.152347,"encode_seconds":1.757620,"decode_seconds":0.236002,"verify":true,"mean_block_mse":0.4736581342}