{"metric":"MSE","block_size":512,"variance_ratio":0.95,"k":16,"bit_width":3,"dim":128,"num_vecs_encoded":32768,"num_blocks":64,"skeleton_bytes":1492928,"codes_bytes":1107968,"compressed_bytes":2600896,"baseline_bytes_f32":16777216,"baseline_bytes_bf16":8388608,"ratio_vs_f32":6.450552,"ratio_vs_bf16":3.225276,"encode_seconds":0.647868,"decode_seconds":0.034892,"verify":true,"mean_block_mse":0.1825928196}