{"metric":"MSE","block_size":512,"variance_ratio":0.95,"k":16,"bit_width":3,"dim":128,"num_vecs_encoded":32768,"num_blocks":64,"skeleton_bytes":1923776,"codes_bytes":1138688,"compressed_bytes":3062464,"baseline_bytes_f32":16777216,"baseline_bytes_bf16":8388608,"ratio_vs_f32":5.478339,"ratio_vs_bf16":2.739170,"encode_seconds":0.797795,"decode_seconds":0.039975,"verify":true,"mean_block_mse":0.1124342438}