{"metric":"MSE","block_size":512,"variance_ratio":0.95,"k":16,"bit_width":3,"dim":128,"num_vecs_encoded":49152,"num_blocks":96,"skeleton_bytes":3081216,"codes_bytes":1683456,"compressed_bytes":4764672,"baseline_bytes_f32":25165824,"baseline_bytes_bf16":12582912,"ratio_vs_f32":5.281754,"ratio_vs_bf16":2.640877,"encode_seconds":1.189965,"decode_seconds":0.062101,"verify":true,"mean_block_mse":0.0624883408}