{
  "model_name": "ds_distill_qwen_1_5b",
  "model_path": "deepseek-ai/DeepSeek-R1-Distill-Qwen-1.5B",
  "engine": "vllm",
  "ctx_len": 2048,
  "n_eval": 64,
  "block_size": 512,
  "bit_width_k": 3,
  "bit_width_v": 2,
  "pca_method": "randomized",
  "rsvd_target_rank_factor": 0.5,
  "k_centroids": "reports/v1_3_ppl/vllm_recalibrated/K_b3_centroids.f32",
  "v_centroids": "reports/v1_3_ppl/vllm_recalibrated/V_b2_centroids.f32",
  "outlier_threshold": 2.0,
  "boundary_skip_layers": [
    0,
    1,
    7,
    14,
    26,
    27
  ],
  "n_passages": 4,
  "t_ref_total_sec": 0.547073720023036,
  "cells": {
    "identity-pre_qp": {
      "mode": "identity",
      "qp_mode": "pre_rope",
      "mean_ppl_delta_rel": 0.0015272090224184237,
      "mean_top1_agreement": 0.98828125,
      "verdict": "ACCEPT",
      "per_passage": [
        {
          "ctx_len": 2048,
          "n_eval": 64,
          "t_alt_sec": 3.2386862598359585,
          "codec_layer_calls": 56,
          "boundary_skips": 12,
          "metrics": {
            "ppl_ref": 124.8755040661336,
            "ppl_alt": 125.32622673904109,
            "ppl_delta_rel": 0.003609376204549994,
            "top1_agreement": 1.0,
            "mean_abs_dlogp_true": 0.03307479453360429,
            "n_tokens": 64
          }
        },
        {
          "ctx_len": 2048,
          "n_eval": 64,
          "t_alt_sec": 3.1274501718580723,
          "codec_layer_calls": 56,
          "boundary_skips": 12,
          "metrics": {
            "ppl_ref": 33.0042923548772,
            "ppl_alt": 32.853403407519124,
            "ppl_delta_rel": -0.004571797684242092,
            "top1_agreement": 0.96875,
            "mean_abs_dlogp_true": 0.03069552790475427,
            "n_tokens": 64
          }
        },
        {
          "ctx_len": 2048,
          "n_eval": 64,
          "t_alt_sec": 3.3906889194622636,
          "codec_layer_calls": 56,
          "boundary_skips": 12,
          "metrics": {
            "ppl_ref": 8.535555997020436,
            "ppl_alt": 8.518505901952405,
            "ppl_delta_rel": -0.0019975377203292678,
            "top1_agreement": 0.984375,
            "mean_abs_dlogp_true": 0.03014665349473944,
            "n_tokens": 64
          }
        },
        {
          "ctx_len": 2048,
          "n_eval": 64,
          "t_alt_sec": 3.071629723533988,
          "codec_layer_calls": 56,
          "boundary_skips": 12,
          "metrics": {
            "ppl_ref": 25.35456860935595,
            "ppl_alt": 25.58450400173273,
            "ppl_delta_rel": 0.00906879528969506,
            "top1_agreement": 1.0,
            "mean_abs_dlogp_true": 0.03133710636438991,
            "n_tokens": 64
          }
        }
      ]
    },
    "codec-no_qp": {
      "mode": "real",
      "qp_mode": "off",
      "mean_ppl_delta_rel": 1.4455869811139492,
      "mean_top1_agreement": 0.5859375,
      "verdict": "REJECT",
      "per_passage": [
        {
          "ctx_len": 2048,
          "n_eval": 64,
          "t_alt_sec": 15.832192495465279,
          "codec_layer_calls": 56,
          "boundary_skips": 12,
          "metrics": {
            "ppl_ref": 124.8755040661336,
            "ppl_alt": 136.86935453993243,
            "ppl_delta_rel": 0.09604646294318005,
            "top1_agreement": 0.6875,
            "mean_abs_dlogp_true": 0.9093527370987431,
            "n_tokens": 64
          }
        },
        {
          "ctx_len": 2048,
          "n_eval": 64,
          "t_alt_sec": 15.261644841171801,
          "codec_layer_calls": 56,
          "boundary_skips": 12,
          "metrics": {
            "ppl_ref": 33.0042923548772,
            "ppl_alt": 73.07653784677255,
            "ppl_delta_rel": 1.2141525429789646,
            "top1_agreement": 0.46875,
            "mean_abs_dlogp_true": 1.3075966090841575,
            "n_tokens": 64
          }
        },
        {
          "ctx_len": 2048,
          "n_eval": 64,
          "t_alt_sec": 14.724729764275253,
          "codec_layer_calls": 56,
          "boundary_skips": 12,
          "metrics": {
            "ppl_ref": 8.535555997020436,
            "ppl_alt": 28.63394635272471,
            "ppl_delta_rel": 2.354666803512291,
            "top1_agreement": 0.59375,
            "mean_abs_dlogp_true": 1.4638377393894189,
            "n_tokens": 64
          }
        },
        {
          "ctx_len": 2048,
          "n_eval": 64,
          "t_alt_sec": 14.716380717232823,
          "codec_layer_calls": 56,
          "boundary_skips": 12,
          "metrics": {
            "ppl_ref": 25.35456860935595,
            "ppl_alt": 79.04241417374921,
            "ppl_delta_rel": 2.117482115021361,
            "top1_agreement": 0.59375,
            "mean_abs_dlogp_true": 1.5284986690840014,
            "n_tokens": 64
          }
        }
      ]
    },
    "codec-pre_qp": {
      "mode": "real",
      "qp_mode": "pre_rope",
      "mean_ppl_delta_rel": 0.38687458901578425,
      "mean_top1_agreement": 0.61328125,
      "verdict": "REJECT",
      "per_passage": [
        {
          "ctx_len": 2048,
          "n_eval": 64,
          "t_alt_sec": 18.846192272379994,
          "codec_layer_calls": 56,
          "boundary_skips": 12,
          "metrics": {
            "ppl_ref": 124.8755040661336,
            "ppl_alt": 114.26148154622784,
            "ppl_delta_rel": -0.08499683424128253,
            "top1_agreement": 0.609375,
            "mean_abs_dlogp_true": 0.8052807604926784,
            "n_tokens": 64
          }
        },
        {
          "ctx_len": 2048,
          "n_eval": 64,
          "t_alt_sec": 18.86381605733186,
          "codec_layer_calls": 56,
          "boundary_skips": 12,
          "metrics": {
            "ppl_ref": 33.0042923548772,
            "ppl_alt": 41.578267700015495,
            "ppl_delta_rel": 0.259783644289264,
            "top1_agreement": 0.484375,
            "mean_abs_dlogp_true": 0.8966873212052633,
            "n_tokens": 64
          }
        },
        {
          "ctx_len": 2048,
          "n_eval": 64,
          "t_alt_sec": 18.498158209957182,
          "codec_layer_calls": 56,
          "boundary_skips": 12,
          "metrics": {
            "ppl_ref": 8.535555997020436,
            "ppl_alt": 15.175150247569162,
            "ppl_delta_rel": 0.7778748394207071,
            "top1_agreement": 0.6875,
            "mean_abs_dlogp_true": 0.9623309428170614,
            "n_tokens": 64
          }
        },
        {
          "ctx_len": 2048,
          "n_eval": 64,
          "t_alt_sec": 18.30038435012102,
          "codec_layer_calls": 56,
          "boundary_skips": 12,
          "metrics": {
            "ppl_ref": 25.35456860935595,
            "ppl_alt": 40.43639669806823,
            "ppl_delta_rel": 0.5948367065944484,
            "top1_agreement": 0.671875,
            "mean_abs_dlogp_true": 1.0059844734732906,
            "n_tokens": 64
          }
        }
      ]
    },
    "codec-post_qp": {
      "mode": "real",
      "qp_mode": "post_rope_self",
      "mean_ppl_delta_rel": 0.58238746562843,
      "mean_top1_agreement": 0.6015625,
      "verdict": "REJECT",
      "per_passage": [
        {
          "ctx_len": 2048,
          "n_eval": 64,
          "t_alt_sec": 19.259478153660893,
          "codec_layer_calls": 56,
          "boundary_skips": 12,
          "metrics": {
            "ppl_ref": 124.8755040661336,
            "ppl_alt": 98.78748361161924,
            "ppl_delta_rel": -0.20891223342488568,
            "top1_agreement": 0.625,
            "mean_abs_dlogp_true": 1.0768995269991137,
            "n_tokens": 64
          }
        },
        {
          "ctx_len": 2048,
          "n_eval": 64,
          "t_alt_sec": 18.841898490674794,
          "codec_layer_calls": 56,
          "boundary_skips": 12,
          "metrics": {
            "ppl_ref": 33.0042923548772,
            "ppl_alt": 55.678760607139914,
            "ppl_delta_rel": 0.6870157374821582,