{"metric":"MSE","block_size":512,"variance_ratio":0.95,"k":16,"bit_width":3,"dim":128,"num_vecs_encoded":32768,"num_blocks":64,"skeleton_bytes":1821824,"codes_bytes":1163264,"compressed_bytes":2985088,"baseline_bytes_f32":16777216,"baseline_bytes_bf16":8388608,"ratio_vs_f32":5.620342,"ratio_vs_bf16":2.810171,"encode_seconds":0.789106,"decode_seconds":0.040768,"verify":true,"mean_block_mse":1.0511266162}