{"n_vecs":8192,"dim":64,"block_size":512,"n_blocks":16,"variance_ratio":0.95,"per_block_mean_mse":2.535289e-2,"layer_pooled_mean_mse":2.873273e-2,"first_block_mean_mse":1.740328e-1,"pooled_over_per_block_mean":1.1333,"pooled_over_per_block_median":1.0797,"pooled_over_per_block_max":1.8208,"first_over_per_block_mean":6.8644,"first_over_per_block_median":10.1425,"first_over_per_block_max":12.7409,"pooled_d_eff":45,"first_d_eff":39,"per_block_d_eff":[39,35,34,34,34,34,34,34,39,33,33,33,33,33,34,33],"per_block_mses":[2.654320e-2,2.305956e-2,2.375790e-2,2.333328e-2,2.282976e-2,2.256127e-2,2.259190e-2,2.244046e-2,2.680774e-2,2.830014e-2,2.819530e-2,2.798893e-2,2.767073e-2,2.760281e-2,2.498892e-2,2.697438e-2],"layer_pooled_mses":[4.833078e-2,2.852151e-2,2.557060e-2,2.519269e-2,2.511200e-2,2.559590e-2,2.583347e-2,2.605255e-2,4.543849e-2,2.735717e-2,2.539068e-2,2.568193e-2,2.551121e-2,2.621777e-2,2.668097e-2,2.723591e-2],"first_block_mses":[2.654320e-2,2.845661e-2,3.460101e-2,3.941010e-2,4.240974e-2,4.587777e-2,4.657184e-2,4.722672e-2,2.718968e-1,3.107405e-1,3.105097e-1,3.113210e-1,3.153558e-1,3.193753e-1,3.183821e-1,3.158471e-1]}