{"n_vecs":8192,"dim":64,"block_size":512,"n_blocks":16,"variance_ratio":0.95,"per_block_mean_mse":1.880075e-2,"layer_pooled_mean_mse":2.413118e-2,"first_block_mean_mse":1.284180e-1,"pooled_over_per_block_mean":1.2835,"pooled_over_per_block_median":1.1143,"pooled_over_per_block_max":2.6419,"first_over_per_block_mean":6.8305,"first_over_per_block_median":8.6884,"first_over_per_block_max":11.3175,"pooled_d_eff":45,"first_d_eff":43,"per_block_d_eff":[43,35,33,33,33,33,33,33,40,34,33,33,33,33,33,33],"per_block_mses":[1.910645e-2,1.924829e-2,1.830510e-2,1.707681e-2,1.641892e-2,1.542691e-2,1.521849e-2,1.480385e-2,2.500528e-2,2.242222e-2,2.144367e-2,2.042489e-2,1.991173e-2,1.882276e-2,1.885142e-2,1.832521e-2],"layer_pooled_mses":[5.047755e-2,2.818997e-2,1.970575e-2,1.798392e-2,1.734919e-2,1.759487e-2,1.781337e-2,1.809328e-2,5.087090e-2,2.730315e-2,2.162116e-2,1.985751e-2,1.953033e-2,1.929649e-2,1.999083e-2,2.042062e-2],"first_block_mses":[1.910645e-2,3.124395e-2,4.150846e-2,4.721112e-2,4.856942e-2,5.236174e-2,5.225208e-2,5.333440e-2,2.172548e-1,2.175925e-1,2.155691e-1,2.142643e-1,2.145339e-1,2.108552e-1,2.116350e-1,2.073950e-1]}