{"n_vecs":8192,"dim":64,"block_size":512,"n_blocks":16,"variance_ratio":0.95,"per_block_mean_mse":1.377459e-2,"layer_pooled_mean_mse":2.077376e-2,"first_block_mean_mse":9.835167e-2,"pooled_over_per_block_mean":1.5081,"pooled_over_per_block_median":1.6752,"pooled_over_per_block_max":2.9468,"first_over_per_block_mean":7.1401,"first_over_per_block_median":11.8409,"first_over_per_block_max":15.1921,"pooled_d_eff":41,"first_d_eff":38,"per_block_d_eff":[38,31,30,29,29,29,29,29,41,36,35,35,35,35,35,35],"per_block_mses":[2.185683e-2,1.915427e-2,1.786841e-2,1.808310e-2,1.702078e-2,1.624449e-2,1.586073e-2,1.569726e-2,1.535016e-2,1.101833e-2,9.984276e-3,9.111946e-3,8.645902e-3,8.192178e-3,8.257733e-3,8.047036e-3],"layer_pooled_mses":[5.373173e-2,2.394208e-2,1.838090e-2,1.663710e-2,1.588986e-2,1.559194e-2,1.578116e-2,1.596217e-2,4.523411e-2,2.152328e-2,1.672547e-2,1.506318e-2,1.461529e-2,1.425602e-2,1.459754e-2,1.444827e-2],"first_block_mses":[2.185683e-2,2.952282e-2,4.666648e-2,5.905535e-2,6.785635e-2,7.608375e-2,8.132080e-2,8.367874e-2,1.817603e-1,1.511897e-1,1.407167e-1,1.327908e-1,1.301024e-1,1.239972e-1,1.247773e-1,1.222512e-1]}