{"n_vecs":8192,"dim":64,"block_size":512,"n_blocks":16,"variance_ratio":0.95,"per_block_mean_mse":8.199045e-2,"layer_pooled_mean_mse":1.967289e-1,"first_block_mean_mse":1.854780e0,"pooled_over_per_block_mean":2.3994,"pooled_over_per_block_median":2.6592,"pooled_over_per_block_max":3.5771,"first_over_per_block_mean":22.6219,"first_over_per_block_median":22.7182,"first_over_per_block_max":35.0478,"pooled_d_eff":41,"first_d_eff":39,"per_block_d_eff":[39,37,37,37,37,38,38,38,34,33,33,33,33,33,33,33],"per_block_mses":[7.615698e-2,7.905402e-2,7.634052e-2,7.674441e-2,7.415537e-2,6.790246e-2,6.587139e-2,6.707745e-2,9.476314e-2,9.561386e-2,9.343455e-2,9.155499e-2,8.973832e-2,8.878853e-2,8.667283e-2,8.797847e-2],"layer_pooled_mses":[2.724214e-1,2.298542e-1,2.125960e-1,2.042695e-1,1.971955e-1,1.997376e-1,1.987353e-1,2.187569e-1,2.215250e-1,1.680273e-1,1.664447e-1,1.547829e-1,1.623376e-1,1.839069e-1,1.718564e-1,1.852154e-1],"first_block_mses":[7.615698e-2,7.729700e-1,1.211773e0,1.248587e0,1.238535e0,1.309997e0,1.496482e0,1.668678e0,1.870942e0,2.020112e0,2.491527e0,2.833779e0,2.859705e0,3.111843e0,2.807549e0,2.657850e0]}