{"n_vecs":8192,"dim":64,"block_size":512,"n_blocks":16,"variance_ratio":0.95,"per_block_mean_mse":1.644644e0,"layer_pooled_mean_mse":2.617061e1,"first_block_mean_mse":9.996822e2,"pooled_over_per_block_mean":15.9126,"pooled_over_per_block_median":32.3002,"pooled_over_per_block_max":65.3005,"first_over_per_block_mean":607.8409,"first_over_per_block_median":735.3860,"first_over_per_block_max":741.8858,"pooled_d_eff":4,"first_d_eff":15,"per_block_d_eff":[15,15,15,15,15,15,15,15,11,11,11,11,11,11,11,11],"per_block_mses":[1.130343e0,5.547088e-1,5.528757e-1,5.543337e-1,5.543093e-1,5.556174e-1,5.538010e-1,5.568377e-1,2.656017e0,2.669144e0,2.660168e0,2.667283e0,2.658291e0,2.668669e0,2.655754e0,2.666158e0],"layer_pooled_mses":[3.651032e1,3.135173e1,3.117940e1,3.559618e1,3.560039e1,3.118086e1,3.129675e1,3.636177e1,2.241592e1,1.592440e1,1.668649e1,1.971374e1,1.968925e1,1.671280e1,1.596264e1,2.254705e1],"first_block_mses":[1.130343e0,1.387855e1,4.731256e1,4.363794e1,2.664697e1,2.357705e1,4.347148e1,5.801686e1,1.970461e3,1.968988e3,1.968304e3,1.967357e3,1.967148e3,1.966981e3,1.967349e3,1.960655e3]}