{"n_vecs":8192,"dim":64,"block_size":512,"n_blocks":16,"variance_ratio":0.95,"per_block_mean_mse":1.213279e-1,"layer_pooled_mean_mse":3.042533e0,"first_block_mean_mse":4.062851e2,"pooled_over_per_block_mean":25.0770,"pooled_over_per_block_median":25.2582,"pooled_over_per_block_max":28.7319,"first_over_per_block_mean":3348.6544,"first_over_per_block_median":6136.9418,"first_over_per_block_max":7223.7254,"pooled_d_eff":1,"first_d_eff":37,"per_block_d_eff":[37,33,32,32,32,31,31,31,37,34,33,33,32,32,32,32],"per_block_mses":[1.263827e-1,1.289950e-1,1.268033e-1,1.196773e-1,1.150098e-1,1.250273e-1,1.247748e-1,1.253707e-1,1.329031e-1,1.262893e-1,1.215877e-1,1.122741e-1,1.178924e-1,1.122859e-1,1.131902e-1,1.127823e-1],"layer_pooled_mses":[3.531042e0,3.258176e0,3.234056e0,3.291433e0,3.304449e0,3.194567e0,3.162084e0,3.371628e0,3.132396e0,2.896517e0,2.789858e0,2.664515e0,2.648587e0,2.698994e0,2.730199e0,2.772028e0],"first_block_mses":[1.263827e-1,1.021257e0,1.625699e0,2.148321e0,1.370292e0,1.241699e0,1.792192e0,2.676947e0,8.156185e2,8.103000e2,8.103821e2,8.067099e2,8.087131e2,8.111225e2,8.133012e2,8.124107e2]}