{"n_vecs":8192,"dim":64,"block_size":512,"n_blocks":16,"variance_ratio":0.95,"per_block_mean_mse":1.124623e-1,"layer_pooled_mean_mse":2.266402e-1,"first_block_mean_mse":2.361020e0,"pooled_over_per_block_mean":2.0153,"pooled_over_per_block_median":1.8971,"pooled_over_per_block_max":2.7951,"first_over_per_block_mean":20.9939,"first_over_per_block_median":29.4552,"first_over_per_block_max":36.1818,"pooled_d_eff":42,"first_d_eff":39,"per_block_d_eff":[39,36,35,35,35,35,35,35,36,34,33,33,32,33,32,33],"per_block_mses":[1.168640e-1,1.169210e-1,1.235164e-1,1.193868e-1,1.182605e-1,1.146991e-1,1.150196e-1,1.132762e-1,1.130511e-1,1.060411e-1,1.084986e-1,1.074110e-1,1.130148e-1,1.024003e-1,1.097849e-1,1.012519e-1],"layer_pooled_mses":[3.266445e-1,2.379304e-1,2.224815e-1,2.237413e-1,2.208847e-1,2.142103e-1,2.103156e-1,2.197280e-1,2.791913e-1,2.185594e-1,1.917467e-1,2.037705e-1,2.111640e-1,2.110969e-1,2.032078e-1,2.315707e-1],"first_block_mses":[1.168640e-1,8.375032e-1,1.123803e0,1.105709e0,1.376961e0,1.581514e0,1.470409e0,1.484628e0,3.329936e0,3.398708e0,3.925673e0,3.866526e0,3.502484e0,3.639329e0,3.364000e0,3.652276e0]}