{"n_vecs":8192,"dim":64,"block_size":512,"n_blocks":16,"variance_ratio":0.95,"per_block_mean_mse":1.234943e-2,"layer_pooled_mean_mse":1.858580e-2,"first_block_mean_mse":5.887762e-2,"pooled_over_per_block_mean":1.5050,"pooled_over_per_block_median":1.6966,"pooled_over_per_block_max":2.3528,"first_over_per_block_mean":4.7676,"first_over_per_block_median":9.0373,"first_over_per_block_max":9.9065,"pooled_d_eff":46,"first_d_eff":43,"per_block_d_eff":[43,39,39,39,40,40,40,40,43,38,38,39,38,39,39,39],"per_block_mses":[1.861387e-2,1.570605e-2,1.496937e-2,1.499965e-2,1.349624e-2,1.342224e-2,1.358847e-2,1.346931e-2,1.333677e-2,1.085375e-2,1.036053e-2,9.069421e-3,9.707515e-3,8.657685e-3,8.786732e-3,8.553203e-3],"layer_pooled_mses":[3.276476e-2,1.801281e-2,1.601252e-2,1.582369e-2,1.582940e-2,1.601620e-2,1.608186e-2,1.625217e-2,3.137847e-2,1.869636e-2,1.718010e-2,1.655255e-2,1.646979e-2,1.662438e-2,1.680741e-2,1.687032e-2],"first_block_mses":[1.861387e-2,1.921370e-2,2.241532e-2,2.482344e-2,2.548633e-2,2.724009e-2,2.725014e-2,2.788550e-2,1.232273e-1,9.942552e-2,9.492880e-2,8.855253e-2,8.772970e-2,8.378045e-2,8.704610e-2,8.442317e-2]}