{"n_vecs":8192,"dim":64,"block_size":512,"n_blocks":16,"variance_ratio":0.95,"per_block_mean_mse":1.068226e-1,"layer_pooled_mean_mse":1.667061e-1,"first_block_mean_mse":1.543780e0,"pooled_over_per_block_mean":1.5606,"pooled_over_per_block_median":1.5617,"pooled_over_per_block_max":2.1463,"first_over_per_block_mean":14.4518,"first_over_per_block_median":14.1981,"first_over_per_block_max":20.7356,"pooled_d_eff":42,"first_d_eff":38,"per_block_d_eff":[38,36,36,36,35,35,35,35,38,36,35,35,35,35,35,35],"per_block_mses":[8.824966e-2,8.764494e-2,8.406825e-2,8.306550e-2,8.972766e-2,8.820699e-2,8.809621e-2,8.827832e-2,1.257991e-1,1.238487e-1,1.312729e-1,1.277232e-1,1.283839e-1,1.247739e-1,1.257006e-1,1.243210e-1],"layer_pooled_mses":[1.894068e-1,1.471473e-1,1.382279e-1,1.347060e-1,1.337829e-1,1.333191e-1,1.354633e-1,1.404599e-1,2.580018e-1,1.934100e-1,1.787100e-1,1.694254e-1,1.692749e-1,1.707592e-1,1.751449e-1,2.000580e-1],"first_block_mses":[8.824966e-2,7.616294e-1,9.163037e-1,9.654182e-1,9.847669e-1,8.991133e-1,9.044473e-1,7.432102e-1,2.298301e0,2.326007e0,2.722017e0,2.207461e0,1.822802e0,2.342100e0,2.486194e0,2.232459e0]}