{"n_vecs":8192,"dim":64,"block_size":512,"n_blocks":16,"variance_ratio":0.95,"per_block_mean_mse":1.219652e-1,"layer_pooled_mean_mse":1.984976e-1,"first_block_mean_mse":2.268881e0,"pooled_over_per_block_mean":1.6275,"pooled_over_per_block_median":1.5608,"pooled_over_per_block_max":2.5212,"first_over_per_block_mean":18.6027,"first_over_per_block_median":28.9117,"first_over_per_block_max":35.2492,"pooled_d_eff":45,"first_d_eff":41,"per_block_d_eff":[41,40,39,40,39,39,39,40,40,37,37,36,36,36,36,36],"per_block_mses":[1.290971e-1,1.341210e-1,1.457796e-1,1.340205e-1,1.459258e-1,1.485163e-1,1.466059e-1,1.339905e-1,1.085316e-1,1.087764e-1,1.012288e-1,1.072848e-1,1.042711e-1,1.013165e-1,1.012561e-1,1.007214e-1],"layer_pooled_mses":[2.813146e-1,2.128042e-1,1.990430e-1,2.024360e-1,2.019894e-1,2.045184e-1,2.125731e-1,2.270014e-1,2.736248e-1,1.779261e-1,1.713593e-1,1.645119e-1,1.627477e-1,1.580760e-1,1.565542e-1,1.694814e-1],"first_block_mses":[1.290971e-1,8.015518e-1,1.407542e0,1.497385e0,1.411629e0,1.662620e0,1.401968e0,1.044702e0,3.137832e0,3.439968e0,3.406262e0,3.318500e0,3.341235e0,3.474747e0,3.276709e0,3.550351e0]}