{"n_vecs":8192,"dim":64,"block_size":512,"n_blocks":16,"variance_ratio":0.95,"per_block_mean_mse":7.486800e-2,"layer_pooled_mean_mse":1.664278e-1,"first_block_mean_mse":1.267667e0,"pooled_over_per_block_mean":2.2229,"pooled_over_per_block_median":2.4491,"pooled_over_per_block_max":2.7706,"first_over_per_block_mean":16.9320,"first_over_per_block_median":18.7469,"first_over_per_block_max":27.3663,"pooled_d_eff":38,"first_d_eff":36,"per_block_d_eff":[36,36,37,37,37,37,37,37,29,30,30,31,31,31,31,31],"per_block_mses":[7.717130e-2,8.036237e-2,7.615620e-2,7.674730e-2,7.631272e-2,7.606801e-2,7.525898e-2,7.563063e-2,7.497857e-2,7.616105e-2,7.690276e-2,7.181137e-2,7.120552e-2,7.151835e-2,7.029959e-2,7.130331e-2],"layer_pooled_mses":[2.077964e-1,1.968180e-1,1.972858e-1,1.963769e-1,1.947629e-1,1.914136e-1,1.979698e-1,2.095410e-1,1.486831e-1,1.313520e-1,1.281401e-1,1.283187e-1,1.273429e-1,1.295671e-1,1.325418e-1,1.449347e-1],"first_block_mses":[7.717130e-2,6.054782e-1,9.223119e-1,1.039994e0,1.118185e0,1.267704e0,1.410869e0,1.346302e0,1.304065e0,1.584962e0,1.601303e0,1.495411e0,1.508370e0,1.451180e0,1.598065e0,1.951308e0]}