{"n_vecs":8192,"dim":64,"block_size":512,"n_blocks":16,"variance_ratio":0.95,"per_block_mean_mse":2.238519e-1,"layer_pooled_mean_mse":3.866781e-1,"first_block_mean_mse":4.153261e0,"pooled_over_per_block_mean":1.7274,"pooled_over_per_block_median":2.3135,"pooled_over_per_block_max":2.8400,"first_over_per_block_mean":18.5536,"first_over_per_block_median":21.4949,"first_over_per_block_max":26.8338,"pooled_d_eff":40,"first_d_eff":29,"per_block_d_eff":[29,26,25,25,25,25,25,25,37,35,34,34,34,34,34,34],"per_block_mses":[2.117599e-1,2.343619e-1,2.584176e-1,2.596726e-1,2.538860e-1,2.577126e-1,2.552942e-1,2.596507e-1,1.781747e-1,1.911494e-1,2.047837e-1,2.056924e-1,2.022306e-1,2.019278e-1,2.039816e-1,2.029341e-1],"layer_pooled_mses":[3.735480e-1,2.778204e-1,2.582706e-1,2.689453e-1,2.560137e-1,2.644303e-1,2.683306e-1,3.007641e-1,5.060175e-1,4.884245e-1,4.978001e-1,4.758603e-1,4.725120e-1,4.854121e-1,4.791185e-1,5.135813e-1],"first_block_mses":[2.117599e-1,1.790200e0,2.954715e0,3.907918e0,4.387051e0,4.381281e0,4.625922e0,4.930133e0,3.829843e0,4.947221e0,4.824381e0,5.407893e0,5.426607e0,5.028178e0,4.978269e0,4.820800e0]}