{"n_vecs":8192,"dim":64,"block_size":512,"n_blocks":16,"variance_ratio":0.95,"per_block_mean_mse":1.041243e-1,"layer_pooled_mean_mse":1.200214e-1,"first_block_mean_mse":8.853664e-1,"pooled_over_per_block_mean":1.1527,"pooled_over_per_block_median":1.1105,"pooled_over_per_block_max":1.4640,"first_over_per_block_mean":8.5030,"first_over_per_block_median":14.2607,"first_over_per_block_max":16.2440,"pooled_d_eff":50,"first_d_eff":42,"per_block_d_eff":[42,40,40,40,40,40,40,40,43,41,41,41,41,41,41,41],"per_block_mses":[1.090163e-1,1.067646e-1,1.029687e-1,1.047862e-1,1.024363e-1,1.026995e-1,1.009777e-1,1.003836e-1,1.212061e-1,1.087792e-1,1.039525e-1,1.028209e-1,1.017075e-1,1.004544e-1,9.921335e-2,9.782140e-2],"layer_pooled_mses":[1.577859e-1,1.180889e-1,1.145434e-1,1.130519e-1,1.142488e-1,1.125853e-1,1.121387e-1,1.102392e-1,1.774416e-1,1.224465e-1,1.126399e-1,1.116319e-1,1.107901e-1,1.113956e-1,1.102709e-1,1.110435e-1],"first_block_mses":[1.090163e-1,1.204920e-1,1.330281e-1,1.435347e-1,1.427818e-1,1.497589e-1,1.443640e-1,1.466600e-1,1.728485e0,1.678367e0,1.643316e0,1.621964e0,1.611010e0,1.604546e0,1.599526e0,1.589013e0]}