{"n_vecs":8192,"dim":64,"block_size":512,"n_blocks":16,"variance_ratio":0.95,"per_block_mean_mse":9.085210e-2,"layer_pooled_mean_mse":2.132746e-1,"first_block_mean_mse":2.884550e0,"pooled_over_per_block_mean":2.3475,"pooled_over_per_block_median":2.2038,"pooled_over_per_block_max":3.4727,"first_over_per_block_mean":31.7500,"first_over_per_block_median":36.5428,"first_over_per_block_max":57.2127,"pooled_d_eff":41,"first_d_eff":36,"per_block_d_eff":[36,33,32,32,32,31,31,31,37,35,34,34,34,34,33,34],"per_block_mses":[9.269025e-2,9.789921e-2,9.857544e-2,9.645199e-2,9.163554e-2,1.002093e-1,9.664113e-2,9.685550e-2,9.215068e-2,8.857082e-2,8.840659e-2,8.497970e-2,8.146279e-2,8.053932e-2,8.771167e-2,7.885358e-2],"layer_pooled_mses":[3.064499e-1,2.308188e-1,2.097465e-1,2.007644e-1,1.942108e-1,1.945116e-1,1.971008e-1,2.243435e-1,3.200132e-1,2.153169e-1,1.891213e-1,1.860106e-1,1.795263e-1,1.803896e-1,1.832548e-1,2.008148e-1],"first_block_mses":[9.269025e-2,1.261518e0,1.591082e0,2.128418e0,2.781735e0,2.818193e0,2.541622e0,2.413431e0,3.619968e0,3.966240e0,3.230625e0,3.609220e0,3.513750e0,3.948319e0,4.124561e0,4.511423e0]}