{"n_vecs":8192,"dim":64,"block_size":512,"n_blocks":16,"variance_ratio":0.95,"per_block_mean_mse":8.426792e-2,"layer_pooled_mean_mse":1.746938e-1,"first_block_mean_mse":1.352908e0,"pooled_over_per_block_mean":2.0731,"pooled_over_per_block_median":2.0878,"pooled_over_per_block_max":2.5357,"first_over_per_block_mean":16.0548,"first_over_per_block_median":17.5270,"first_over_per_block_max":23.1035,"pooled_d_eff":43,"first_d_eff":30,"per_block_d_eff":[30,31,31,31,31,32,32,32,39,38,38,38,38,38,38,38],"per_block_mses":[8.024710e-2,7.725207e-2,7.761900e-2,7.914634e-2,7.849563e-2,7.213376e-2,7.235476e-2,7.232530e-2,9.174492e-2,9.408372e-2,9.382242e-2,9.324138e-2,9.275499e-2,9.148897e-2,9.106918e-2,9.050713e-2],"layer_pooled_mses":[1.838210e-1,1.421342e-1,1.395120e-1,1.414486e-1,1.419596e-1,1.405563e-1,1.374480e-1,1.435637e-1,2.326335e-1,2.023082e-1,1.974277e-1,1.935272e-1,1.936573e-1,1.929844e-1,1.975606e-1,2.145590e-1],"first_block_mses":[8.024710e-2,5.417586e-1,8.532045e-1,1.003391e0,1.168734e0,1.264291e0,1.256035e0,1.159918e0,1.454135e0,1.794910e0,1.672467e0,1.974917e0,1.709048e0,1.692437e0,2.104017e0,1.917015e0]}