{"n_vecs":8192,"dim":64,"block_size":512,"n_blocks":16,"variance_ratio":0.95,"per_block_mean_mse":7.781189e-2,"layer_pooled_mean_mse":2.349059e-1,"first_block_mean_mse":1.933323e0,"pooled_over_per_block_mean":3.0189,"pooled_over_per_block_median":3.1701,"pooled_over_per_block_max":3.5379,"first_over_per_block_mean":24.8461,"first_over_per_block_median":47.3897,"first_over_per_block_max":51.9928,"pooled_d_eff":42,"first_d_eff":44,"per_block_d_eff":[44,43,42,42,42,42,42,42,28,29,30,31,31,31,31,31],"per_block_mses":[1.003966e-1,9.112506e-2,9.947467e-2,9.689740e-2,9.697743e-2,9.220466e-2,9.303544e-2,9.058300e-2,6.493820e-2,6.504958e-2,6.308915e-2,5.841711e-2,5.872472e-2,5.811947e-2,5.806752e-2,5.789017e-2],"layer_pooled_mses":[3.551909e-1,3.185843e-1,3.153484e-1,3.157579e-1,3.125191e-1,3.057274e-1,3.140876e-1,3.048362e-1,1.795359e-1,1.573919e-1,1.437846e-1,1.581916e-1,1.483017e-1,1.397165e-1,1.445028e-1,1.450181e-1],"first_block_mses":[1.003966e-1,6.032481e-1,9.121222e-1,6.924969e-1,9.132819e-1,1.301392e0,1.225408e0,1.118536e0,3.275132e0,3.295909e0,3.063629e0,3.037267e0,2.924041e0,2.754266e0,2.891710e0,2.824329e0]}