{"n_vecs":8192,"dim":64,"block_size":512,"n_blocks":16,"variance_ratio":0.95,"per_block_mean_mse":9.450747e-3,"layer_pooled_mean_mse":1.183467e-2,"first_block_mean_mse":9.117599e-2,"pooled_over_per_block_mean":1.2522,"pooled_over_per_block_median":1.5125,"pooled_over_per_block_max":1.8955,"first_over_per_block_mean":9.6475,"first_over_per_block_median":11.0462,"first_over_per_block_max":15.8440,"pooled_d_eff":45,"first_d_eff":38,"per_block_d_eff":[38,37,36,36,36,36,36,36,39,37,36,36,36,36,36,36],"per_block_mses":[9.988827e-3,7.094389e-3,6.952828e-3,6.562691e-3,6.344880e-3,6.168149e-3,6.113167e-3,6.063282e-3,1.494723e-2,1.219492e-2,1.228464e-2,1.172038e-2,1.141259e-2,1.117585e-2,1.113436e-2,1.105376e-2],"layer_pooled_mses":[1.893351e-2,1.194936e-2,1.051606e-2,1.004975e-2,9.790999e-3,9.628130e-3,9.596875e-3,9.625960e-3,2.073352e-2,1.252780e-2,1.142623e-2,1.103543e-2,1.086743e-2,1.086801e-2,1.091804e-2,1.088761e-2],"first_block_mses":[9.988827e-3,8.935985e-3,9.482048e-3,1.024771e-2,1.029296e-2,1.094790e-2,1.070307e-2,1.099966e-2,1.651095e-1,1.716801e-1,1.708846e-1,1.738325e-1,1.723291e-1,1.758520e-1,1.723943e-1,1.751356e-1]}