{"n_vecs":8192,"dim":64,"block_size":512,"n_blocks":16,"variance_ratio":0.95,"per_block_mean_mse":9.594315e-2,"layer_pooled_mean_mse":2.935320e-1,"first_block_mean_mse":5.332486e0,"pooled_over_per_block_mean":3.0594,"pooled_over_per_block_median":3.0469,"pooled_over_per_block_max":3.7537,"first_over_per_block_mean":55.5796,"first_over_per_block_median":120.5479,"first_over_per_block_max":135.8426,"pooled_d_eff":37,"first_d_eff":39,"per_block_d_eff":[39,38,38,38,38,38,38,38,36,35,35,35,35,35,35,35],"per_block_mses":[1.140765e-1,1.182532e-1,1.160785e-1,1.172200e-1,1.157376e-1,1.175876e-1,1.159306e-1,1.176231e-1,7.206112e-2,7.588438e-2,7.529835e-2,7.605528e-2,7.542756e-2,7.606358e-2,7.555776e-2,7.623517e-2],"layer_pooled_mses":[3.715476e-1,3.459701e-1,3.471765e-1,3.375608e-1,3.479076e-1,3.391037e-1,3.369785e-1,3.418359e-1,2.704944e-1,2.382748e-1,2.352445e-1,2.310003e-1,2.298202e-1,2.411066e-1,2.315009e-1,2.509897e-1],"first_block_mses":[1.140765e-1,7.407734e-1,1.444154e0,1.548419e0,9.308487e-1,7.915386e-1,9.816431e-1,1.757166e0,8.935372e0,9.350760e0,9.664690e0,9.778780e0,1.005873e1,9.169302e0,9.697542e0,1.035598e1]}