{"n_vecs":8192,"dim":64,"block_size":512,"n_blocks":16,"variance_ratio":0.95,"per_block_mean_mse":1.349802e-2,"layer_pooled_mean_mse":2.861523e-2,"first_block_mean_mse":3.015175e-1,"pooled_over_per_block_mean":2.1200,"pooled_over_per_block_median":1.8859,"pooled_over_per_block_max":3.4564,"first_over_per_block_mean":22.3379,"first_over_per_block_median":21.6049,"first_over_per_block_max":47.9944,"pooled_d_eff":33,"first_d_eff":35,"per_block_d_eff":[35,28,27,27,26,26,26,26,33,29,28,28,27,27,28,27],"per_block_mses":[1.733064e-2,1.453794e-2,1.266252e-2,1.159022e-2,1.162959e-2,1.099145e-2,1.077550e-2,1.064865e-2,2.203993e-2,1.558039e-2,1.404683e-2,1.319684e-2,1.336149e-2,1.297847e-2,1.179790e-2,1.279995e-2],"layer_pooled_mses":[5.990109e-2,3.057011e-2,2.366211e-2,2.162683e-2,2.052146e-2,2.023856e-2,2.032197e-2,2.055871e-2,6.391358e-2,3.241924e-2,2.571082e-2,2.397283e-2,2.289113e-2,2.320707e-2,2.367364e-2,2.465443e-2],"first_block_mses":[1.733064e-2,2.043907e-2,2.975229e-2,3.527259e-2,4.064376e-2,4.515244e-2,4.685515e-2,4.774151e-2,4.761714e-1,5.970461e-1,5.897812e-1,5.918394e-1,5.753044e-1,5.829297e-1,5.662332e-1,5.617877e-1]}