{"n_vecs":8192,"dim":64,"block_size":512,"n_blocks":16,"variance_ratio":0.95,"per_block_mean_mse":1.066154e-1,"layer_pooled_mean_mse":1.745145e-1,"first_block_mean_mse":2.694690e0,"pooled_over_per_block_mean":1.6369,"pooled_over_per_block_median":1.5141,"pooled_over_per_block_max":2.7629,"first_over_per_block_mean":25.2749,"first_over_per_block_median":27.2601,"first_over_per_block_max":37.6386,"pooled_d_eff":41,"first_d_eff":31,"per_block_d_eff":[31,28,27,27,27,26,26,26,37,34,33,32,32,32,31,31],"per_block_mses":[9.333479e-2,9.639399e-2,9.682319e-2,9.321645e-2,8.829607e-2,1.001586e-1,9.689076e-2,9.806669e-2,1.238843e-1,1.226938e-1,1.159932e-1,1.215312e-1,1.117773e-1,1.102708e-1,1.162999e-1,1.202156e-1],"layer_pooled_mses":[2.247902e-1,1.551093e-1,1.401215e-1,1.295844e-1,1.301528e-1,1.248530e-1,1.190911e-1,1.364739e-1,3.422796e-1,2.154851e-1,1.900332e-1,1.868758e-1,1.784376e-1,1.652719e-1,1.716589e-1,1.820142e-1],"first_block_mses":[9.333479e-2,9.601275e-1,1.323487e0,1.339584e0,1.849995e0,2.080432e0,2.207818e0,2.073798e0,3.377094e0,3.972816e0,3.962082e0,3.835264e0,4.207141e0,4.027160e0,3.889044e0,3.915868e0]}