{"n_vecs":8192,"dim":64,"block_size":512,"n_blocks":16,"variance_ratio":0.95,"per_block_mean_mse":9.877384e-3,"layer_pooled_mean_mse":1.330462e-2,"first_block_mean_mse":9.367783e-2,"pooled_over_per_block_mean":1.3470,"pooled_over_per_block_median":2.2791,"pooled_over_per_block_max":3.4061,"first_over_per_block_mean":9.4841,"first_over_per_block_median":9.5201,"first_over_per_block_max":13.2637,"pooled_d_eff":40,"first_d_eff":40,"per_block_d_eff":[40,36,35,35,35,35,35,35,36,32,30,30,29,29,29,29],"per_block_mses":[8.086108e-3,6.178128e-3,5.635046e-3,5.148787e-3,4.803570e-3,4.564956e-3,4.569570e-3,4.571944e-3,1.600473e-2,1.402177e-2,1.476561e-2,1.373641e-2,1.441409e-2,1.381919e-2,1.387893e-2,1.383930e-2],"layer_pooled_mses":[2.754224e-2,1.546897e-2,1.284258e-2,1.173698e-2,1.130657e-2,1.071481e-2,1.088769e-2,1.071396e-2,2.568544e-2,1.342585e-2,1.137818e-2,1.059996e-2,1.026025e-2,1.006571e-2,1.010775e-2,1.013701e-2],"first_block_mses":[8.086108e-3,7.976523e-3,9.867245e-3,1.101352e-2,1.154385e-2,1.227498e-2,1.244766e-2,1.242306e-2,1.523660e-1,1.713979e-1,1.782437e-1,1.800069e-1,1.819440e-1,1.832941e-1,1.840015e-1,1.819583e-1]}