{"n_vecs":8192,"dim":64,"block_size":512,"n_blocks":16,"variance_ratio":0.95,"per_block_mean_mse":1.757789e-1,"layer_pooled_mean_mse":2.682409e-1,"first_block_mean_mse":2.708847e0,"pooled_over_per_block_mean":1.5260,"pooled_over_per_block_median":4.1803,"pooled_over_per_block_max":4.8292,"first_over_per_block_mean":15.4105,"first_over_per_block_median":15.3108,"first_over_per_block_max":19.2018,"pooled_d_eff":38,"first_d_eff":41,"per_block_d_eff":[41,40,39,39,38,38,38,38,20,18,18,18,18,17,17,17],"per_block_mses":[1.003667e-1,8.670395e-2,8.261543e-2,7.831162e-2,8.194567e-2,7.920387e-2,7.739548e-2,7.824073e-2,2.153140e-1,2.737602e-1,2.650123e-1,2.560893e-1,2.522937e-1,2.961495e-1,2.966034e-1,2.924562e-1],"layer_pooled_mses":[4.195620e-1,3.859634e-1,3.687326e-1,3.706729e-1,3.589752e-1,3.558032e-1,3.539607e-1,3.778378e-1,2.214464e-1,1.698704e-1,1.593231e-1,1.489088e-1,1.509522e-1,1.427278e-1,1.480980e-1,1.590191e-1],"first_block_mses":[1.003667e-1,7.062541e-1,1.121576e0,1.065487e0,1.019202e0,1.021579e0,1.010781e0,1.001294e0,3.529587e0,4.191501e0,4.215305e0,4.477529e0,4.844486e0,5.076754e0,4.966540e0,4.993317e0]}