{"n_vecs":8192,"dim":64,"block_size":512,"n_blocks":16,"variance_ratio":0.95,"per_block_mean_mse":7.280024e-3,"layer_pooled_mean_mse":8.871840e-3,"first_block_mean_mse":5.647342e-2,"pooled_over_per_block_mean":1.2187,"pooled_over_per_block_median":1.1750,"pooled_over_per_block_max":1.6451,"first_over_per_block_mean":7.7573,"first_over_per_block_median":11.0752,"first_over_per_block_max":13.5524,"pooled_d_eff":43,"first_d_eff":35,"per_block_d_eff":[35,33,32,32,32,32,32,32,36,35,35,35,35,35,35,35],"per_block_mses":[7.153559e-3,6.215867e-3,6.452451e-3,6.369841e-3,6.292541e-3,6.269281e-3,6.188836e-3,6.272261e-3,1.110433e-2,8.442350e-3,7.915413e-3,7.749759e-3,7.664835e-3,7.482112e-3,7.436910e-3,7.470035e-3],"layer_pooled_mses":[1.176803e-2,8.010246e-3,7.581446e-3,7.445679e-3,7.481978e-3,7.374546e-3,7.390069e-3,7.419120e-3,1.495299e-2,9.808842e-3,9.010506e-3,8.858015e-3,8.796425e-3,8.679917e-3,8.662299e-3,8.709338e-3],"first_block_mses":[7.153559e-3,7.281402e-3,8.069044e-3,8.837210e-3,8.935215e-3,9.388284e-3,9.343185e-3,9.648540e-3,1.229822e-1,1.057748e-1,1.031299e-1,1.011956e-1,1.018382e-1,9.909332e-2,1.007878e-1,1.001165e-1]}