{"n_vecs":8192,"dim":64,"block_size":512,"n_blocks":16,"variance_ratio":0.95,"per_block_mean_mse":7.514160e-3,"layer_pooled_mean_mse":9.049389e-3,"first_block_mean_mse":6.323865e-2,"pooled_over_per_block_mean":1.2043,"pooled_over_per_block_median":1.2601,"pooled_over_per_block_max":1.5802,"first_over_per_block_mean":8.4159,"first_over_per_block_median":13.7355,"first_over_per_block_max":15.1608,"pooled_d_eff":47,"first_d_eff":38,"per_block_d_eff":[38,36,36,36,36,36,36,36,41,41,41,40,40,40,40,40],"per_block_mses":[6.435195e-3,6.650994e-3,6.605031e-3,6.596848e-3,6.562321e-3,6.606707e-3,6.601222e-3,6.589017e-3,8.416709e-3,7.906167e-3,7.950637e-3,8.657602e-3,8.751231e-3,8.586533e-3,8.722302e-3,8.588045e-3],"layer_pooled_mses":[1.016912e-2,8.392688e-3,8.322745e-3,8.344356e-3,8.338088e-3,8.400111e-3,8.330705e-3,8.418102e-3,1.017351e-2,9.442670e-3,9.503611e-3,9.397034e-3,9.457345e-3,9.339157e-3,9.419078e-3,9.341894e-3],"first_block_mses":[6.435195e-3,6.345398e-3,6.324416e-3,6.493855e-3,6.425839e-3,6.615301e-3,6.531983e-3,6.649122e-3,1.207557e-1,1.196713e-1,1.205380e-1,1.195130e-1,1.202026e-1,1.196057e-1,1.199952e-1,1.197158e-1]}