{"n_vecs":8192,"dim":64,"block_size":512,"n_blocks":16,"variance_ratio":0.95,"per_block_mean_mse":1.640114e-1,"layer_pooled_mean_mse":2.478319e-1,"first_block_mean_mse":2.828905e0,"pooled_over_per_block_mean":1.5111,"pooled_over_per_block_median":1.6145,"pooled_over_per_block_max":2.1975,"first_over_per_block_mean":17.2482,"first_over_per_block_median":23.5352,"first_over_per_block_max":27.2347,"pooled_d_eff":47,"first_d_eff":37,"per_block_d_eff":[37,34,33,33,32,32,32,32,43,42,41,41,41,41,41,41],"per_block_mses":[1.453202e-1,1.489296e-1,1.508386e-1,1.448285e-1,1.536847e-1,1.518567e-1,1.495291e-1,1.505585e-1,1.692541e-1,1.714371e-1,1.857624e-1,1.829563e-1,1.803489e-1,1.800745e-1,1.795936e-1,1.792102e-1],"layer_pooled_mses":[2.697244e-1,1.888109e-1,1.619686e-1,1.524641e-1,1.479801e-1,1.603843e-1,1.812570e-1,1.977143e-1,3.719436e-1,3.142654e-1,3.005091e-1,2.953892e-1,2.904744e-1,2.933685e-1,3.066336e-1,3.324226e-1],"first_block_mses":[1.453202e-1,1.169736e0,1.156929e0,1.623623e0,1.068879e0,1.218068e0,1.074142e0,1.527794e0,3.983433e0,4.496333e0,4.791929e0,4.494984e0,4.571834e0,4.667560e0,4.391187e0,4.880734e0]}