{"n_vecs":8192,"dim":64,"block_size":512,"n_blocks":16,"variance_ratio":0.95,"per_block_mean_mse":2.016563e-1,"layer_pooled_mean_mse":3.167432e-1,"first_block_mean_mse":3.770939e0,"pooled_over_per_block_mean":1.5707,"pooled_over_per_block_median":3.4850,"pooled_over_per_block_max":4.1062,"first_over_per_block_mean":18.6998,"first_over_per_block_median":19.7353,"first_over_per_block_max":23.5822,"pooled_d_eff":45,"first_d_eff":37,"per_block_d_eff":[37,33,32,31,31,30,31,30,24,22,21,21,21,21,21,21],"per_block_mses":[1.098208e-1,1.092011e-1,1.058039e-1,1.076472e-1,1.034597e-1,1.093150e-1,9.991740e-2,1.096933e-1,2.357700e-1,2.849673e-1,3.117215e-1,3.092554e-1,3.076130e-1,3.072355e-1,3.074613e-1,3.076177e-1],"layer_pooled_mses":[4.509492e-1,4.002449e-1,4.105824e-1,4.042958e-1,3.922735e-1,3.809678e-1,3.592796e-1,3.920059e-1,3.154407e-1,2.495412e-1,2.323176e-1,2.176504e-1,2.073206e-1,2.117505e-1,2.169515e-1,2.263201e-1],"first_block_mses":[1.098208e-1,7.268405e-1,1.356289e0,1.337220e0,1.063859e0,9.921218e-1,1.524386e0,1.730844e0,5.559969e0,6.561835e0,6.919545e0,6.793948e0,6.424753e0,6.629149e0,6.533516e0,6.070931e0]}