{"n_vecs":8192,"dim":64,"block_size":512,"n_blocks":16,"variance_ratio":0.95,"per_block_mean_mse":1.416627e-2,"layer_pooled_mean_mse":1.971098e-2,"first_block_mean_mse":1.547317e-1,"pooled_over_per_block_mean":1.3914,"pooled_over_per_block_median":1.2838,"pooled_over_per_block_max":2.5465,"first_over_per_block_mean":10.9225,"first_over_per_block_median":11.1166,"first_over_per_block_max":17.7013,"pooled_d_eff":43,"first_d_eff":39,"per_block_d_eff":[39,32,31,30,31,30,30,30,40,33,32,31,31,31,31,31],"per_block_mses":[1.593170e-2,1.402852e-2,1.197639e-2,1.175792e-2,1.034576e-2,1.058519e-2,1.033322e-2,1.018030e-2,2.047521e-2,1.860983e-2,1.607412e-2,1.623208e-2,1.560800e-2,1.502562e-2,1.484852e-2,1.464793e-2],"layer_pooled_mses":[4.056970e-2,2.176875e-2,1.584245e-2,1.405216e-2,1.368340e-2,1.339663e-2,1.402370e-2,1.492426e-2,4.659314e-2,2.389194e-2,1.703260e-2,1.552150e-2,1.553826e-2,1.573971e-2,1.613972e-2,1.665781e-2],"first_block_mses":[1.593170e-2,2.700664e-2,3.968926e-2,4.482445e-2,4.834081e-2,5.543921e-2,5.820640e-2,5.927539e-2,2.276143e-1,2.909279e-1,2.835467e-1,2.750313e-1,2.638404e-1,2.659724e-1,2.616722e-1,2.583884e-1]}