{"n_vecs":8192,"dim":64,"block_size":512,"n_blocks":16,"variance_ratio":0.95,"per_block_mean_mse":1.074023e-1,"layer_pooled_mean_mse":1.127705e-1,"first_block_mean_mse":6.426395e-1,"pooled_over_per_block_mean":1.0500,"pooled_over_per_block_median":1.1660,"pooled_over_per_block_max":1.5574,"first_over_per_block_mean":5.9835,"first_over_per_block_median":9.3615,"first_over_per_block_max":9.8820,"pooled_d_eff":49,"first_d_eff":40,"per_block_d_eff":[40,38,38,38,38,38,38,38,39,38,38,38,38,38,38,38],"per_block_mses":[1.072814e-1,9.877002e-2,9.600083e-2,9.624048e-2,9.555381e-2,9.398140e-2,9.329645e-2,9.167366e-2,1.372951e-1,1.197086e-1,1.159032e-1,1.170067e-1,1.148795e-1,1.146007e-1,1.131885e-1,1.130565e-1],"layer_pooled_mses":[1.670819e-1,1.200362e-1,1.119372e-1,1.122857e-1,1.132675e-1,1.115003e-1,1.115381e-1,1.105607e-1,1.433343e-1,1.051443e-1,1.011484e-1,1.001544e-1,1.002439e-1,9.863700e-2,9.915391e-2,9.830453e-2],"first_block_mses":[1.072814e-1,1.145433e-1,1.338022e-1,1.441254e-1,1.507305e-1,1.520869e-1,1.506510e-1,1.498933e-1,1.285283e0,1.180506e0,1.145354e0,1.141803e0,1.132609e0,1.108715e0,1.096740e0,1.088110e0]}