{"n_vecs":8192,"dim":64,"block_size":512,"n_blocks":16,"variance_ratio":0.95,"per_block_mean_mse":1.068968e-2,"layer_pooled_mean_mse":1.733564e-2,"first_block_mean_mse":1.814267e-1,"pooled_over_per_block_mean":1.6217,"pooled_over_per_block_median":1.6917,"pooled_over_per_block_max":2.8392,"first_over_per_block_mean":16.9721,"first_over_per_block_median":20.1620,"first_over_per_block_max":32.5714,"pooled_d_eff":36,"first_d_eff":36,"per_block_d_eff":[36,31,30,30,30,30,30,30,34,28,27,26,25,25,25,25],"per_block_mses":[1.621477e-2,1.133569e-2,9.912555e-3,8.787897e-3,8.288924e-3,7.759499e-3,7.920007e-3,7.800833e-3,1.482926e-2,1.219360e-2,1.105039e-2,1.097930e-2,1.142411e-2,1.075288e-2,1.099592e-2,1.078919e-2],"layer_pooled_mses":[4.603617e-2,2.074519e-2,1.636297e-2,1.486645e-2,1.428762e-2,1.385197e-2,1.409012e-2,1.390495e-2,3.386405e-2,1.601147e-2,1.335608e-2,1.239547e-2,1.207537e-2,1.171523e-2,1.198144e-2,1.182577e-2],"first_block_mses":[1.621477e-2,1.587680e-2,2.144469e-2,2.456873e-2,2.628214e-2,2.827833e-2,2.929927e-2,2.884615e-2,2.989881e-1,3.235853e-1,3.400939e-1,3.441113e-1,3.491548e-1,3.502361e-1,3.545256e-1,3.513211e-1]}