{"n_vecs":8192,"dim":64,"block_size":512,"n_blocks":16,"variance_ratio":0.95,"per_block_mean_mse":9.644437e-3,"layer_pooled_mean_mse":1.124438e-2,"first_block_mean_mse":6.426522e-2,"pooled_over_per_block_mean":1.1659,"pooled_over_per_block_median":1.2612,"pooled_over_per_block_max":1.4327,"first_over_per_block_mean":6.6634,"first_over_per_block_median":10.7183,"first_over_per_block_max":12.7112,"pooled_d_eff":47,"first_d_eff":38,"per_block_d_eff":[38,37,36,37,36,36,36,36,42,41,41,41,41,41,41,41],"per_block_mses":[9.911241e-3,9.112528e-3,9.942946e-3,9.077338e-3,9.932394e-3,1.004111e-2,1.001473e-2,1.007041e-2,1.084005e-2,9.562633e-3,9.394543e-3,9.383527e-3,9.254803e-3,9.302347e-3,9.253035e-3,9.217356e-3],"layer_pooled_mses":[1.302496e-2,9.816035e-3,9.761016e-3,9.727199e-3,9.815632e-3,9.831233e-3,9.933026e-3,9.867518e-3,1.553074e-2,1.217523e-2,1.186557e-2,1.184263e-2,1.167850e-2,1.173076e-2,1.167038e-2,1.163965e-2],"first_block_mses":[9.911241e-3,1.030018e-2,1.086059e-2,1.151086e-2,1.160894e-2,1.199244e-2,1.197852e-2,1.218689e-2,1.161871e-1,1.173935e-1,1.176011e-1,1.182092e-1,1.169450e-1,1.174678e-1,1.169262e-1,1.171640e-1]}