{"n_vecs":8192,"dim":64,"block_size":512,"n_blocks":16,"variance_ratio":0.95,"per_block_mean_mse":1.141419e-1,"layer_pooled_mean_mse":2.365573e-1,"first_block_mean_mse":2.078721e0,"pooled_over_per_block_mean":2.0725,"pooled_over_per_block_median":2.0476,"pooled_over_per_block_max":2.8549,"first_over_per_block_mean":18.2117,"first_over_per_block_median":22.2904,"first_over_per_block_max":31.7151,"pooled_d_eff":42,"first_d_eff":40,"per_block_d_eff":[40,38,38,38,38,38,38,38,37,35,34,34,34,34,34,34],"per_block_mses":[1.189257e-1,1.301013e-1,1.297167e-1,1.270746e-1,1.285971e-1,1.269062e-1,1.282534e-1,1.267719e-1,9.414881e-2,9.821760e-2,1.051500e-1,1.034359e-1,1.028969e-1,1.022724e-1,1.017803e-1,1.020210e-1],"layer_pooled_mses":[3.395251e-1,2.806384e-1,2.747235e-1,2.601961e-1,2.559723e-1,2.684224e-1,2.779789e-1,3.051929e-1,2.680504e-1,1.812053e-1,1.776743e-1,1.689786e-1,1.693341e-1,1.784417e-1,1.731346e-1,2.054476e-1],"first_block_mses":[1.189257e-1,1.122300e0,1.593377e0,1.539173e0,1.836419e0,2.073211e0,1.913238e0,2.249170e0,2.496573e0,2.827795e0,2.425061e0,2.403851e0,2.293610e0,2.579461e0,2.551772e0,3.235604e0]}