{"n_vecs":8192,"dim":64,"block_size":512,"n_blocks":16,"variance_ratio":0.95,"per_block_mean_mse":4.848357e-2,"layer_pooled_mean_mse":6.199050e-2,"first_block_mean_mse":4.402470e-1,"pooled_over_per_block_mean":1.2786,"pooled_over_per_block_median":3.0966,"pooled_over_per_block_max":3.5584,"first_over_per_block_mean":9.0803,"first_over_per_block_median":9.6135,"first_over_per_block_max":11.4130,"pooled_d_eff":45,"first_d_eff":41,"per_block_d_eff":[41,39,39,39,39,39,39,39,38,38,38,38,38,38,38,38],"per_block_mses":[2.370255e-2,1.954939e-2,1.901178e-2,1.858954e-2,1.857111e-2,1.823245e-2,1.827966e-2,1.786381e-2,9.277280e-2,7.811931e-2,7.676397e-2,7.716815e-2,7.630956e-2,7.475666e-2,7.356778e-2,7.247862e-2],"layer_pooled_mses":[8.434329e-2,6.255943e-2,5.910279e-2,5.836177e-2,5.750698e-2,5.705533e-2,5.676641e-2,5.672795e-2,8.518980e-2,6.234450e-2,5.955651e-2,5.929483e-2,5.933990e-2,5.860222e-2,5.774252e-2,5.735383e-2],"first_block_mses":[2.370255e-2,2.377929e-2,2.740794e-2,3.018538e-2,3.117753e-2,3.316488e-2,3.309294e-2,3.381749e-2,8.918718e-1,8.615450e-1,8.537136e-1,8.557010e-1,8.509978e-1,8.381078e-1,8.284885e-1,8.271992e-1]}