{"n_vecs":8192,"dim":64,"block_size":512,"n_blocks":16,"variance_ratio":0.95,"per_block_mean_mse":1.426682e-1,"layer_pooled_mean_mse":4.167696e-1,"first_block_mean_mse":2.981419e0,"pooled_over_per_block_mean":2.9213,"pooled_over_per_block_median":2.9503,"pooled_over_per_block_max":3.2040,"first_over_per_block_mean":20.8976,"first_over_per_block_median":27.7520,"first_over_per_block_max":36.0310,"pooled_d_eff":44,"first_d_eff":38,"per_block_d_eff":[38,38,38,38,38,38,38,38,41,41,41,41,41,41,41,41],"per_block_mses":[1.673010e-1,1.666923e-1,1.645710e-1,1.660061e-1,1.645754e-1,1.654947e-1,1.642978e-1,1.653186e-1,1.245012e-1,1.192280e-1,1.199159e-1,1.186276e-1,1.198615e-1,1.185779e-1,1.195148e-1,1.182068e-1],"layer_pooled_mses":[4.935930e-1,4.578829e-1,4.561062e-1,4.594338e-1,4.619986e-1,4.669991e-1,4.741803e-1,5.109196e-1,3.988966e-1,3.393724e-1,3.646156e-1,3.557606e-1,3.601982e-1,3.558242e-1,3.433650e-1,3.691673e-1],"first_block_mses":[1.673010e-1,1.546632e0,2.088293e0,2.515421e0,2.678372e0,2.733772e0,3.054155e0,2.876344e0,3.525183e0,3.564172e0,3.327904e0,3.619792e0,3.786426e0,3.801303e0,4.158521e0,4.259110e0]}