{"n_vecs":8192,"dim":64,"block_size":512,"n_blocks":16,"variance_ratio":0.95,"per_block_mean_mse":2.522291e-2,"layer_pooled_mean_mse":2.801307e-2,"first_block_mean_mse":1.612019e-1,"pooled_over_per_block_mean":1.1106,"pooled_over_per_block_median":1.3702,"pooled_over_per_block_max":1.8817,"first_over_per_block_mean":6.3911,"first_over_per_block_median":9.1476,"first_over_per_block_max":9.4215,"pooled_d_eff":50,"first_d_eff":42,"per_block_d_eff":[42,39,39,39,39,38,39,38,43,42,42,42,42,42,42,42],"per_block_mses":[2.123677e-2,2.014107e-2,1.853542e-2,1.809141e-2,1.778189e-2,1.923817e-2,1.757252e-2,1.924749e-2,3.207708e-2,3.198074e-2,3.134049e-2,3.142182e-2,3.086986e-2,3.128898e-2,3.135008e-2,3.139281e-2],"layer_pooled_mses":[3.996018e-2,2.785377e-2,2.596622e-2,2.594309e-2,2.576968e-2,2.635974e-2,2.656603e-2,2.679232e-2,3.596400e-2,2.832944e-2,2.654812e-2,2.614747e-2,2.612781e-2,2.644660e-2,2.678141e-2,2.665329e-2],"first_block_mses":[2.123677e-2,2.426155e-2,2.802097e-2,3.072806e-2,3.177551e-2,3.445877e-2,3.456909e-2,3.531727e-2,2.939852e-1,2.925483e-1,2.885808e-1,2.915150e-1,2.888388e-1,2.947884e-1,2.939597e-1,2.946462e-1]}