{"n_vecs":8192,"dim":64,"block_size":512,"n_blocks":16,"variance_ratio":0.95,"per_block_mean_mse":9.192788e-2,"layer_pooled_mean_mse":1.785283e-1,"first_block_mean_mse":2.371527e0,"pooled_over_per_block_mean":1.9420,"pooled_over_per_block_median":1.9308,"pooled_over_per_block_max":3.9432,"first_over_per_block_mean":25.7977,"first_over_per_block_median":26.4858,"first_over_per_block_max":30.8899,"pooled_d_eff":41,"first_d_eff":35,"per_block_d_eff":[35,32,31,31,30,30,30,30,37,34,32,32,32,32,31,32],"per_block_mses":[5.503498e-2,5.567744e-2,5.353782e-2,5.325454e-2,5.568015e-2,5.708146e-2,5.467801e-2,5.740196e-2,1.277473e-1,1.288193e-1,1.386346e-1,1.324510e-1,1.252689e-1,1.226013e-1,1.323481e-1,1.206292e-1],"layer_pooled_mses":[2.170120e-1,1.381123e-1,1.084688e-1,1.072998e-1,1.059299e-1,1.084264e-1,1.123366e-1,1.444017e-1,3.434659e-1,2.366050e-1,2.046363e-1,1.960014e-1,1.912352e-1,2.065574e-1,2.030480e-1,2.329155e-1],"first_block_mses":[5.503498e-2,5.853439e-1,9.858488e-1,1.148649e0,1.220701e0,1.181525e0,1.455785e0,1.510033e0,3.313502e0,3.706368e0,4.282406e0,4.070707e0,3.739420e0,3.731431e0,3.762725e0,3.194958e0]}