{"n_vecs":8192,"dim":64,"block_size":512,"n_blocks":16,"variance_ratio":0.95,"per_block_mean_mse":2.690670e-3,"layer_pooled_mean_mse":3.811127e-3,"first_block_mean_mse":3.314150e-2,"pooled_over_per_block_mean":1.4164,"pooled_over_per_block_median":1.5706,"pooled_over_per_block_max":1.6109,"first_over_per_block_mean":12.3172,"first_over_per_block_median":26.8145,"first_over_per_block_max":27.7872,"pooled_d_eff":45,"first_d_eff":40,"per_block_d_eff":[40,40,40,40,40,40,40,40,36,36,36,36,36,36,36,36],"per_block_mses":[3.047577e-3,3.079783e-3,3.070091e-3,3.087448e-3,3.055995e-3,3.086950e-3,3.059275e-3,3.092886e-3,2.362363e-3,2.320971e-3,2.275178e-3,2.327925e-3,2.272162e-3,2.320411e-3,2.276313e-3,2.315388e-3],"layer_pooled_mses":[3.917216e-3,3.961852e-3,3.931204e-3,3.959305e-3,3.916127e-3,3.961783e-3,3.922313e-3,3.970443e-3,3.710373e-3,3.685085e-3,3.642038e-3,3.681861e-3,3.660298e-3,3.699100e-3,3.663148e-3,3.695886e-3],"first_block_mses":[3.047577e-3,3.162843e-3,3.090558e-3,3.182882e-3,3.089424e-3,3.183252e-3,3.090384e-3,3.188960e-3,6.334559e-2,6.331703e-2,6.314188e-2,6.304629e-2,6.313700e-2,6.302248e-2,6.322655e-2,6.299137e-2]}