{"n_vecs":8192,"dim":64,"block_size":512,"n_blocks":16,"variance_ratio":0.95,"per_block_mean_mse":1.194234e-1,"layer_pooled_mean_mse":3.176054e0,"first_block_mean_mse":1.850086e2,"pooled_over_per_block_mean":26.5949,"pooled_over_per_block_median":26.5415,"pooled_over_per_block_max":30.6581,"first_over_per_block_mean":1549.1815,"first_over_per_block_median":3211.4094,"first_over_per_block_max":3330.6090,"pooled_d_eff":1,"first_d_eff":43,"per_block_d_eff":[43,42,42,42,42,42,42,42,34,34,34,34,34,34,34,34],"per_block_mses":[1.159011e-1,1.273350e-1,1.275617e-1,1.280513e-1,1.271240e-1,1.280407e-1,1.278064e-1,1.275234e-1,1.124746e-1,1.140934e-1,1.110379e-1,1.139938e-1,1.110729e-1,1.134837e-1,1.109244e-1,1.143506e-1],"layer_pooled_mses":[3.172549e0,3.117196e0,3.121738e0,3.060329e0,3.119426e0,3.136547e0,3.214994e0,3.337116e0,3.369904e0,3.231050e0,3.126613e0,2.919949e0,2.948047e0,3.151450e0,3.284182e0,3.505768e0],"first_block_mses":[1.159011e-1,6.281226e-1,1.207807e0,1.333492e0,1.482758e0,1.644474e0,1.694426e0,1.717464e0,3.671657e2,3.708428e2,3.690775e2,3.695633e2,3.673247e2,3.696666e2,3.694457e2,3.672265e2]}