{"n_vecs":8192,"dim":64,"block_size":512,"n_blocks":16,"variance_ratio":0.95,"per_block_mean_mse":1.753157e-2,"layer_pooled_mean_mse":2.464217e-2,"first_block_mean_mse":1.371788e-1,"pooled_over_per_block_mean":1.4056,"pooled_over_per_block_median":1.4036,"pooled_over_per_block_max":3.3573,"first_over_per_block_mean":7.8247,"first_over_per_block_median":8.7285,"first_over_per_block_max":12.3366,"pooled_d_eff":41,"first_d_eff":43,"per_block_d_eff":[43,34,33,33,33,32,33,32,36,28,27,26,26,26,26,26],"per_block_mses":[2.038839e-2,1.770270e-2,1.561571e-2,1.488839e-2,1.440146e-2,1.512025e-2,1.414845e-2,1.558662e-2,2.087213e-2,2.155941e-2,1.939235e-2,1.952461e-2,1.842624e-2,1.772728e-2,1.751738e-2,1.763381e-2],"layer_pooled_mses":[6.844911e-2,3.158934e-2,2.317391e-2,2.147668e-2,2.021358e-2,2.091633e-2,2.163859e-2,2.315187e-2,4.350790e-2,2.325063e-2,1.701640e-2,1.570798e-2,1.535284e-2,1.570426e-2,1.625243e-2,1.687285e-2],"first_block_mses":[2.038839e-2,3.048848e-2,4.870483e-2,6.358835e-2,6.879059e-2,8.225121e-2,8.639779e-2,9.482515e-2,1.821821e-1,2.165218e-1,2.187691e-1,2.193475e-1,2.154432e-1,2.153137e-1,2.143069e-1,2.175411e-1]}