{"n_vecs":8192,"dim":64,"block_size":512,"n_blocks":16,"variance_ratio":0.95,"per_block_mean_mse":1.484628e-1,"layer_pooled_mean_mse":3.419740e0,"first_block_mean_mse":5.687370e1,"pooled_over_per_block_mean":23.0343,"pooled_over_per_block_median":23.0939,"pooled_over_per_block_max":24.5305,"first_over_per_block_mean":383.0839,"first_over_per_block_median":733.1202,"first_over_per_block_max":783.4882,"pooled_d_eff":2,"first_d_eff":41,"per_block_d_eff":[41,41,41,41,41,41,41,41,45,45,45,45,45,45,45,45],"per_block_mses":[1.494152e-1,1.490182e-1,1.493842e-1,1.489543e-1,1.492746e-1,1.490891e-1,1.495418e-1,1.497504e-1,1.473793e-1,1.471015e-1,1.474343e-1,1.480219e-1,1.476191e-1,1.479272e-1,1.480463e-1,1.474473e-1],"layer_pooled_mses":[3.448193e0,3.535992e0,3.287102e0,3.393301e0,3.447325e0,3.356247e0,3.623214e0,3.463572e0,3.450646e0,3.443476e0,3.363388e0,3.311357e0,3.280211e0,3.275594e0,3.419262e0,3.616961e0],"first_block_mses":[1.494152e-1,1.151186e0,1.716344e0,8.146937e-1,1.134163e0,2.136190e0,1.383225e0,1.252772e0,1.145793e2,1.136586e2,1.134102e2,1.116804e2,1.082226e2,1.098117e2,1.133553e2,1.155232e2]}