{"n_vecs":8192,"dim":64,"block_size":512,"n_blocks":16,"variance_ratio":0.95,"per_block_mean_mse":1.097510e-1,"layer_pooled_mean_mse":1.945252e-1,"first_block_mean_mse":2.687708e0,"pooled_over_per_block_mean":1.7724,"pooled_over_per_block_median":1.7548,"pooled_over_per_block_max":2.5726,"first_over_per_block_mean":24.4891,"first_over_per_block_median":24.2904,"first_over_per_block_max":45.4063,"pooled_d_eff":47,"first_d_eff":39,"per_block_d_eff":[39,37,36,36,35,35,35,35,34,34,33,33,33,33,33,33],"per_block_mses":[1.258357e-1,1.299789e-1,1.319446e-1,1.272080e-1,1.376741e-1,1.362195e-1,1.313684e-1,1.352062e-1,1.107298e-1,9.255666e-2,9.033027e-2,8.722344e-2,8.358594e-2,8.136745e-2,7.741472e-2,7.737295e-2],"layer_pooled_mses":[3.237307e-1,2.479014e-1,2.315395e-1,2.240477e-1,2.245941e-1,2.398921e-1,2.382662e-1,2.534415e-1,2.534950e-1,1.512630e-1,1.300457e-1,1.214112e-1,1.122966e-1,1.144852e-1,1.131384e-1,1.328542e-1],"first_block_mses":[1.258357e-1,1.354629e0,1.973564e0,2.315823e0,2.392821e0,2.584844e0,2.757435e0,2.647894e0,2.689665e0,3.175270e0,3.435071e0,3.921217e0,3.523227e0,3.294780e0,3.298035e0,3.513223e0]}