{"n_vecs":8192,"dim":64,"block_size":512,"n_blocks":16,"variance_ratio":0.95,"per_block_mean_mse":1.440925e-2,"layer_pooled_mean_mse":1.988624e-2,"first_block_mean_mse":1.706092e-1,"pooled_over_per_block_mean":1.3801,"pooled_over_per_block_median":1.4394,"pooled_over_per_block_max":2.0471,"first_over_per_block_mean":11.8403,"first_over_per_block_median":18.2893,"first_over_per_block_max":20.8791,"pooled_d_eff":47,"first_d_eff":42,"per_block_d_eff":[42,39,39,39,39,39,39,39,41,39,39,39,38,39,38,39],"per_block_mses":[1.511166e-2,1.304102e-2,1.235147e-2,1.224760e-2,1.207812e-2,1.201269e-2,1.205863e-2,1.199262e-2,2.026761e-2,1.675855e-2,1.562575e-2,1.538519e-2,1.630062e-2,1.466093e-2,1.608826e-2,1.456726e-2],"layer_pooled_mses":[3.093564e-2,1.929816e-2,1.788573e-2,1.755985e-2,1.738482e-2,1.763915e-2,1.794087e-2,1.817717e-2,3.412796e-2,2.073499e-2,1.837344e-2,1.785518e-2,1.745137e-2,1.747029e-2,1.760018e-2,1.774504e-2],"first_block_mses":[1.511166e-2,1.659827e-2,2.014588e-2,2.223136e-2,2.315356e-2,2.477184e-2,2.519637e-2,2.588835e-2,3.706805e-1,3.245118e-1,3.188828e-1,3.103867e-1,3.127278e-1,3.055710e-1,3.097369e-1,3.041515e-1]}