{"n_vecs":8192,"dim":64,"block_size":512,"n_blocks":16,"variance_ratio":0.95,"per_block_mean_mse":1.428892e-1,"layer_pooled_mean_mse":1.445106e-1,"first_block_mean_mse":7.145704e-1,"pooled_over_per_block_mean":1.0113,"pooled_over_per_block_median":1.0003,"pooled_over_per_block_max":1.1035,"first_over_per_block_mean":5.0009,"first_over_per_block_median":8.5492,"first_over_per_block_max":9.3901,"pooled_d_eff":50,"first_d_eff":39,"per_block_d_eff":[39,38,38,39,38,39,39,39,39,38,38,39,39,39,39,39],"per_block_mses":[1.600316e-1,1.594964e-1,1.556757e-1,1.428558e-1,1.558012e-1,1.397117e-1,1.364502e-1,1.360080e-1,1.524728e-1,1.476993e-1,1.457211e-1,1.342245e-1,1.325541e-1,1.311362e-1,1.286055e-1,1.277826e-1],"layer_pooled_mses":[1.645788e-1,1.445337e-1,1.409259e-1,1.414681e-1,1.406172e-1,1.390029e-1,1.364910e-1,1.357643e-1,1.663662e-1,1.449688e-1,1.424581e-1,1.449464e-1,1.453308e-1,1.426604e-1,1.419189e-1,1.401375e-1],"first_block_mses":[1.600316e-1,1.722470e-1,1.805417e-1,1.924859e-1,1.912614e-1,1.976240e-1,1.918933e-1,1.948951e-1,1.333210e0,1.269651e0,1.245802e0,1.254662e0,1.244701e0,1.217602e0,1.199086e0,1.187433e0]}