{"n_vecs":8192,"dim":64,"block_size":512,"n_blocks":16,"variance_ratio":0.95,"per_block_mean_mse":4.373558e-3,"layer_pooled_mean_mse":4.627748e-3,"first_block_mean_mse":2.533694e-2,"pooled_over_per_block_mean":1.0581,"pooled_over_per_block_median":1.0537,"pooled_over_per_block_max":1.1217,"first_over_per_block_mean":5.7932,"first_over_per_block_median":10.1231,"first_over_per_block_max":10.3342,"pooled_d_eff":48,"first_d_eff":37,"per_block_d_eff":[37,36,36,36,36,36,36,36,40,40,40,40,40,40,40,40],"per_block_mses":[4.028515e-3,4.177290e-3,4.207812e-3,4.181246e-3,4.204863e-3,4.206294e-3,4.226724e-3,4.219216e-3,4.565417e-3,4.549342e-3,4.576698e-3,4.560027e-3,4.575652e-3,4.564037e-3,4.574479e-3,4.559310e-3],"layer_pooled_mses":[4.518665e-3,4.398386e-3,4.395696e-3,4.419344e-3,4.409806e-3,4.431345e-3,4.414399e-3,4.438854e-3,4.808788e-3,4.830864e-3,4.822682e-3,4.831246e-3,4.816390e-3,4.843009e-3,4.827757e-3,4.836729e-3],"first_block_mses":[4.028515e-3,3.974944e-3,3.968352e-3,4.037261e-3,4.005622e-3,4.088032e-3,4.050223e-3,4.119761e-3,4.621627e-2,4.701369e-2,4.644501e-2,4.690284e-2,4.650355e-2,4.676329e-2,4.652593e-2,4.674772e-2]}