{"n_vecs":8192,"dim":64,"block_size":512,"n_blocks":16,"variance_ratio":0.95,"per_block_mean_mse":2.426643e-2,"layer_pooled_mean_mse":3.105819e-2,"first_block_mean_mse":1.946799e-1,"pooled_over_per_block_mean":1.2799,"pooled_over_per_block_median":1.3999,"pooled_over_per_block_max":2.7556,"first_over_per_block_mean":8.0226,"first_over_per_block_median":13.8309,"first_over_per_block_max":16.4879,"pooled_d_eff":39,"first_d_eff":32,"per_block_d_eff":[32,26,25,24,24,24,24,24,36,29,28,28,28,28,28,28],"per_block_mses":[2.817267e-2,2.810585e-2,2.650829e-2,2.880628e-2,2.740420e-2,2.708826e-2,2.680270e-2,2.704220e-2,2.597374e-2,2.381170e-2,2.184678e-2,2.048701e-2,1.958865e-2,1.901825e-2,1.884594e-2,1.876029e-2],"layer_pooled_mses":[5.394145e-2,2.855126e-2,2.289022e-2,2.147015e-2,2.092299e-2,2.117590e-2,2.215164e-2,2.392592e-2,7.157341e-2,3.878724e-2,3.058248e-2,2.832102e-2,2.815505e-2,2.765911e-2,2.804577e-2,2.877751e-2],"first_block_mses":[2.817267e-2,3.629089e-2,5.380608e-2,6.899224e-2,7.738201e-2,8.818708e-2,8.936227e-2,9.372286e-2,3.592402e-1,3.442593e-1,3.241459e-1,3.210466e-1,3.074048e-1,3.085256e-1,3.050224e-1,3.093182e-1]}