{"n_vecs":8192,"dim":64,"block_size":512,"n_blocks":16,"variance_ratio":0.95,"per_block_mean_mse":7.637468e-2,"layer_pooled_mean_mse":1.482039e-1,"first_block_mean_mse":1.477214e0,"pooled_over_per_block_mean":1.9405,"pooled_over_per_block_median":2.1998,"pooled_over_per_block_max":3.1678,"first_over_per_block_mean":19.3417,"first_over_per_block_median":20.7668,"first_over_per_block_max":29.4495,"pooled_d_eff":45,"first_d_eff":39,"per_block_d_eff":[39,38,38,38,37,37,37,37,40,37,37,37,37,37,37,37],"per_block_mses":[5.467580e-2,5.062216e-2,4.711035e-2,4.682292e-2,5.014988e-2,5.012781e-2,4.967146e-2,4.982303e-2,1.070433e-1,1.105174e-1,1.028313e-1,1.029268e-1,9.958056e-2,1.007495e-1,9.870081e-2,1.006416e-1],"layer_pooled_mses":[1.732008e-1,1.184739e-1,1.098179e-1,1.102791e-1,1.077428e-1,1.112928e-1,1.128094e-1,1.247836e-1,2.354752e-1,1.802797e-1,1.706284e-1,1.618704e-1,1.572531e-1,1.605715e-1,1.619330e-1,1.748504e-1],"first_block_mses":[5.467580e-2,5.310760e-1,7.776948e-1,9.943624e-1,1.133449e0,1.082947e0,1.241670e0,1.467263e0,1.775706e0,2.261442e0,2.069821e0,1.988116e0,2.159921e0,2.185446e0,1.821831e0,2.090002e0]}