{"n_vecs":8192,"dim":64,"block_size":512,"n_blocks":16,"variance_ratio":0.95,"per_block_mean_mse":1.009660e-1,"layer_pooled_mean_mse":2.018848e-1,"first_block_mean_mse":3.016732e0,"pooled_over_per_block_mean":1.9995,"pooled_over_per_block_median":1.9913,"pooled_over_per_block_max":2.9640,"first_over_per_block_mean":29.8787,"first_over_per_block_median":41.2359,"first_over_per_block_max":52.8332,"pooled_d_eff":43,"first_d_eff":36,"per_block_d_eff":[36,33,32,32,31,31,31,31,38,36,35,34,34,34,34,34],"per_block_mses":[1.142783e-1,1.145986e-1,1.149680e-1,1.135679e-1,1.189761e-1,1.196353e-1,1.156966e-1,1.176062e-1,9.610688e-2,8.922548e-2,8.541921e-2,8.802539e-2,8.370873e-2,8.191176e-2,8.105514e-2,8.067673e-2],"layer_pooled_mses":[3.231224e-1,2.150580e-1,1.892089e-1,1.870799e-1,1.830059e-1,1.903869e-1,1.902122e-1,2.101942e-1,2.848611e-1,2.022116e-1,1.775594e-1,1.688876e-1,1.666863e-1,1.718348e-1,1.790486e-1,1.907991e-1],"first_block_mses":[1.142783e-1,1.325130e0,2.381662e0,2.067828e0,2.598119e0,3.089243e0,2.352223e0,2.016744e0,3.963057e0,4.096568e0,4.512969e0,4.339335e0,3.997507e0,4.135356e0,3.855452e0,3.422238e0]}