{"n_vecs":8192,"dim":64,"block_size":512,"n_blocks":16,"variance_ratio":0.95,"per_block_mean_mse":9.779043e-3,"layer_pooled_mean_mse":1.099993e-2,"first_block_mean_mse":4.222465e-2,"pooled_over_per_block_mean":1.1248,"pooled_over_per_block_median":1.3464,"pooled_over_per_block_max":1.7799,"first_over_per_block_mean":4.3179,"first_over_per_block_median":9.5271,"first_over_per_block_max":9.9361,"pooled_d_eff":47,"first_d_eff":40,"per_block_d_eff":[40,38,38,38,38,38,38,38,41,38,38,38,38,38,38,38],"per_block_mses":[1.346704e-2,1.258721e-2,1.223905e-2,1.206890e-2,1.205673e-2,1.193792e-2,1.187367e-2,1.190516e-2,8.475017e-3,7.684876e-3,7.218008e-3,7.107148e-3,6.987443e-3,6.986280e-3,6.897046e-3,6.973199e-3],"layer_pooled_mses":[1.617501e-2,1.146882e-2,1.100325e-2,1.092622e-2,1.091630e-2,1.092692e-2,1.089145e-2,1.099356e-2,1.508432e-2,1.051650e-2,9.784619e-3,9.569213e-3,9.519263e-3,9.412627e-3,9.370259e-3,9.440521e-3],"first_block_mses":[1.346704e-2,1.279951e-2,1.326005e-2,1.397885e-2,1.408394e-2,1.436913e-2,1.439622e-2,1.468342e-2,8.420859e-2,7.381744e-2,7.033713e-2,6.838265e-2,6.775929e-2,6.704457e-2,6.657248e-2,6.643412e-2]}