{"n_vecs":8192,"dim":64,"block_size":512,"n_blocks":16,"variance_ratio":0.95,"per_block_mean_mse":2.937531e-5,"layer_pooled_mean_mse":3.052239e-5,"first_block_mean_mse":2.663367e-4,"pooled_over_per_block_mean":1.0390,"pooled_over_per_block_median":1.0902,"pooled_over_per_block_max":1.0938,"first_over_per_block_mean":9.0667,"first_over_per_block_median":16.3700,"first_over_per_block_max":16.4198,"pooled_d_eff":42,"first_d_eff":26,"per_block_d_eff":[26,25,26,25,26,25,26,25,36,36,36,36,36,36,36,36],"per_block_mses":[2.664413e-5,2.912439e-5,2.665277e-5,2.911636e-5,2.665017e-5,2.910736e-5,2.666661e-5,2.911529e-5,3.073351e-5,3.100918e-5,3.072537e-5,3.101235e-5,3.073012e-5,3.095570e-5,3.077849e-5,3.098311e-5],"layer_pooled_mses":[2.727814e-5,2.742248e-5,2.727768e-5,2.742327e-5,2.727964e-5,2.740131e-5,2.728379e-5,2.739532e-5,3.361756e-5,3.380624e-5,3.358773e-5,3.381750e-5,3.358950e-5,3.376743e-5,3.363247e-5,3.377822e-5],"first_block_mses":[2.664413e-5,2.679679e-5,2.666368e-5,2.679860e-5,2.666900e-5,2.678433e-5,2.669014e-5,2.678240e-5,5.036180e-4,5.081876e-4,5.034780e-4,5.082510e-4,5.038557e-4,5.082855e-4,5.038425e-4,5.080391e-4]}