{"metric":"MSE","block_size":512,"variance_ratio":0.95,"k":16,"bit_width":3,"dim":128,"num_vecs_encoded":65536,"num_blocks":128,"skeleton_bytes":3303232,"codes_bytes":2265088,"compressed_bytes":5568320,"baseline_bytes_f32":33554432,"baseline_bytes_bf16":16777216,"ratio_vs_f32":6.025953,"ratio_vs_bf16":3.012976,"encode_seconds":1.406388,"decode_seconds":0.073517,"verify":true,"mean_block_mse":0.0533926895}