{"metric":"MSE","block_size":512,"variance_ratio":0.95,"k":16,"bit_width":3,"dim":128,"num_vecs_encoded":32768,"num_blocks":64,"skeleton_bytes":2054528,"codes_bytes":1150976,"compressed_bytes":3205504,"baseline_bytes_f32":16777216,"baseline_bytes_bf16":8388608,"ratio_vs_f32":5.233878,"ratio_vs_bf16":2.616939,"encode_seconds":0.841276,"decode_seconds":0.051682,"verify":true,"mean_block_mse":13.4167664200}