{
  "model_name": "ds_distill_qwen_1_5b_prefix_only",
  "model_path": "deepseek-ai/DeepSeek-R1-Distill-Qwen-1.5B",
  "engine": "vllm",
  "recipe": "v1.3 PPL full guardrails",
  "ctx_len": 2048,
  "n_eval": 64,
  "block_size": 512,
  "bit_width_k": 3,
  "bit_width_v": 2,
  "variance_ratio": 0.95,
  "pca_method": "randomized",
  "rsvd_target_rank_factor": 0.5,
  "q_calib": "reports/v1_4_q_pca/flagship/deepseek_distill_q_calib.safetensors",
  "k_centroids": "reports/v1_4_q_pca/calibrated_codebook/ds_K_b3_centroids.f32",
  "v_centroids": "reports/v1_4_q_pca/calibrated_codebook/ds_V_b2_centroids.f32",
  "outlier_threshold": 2.0,
  "boundary_skip_layers": [
    0,
    1,
    7,
    14,
    26,
    27
  ],
  "share_basis_v": true,
  "n_passages": 4,
  "mean_ppl_delta_rel": 0.3540458357126278,
  "mean_top1_agreement": 0.59765625,
  "verdict": "REJECT",
  "per_passage": [
    {
      "ctx_len": 2048,
      "n_eval": 64,
      "t_ref_sec": 0.23645534180104733,
      "t_alt_sec": 18.119674399495125,
      "codec_layer_calls": 56,
      "codec_total_compressed_bytes": 5701692,
      "boundary_skips": 12,
      "metrics": {
        "ppl_ref": 124.8755040661336,
        "ppl_alt": 114.18533998190587,
        "ppl_delta_rel": -0.08560657403686042,
        "top1_agreement": 0.578125,
        "mean_abs_dlogp_true": 0.7756573892856977,
        "n_tokens": 64
      }
    },
    {
      "ctx_len": 2048,
      "n_eval": 64,
      "t_ref_sec": 0.09509345516562462,
      "t_alt_sec": 53.465744534507394,
      "codec_layer_calls": 56,
      "codec_total_compressed_bytes": 5593196,
      "boundary_skips": 12,
      "metrics": {
        "ppl_ref": 33.0042923548772,
        "ppl_alt": 43.82755152870672,
        "ppl_delta_rel": 0.32793489578424834,
        "top1_agreement": 0.515625,
        "mean_abs_dlogp_true": 0.8953173093618716,
        "n_tokens": 64
      }
    },
    {
      "ctx_len": 2048,
      "n_eval": 64,
      "t_ref_sec": 0.09569224528968334,
      "t_alt_sec": 18.17430077213794,
      "codec_layer_calls": 56,
      "codec_total_compressed_bytes": 5471996,
      "boundary_skips": 12,
      "metrics": {
        "ppl_ref": 8.535555997020436,
        "ppl_alt": 11.988810819811002,
        "ppl_delta_rel": 0.40457292108399456,
        "top1_agreement": 0.65625,
        "mean_abs_dlogp_true": 0.8133090038209048,
        "n_tokens": 64
      }
    },
    {
      "ctx_len": 2048,
      "n_eval": 64,
      "t_ref_sec": 0.09118229150772095,
      "t_alt_sec": 18.711457871831954,
      "codec_layer_calls": 56,
      "codec_total_compressed_bytes": 5495768,
      "boundary_skips": 12,
      "metrics": {
        "ppl_ref": 25.35456860935595,
        "ppl_alt": 44.85938439424038,
        "ppl_delta_rel": 0.7692821000191288,
        "top1_agreement": 0.640625,
        "mean_abs_dlogp_true": 1.1357600140047452,
        "n_tokens": 64
      }
    }
  ]
}