{"metric":"MSE","block_size":512,"variance_ratio":0.95,"k":16,"bit_width":3,"dim":128,"num_vecs_encoded":49152,"num_blocks":96,"skeleton_bytes":3289152,"codes_bytes":1671168,"compressed_bytes":4960320,"baseline_bytes_f32":25165824,"baseline_bytes_bf16":12582912,"ratio_vs_f32":5.073428,"ratio_vs_bf16":2.536714,"encode_seconds":1.259049,"decode_seconds":0.074397,"verify":true,"mean_block_mse":0.0576794115}