{
  "source_report": "reports/qwen3_0_6b/bench_8192.json",
  "projections": [
    {
      "context_tokens": 16384,
      "N_blocks_per_full_layer": 31,
      "exact_tail_tokens_per_full_layer": 512,
      "baseline_full_bytes": 1879048192,
      "baseline_sliding_bytes": 0,
      "baseline_total_bytes": 1879048192,
      "kakeya_full_bytes": 854409292,
      "kakeya_sliding_bytes": 0,
      "kakeya_total_bytes": 854409292,
      "kakeya_full_bytes_dtype_matched": 456564774,
      "kakeya_total_bytes_dtype_matched": 456564774,
      "full_ratio_f32_store": 2.1992366066168674,
      "full_ratio_bf16_store": 4.115622358548406,
      "total_ratio_f32_store": 2.1992366066168674,
      "total_ratio_bf16_store": 4.115622358548406
    },
    {
      "context_tokens": 32768,
      "N_blocks_per_full_layer": 63,
      "exact_tail_tokens_per_full_layer": 512,
      "baseline_full_bytes": 3758096384,
      "baseline_sliding_bytes": 0,
      "baseline_total_bytes": 3758096384,
      "kakeya_full_bytes": 1675765717,
      "kakeya_sliding_bytes": 0,
      "kakeya_total_bytes": 1675765717,
      "kakeya_full_bytes_dtype_matched": 867242986,
      "kakeya_total_bytes_dtype_matched": 867242986,
      "full_ratio_f32_store": 2.2426144334351483,
      "full_ratio_bf16_store": 4.333383428482407,
      "total_ratio_f32_store": 2.2426144334351483,
      "total_ratio_bf16_store": 4.333383428482407
    },
    {
      "context_tokens": 65536,
      "N_blocks_per_full_layer": 127,
      "exact_tail_tokens_per_full_layer": 512,
      "baseline_full_bytes": 7516192768,
      "baseline_sliding_bytes": 0,
      "baseline_total_bytes": 7516192768,
      "kakeya_full_bytes": 3318478566,
      "kakeya_sliding_bytes": 0,
      "kakeya_total_bytes": 3318478566,
      "kakeya_full_bytes_dtype_matched": 1688599411,
      "kakeya_total_bytes_dtype_matched": 1688599411,
      "full_ratio_f32_store": 2.264951428346818,
      "full_ratio_bf16_store": 4.451140228426859,
      "total_ratio_f32_store": 2.264951428346818,
      "total_ratio_bf16_store": 4.451140228426859
    },
    {
      "context_tokens": 131072,
      "N_blocks_per_full_layer": 255,
      "exact_tail_tokens_per_full_layer": 512,
      "baseline_full_bytes": 15032385536,
      "baseline_sliding_bytes": 0,
      "baseline_total_bytes": 15032385536,
      "kakeya_full_bytes": 6603904264,
      "kakeya_sliding_bytes": 0,
      "kakeya_total_bytes": 6603904264,
      "kakeya_full_bytes_dtype_matched": 3331312260,
      "kakeya_total_bytes_dtype_matched": 3331312260,
      "full_ratio_f32_store": 2.2762876224518207,
      "full_ratio_bf16_store": 4.512451659515101,
      "total_ratio_f32_store": 2.2762876224518207,
      "total_ratio_bf16_store": 4.512451659515101
    },
    {
      "context_tokens": 262144,
      "N_blocks_per_full_layer": 511,
      "exact_tail_tokens_per_full_layer": 512,
      "baseline_full_bytes": 30064771072,
      "baseline_sliding_bytes": 0,
      "baseline_total_bytes": 30064771072,
      "kakeya_full_bytes": 13174755660,
      "kakeya_sliding_bytes": 0,
      "kakeya_total_bytes": 13174755660,
      "kakeya_full_bytes_dtype_matched": 6616737958,
      "kakeya_total_bytes_dtype_matched": 6616737958,
      "full_ratio_f32_store": 2.2819983799228956,
      "full_ratio_bf16_store": 4.543745160052778,
      "total_ratio_f32_store": 2.2819983799228956,
      "total_ratio_bf16_store": 4.543745160052778
    }
  ]
}