{
  "recode": "kakeya_rvq",
  "kakeya": {
    "m": 64,
    "scales": 1,
    "levels": 16
  },
  "n_passages": 4,
  "n_eval": 64,
  "mean_delta_ppl": 0.006089291597179729,
  "mean_top1_pair": 0.796875,
  "per_passage": [
    {
      "passage": 0,
      "ppl_ref": 1.0,
      "ppl_alt": 1.0,
      "delta_ppl": 0.0,
      "top1_pair": 0.859375,
      "t_recode": 0.5162784196436405,
      "t_alt": 0.06064128503203392
    },
    {
      "passage": 1,
      "ppl_ref": 1.0,
      "ppl_alt": 1.0,
      "delta_ppl": 0.0,
      "top1_pair": 0.9375,
      "t_recode": 0.4098507035523653,
      "t_alt": 0.06010493077337742
    },
    {
      "passage": 2,
      "ppl_ref": 1.0004195682254935,
      "ppl_alt": 1.007494158262861,
      "delta_ppl": 0.007071623009050168,
      "top1_pair": 0.71875,
      "t_recode": 0.45828013867139816,
      "t_alt": 0.06178087927401066
    },
    {
      "passage": 3,
      "ppl_ref": 1.0237741037194594,
      "ppl_alt": 1.0414705954002836,
      "delta_ppl": 0.01728554337966875,
      "top1_pair": 0.671875,
      "t_recode": 0.41243370063602924,
      "t_alt": 0.062204066663980484
    }
  ]
}