{
  "recode": "tq8",
  "kakeya": null,
  "n_passages": 4,
  "n_eval": 64,
  "mean_delta_ppl": 0.007024678180232876,
  "mean_top1_pair": 0.98046875,
  "per_passage": [
    {
      "passage": 0,
      "ppl_ref": 1.0,
      "ppl_alt": 1.0,
      "delta_ppl": 0.0,
      "top1_pair": 0.96875,
      "t_recode": 0.2579692676663399,
      "t_alt": 0.060381537303328514
    },
    {
      "passage": 1,
      "ppl_ref": 1.0,
      "ppl_alt": 1.0,
      "delta_ppl": 0.0,
      "top1_pair": 1.0,
      "t_recode": 0.12794416584074497,
      "t_alt": 0.05928235873579979
    },
    {
      "passage": 2,
      "ppl_ref": 1.0004195682254935,
      "ppl_alt": 1.0287784071992279,
      "delta_ppl": 0.0283469454961144,
      "top1_pair": 0.984375,
      "t_recode": 0.126503624022007,
      "t_alt": 0.05974612943828106
    },
    {
      "passage": 3,
      "ppl_ref": 1.0237741037194594,
      "ppl_alt": 1.0235199694325328,
      "delta_ppl": -0.0002482327751828986,
      "top1_pair": 0.96875,
      "t_recode": 0.12544687278568745,
      "t_alt": 0.059590572491288185
    }
  ]
}