{"metric":"MSE","block_size":512,"variance_ratio":0.95,"k":16,"bit_width":3,"dim":128,"num_vecs_encoded":32768,"num_blocks":64,"skeleton_bytes":2022272,"codes_bytes":1150976,"compressed_bytes":3173248,"baseline_bytes_f32":16777216,"baseline_bytes_bf16":8388608,"ratio_vs_f32":5.287080,"ratio_vs_bf16":2.643540,"encode_seconds":0.765452,"decode_seconds":0.041220,"verify":true,"mean_block_mse":6.5877511759}