{"metric":"MSE","block_size":512,"variance_ratio":0.95,"k":16,"bit_width":3,"dim":128,"num_vecs_encoded":24576,"num_blocks":48,"skeleton_bytes":1861440,"codes_bytes":1167360,"compressed_bytes":3028800,"baseline_bytes_f32":12582912,"baseline_bytes_bf16":6291456,"ratio_vs_f32":4.154422,"ratio_vs_bf16":2.077211,"encode_seconds":0.665729,"decode_seconds":0.039897,"verify":true,"mean_block_mse":1.3786449662}