{"metric":"MSE","block_size":512,"variance_ratio":0.95,"k":16,"bit_width":3,"dim":128,"num_vecs_encoded":65536,"num_blocks":128,"skeleton_bytes":4027840,"codes_bytes":2240512,"compressed_bytes":6268352,"baseline_bytes_f32":33554432,"baseline_bytes_bf16":16777216,"ratio_vs_f32":5.352991,"ratio_vs_bf16":2.676496,"encode_seconds":1.593985,"decode_seconds":0.081456,"verify":true,"mean_block_mse":22.7623333365}