{
  "model": "zai-org/GLM-4-9B-Chat",
  "model_name": "audit_glm",
  "num_layers": 40,
  "head_dim": 128,
  "num_kv_heads": 2,
  "boundary_skip_layers": [
    0,
    1,
    38,
    39
  ],
  "raw_bits_per_token_per_head": 2048,
  "report_ctx_tokens": 131072,
  "ctx_len": 1024,
  "n_eval": 16,
  "n_passages": 2,
  "q_values": [
    38
  ],
  "tq_b_values": [
    6
  ],
  "per_passage": [
    {
      "passage": 0,
      "channel": "bf16_pass",
      "kind": "bf16",
      "q_range": null,
      "k_bits_per_tok_per_head": 2048,
      "v_bits_per_tok_per_head": 2048,
      "baseline_bytes_128k": 5368709120,
      "kakeya_bytes_128k": 5368709120,
      "total_ratio_128k": 1.0,
      "ppl_ref": 7.6852327491878745,
      "ppl_alt": 7.6852327491878745,
      "delta_ppl": 0.0,
      "top1_pair": 1.0,
      "k_mse_rel": 0.0,
      "v_mse_rel": 0.0,
      "k_cos_mean": 1.0,
      "v_cos_mean": 1.0,
      "t_codec": 0.04088330455124378,
      "t_alt": 0.04086530581116676,
      "fire_count": 40,
      "mismatch_count": 0,
      "missing_count": 0
    },
    {
      "passage": 0,
      "channel": "v14_Q38_K+V",
      "kind": "v14_kv",
      "q_range": 38,
      "k_bits_per_tok_per_head": 832,
      "v_bits_per_tok_per_head": 832,
      "baseline_bytes_128k": 5368709120,
      "kakeya_bytes_128k": 2499805184,
      "total_ratio_128k": 2.1476510067114094,
      "ppl_ref": 7.6852327491878745,
      "ppl_alt": 7.596168737208173,
      "delta_ppl": -0.011588980436423733,
      "top1_pair": 0.9375,
      "k_mse_rel": 0.0005474643322587428,
      "v_mse_rel": 0.0006082973349192697,
      "k_cos_mean": 0.9997302525573306,
      "v_cos_mean": 0.9996985114283032,
      "t_codec": 0.19872017204761505,
      "t_alt": 0.04124257527291775,
      "fire_count": 40,
      "mismatch_count": 0,
      "missing_count": 0
    },
    {
      "passage": 0,
      "channel": "tq_b6_K+V",
      "kind": "tq_kv",
      "q_range": null,
      "k_bits_per_tok_per_head": 800,
      "v_bits_per_tok_per_head": 800,
      "baseline_bytes_128k": 5368709120,
      "kakeya_bytes_128k": 2424307712,
      "total_ratio_128k": 2.2145328719723185,
      "ppl_ref": 7.6852327491878745,
      "ppl_alt": 7.687377109910481,
      "delta_ppl": 0.0002790235237616482,
      "top1_pair": 1.0,
      "k_mse_rel": 0.0006305637507466599,
      "v_mse_rel": 0.0007006364612607285,
      "k_cos_mean": 0.9996893803278605,
      "v_cos_mean": 0.9996529767910639,
      "t_codec": 0.029872015118598938,
      "t_alt": 0.04090959578752518,
      "fire_count": 40,
      "mismatch_count": 0,
      "missing_count": 0
    },
    {
      "passage": 1,
      "channel": "bf16_pass",
      "kind": "bf16",
      "q_range": null,
      "k_bits_per_tok_per_head": 2048,
      "v_bits_per_tok_per_head": 2048,
      "baseline_bytes_128k": 5368709120,
      "kakeya_bytes_128k": 5368709120,
      "total_ratio_128k": 1.0,
      "ppl_ref": 22.108750661213783,
      "ppl_alt": 22.108750661213783,
      "delta_ppl": 0.0,
      "top1_pair": 1.0,
      "k_mse_rel": 0.0,
      "v_mse_rel": 0.0,
      "k_cos_mean": 1.0,
      "v_cos_mean": 1.0,
      "t_codec": 0.009942730888724327,
      "t_alt": 0.040280554443597794,
      "fire_count": 40,
      "mismatch_count": 0,
      "missing_count": 0
    },
    {
      "passage": 1,
      "channel": "v14_Q38_K+V",
      "kind": "v14_kv",
      "q_range": 38,
      "k_bits_per_tok_per_head": 832,
      "v_bits_per_tok_per_head": 832,
      "baseline_bytes_128k": 5368709120,
      "kakeya_bytes_128k": 2499805184,
      "total_ratio_128k": 2.1476510067114094,
      "ppl_ref": 22.108750661213783,
      "ppl_alt": 22.119895705028622,
      "delta_ppl": 0.0005041010225146281,
      "top1_pair": 0.9375,
      "k_mse_rel": 0.0005452394503259307,
      "v_mse_rel": 0.0006051086109235055,
      "k_cos_mean": 0.9997310423188739,
      "v_cos_mean": 0.9997001555230882,
      "t_codec": 0.0482859555631876,
      "t_alt": 0.03961632773280144,
      "fire_count": 40,
      "mismatch_count": 0,
      "missing_count": 0
    },
    {
      "passage": 1,
      "channel": "tq_b6_K+V",
      "kind": "tq_kv",
      "q_range": null,
      "k_bits_per_tok_per_head": 800,
      "v_bits_per_tok_per_head": 800,
      "baseline_bytes_128k": 5368709120,
      "kakeya_bytes_128k": 2424307712,
      "total_ratio_128k": 2.2145328719723185,
      "ppl_ref": 22.108750661213783,
      "ppl_alt": 23.2044692993337,
      "delta_ppl": 0.0495604050590781,
      "top1_pair": 0.9375,
      "k_mse_rel": 0.0006279061312347443,
      "v_mse_rel": 0.0006967269550336318,
      "k_cos_mean": 0.9996902909543779,
      "v_cos_mean": 0.9996547334724002,
      "t_codec": 0.029841499403119087,
      "t_alt": 0.040075913071632385,
      "fire_count": 40,
      "mismatch_count": 0,
      "missing_count": 0
    }
  ],
  "aggregates": [
    {
      "channel": "bf16_pass",
      "kind": "bf16",
      "q_range": null,
      "k_bits": 2048,
      "v_bits": 2048,
      "baseline_bytes_128k": 5368709120,
      "kakeya_bytes_128k": 5368709120,
      "total_ratio_128k": 1.0,
      "mean_delta_ppl": 0.0,
      "mean_abs_delta_ppl": 0.0,
      "mean_top1_pair": 1.0,
      "mean_k_mse": 0.0,
      "mean_v_mse": 0.0
    },
    {
      "channel": "v14_Q38_K+V",
      "kind": "v14_kv",
      "q_range": 38,
      "k_bits": 832,
      "v_bits": 832,
      "baseline_bytes_128k": 5368709120,
      "kakeya_bytes_128k": 2499805184,
      "total_ratio_128k": 2.1476510067114094,
      "mean_delta_ppl": -0.005542439706954552,
      "mean_abs_delta_ppl": 0.006046540729469181,
      "mean_top1_pair": 0.9375,
      "mean_k_mse": 0.0005463518912923367,
      "mean_v_mse": 0.0006067029729213875
    },
    {
      "channel": "tq_b6_K+V",
      "kind": "tq_kv",
      "q_range": null,
      "k_bits": 800,
      "v_bits": 800,
      "baseline_bytes_128k": 5368709120,
      "kakeya_bytes_128k": 2424307712,
      "total_ratio_128k": 2.2145328719723185,
      "mean_delta_ppl": 0.024919714291419873,
      "mean_abs_delta_ppl": 0.024919714291419873,
      "mean_top1_pair": 0.96875,
      "mean_k_mse": 0.0006292349409907021,
      "mean_v_mse": 0.0006986817081471802
    }
  ]
}