{"metric":"MSE","block_size":512,"variance_ratio":0.95,"k":16,"bit_width":3,"dim":64,"num_vecs_encoded":65536,"num_blocks":128,"skeleton_bytes":1584768,"codes_bytes":2148352,"compressed_bytes":3733120,"baseline_bytes_f32":16777216,"baseline_bytes_bf16":8388608,"ratio_vs_f32":4.494154,"ratio_vs_bf16":2.247077,"encode_seconds":0.433214,"decode_seconds":0.053696,"verify":true,"mean_block_mse":0.1114313800}