{
  "model_name": "ds_distill_qwen_1_5b_kb4_vb4",
  "model_path": "deepseek-ai/DeepSeek-R1-Distill-Qwen-1.5B",
  "engine": "vllm",
  "recipe": "v1.3 PPL full guardrails",
  "ctx_len": 2048,
  "n_eval": 64,
  "block_size": 512,
  "bit_width_k": 4,
  "bit_width_v": 4,
  "variance_ratio": 0.95,
  "pca_method": "randomized",
  "rsvd_target_rank_factor": 0.5,
  "q_calib": "reports/v1_4_q_pca/flagship/deepseek_distill_q_calib.safetensors",
  "k_centroids": null,
  "v_centroids": null,
  "outlier_threshold": 2.0,
  "boundary_skip_layers": [
    0,
    1,
    7,
    14,
    26,
    27
  ],
  "share_basis_v": true,
  "n_passages": 4,
  "mean_ppl_delta_rel": 0.2731785302642594,
  "mean_top1_agreement": 0.609375,
  "verdict": "REJECT",
  "per_passage": [
    {
      "ctx_len": 2048,
      "n_eval": 64,
      "t_ref_sec": 0.1674982039257884,
      "t_alt_sec": 18.992066877894104,
      "codec_layer_calls": 56,
      "codec_total_compressed_bytes": 7400108,
      "boundary_skips": 12,
      "metrics": {
        "ppl_ref": 124.8755040661336,
        "ppl_alt": 113.23485963587663,
        "ppl_delta_rel": -0.09321799753530627,
        "top1_agreement": 0.578125,
        "mean_abs_dlogp_true": 0.7892576869289769,
        "n_tokens": 64
      }
    },
    {
      "ctx_len": 2048,
      "n_eval": 64,
      "t_ref_sec": 0.10575477406382561,
      "t_alt_sec": 18.368013279512525,
      "codec_layer_calls": 56,
      "codec_total_compressed_bytes": 7275576,
      "boundary_skips": 12,
      "metrics": {
        "ppl_ref": 33.0042923548772,
        "ppl_alt": 42.167838900238145,
        "ppl_delta_rel": 0.27764711470951453,
        "top1_agreement": 0.53125,
        "mean_abs_dlogp_true": 0.8630152883274604,
        "n_tokens": 64
      }
    },
    {
      "ctx_len": 2048,
      "n_eval": 64,
      "t_ref_sec": 0.09291538968682289,
      "t_alt_sec": 18.371685553342104,
      "codec_layer_calls": 56,
      "codec_total_compressed_bytes": 7093940,
      "boundary_skips": 12,
      "metrics": {
        "ppl_ref": 8.535555997020436,
        "ppl_alt": 11.593208548803062,
        "ppl_delta_rel": 0.35822535202744626,
        "top1_agreement": 0.6875,
        "mean_abs_dlogp_true": 0.7794134508476418,
        "n_tokens": 64
      }
    },
    {
      "ctx_len": 2048,
      "n_eval": 64,
      "t_ref_sec": 0.09105357713997364,
      "t_alt_sec": 18.555974741466343,
      "codec_layer_calls": 56,
      "codec_total_compressed_bytes": 7166380,
      "boundary_skips": 12,
      "metrics": {
        "ppl_ref": 25.35456860935595,
        "ppl_alt": 39.30109379156171,
        "ppl_delta_rel": 0.5500596518553832,
        "top1_agreement": 0.640625,
        "mean_abs_dlogp_true": 1.0415148337483515,
        "n_tokens": 64
      }
    }
  ]
}