{"metric":"MSE","block_size":512,"variance_ratio":0.95,"k":16,"bit_width":3,"dim":128,"num_vecs_encoded":49152,"num_blocks":96,"skeleton_bytes":3653760,"codes_bytes":2138112,"compressed_bytes":5791872,"baseline_bytes_f32":25165824,"baseline_bytes_bf16":12582912,"ratio_vs_f32":4.345024,"ratio_vs_bf16":2.172512,"encode_seconds":1.295784,"decode_seconds":0.076312,"verify":true,"mean_block_mse":1.3772674359}