{
  "model_name": "ds_distill_qwen_1_5b_v_only",
  "model_path": "deepseek-ai/DeepSeek-R1-Distill-Qwen-1.5B",
  "engine": "vllm",
  "recipe": "v1.3 PPL full guardrails",
  "ctx_len": 2048,
  "n_eval": 64,
  "block_size": 512,
  "bit_width_k": 3,
  "bit_width_v": 2,
  "variance_ratio": 0.95,
  "pca_method": "randomized",
  "rsvd_target_rank_factor": 0.5,
  "q_calib": "reports/v1_4_q_pca/flagship/deepseek_distill_q_calib.safetensors",
  "k_centroids": "reports/v1_4_q_pca/calibrated_codebook/ds_K_b3_centroids.f32",
  "v_centroids": "reports/v1_4_q_pca/calibrated_codebook/ds_V_b2_centroids.f32",
  "outlier_threshold": 2.0,
  "boundary_skip_layers": [
    0,
    1,
    7,
    14,
    26,
    27
  ],
  "share_basis_v": true,
  "n_passages": 4,
  "mean_ppl_delta_rel": 0.11103892941506109,
  "mean_top1_agreement": 0.7421875,
  "verdict": "REJECT",
  "per_passage": [
    {
      "ctx_len": 2048,
      "n_eval": 64,
      "t_ref_sec": 0.3110441770404577,
      "t_alt_sec": 8.632471803575754,
      "codec_layer_calls": 56,
      "codec_total_compressed_bytes": 3062272,
      "boundary_skips": 12,
      "metrics": {
        "ppl_ref": 124.8755040661336,
        "ppl_alt": 134.60567357289466,
        "ppl_delta_rel": 0.07791896080441843,
        "top1_agreement": 0.8125,
        "mean_abs_dlogp_true": 0.5011605188574322,
        "n_tokens": 64
      }
    },
    {
      "ctx_len": 2048,
      "n_eval": 64,
      "t_ref_sec": 0.09386647772043943,
      "t_alt_sec": 8.453269029967487,
      "codec_layer_calls": 56,
      "codec_total_compressed_bytes": 3060224,
      "boundary_skips": 12,
      "metrics": {
        "ppl_ref": 33.0042923548772,
        "ppl_alt": 33.59354637783407,
        "ppl_delta_rel": 0.017853860237963728,
        "top1_agreement": 0.59375,
        "mean_abs_dlogp_true": 0.5622571868302657,
        "n_tokens": 64
      }
    },
    {
      "ctx_len": 2048,
      "n_eval": 64,
      "t_ref_sec": 0.09309171698987484,
      "t_alt_sec": 8.515495292842388,
      "codec_layer_calls": 56,
      "codec_total_compressed_bytes": 3055104,
      "boundary_skips": 12,
      "metrics": {
        "ppl_ref": 8.535555997020436,
        "ppl_alt": 11.060089122088087,
        "ppl_delta_rel": 0.29576668771769593,
        "top1_agreement": 0.765625,
        "mean_abs_dlogp_true": 0.5050099290856451,
        "n_tokens": 64
      }
    },
    {
      "ctx_len": 2048,
      "n_eval": 64,
      "t_ref_sec": 0.09266053792089224,
      "t_alt_sec": 8.352523293346167,
      "codec_layer_calls": 56,
      "codec_total_compressed_bytes": 3049472,
      "boundary_skips": 12,
      "metrics": {
        "ppl_ref": 25.35456860935595,
        "ppl_alt": 26.688629887879422,
        "ppl_delta_rel": 0.05261620890016628,
        "top1_agreement": 0.796875,
        "mean_abs_dlogp_true": 0.47840885482628437,
        "n_tokens": 64
      }
    }
  ]
}