{"metric":"MSE","block_size":512,"variance_ratio":0.95,"k":16,"bit_width":3,"dim":128,"num_vecs_encoded":49152,"num_blocks":96,"skeleton_bytes":1448256,"codes_bytes":1201152,"compressed_bytes":2649408,"baseline_bytes_f32":25165824,"baseline_bytes_bf16":12582912,"ratio_vs_f32":9.498659,"ratio_vs_bf16":4.749330,"encode_seconds":1.040568,"decode_seconds":0.033983,"verify":true,"mean_block_mse":0.0001287093}