{"metric":"MSE","block_size":512,"variance_ratio":0.95,"k":16,"bit_width":3,"dim":128,"num_vecs_encoded":65536,"num_blocks":128,"skeleton_bytes":3215104,"codes_bytes":2240512,"compressed_bytes":5455616,"baseline_bytes_f32":33554432,"baseline_bytes_bf16":16777216,"ratio_vs_f32":6.150439,"ratio_vs_bf16":3.075219,"encode_seconds":1.405966,"decode_seconds":0.071129,"verify":true,"mean_block_mse":0.1884115325}