{"metric":"MSE","block_size":512,"variance_ratio":0.95,"k":16,"bit_width":3,"dim":128,"num_vecs_encoded":49152,"num_blocks":96,"skeleton_bytes":3650880,"codes_bytes":2174976,"compressed_bytes":5825856,"baseline_bytes_f32":25165824,"baseline_bytes_bf16":12582912,"ratio_vs_f32":4.319678,"ratio_vs_bf16":2.159839,"encode_seconds":1.248596,"decode_seconds":0.078143,"verify":true,"mean_block_mse":0.9573926069}