{"metric":"MSE","block_size":512,"variance_ratio":0.95,"k":16,"bit_width":3,"dim":128,"num_vecs_encoded":32768,"num_blocks":64,"skeleton_bytes":1740032,"codes_bytes":1163264,"compressed_bytes":2903296,"baseline_bytes_f32":16777216,"baseline_bytes_bf16":8388608,"ratio_vs_f32":5.778679,"ratio_vs_bf16":2.889340,"encode_seconds":0.746869,"decode_seconds":0.037997,"verify":true,"mean_block_mse":0.3689869516}