{"metric":"MSE","block_size":512,"variance_ratio":0.95,"k":16,"bit_width":3,"dim":128,"num_vecs_encoded":49152,"num_blocks":96,"skeleton_bytes":3340416,"codes_bytes":1744896,"compressed_bytes":5085312,"baseline_bytes_f32":25165824,"baseline_bytes_bf16":12582912,"ratio_vs_f32":4.948728,"ratio_vs_bf16":2.474364,"encode_seconds":1.235676,"decode_seconds":0.066245,"verify":true,"mean_block_mse":0.2860550719}