{"metric":"MSE","block_size":512,"variance_ratio":0.95,"k":16,"bit_width":3,"dim":64,"num_vecs_encoded":131072,"num_blocks":256,"skeleton_bytes":2779456,"codes_bytes":3851264,"compressed_bytes":6630720,"baseline_bytes_f32":33554432,"baseline_bytes_bf16":16777216,"ratio_vs_f32":5.060451,"ratio_vs_bf16":2.530225,"encode_seconds":0.735745,"decode_seconds":0.097451,"verify":true,"mean_block_mse":0.0006857572}