{"metric":"MSE","block_size":512,"variance_ratio":0.95,"k":16,"bit_width":3,"dim":128,"num_vecs_encoded":49152,"num_blocks":96,"skeleton_bytes":3574848,"codes_bytes":2187264,"compressed_bytes":5762112,"baseline_bytes_f32":25165824,"baseline_bytes_bf16":12582912,"ratio_vs_f32":4.367465,"ratio_vs_bf16":2.183733,"encode_seconds":1.308708,"decode_seconds":0.082553,"verify":true,"mean_block_mse":0.6023111862}