{"metric":"MSE","block_size":512,"variance_ratio":0.95,"k":16,"bit_width":3,"dim":64,"num_vecs_encoded":262144,"num_blocks":512,"skeleton_bytes":6725632,"codes_bytes":8912896,"compressed_bytes":15638528,"baseline_bytes_f32":67108864,"baseline_bytes_bf16":33554432,"ratio_vs_f32":4.291252,"ratio_vs_bf16":2.145626,"encode_seconds":1.763193,"decode_seconds":0.234604,"verify":true,"mean_block_mse":0.0780104467}