{"metric":"MSE","block_size":512,"variance_ratio":0.95,"k":16,"bit_width":3,"dim":64,"num_vecs_encoded":65536,"num_blocks":128,"skeleton_bytes":1716288,"codes_bytes":2228224,"compressed_bytes":3944512,"baseline_bytes_f32":16777216,"baseline_bytes_bf16":8388608,"ratio_vs_f32":4.253306,"ratio_vs_bf16":2.126653,"encode_seconds":0.449790,"decode_seconds":0.057305,"verify":true,"mean_block_mse":0.6799563885}