{"metric":"InnerProduct","block_size":512,"variance_ratio":0.95,"k":16,"bit_width":3,"dim":64,"num_vecs_encoded":262144,"num_blocks":512,"skeleton_bytes":6236032,"codes_bytes":8525824,"compressed_bytes":14761856,"baseline_bytes_f32":67108864,"baseline_bytes_bf16":33554432,"ratio_vs_f32":4.546099,"ratio_vs_bf16":2.273050,"encode_seconds":1.980167,"decode_seconds":0.213178,"verify":true,"mean_block_mse":0.6864189776}