{"metric":"MSE","block_size":512,"variance_ratio":0.95,"k":16,"bit_width":3,"dim":64,"num_vecs_encoded":262144,"num_blocks":512,"skeleton_bytes":6516032,"codes_bytes":8820736,"compressed_bytes":15336768,"baseline_bytes_f32":67108864,"baseline_bytes_bf16":33554432,"ratio_vs_f32":4.375685,"ratio_vs_bf16":2.187842,"encode_seconds":1.737735,"decode_seconds":0.232703,"verify":true,"mean_block_mse":0.3267056067}