{"metric":"MSE","block_size":512,"variance_ratio":0.95,"k":16,"bit_width":3,"dim":128,"num_vecs_encoded":32768,"num_blocks":64,"skeleton_bytes":1677824,"codes_bytes":1138688,"compressed_bytes":2816512,"baseline_bytes_f32":16777216,"baseline_bytes_bf16":8388608,"ratio_vs_f32":5.956735,"ratio_vs_bf16":2.978368,"encode_seconds":0.783727,"decode_seconds":0.040738,"verify":true,"mean_block_mse":0.9980939412}