{"metric":"MSE","block_size":512,"variance_ratio":0.95,"k":16,"bit_width":3,"dim":64,"num_vecs_encoded":131072,"num_blocks":256,"skeleton_bytes":2984576,"codes_bytes":4204544,"compressed_bytes":7189120,"baseline_bytes_f32":33554432,"baseline_bytes_bf16":16777216,"ratio_vs_f32":4.667391,"ratio_vs_bf16":2.333695,"encode_seconds":0.830704,"decode_seconds":0.107232,"verify":true,"mean_block_mse":0.1229810309}