{"metric":"MSE","block_size":512,"variance_ratio":0.95,"k":16,"bit_width":3,"dim":128,"num_vecs_encoded":32768,"num_blocks":64,"skeleton_bytes":2047616,"codes_bytes":1114112,"compressed_bytes":3161728,"baseline_bytes_f32":16777216,"baseline_bytes_bf16":8388608,"ratio_vs_f32":5.306344,"ratio_vs_bf16":2.653172,"encode_seconds":0.777313,"decode_seconds":0.041105,"verify":true,"mean_block_mse":0.0389477623}