{"metric":"MSE","block_size":512,"variance_ratio":0.95,"k":16,"bit_width":3,"dim":128,"num_vecs_encoded":65536,"num_blocks":128,"skeleton_bytes":4100416,"codes_bytes":2252800,"compressed_bytes":6353216,"baseline_bytes_f32":33554432,"baseline_bytes_bf16":16777216,"ratio_vs_f32":5.281488,"ratio_vs_bf16":2.640744,"encode_seconds":1.402810,"decode_seconds":0.083778,"verify":true,"mean_block_mse":22.9091923443}