{"metric":"MSE","block_size":512,"variance_ratio":0.95,"k":16,"bit_width":3,"dim":128,"num_vecs_encoded":49152,"num_blocks":96,"skeleton_bytes":3383040,"codes_bytes":1794048,"compressed_bytes":5177088,"baseline_bytes_f32":25165824,"baseline_bytes_bf16":12582912,"ratio_vs_f32":4.861000,"ratio_vs_bf16":2.430500,"encode_seconds":1.283969,"decode_seconds":0.068818,"verify":true,"mean_block_mse":0.2291749765}