{"metric":"MSE","block_size":512,"variance_ratio":0.95,"k":16,"bit_width":3,"dim":128,"num_vecs_encoded":49152,"num_blocks":96,"skeleton_bytes":3133056,"codes_bytes":1744896,"compressed_bytes":4877952,"baseline_bytes_f32":25165824,"baseline_bytes_bf16":12582912,"ratio_vs_f32":5.159096,"ratio_vs_bf16":2.579548,"encode_seconds":1.112290,"decode_seconds":0.063599,"verify":true,"mean_block_mse":0.1436664430}