{"metric":"InnerProduct","block_size":512,"variance_ratio":0.95,"k":16,"bit_width":3,"dim":64,"num_vecs_encoded":262144,"num_blocks":512,"skeleton_bytes":6549952,"codes_bytes":8439808,"compressed_bytes":14989760,"baseline_bytes_f32":67108864,"baseline_bytes_bf16":33554432,"ratio_vs_f32":4.476981,"ratio_vs_bf16":2.238490,"encode_seconds":2.046814,"decode_seconds":0.219585,"verify":true,"mean_block_mse":0.6415254889}