{"metric":"MSE","block_size":512,"variance_ratio":0.95,"k":16,"bit_width":3,"dim":128,"num_vecs_encoded":49152,"num_blocks":96,"skeleton_bytes":3573696,"codes_bytes":2162688,"compressed_bytes":5736384,"baseline_bytes_f32":25165824,"baseline_bytes_bf16":12582912,"ratio_vs_f32":4.387054,"ratio_vs_bf16":2.193527,"encode_seconds":1.297087,"decode_seconds":0.075608,"verify":true,"mean_block_mse":0.6295127195}