{"metric":"MSE","block_size":512,"variance_ratio":0.95,"k":16,"bit_width":3,"dim":128,"num_vecs_encoded":32768,"num_blocks":64,"skeleton_bytes":1877120,"codes_bytes":1138688,"compressed_bytes":3015808,"baseline_bytes_f32":16777216,"baseline_bytes_bf16":8388608,"ratio_vs_f32":5.563092,"ratio_vs_bf16":2.781546,"encode_seconds":0.776035,"decode_seconds":0.039054,"verify":true,"mean_block_mse":0.0451677977}