{"metric":"MSE","block_size":512,"variance_ratio":0.95,"k":16,"bit_width":3,"dim":128,"num_vecs_encoded":32768,"num_blocks":64,"skeleton_bytes":2004992,"codes_bytes":1138688,"compressed_bytes":3143680,"baseline_bytes_f32":16777216,"baseline_bytes_bf16":8388608,"ratio_vs_f32":5.336808,"ratio_vs_bf16":2.668404,"encode_seconds":0.817927,"decode_seconds":0.040941,"verify":true,"mean_block_mse":0.2732541794}