{"n_vecs":16384,"dim":128,"block_size":512,"n_blocks":32,"variance_ratio":0.95,"per_block_mean_mse":2.216531e-2,"layer_pooled_mean_mse":2.744057e-2,"first_block_mean_mse":2.387746e-1,"pooled_over_per_block_mean":1.2380,"pooled_over_per_block_median":1.3340,"pooled_over_per_block_max":2.2439,"first_over_per_block_mean":10.7724,"first_over_per_block_median":12.4810,"first_over_per_block_max":20.1691,"pooled_d_eff":94,"first_d_eff":63,"per_block_d_eff":[63,50,50,50,49,50,49,49,67,54,53,52,52,52,52,52,69,56,55,55,55,56,55,55,63,52,52,51,51,52,51,51],"per_block_mses":[2.460907e-2,2.616396e-2,2.561681e-2,2.512909e-2,2.610164e-2,2.492378e-2,2.557283e-2,2.586132e-2,1.729170e-2,1.709600e-2,1.684808e-2,1.721746e-2,1.723531e-2,1.736447e-2,1.712352e-2,1.725284e-2,1.950514e-2,1.917540e-2,1.938648e-2,1.904532e-2,1.908033e-2,1.830505e-2,1.870385e-2,1.832993e-2,2.778852e-2,2.784837e-2,2.674318e-2,2.729515e-2,2.707662e-2,2.579298e-2,2.698746e-2,2.681816e-2],"layer_pooled_mses":[4.005373e-2,2.876732e-2,2.582056e-2,2.435438e-2,2.410547e-2,2.487666e-2,2.572348e-2,2.779737e-2,3.880040e-2,2.661147e-2,2.385183e-2,2.296807e-2,2.308830e-2,2.363304e-2,2.477163e-2,2.687667e-2,3.971248e-2,2.801988e-2,2.604826e-2,2.493963e-2,2.472397e-2,2.516624e-2,2.555374e-2,2.638742e-2,4.104153e-2,2.874870e-2,2.589730e-2,2.507769e-2,2.511190e-2,2.556396e-2,2.642234e-2,2.758267e-2],"first_block_mses":[2.460907e-2,3.113303e-2,4.412526e-2,5.483237e-2,6.305967e-2,7.070467e-2,7.540588e-2,8.216270e-2,2.861391e-1,3.169072e-1,3.271058e-1,3.306750e-1,3.364858e-1,3.365735e-1,3.420727e-1,3.479735e-1,2.321156e-1,2.416170e-1,2.419625e-1,2.395020e-1,2.411777e-1,2.431901e-1,2.416188e-1,2.398899e-1,3.273484e-1,3.406845e-1,3.329279e-1,3.312078e-1,3.295399e-1,3.278005e-1,3.298425e-1,3.303953e-1]}