{"n_vecs":16384,"dim":128,"block_size":512,"n_blocks":32,"variance_ratio":0.95,"per_block_mean_mse":1.869842e-2,"layer_pooled_mean_mse":2.342538e-2,"first_block_mean_mse":2.034254e-1,"pooled_over_per_block_mean":1.2528,"pooled_over_per_block_median":1.1817,"pooled_over_per_block_max":2.2680,"first_over_per_block_mean":10.8793,"first_over_per_block_median":13.0855,"first_over_per_block_max":15.5763,"pooled_d_eff":91,"first_d_eff":66,"per_block_d_eff":[66,52,51,51,50,50,50,50,60,47,47,47,47,47,47,46,68,53,53,53,53,53,53,53,64,48,47,47,47,47,46,46],"per_block_mses":[1.757303e-2,1.834195e-2,1.868167e-2,1.799353e-2,1.832187e-2,1.864952e-2,1.849509e-2,1.855747e-2,2.445332e-2,2.526712e-2,2.454321e-2,2.377753e-2,2.317483e-2,2.331199e-2,2.299634e-2,2.424551e-2,1.405471e-2,1.408028e-2,1.329097e-2,1.272629e-2,1.237110e-2,1.248024e-2,1.233710e-2,1.229936e-2,1.845319e-2,2.003987e-2,1.993954e-2,1.916979e-2,1.914494e-2,1.947880e-2,2.017084e-2,1.992838e-2],"layer_pooled_mses":[3.506985e-2,2.531121e-2,2.221201e-2,2.088274e-2,2.039796e-2,2.104783e-2,2.185597e-2,2.341611e-2,3.879565e-2,2.424380e-2,2.140934e-2,2.031922e-2,2.005876e-2,2.052284e-2,2.165790e-2,2.350864e-2,3.187560e-2,2.389572e-2,2.186692e-2,2.033066e-2,1.959539e-2,1.973477e-2,1.993181e-2,2.116763e-2,3.535202e-2,2.479993e-2,2.246742e-2,2.074133e-2,2.051907e-2,2.142329e-2,2.200065e-2,2.320025e-2],"first_block_mses":[1.757303e-2,2.271950e-2,3.159912e-2,3.760046e-2,4.317877e-2,4.781131e-2,5.167751e-2,5.653830e-2,3.123014e-1,3.223390e-1,3.211594e-1,3.216882e-1,3.193929e-1,3.167980e-1,3.178841e-1,3.217576e-1,1.736270e-1,1.705558e-1,1.685196e-1,1.650314e-1,1.603754e-1,1.617755e-1,1.625030e-1,1.639813e-1,2.442699e-1,2.815981e-1,2.897272e-1,2.925184e-1,2.982075e-1,3.020358e-1,3.069822e-1,3.058867e-1]}