{"n_vecs":16384,"dim":128,"block_size":512,"n_blocks":32,"variance_ratio":0.95,"per_block_mean_mse":6.305568e-2,"layer_pooled_mean_mse":1.274567e-1,"first_block_mean_mse":6.503913e-1,"pooled_over_per_block_mean":2.0213,"pooled_over_per_block_median":2.0507,"pooled_over_per_block_max":4.6416,"first_over_per_block_mean":10.3146,"first_over_per_block_median":11.4560,"first_over_per_block_max":14.6610,"pooled_d_eff":89,"first_d_eff":65,"per_block_d_eff":[65,65,65,65,65,66,66,66,87,86,85,85,85,85,85,85,56,57,57,58,58,59,59,59,82,81,81,81,81,81,81,81],"per_block_mses":[7.072867e-2,7.314735e-2,7.370108e-2,7.380213e-2,7.378043e-2,7.118425e-2,7.166914e-2,7.148526e-2,5.260686e-2,5.431234e-2,5.657558e-2,5.552713e-2,5.547137e-2,5.553412e-2,5.565259e-2,5.578375e-2,6.596847e-2,6.796203e-2,6.904076e-2,6.720066e-2,6.800208e-2,6.543861e-2,6.561288e-2,6.519755e-2,5.678030e-2,5.845897e-2,5.858462e-2,5.814605e-2,5.779614e-2,5.752634e-2,5.775148e-2,5.735266e-2],"layer_pooled_mses":[6.206587e-2,6.895628e-2,7.137729e-2,7.131879e-2,7.060025e-2,6.951037e-2,7.149027e-2,7.117699e-2,2.323607e-1,2.513380e-1,2.579283e-1,2.572977e-1,2.574749e-1,2.569701e-1,2.571771e-1,2.548575e-1,5.088181e-2,6.205602e-2,6.377961e-2,6.529185e-2,6.594263e-2,6.399241e-2,6.717649e-2,6.470105e-2,1.164389e-1,1.250715e-1,1.259806e-1,1.262683e-1,1.254976e-1,1.245223e-1,1.259518e-1,1.231617e-1],"first_block_mses":[7.072867e-2,3.616822e-1,4.731684e-1,4.699979e-1,5.132659e-1,4.766968e-1,5.025083e-1,4.868880e-1,6.788725e-1,7.928071e-1,8.030271e-1,7.658360e-1,7.368602e-1,7.454786e-1,8.159248e-1,7.802573e-1,7.564636e-1,8.930505e-1,9.196031e-1,8.047199e-1,8.183124e-1,8.460308e-1,7.224649e-1,7.343294e-1,5.909117e-1,6.697194e-1,5.842747e-1,5.907710e-1,6.146998e-1,6.590191e-1,5.936107e-1,5.405409e-1]}