{"n_vecs":16384,"dim":128,"block_size":512,"n_blocks":32,"variance_ratio":0.95,"per_block_mean_mse":5.293887e-3,"layer_pooled_mean_mse":6.174507e-3,"first_block_mean_mse":5.528149e-2,"pooled_over_per_block_mean":1.1663,"pooled_over_per_block_median":1.1078,"pooled_over_per_block_max":1.8027,"first_over_per_block_mean":10.4425,"first_over_per_block_median":12.0248,"first_over_per_block_max":13.6695,"pooled_d_eff":98,"first_d_eff":67,"per_block_d_eff":[67,61,61,61,61,61,61,61,63,56,56,56,56,56,56,56,61,57,57,57,57,57,57,57,61,57,57,57,57,57,57,57],"per_block_mses":[4.572722e-3,4.018665e-3,3.923951e-3,3.878142e-3,3.825559e-3,3.843615e-3,3.794299e-3,3.741832e-3,6.151342e-3,5.633442e-3,5.464808e-3,5.387608e-3,5.357583e-3,5.355677e-3,5.337842e-3,5.242962e-3,7.180402e-3,6.131405e-3,6.024009e-3,5.964926e-3,5.928596e-3,5.938666e-3,5.903155e-3,5.786635e-3,6.347486e-3,5.736287e-3,5.669571e-3,5.553240e-3,5.482624e-3,5.463473e-3,5.419416e-3,5.344438e-3],"layer_pooled_mses":[8.243128e-3,6.112492e-3,5.926981e-3,5.822235e-3,5.769330e-3,5.788480e-3,5.786606e-3,5.755365e-3,8.292685e-3,5.851923e-3,5.666922e-3,5.544245e-3,5.469199e-3,5.465263e-3,5.479407e-3,5.495831e-3,8.298729e-3,6.110548e-3,5.947635e-3,5.918235e-3,5.877235e-3,5.835761e-3,5.822981e-3,5.852879e-3,8.412564e-3,6.442724e-3,6.261320e-3,6.148620e-3,6.084427e-3,6.052244e-3,6.050859e-3,5.997382e-3],"first_block_mses":[4.572722e-3,4.344413e-3,4.838873e-3,5.188887e-3,5.489486e-3,5.681849e-3,5.903108e-3,6.173504e-3,7.396860e-2,7.339352e-2,7.329469e-2,7.331278e-2,7.301502e-2,7.319545e-2,7.201266e-2,7.166884e-2,8.148117e-2,7.252181e-2,7.167370e-2,7.098747e-2,6.975516e-2,7.014123e-2,6.991533e-2,6.904260e-2,7.748979e-2,7.104336e-2,6.990178e-2,6.973311e-2,6.945640e-2,6.996373e-2,7.024803e-2,6.959862e-2]}