{"n_vecs":16384,"dim":128,"block_size":512,"n_blocks":32,"variance_ratio":0.95,"per_block_mean_mse":7.396738e-2,"layer_pooled_mean_mse":1.395738e-1,"first_block_mean_mse":9.184668e-1,"pooled_over_per_block_mean":1.8870,"pooled_over_per_block_median":1.8209,"pooled_over_per_block_max":4.1420,"first_over_per_block_mean":12.4172,"first_over_per_block_median":14.0283,"first_over_per_block_max":17.2805,"pooled_d_eff":88,"first_d_eff":52,"per_block_d_eff":[52,54,55,55,55,55,56,56,92,91,91,91,91,92,92,92,70,69,70,71,70,71,71,71,79,78,78,79,78,79,79,79],"per_block_mses":[8.289790e-2,8.737269e-2,8.776192e-2,8.757601e-2,8.721598e-2,8.599035e-2,8.427155e-2,8.427734e-2,6.407391e-2,6.621641e-2,6.599742e-2,6.616974e-2,6.611783e-2,6.313263e-2,6.360261e-2,6.373884e-2,6.729830e-2,7.197476e-2,7.163970e-2,6.905010e-2,7.119577e-2,6.893827e-2,6.871431e-2,6.870962e-2,7.233472e-2,7.667512e-2,7.794723e-2,7.499254e-2,7.741104e-2,7.470319e-2,7.430460e-2,7.465381e-2],"layer_pooled_mses":[4.799189e-2,6.207597e-2,6.769430e-2,6.877442e-2,6.965738e-2,6.725390e-2,6.824815e-2,6.756647e-2,2.379679e-1,2.610840e-1,2.686004e-1,2.666173e-1,2.638489e-1,2.614972e-1,2.628208e-1,2.618028e-1,7.518851e-2,8.525988e-2,8.950120e-2,9.030692e-2,9.121069e-2,9.073987e-2,9.053431e-2,9.048007e-2,1.317176e-1,1.446169e-1,1.486154e-1,1.468599e-1,1.461269e-1,1.470470e-1,1.473221e-1,1.473326e-1],"first_block_mses":[8.289790e-2,4.271959e-1,5.548833e-1,6.392355e-1,7.053725e-1,7.676242e-1,8.473148e-1,8.890761e-1,9.421561e-1,9.938371e-1,1.133354e0,1.138205e0,1.106396e0,1.090961e0,1.049749e0,9.916826e-1,7.884478e-1,9.305102e-1,1.083340e0,1.024733e0,1.034851e0,1.018890e0,9.920473e-1,1.030596e0,9.106154e-1,9.974486e-1,1.055213e0,1.052018e0,1.093022e0,1.017610e0,9.560295e-1,1.045623e0]}