{"n_vecs":16384,"dim":128,"block_size":512,"n_blocks":32,"variance_ratio":0.95,"per_block_mean_mse":8.547999e-2,"layer_pooled_mean_mse":1.575050e-1,"first_block_mean_mse":1.118751e0,"pooled_over_per_block_mean":1.8426,"pooled_over_per_block_median":1.9405,"pooled_over_per_block_max":2.1762,"first_over_per_block_mean":13.0879,"first_over_per_block_median":14.0094,"first_over_per_block_max":16.5847,"pooled_d_eff":104,"first_d_eff":86,"per_block_d_eff":[86,84,84,83,83,82,82,82,74,72,72,71,72,72,72,72,74,70,69,68,68,68,68,68,74,71,70,69,68,68,68,68],"per_block_mses":[8.919406e-2,9.186909e-2,9.030517e-2,9.230285e-2,9.020169e-2,9.202766e-2,9.034731e-2,9.035211e-2,6.540395e-2,6.547109e-2,6.489374e-2,6.721552e-2,6.482575e-2,6.452449e-2,6.440556e-2,6.410988e-2,9.485918e-2,9.846464e-2,9.987031e-2,1.017995e-1,1.004109e-1,1.006051e-1,1.004319e-1,1.007250e-1,8.701757e-2,8.634285e-2,8.641973e-2,8.737410e-2,8.809227e-2,8.621024e-2,8.509619e-2,8.419049e-2],"layer_pooled_mses":[1.762303e-1,1.945841e-1,1.958435e-1,1.916851e-1,1.900429e-1,1.796365e-1,1.758995e-1,1.753317e-1,1.238251e-1,1.133005e-1,1.223065e-1,1.242854e-1,1.195592e-1,1.208408e-1,1.181702e-1,1.219965e-1,1.441984e-1,1.381546e-1,1.410937e-1,1.459344e-1,1.470484e-1,1.386136e-1,1.322124e-1,1.257797e-1,1.877503e-1,1.833132e-1,1.880698e-1,1.888003e-1,1.883347e-1,1.874236e-1,1.819071e-1,1.779882e-1],"first_block_mses":[8.919406e-2,6.137945e-1,7.757383e-1,8.400920e-1,9.371560e-1,1.099423e0,1.164394e0,1.182317e0,9.857204e-1,9.824273e-1,9.283765e-1,1.114752e0,1.038090e0,1.013995e0,9.444105e-1,8.981396e-1,1.295187e0,1.528314e0,1.401872e0,1.404487e0,1.394952e0,1.384500e0,1.420282e0,1.498112e0,1.200848e0,1.273197e0,1.204994e0,1.192906e0,1.213791e0,1.259863e0,1.229350e0,1.289373e0]}