{"n_vecs":16384,"dim":128,"block_size":512,"n_blocks":32,"variance_ratio":0.95,"per_block_mean_mse":8.293265e-2,"layer_pooled_mean_mse":1.891607e-1,"first_block_mean_mse":1.788342e0,"pooled_over_per_block_mean":2.2809,"pooled_over_per_block_median":2.2475,"pooled_over_per_block_max":2.9077,"first_over_per_block_mean":21.5638,"first_over_per_block_median":23.6859,"first_over_per_block_max":36.4592,"pooled_d_eff":96,"first_d_eff":84,"per_block_d_eff":[84,80,79,79,79,79,79,79,73,69,69,69,68,69,69,69,82,79,79,78,78,78,78,78,88,85,85,85,85,85,85,85],"per_block_mses":[7.949769e-2,8.340805e-2,8.550750e-2,8.475772e-2,8.503068e-2,8.442863e-2,8.380600e-2,8.330266e-2,7.999538e-2,8.353157e-2,8.345117e-2,8.326439e-2,8.582372e-2,8.245046e-2,8.187882e-2,8.086749e-2,7.810871e-2,7.740535e-2,7.647122e-2,7.891427e-2,7.862643e-2,7.868637e-2,7.792606e-2,7.730776e-2,8.834536e-2,8.983003e-2,8.805876e-2,8.708548e-2,8.712685e-2,8.703941e-2,8.647667e-2,8.543401e-2],"layer_pooled_mses":[2.311577e-1,2.056306e-1,1.921740e-1,1.909063e-1,1.913306e-1,1.892038e-1,1.992816e-1,2.251314e-1,2.144829e-1,2.176160e-1,1.821130e-1,1.994131e-1,2.007577e-1,1.737103e-1,2.188848e-1,2.316479e-1,1.837552e-1,1.534790e-1,1.521325e-1,1.489928e-1,1.517539e-1,1.532402e-1,1.507133e-1,1.554964e-1,2.335352e-1,1.955461e-1,1.862144e-1,1.778859e-1,1.844010e-1,1.876457e-1,1.820245e-1,1.928836e-1],"first_block_mses":[7.949769e-2,6.047571e-1,8.841848e-1,1.112176e0,1.327066e0,1.404632e0,1.552749e0,1.448449e0,2.076553e0,2.368679e0,2.453717e0,2.555550e0,2.542620e0,2.844725e0,2.985238e0,2.698011e0,1.956426e0,2.099719e0,2.063075e0,2.079517e0,1.996455e0,2.024294e0,1.959365e0,1.831105e0,1.544336e0,1.719707e0,1.693984e0,1.688882e0,1.588084e0,1.482177e0,1.361857e0,1.199351e0]}