{"n_vecs":16384,"dim":128,"block_size":512,"n_blocks":32,"variance_ratio":0.95,"per_block_mean_mse":8.290898e-2,"layer_pooled_mean_mse":9.154717e-2,"first_block_mean_mse":7.568723e-1,"pooled_over_per_block_mean":1.1042,"pooled_over_per_block_median":1.1419,"pooled_over_per_block_max":2.3776,"first_over_per_block_mean":9.1290,"first_over_per_block_median":11.3577,"first_over_per_block_max":16.6506,"pooled_d_eff":101,"first_d_eff":64,"per_block_d_eff":[64,60,60,60,60,60,60,60,74,61,61,61,61,61,61,60,62,58,58,58,58,58,58,58,67,61,61,61,61,61,60,60],"per_block_mses":[9.740942e-2,9.100460e-2,9.175469e-2,9.175196e-2,9.214173e-2,9.267327e-2,9.241079e-2,9.149898e-2,4.021151e-2,4.122689e-2,4.098285e-2,3.983607e-2,4.055504e-2,4.046329e-2,3.974766e-2,4.126281e-2,1.239308e-1,1.180886e-1,1.184866e-1,1.186838e-1,1.195427e-1,1.201561e-1,1.193249e-1,1.188778e-1,8.222685e-2,7.764495e-2,7.790781e-2,7.711723e-2,7.713151e-2,7.664570e-2,8.141228e-2,8.097817e-2],"layer_pooled_mses":[1.109925e-1,9.438601e-2,9.123784e-2,9.271359e-2,9.310257e-2,9.353097e-2,9.334561e-2,9.445368e-2,9.560567e-2,8.082591e-2,7.803604e-2,7.589426e-2,7.562690e-2,7.587232e-2,7.697926e-2,7.749412e-2,1.156945e-1,9.504668e-2,9.121324e-2,9.165728e-2,9.215294e-2,9.390630e-2,9.388578e-2,9.563669e-2,1.143513e-1,9.371474e-2,9.153786e-2,9.063353e-2,9.073614e-2,9.111481e-2,9.296295e-2,9.516754e-2],"first_block_mses":[9.740942e-2,1.005585e-1,1.177177e-1,1.301289e-1,1.376245e-1,1.440616e-1,1.460464e-1,1.514550e-1,5.779644e-1,6.226492e-1,6.513915e-1,6.632927e-1,6.601212e-1,6.576842e-1,6.593599e-1,6.641940e-1,1.367838e0,1.319378e0,1.328549e0,1.347146e0,1.349376e0,1.365099e0,1.363105e0,1.350181e0,9.138329e-1,8.931329e-1,8.999573e-1,9.014276e-1,9.044930e-1,9.081999e-1,9.150280e-1,9.115116e-1]}