{"n_vecs":16384,"dim":128,"block_size":512,"n_blocks":32,"variance_ratio":0.95,"per_block_mean_mse":3.416072e-2,"layer_pooled_mean_mse":3.841919e-2,"first_block_mean_mse":4.049312e-1,"pooled_over_per_block_mean":1.1247,"pooled_over_per_block_median":1.1826,"pooled_over_per_block_max":1.9361,"first_over_per_block_mean":11.8537,"first_over_per_block_median":14.3125,"first_over_per_block_max":18.0021,"pooled_d_eff":97,"first_d_eff":58,"per_block_d_eff":[58,48,48,48,48,48,48,48,66,57,57,57,56,56,56,56,67,55,55,54,54,54,53,53,64,54,54,54,53,53,53,53],"per_block_mses":[3.323267e-2,3.313192e-2,3.232542e-2,3.248898e-2,3.225573e-2,3.254657e-2,3.182514e-2,3.165091e-2,4.634901e-2,4.766575e-2,4.669990e-2,4.621152e-2,4.805047e-2,4.835027e-2,4.739641e-2,4.711576e-2,2.713913e-2,2.785226e-2,2.720198e-2,2.760285e-2,2.688367e-2,2.693658e-2,2.767785e-2,2.768246e-2,3.136509e-2,2.996211e-2,2.886395e-2,2.845828e-2,2.974714e-2,2.984471e-2,2.921888e-2,2.940948e-2],"layer_pooled_mses":[4.601318e-2,3.512210e-2,3.268765e-2,3.127520e-2,3.094780e-2,3.125640e-2,3.152534e-2,3.251954e-2,6.364623e-2,4.455037e-2,4.131500e-2,3.991322e-2,4.015888e-2,4.113680e-2,4.220675e-2,4.406454e-2,5.254333e-2,3.993359e-2,3.676054e-2,3.513650e-2,3.480573e-2,3.524401e-2,3.577188e-2,3.742827e-2,4.974738e-2,3.690276e-2,3.453871e-2,3.382522e-2,3.384117e-2,3.411268e-2,3.455511e-2,3.592825e-2],"first_block_mses":[3.323267e-2,3.750858e-2,4.925932e-2,5.793740e-2,6.475114e-2,7.073701e-2,7.518997e-2,8.094592e-2,6.208531e-1,6.415709e-1,6.426834e-1,6.436585e-1,6.527376e-1,6.508938e-1,6.543152e-1,6.586307e-1,3.884296e-1,4.033997e-1,4.008638e-1,3.983970e-1,4.004406e-1,4.027235e-1,4.064460e-1,4.111376e-1,4.863064e-1,5.066346e-1,5.110873e-1,5.112686e-1,5.196740e-1,5.256304e-1,5.260021e-1,5.244525e-1]}