{"n_vecs":16384,"dim":128,"block_size":512,"n_blocks":32,"variance_ratio":0.95,"per_block_mean_mse":4.867746e-3,"layer_pooled_mean_mse":5.410300e-3,"first_block_mean_mse":4.721539e-2,"pooled_over_per_block_mean":1.1115,"pooled_over_per_block_median":1.1315,"pooled_over_per_block_max":1.7655,"first_over_per_block_mean":9.6996,"first_over_per_block_median":12.5401,"first_over_per_block_max":15.2199,"pooled_d_eff":99,"first_d_eff":62,"per_block_d_eff":[62,60,60,60,60,60,60,60,58,55,55,55,55,55,55,55,60,59,59,59,59,59,59,59,58,57,57,57,57,57,57,57],"per_block_mses":[5.239163e-3,5.290413e-3,5.332788e-3,5.366413e-3,5.323290e-3,5.335503e-3,5.278398e-3,5.309822e-3,2.750336e-3,2.853503e-3,2.856585e-3,2.867020e-3,2.855531e-3,2.845437e-3,2.859587e-3,2.842420e-3,5.091056e-3,4.872256e-3,4.884137e-3,4.902734e-3,4.852273e-3,4.854738e-3,4.821707e-3,4.844618e-3,6.293628e-3,6.481273e-3,6.423780e-3,6.467520e-3,6.412229e-3,6.448562e-3,6.455475e-3,6.455662e-3],"layer_pooled_mses":[6.421342e-3,6.044173e-3,6.019969e-3,6.041472e-3,6.028833e-3,5.996921e-3,5.995573e-3,6.054648e-3,4.855801e-3,4.366796e-3,4.354882e-3,4.381753e-3,4.375272e-3,4.368505e-3,4.336813e-3,4.399551e-3,5.864724e-3,5.447690e-3,5.493832e-3,5.511498e-3,5.490502e-3,5.477656e-3,5.462922e-3,5.473435e-3,5.723122e-3,5.611706e-3,5.594394e-3,5.621959e-3,5.594145e-3,5.581522e-3,5.552626e-3,5.585550e-3],"first_block_mses":[5.239163e-3,5.077379e-3,5.220666e-3,5.292987e-3,5.331686e-3,5.348961e-3,5.286402e-3,5.400884e-3,4.088339e-2,4.241377e-2,4.289996e-2,4.317612e-2,4.300449e-2,4.330738e-2,4.302731e-2,4.316303e-2,5.890670e-2,5.958855e-2,5.966815e-2,5.973897e-2,5.943252e-2,5.910732e-2,5.910712e-2,5.940984e-2,8.174845e-2,8.127549e-2,8.135576e-2,8.182149e-2,8.129826e-2,8.153899e-2,8.130261e-2,8.151861e-2]}