{"n_vecs":16384,"dim":128,"block_size":512,"n_blocks":32,"variance_ratio":0.95,"per_block_mean_mse":1.730091e-2,"layer_pooled_mean_mse":2.040880e-2,"first_block_mean_mse":1.765646e-1,"pooled_over_per_block_mean":1.1796,"pooled_over_per_block_median":1.2524,"pooled_over_per_block_max":2.3854,"first_over_per_block_mean":10.2055,"first_over_per_block_median":11.0447,"first_over_per_block_max":13.1391,"pooled_d_eff":96,"first_d_eff":72,"per_block_d_eff":[72,57,56,55,54,54,54,54,73,56,55,54,54,54,54,54,64,49,49,48,48,48,48,47,67,52,51,51,50,51,51,51],"per_block_mses":[1.332958e-2,1.222388e-2,1.172654e-2,1.187416e-2,1.183095e-2,1.164791e-2,1.138023e-2,1.137477e-2,1.487774e-2,1.491858e-2,1.437065e-2,1.435354e-2,1.378682e-2,1.355309e-2,1.334774e-2,1.328636e-2,1.959299e-2,2.006138e-2,1.876595e-2,1.873121e-2,1.778713e-2,1.721357e-2,1.707002e-2,1.799111e-2,2.794621e-2,2.672252e-2,2.592954e-2,2.459912e-2,2.464426e-2,2.302513e-2,2.291524e-2,2.275113e-2],"layer_pooled_mses":[3.179685e-2,2.113557e-2,1.916009e-2,1.807508e-2,1.770052e-2,1.749397e-2,1.797088e-2,1.939849e-2,3.284779e-2,2.114159e-2,1.835020e-2,1.718822e-2,1.685226e-2,1.697429e-2,1.769281e-2,1.867538e-2,3.083594e-2,1.989384e-2,1.712651e-2,1.553203e-2,1.506074e-2,1.527134e-2,1.601092e-2,1.723344e-2,4.194864e-2,2.398056e-2,2.090329e-2,1.906189e-2,1.838525e-2,1.856103e-2,1.973359e-2,2.108871e-2],"first_block_mses":[1.332958e-2,1.958633e-2,3.231287e-2,4.123290e-2,4.909032e-2,5.258954e-2,5.399772e-2,5.720242e-2,1.723675e-1,1.771061e-1,1.765704e-1,1.748536e-1,1.751095e-1,1.733796e-1,1.727219e-1,1.745706e-1,1.981003e-1,2.060910e-1,2.016578e-1,1.952924e-1,1.926146e-1,1.893484e-1,1.885338e-1,1.909861e-1,2.968429e-1,3.056790e-1,3.035615e-1,2.978546e-1,2.978424e-1,2.913120e-1,2.898886e-1,2.884402e-1]}