{"n_vecs":16384,"dim":128,"block_size":512,"n_blocks":32,"variance_ratio":0.95,"per_block_mean_mse":2.035840e-2,"layer_pooled_mean_mse":2.540382e-2,"first_block_mean_mse":2.379427e-1,"pooled_over_per_block_mean":1.2478,"pooled_over_per_block_median":1.2201,"pooled_over_per_block_max":2.1989,"first_over_per_block_mean":11.6877,"first_over_per_block_median":15.7868,"first_over_per_block_max":18.2298,"pooled_d_eff":92,"first_d_eff":61,"per_block_d_eff":[61,48,47,46,46,47,47,47,67,52,51,51,51,51,51,51,66,52,51,51,51,50,50,50,64,49,49,48,48,49,49,49],"per_block_mses":[2.784437e-2,2.746211e-2,2.686510e-2,2.716624e-2,2.674095e-2,2.582588e-2,2.540858e-2,2.535849e-2,1.588577e-2,1.616370e-2,1.576999e-2,1.502810e-2,1.470602e-2,1.501684e-2,1.480592e-2,1.503795e-2,2.117102e-2,2.081550e-2,2.116856e-2,2.067313e-2,2.019542e-2,2.120571e-2,2.108478e-2,2.110360e-2,1.952998e-2,1.989822e-2,1.893286e-2,1.910208e-2,1.860670e-2,1.787904e-2,1.752475e-2,1.749146e-2],"layer_pooled_mses":[4.339508e-2,2.894529e-2,2.472763e-2,2.267443e-2,2.255279e-2,2.365465e-2,2.481491e-2,2.692427e-2,3.493158e-2,2.581410e-2,2.278521e-2,2.095140e-2,2.074287e-2,2.157869e-2,2.212318e-2,2.337137e-2,4.081671e-2,2.608133e-2,2.362361e-2,2.214545e-2,2.193257e-2,2.260568e-2,2.358717e-2,2.498421e-2,3.830540e-2,2.593247e-2,2.310075e-2,2.141344e-2,2.094731e-2,2.164211e-2,2.230353e-2,2.351292e-2],"first_block_mses":[2.784437e-2,3.515838e-2,4.882543e-2,6.049032e-2,7.128009e-2,8.114668e-2,8.671883e-2,9.257631e-2,2.299105e-1,2.454821e-1,2.459569e-1,2.418943e-1,2.378189e-1,2.382727e-1,2.368667e-1,2.374006e-1,3.397980e-1,3.563604e-1,3.622765e-1,3.650317e-1,3.681578e-1,3.699597e-1,3.720594e-1,3.768238e-1,2.753134e-1,2.890435e-1,2.889637e-1,2.875958e-1,2.873346e-1,2.854930e-1,2.850389e-1,2.872739e-1]}