{"n_vecs":16384,"dim":128,"block_size":512,"n_blocks":32,"variance_ratio":0.95,"per_block_mean_mse":1.016531e-1,"layer_pooled_mean_mse":1.126475e-1,"first_block_mean_mse":8.038176e-1,"pooled_over_per_block_mean":1.1082,"pooled_over_per_block_median":1.5608,"pooled_over_per_block_max":2.1264,"first_over_per_block_mean":7.9075,"first_over_per_block_median":11.3450,"first_over_per_block_max":18.5861,"pooled_d_eff":101,"first_d_eff":68,"per_block_d_eff":[68,60,60,60,60,60,60,60,68,58,58,57,57,58,57,57,74,61,61,60,61,60,60,60,76,62,62,62,62,62,62,61],"per_block_mses":[1.669673e-1,1.701096e-1,1.721840e-1,1.699875e-1,1.721143e-1,1.732269e-1,1.719590e-1,1.692043e-1,5.532218e-2,5.329442e-2,5.230453e-2,5.409491e-2,5.426846e-2,5.155436e-2,5.473329e-2,5.409644e-2,9.232057e-2,1.155551e-1,1.196857e-1,1.280171e-1,1.228512e-1,1.314918e-1,1.316983e-1,1.313657e-1,6.030878e-2,6.124481e-2,6.124317e-2,5.978304e-2,6.004997e-2,6.042772e-2,5.943334e-2,6.200137e-2],"layer_pooled_mses":[1.815134e-1,1.277643e-1,1.215919e-1,1.179778e-1,1.193659e-1,1.207521e-1,1.225638e-1,1.244443e-1,1.062759e-1,8.811449e-2,8.559382e-2,8.486133e-2,8.470368e-2,8.530763e-2,8.737727e-2,8.941878e-2,1.349719e-1,1.189212e-1,1.186987e-1,1.204925e-1,1.215994e-1,1.249799e-1,1.269786e-1,1.288492e-1,1.282391e-1,1.061938e-1,1.040416e-1,1.034461e-1,1.033861e-1,1.033074e-1,1.058683e-1,1.071183e-1],"first_block_mses":[1.669673e-1,1.784713e-1,2.254400e-1,2.508121e-1,2.678016e-1,2.799187e-1,2.881428e-1,3.032581e-1,8.268466e-1,8.859145e-1,9.389991e-1,9.583898e-1,9.522367e-1,9.581967e-1,9.675987e-1,9.725522e-1,9.915212e-1,1.288441e0,1.362401e0,1.396802e0,1.410117e0,1.437057e0,1.436337e0,1.443384e0,6.912888e-1,6.882430e-1,6.951554e-1,6.915833e-1,6.875710e-1,6.855517e-1,6.974471e-1,6.977182e-1]}