{"n_vecs":16384,"dim":128,"block_size":512,"n_blocks":32,"variance_ratio":0.95,"per_block_mean_mse":7.624790e-2,"layer_pooled_mean_mse":1.480270e-1,"first_block_mean_mse":1.210672e0,"pooled_over_per_block_mean":1.9414,"pooled_over_per_block_median":1.9382,"pooled_over_per_block_max":2.4084,"first_over_per_block_mean":15.8781,"first_over_per_block_median":15.4258,"first_over_per_block_max":29.5369,"pooled_d_eff":101,"first_d_eff":88,"per_block_d_eff":[88,87,87,86,86,86,86,86,86,84,84,84,84,84,84,84,92,90,90,90,90,90,90,90,91,90,90,89,89,89,89,89],"per_block_mses":[7.855762e-2,7.927423e-2,7.944877e-2,8.318732e-2,8.276238e-2,8.234593e-2,8.142559e-2,8.132320e-2,5.861640e-2,6.226881e-2,6.252639e-2,6.241816e-2,6.231476e-2,6.202707e-2,6.205394e-2,6.215522e-2,8.506953e-2,9.004286e-2,8.921301e-2,8.937531e-2,8.849116e-2,8.803921e-2,8.719100e-2,8.705962e-2,7.259431e-2,7.291574e-2,7.228412e-2,7.575655e-2,7.531198e-2,7.494380e-2,7.455485e-2,7.438397e-2],"layer_pooled_mses":[1.439037e-1,1.359351e-1,1.376057e-1,1.367447e-1,1.361065e-1,1.354831e-1,1.373451e-1,1.435349e-1,1.309570e-1,1.160097e-1,1.147144e-1,1.110886e-1,1.123094e-1,1.176408e-1,1.202746e-1,1.306621e-1,2.018409e-1,1.883935e-1,1.857190e-1,1.798205e-1,1.794335e-1,1.735960e-1,1.757174e-1,1.838266e-1,1.748347e-1,1.521048e-1,1.476937e-1,1.449976e-1,1.420943e-1,1.454113e-1,1.439691e-1,1.570941e-1],"first_block_mses":[7.855762e-2,3.590432e-1,5.239628e-1,7.719304e-1,8.854427e-1,1.019888e0,1.177268e0,1.260830e0,1.236952e0,1.463080e0,1.635296e0,1.780129e0,1.840584e0,1.784464e0,1.742374e0,1.632496e0,1.282279e0,1.255162e0,1.194810e0,1.255781e0,1.382009e0,1.464475e0,1.513388e0,1.442251e0,9.742392e-1,1.014221e0,1.002603e0,1.073687e0,1.106340e0,1.176793e0,1.150071e0,1.261093e0]}