{"n_vecs":16384,"dim":128,"block_size":512,"n_blocks":32,"variance_ratio":0.95,"per_block_mean_mse":9.103306e-2,"layer_pooled_mean_mse":1.765071e-1,"first_block_mean_mse":1.042131e0,"pooled_over_per_block_mean":1.9389,"pooled_over_per_block_median":2.5261,"pooled_over_per_block_max":2.9187,"first_over_per_block_mean":11.4478,"first_over_per_block_median":11.3850,"first_over_per_block_max":18.5897,"pooled_d_eff":94,"first_d_eff":83,"per_block_d_eff":[83,81,81,80,80,80,80,80,76,72,71,70,70,70,70,70,45,44,44,43,43,42,42,42,80,76,75,74,73,73,72,72],"per_block_mses":[9.526350e-2,9.985510e-2,9.892001e-2,9.908689e-2,9.611998e-2,9.384583e-2,9.142614e-2,9.034760e-2,7.496448e-2,7.631410e-2,7.801867e-2,7.833843e-2,7.551106e-2,7.438884e-2,7.386072e-2,7.385227e-2,1.148550e-1,1.131115e-1,1.116674e-1,1.140666e-1,1.118722e-1,1.150353e-1,1.140548e-1,1.145998e-1,7.482122e-2,7.998751e-2,7.999379e-2,7.974854e-2,8.062315e-2,7.901285e-2,8.013291e-2,7.936162e-2],"layer_pooled_mses":[2.040174e-1,2.230754e-1,2.221451e-1,2.179090e-1,2.215134e-1,2.155055e-1,2.073515e-1,2.068471e-1,2.054391e-1,2.047854e-1,2.089794e-1,2.083506e-1,2.116695e-1,2.171222e-1,2.148929e-1,2.084049e-1,6.790873e-2,7.420102e-2,7.307254e-2,7.201407e-2,7.103638e-2,6.803840e-2,6.524874e-2,6.653775e-2,1.890029e-1,2.021560e-1,2.086157e-1,2.102693e-1,2.150090e-1,2.220737e-1,2.212740e-1,2.237594e-1],"first_block_mses":[9.526350e-2,7.162508e-1,7.612433e-1,7.282733e-1,7.545408e-1,7.695551e-1,8.982159e-1,9.654272e-1,1.063564e0,1.271456e0,1.276092e0,1.239927e0,1.230955e0,1.333117e0,1.373048e0,1.208427e0,1.280874e0,1.423680e0,1.483872e0,1.339958e0,1.208508e0,1.309679e0,1.538077e0,1.544889e0,6.041074e-1,7.073985e-1,9.101889e-1,9.184070e-1,7.900252e-1,9.203245e-1,8.431270e-1,8.397047e-1]}