{"n_vecs":16384,"dim":128,"block_size":512,"n_blocks":32,"variance_ratio":0.95,"per_block_mean_mse":1.682251e-3,"layer_pooled_mean_mse":1.751047e-3,"first_block_mean_mse":1.712709e-2,"pooled_over_per_block_mean":1.0409,"pooled_over_per_block_median":1.0829,"pooled_over_per_block_max":1.1464,"first_over_per_block_mean":10.1811,"first_over_per_block_median":12.6582,"first_over_per_block_max":13.6315,"pooled_d_eff":100,"first_d_eff":54,"per_block_d_eff":[54,53,53,53,53,53,53,53,57,57,57,57,57,57,57,57,59,58,58,58,58,58,58,58,57,56,57,57,56,56,56,56],"per_block_mses":[1.538000e-3,1.593148e-3,1.583302e-3,1.603434e-3,1.591113e-3,1.601763e-3,1.585122e-3,1.586793e-3,1.541942e-3,1.535621e-3,1.513162e-3,1.533275e-3,1.528413e-3,1.523585e-3,1.531534e-3,1.523368e-3,1.689190e-3,1.741086e-3,1.742276e-3,1.756509e-3,1.737006e-3,1.750173e-3,1.730755e-3,1.738063e-3,1.820117e-3,1.926909e-3,1.812125e-3,1.818579e-3,1.914371e-3,1.917418e-3,1.896414e-3,1.927475e-3],"layer_pooled_mses":[1.602869e-3,1.606941e-3,1.603446e-3,1.609158e-3,1.600367e-3,1.600393e-3,1.592089e-3,1.602522e-3,1.737630e-3,1.736398e-3,1.734715e-3,1.756381e-3,1.729444e-3,1.741806e-3,1.735491e-3,1.729533e-3,1.923620e-3,1.897976e-3,1.892443e-3,1.902053e-3,1.890085e-3,1.903794e-3,1.881092e-3,1.895691e-3,1.766241e-3,1.773667e-3,1.763795e-3,1.769545e-3,1.768526e-3,1.761191e-3,1.759123e-3,1.765473e-3],"first_block_mses":[1.538000e-3,1.562078e-3,1.569352e-3,1.595631e-3,1.591681e-3,1.594705e-3,1.575097e-3,1.596461e-3,1.912927e-2,1.937057e-2,1.942624e-2,1.937400e-2,1.917237e-2,1.944375e-2,1.915464e-2,1.936844e-2,2.302627e-2,2.356590e-2,2.359173e-2,2.366252e-2,2.365155e-2,2.344591e-2,2.351805e-2,2.356900e-2,2.395702e-2,2.439119e-2,2.390614e-2,2.406897e-2,2.412896e-2,2.419468e-2,2.417367e-2,2.415318e-2]}