{"n_vecs":16384,"dim":128,"block_size":512,"n_blocks":32,"variance_ratio":0.95,"per_block_mean_mse":8.207616e-3,"layer_pooled_mean_mse":1.243373e-2,"first_block_mean_mse":1.390287e-1,"pooled_over_per_block_mean":1.5149,"pooled_over_per_block_median":1.5693,"pooled_over_per_block_max":2.4665,"first_over_per_block_mean":16.9390,"first_over_per_block_median":17.4810,"first_over_per_block_max":26.4557,"pooled_d_eff":89,"first_d_eff":64,"per_block_d_eff":[64,54,54,54,53,53,53,53,62,54,54,54,54,54,53,54,57,50,49,48,48,48,48,48,65,56,56,55,55,55,55,55],"per_block_mses":[7.623466e-3,6.506847e-3,6.026813e-3,5.842846e-3,5.919316e-3,5.856070e-3,5.798297e-3,5.681262e-3,1.010270e-2,8.198162e-3,7.527903e-3,7.171496e-3,6.779002e-3,6.645795e-3,6.962918e-3,6.452714e-3,1.281387e-2,1.079454e-2,1.064507e-2,1.091004e-2,1.052712e-2,1.044789e-2,1.036384e-2,1.021951e-2,9.214477e-3,8.528958e-3,8.147829e-3,8.468511e-3,8.203414e-3,8.134324e-3,8.130702e-3,7.998007e-3],"layer_pooled_mses":[1.880315e-2,1.206387e-2,1.109624e-2,1.069625e-2,1.039113e-2,1.040607e-2,1.039149e-2,1.027867e-2,2.131411e-2,1.324795e-2,1.186316e-2,1.125446e-2,1.084429e-2,1.071180e-2,1.081645e-2,1.076704e-2,2.001716e-2,1.181343e-2,1.112421e-2,1.084832e-2,1.065638e-2,1.058959e-2,1.067665e-2,1.099225e-2,2.003284e-2,1.312004e-2,1.241927e-2,1.217005e-2,1.209436e-2,1.204118e-2,1.217988e-2,1.215767e-2],"first_block_mses":[7.623466e-3,7.107795e-3,8.623500e-3,9.937163e-3,1.104210e-2,1.162752e-2,1.193979e-2,1.233540e-2,1.593878e-1,1.412516e-1,1.331835e-1,1.276533e-1,1.223758e-1,1.207608e-1,1.211377e-1,1.198151e-1,2.702352e-1,2.708806e-1,2.695404e-1,2.721440e-1,2.713932e-1,2.710116e-1,2.711004e-1,2.703643e-1,1.511726e-1,1.475216e-1,1.452207e-1,1.441903e-1,1.425361e-1,1.413851e-1,1.421324e-1,1.422889e-1]}