{"n_vecs":16384,"dim":128,"block_size":512,"n_blocks":32,"variance_ratio":0.95,"per_block_mean_mse":2.595949e-2,"layer_pooled_mean_mse":3.121425e-2,"first_block_mean_mse":2.845262e-1,"pooled_over_per_block_mean":1.2024,"pooled_over_per_block_median":1.2231,"pooled_over_per_block_max":1.9948,"first_over_per_block_mean":10.9604,"first_over_per_block_median":13.4116,"first_over_per_block_max":14.3831,"pooled_d_eff":94,"first_d_eff":65,"per_block_d_eff":[65,51,50,50,51,52,51,51,66,52,51,51,51,51,51,51,70,57,57,57,56,56,56,55,59,47,46,46,46,46,45,45],"per_block_mses":[2.331152e-2,2.416167e-2,2.420749e-2,2.323520e-2,2.215134e-2,2.149968e-2,2.164619e-2,2.172232e-2,2.600239e-2,2.666293e-2,2.731032e-2,2.623011e-2,2.567989e-2,2.604804e-2,2.532483e-2,2.523493e-2,2.363375e-2,2.363965e-2,2.280515e-2,2.229582e-2,2.346289e-2,2.354601e-2,2.271019e-2,2.364210e-2,3.060122e-2,3.224167e-2,3.257099e-2,3.180073e-2,3.154252e-2,3.159350e-2,3.241290e-2,3.177580e-2],"layer_pooled_mses":[4.173956e-2,3.143965e-2,2.823018e-2,2.660005e-2,2.586947e-2,2.645313e-2,2.773466e-2,2.982751e-2,4.743135e-2,3.261031e-2,2.962757e-2,2.758399e-2,2.720018e-2,2.792471e-2,2.817110e-2,2.981602e-2,4.714424e-2,3.291873e-2,2.983206e-2,2.878065e-2,2.909187e-2,2.966780e-2,3.029153e-2,3.140940e-2,4.475606e-2,3.263180e-2,2.953652e-2,2.808003e-2,2.752186e-2,2.859707e-2,2.923833e-2,3.109851e-2],"first_block_mses":[2.331152e-2,2.725757e-2,3.674463e-2,4.334940e-2,4.915869e-2,5.427581e-2,5.845409e-2,6.387915e-2,3.369571e-1,3.606042e-1,3.618132e-1,3.595566e-1,3.638843e-1,3.642102e-1,3.616060e-1,3.629555e-1,2.960133e-1,3.164598e-1,3.180094e-1,3.167982e-1,3.219999e-1,3.233286e-1,3.226376e-1,3.233700e-1,3.594455e-1,4.090545e-1,4.211940e-1,4.227757e-1,4.275130e-1,4.302884e-1,4.347072e-1,4.332256e-1]}