{"n_vecs":16384,"dim":128,"block_size":512,"n_blocks":32,"variance_ratio":0.95,"per_block_mean_mse":7.726493e-2,"layer_pooled_mean_mse":1.503603e-1,"first_block_mean_mse":1.354092e0,"pooled_over_per_block_mean":1.9460,"pooled_over_per_block_median":1.9444,"pooled_over_per_block_max":2.2169,"first_over_per_block_mean":17.5253,"first_over_per_block_median":17.9112,"first_over_per_block_max":30.6621,"pooled_d_eff":105,"first_d_eff":78,"per_block_d_eff":[78,77,76,76,75,76,75,75,82,81,80,80,80,80,80,81,81,80,80,79,79,80,79,79,75,72,71,70,69,69,69,69],"per_block_mses":[7.012990e-2,6.992143e-2,7.123006e-2,6.899854e-2,7.012332e-2,6.644910e-2,6.836707e-2,6.820280e-2,1.051190e-1,1.094267e-1,1.125913e-1,1.111742e-1,1.094653e-1,1.098526e-1,1.113706e-1,1.091294e-1,8.770780e-2,8.638584e-2,8.452761e-2,8.410297e-2,8.210515e-2,7.877735e-2,8.013059e-2,7.917826e-2,4.336378e-2,4.631358e-2,4.720548e-2,4.820742e-2,4.873638e-2,4.833253e-2,4.795721e-2,4.789449e-2],"layer_pooled_mses":[1.500703e-1,1.459105e-1,1.419664e-1,1.393483e-1,1.399558e-1,1.402422e-1,1.371830e-1,1.511975e-1,2.119085e-1,2.107043e-1,2.035468e-1,2.029132e-1,2.050634e-1,2.099129e-1,2.165466e-1,2.349425e-1,1.853183e-1,1.644814e-1,1.488663e-1,1.420451e-1,1.502932e-1,1.582910e-1,1.557884e-1,1.593893e-1,9.499671e-2,9.135508e-2,8.737145e-2,8.354732e-2,8.442363e-2,8.561219e-2,8.604728e-2,9.229012e-2],"first_block_mses":[7.012990e-2,5.303103e-1,9.058566e-1,1.045158e0,1.182414e0,1.336802e0,1.314196e0,1.367433e0,1.457073e0,1.561382e0,1.559577e0,1.648355e0,1.697035e0,1.783844e0,1.755089e0,1.800590e0,1.572190e0,1.722170e0,1.686198e0,1.554106e0,1.468768e0,1.410999e0,1.324210e0,1.216510e0,1.257742e0,1.420073e0,1.373539e0,1.307818e0,1.217675e0,1.215640e0,1.185291e0,1.382771e0]}