{"n_vecs":16384,"dim":128,"block_size":512,"n_blocks":32,"variance_ratio":0.95,"per_block_mean_mse":6.611496e-2,"layer_pooled_mean_mse":1.431184e-1,"first_block_mean_mse":8.944510e-1,"pooled_over_per_block_mean":2.1647,"pooled_over_per_block_median":2.3306,"pooled_over_per_block_max":2.8205,"first_over_per_block_mean":13.5287,"first_over_per_block_median":13.0303,"first_over_per_block_max":21.8440,"pooled_d_eff":101,"first_d_eff":60,"per_block_d_eff":[60,61,61,61,62,62,62,62,86,83,83,83,83,83,83,83,89,88,88,88,88,88,88,88,87,85,84,84,84,85,84,84],"per_block_mses":[5.247632e-2,5.669998e-2,5.853485e-2,5.830242e-2,5.705705e-2,5.650393e-2,5.703443e-2,5.723718e-2,4.910381e-2,5.381840e-2,5.509009e-2,5.497187e-2,5.485167e-2,5.502005e-2,5.525025e-2,5.496535e-2,7.826747e-2,8.331758e-2,8.487348e-2,8.492917e-2,8.533353e-2,8.604354e-2,8.563163e-2,8.568200e-2,6.640989e-2,6.869515e-2,7.088541e-2,7.013635e-2,7.049439e-2,6.727965e-2,7.046928e-2,7.031250e-2],"layer_pooled_mses":[4.683497e-2,5.089692e-2,5.529651e-2,5.526048e-2,5.575754e-2,5.620516e-2,5.619590e-2,5.557924e-2,1.137169e-1,1.271858e-1,1.338548e-1,1.361302e-1,1.392987e-1,1.391559e-1,1.396940e-1,1.367467e-1,2.028748e-1,2.199147e-1,2.280284e-1,2.334825e-1,2.344400e-1,2.385764e-1,2.415266e-1,2.385380e-1,1.441673e-1,1.565831e-1,1.588553e-1,1.571951e-1,1.587675e-1,1.568031e-1,1.561453e-1,1.560815e-1],"first_block_mses":[5.247632e-2,3.982802e-1,5.231680e-1,6.251526e-1,5.791396e-1,6.094108e-1,6.198741e-1,6.045581e-1,8.268280e-1,9.334688e-1,1.062571e0,1.061378e0,1.198178e0,1.093568e0,1.097910e0,9.926774e-1,1.129933e0,1.342542e0,1.328096e0,1.326325e0,1.139166e0,1.121177e0,1.210555e0,1.265277e0,6.643215e-1,8.156653e-1,8.141663e-1,8.206905e-1,8.659993e-1,8.577983e-1,8.199290e-1,8.221503e-1]}