{"n_vecs":16384,"dim":128,"block_size":512,"n_blocks":32,"variance_ratio":0.95,"per_block_mean_mse":8.761224e-2,"layer_pooled_mean_mse":1.708941e-1,"first_block_mean_mse":1.143230e0,"pooled_over_per_block_mean":1.9506,"pooled_over_per_block_median":2.3138,"pooled_over_per_block_max":2.8156,"first_over_per_block_mean":13.0487,"first_over_per_block_median":12.6071,"first_over_per_block_max":19.1373,"pooled_d_eff":97,"first_d_eff":79,"per_block_d_eff":[79,77,76,75,75,75,74,74,70,69,69,69,69,70,70,70,77,75,76,76,76,77,77,77,86,83,82,82,82,82,82,82],"per_block_mses":[8.051475e-2,8.100047e-2,8.337100e-2,8.408487e-2,8.254245e-2,8.244676e-2,8.417868e-2,8.364390e-2,9.839247e-2,9.892526e-2,1.013570e-1,1.003798e-1,1.004098e-1,9.710249e-2,9.714042e-2,9.703354e-2,9.264200e-2,9.713837e-2,9.323912e-2,9.164478e-2,9.117714e-2,8.755426e-2,8.686225e-2,8.670644e-2,7.618016e-2,8.025020e-2,8.086442e-2,7.809378e-2,7.707461e-2,7.749881e-2,7.726027e-2,7.688150e-2],"layer_pooled_mses":[1.862947e-1,1.882206e-1,1.956437e-1,1.972072e-1,2.011314e-1,2.050108e-1,2.032256e-1,1.990833e-1,1.158758e-1,1.180742e-1,1.256338e-1,1.289886e-1,1.336229e-1,1.340741e-1,1.369743e-1,1.352673e-1,1.333078e-1,1.471369e-1,1.478704e-1,1.483882e-1,1.523537e-1,1.522893e-1,1.555100e-1,1.541697e-1,1.963806e-1,2.030044e-1,2.060185e-1,2.077531e-1,2.118546e-1,2.164498e-1,2.153258e-1,2.164692e-1],"first_block_mses":[8.051475e-2,6.453694e-1,8.919054e-1,9.920363e-1,1.041484e0,1.050256e0,1.058649e0,1.166839e0,1.161154e0,1.208764e0,1.230101e0,1.253432e0,1.252000e0,1.156541e0,1.235767e0,1.111370e0,1.038785e0,1.206373e0,1.139829e0,1.093407e0,1.149479e0,1.218888e0,1.224628e0,1.173549e0,1.231982e0,1.280878e0,1.364787e0,1.494501e0,1.332312e0,1.319650e0,1.426020e0,1.352099e0]}