{"n_vecs":16384,"dim":128,"block_size":512,"n_blocks":32,"variance_ratio":0.95,"per_block_mean_mse":9.599927e-2,"layer_pooled_mean_mse":1.026387e-1,"first_block_mean_mse":7.899412e-1,"pooled_over_per_block_mean":1.0692,"pooled_over_per_block_median":1.8353,"pooled_over_per_block_max":2.3130,"first_over_per_block_mean":8.2286,"first_over_per_block_median":13.3753,"first_over_per_block_max":17.2177,"pooled_d_eff":101,"first_d_eff":64,"per_block_d_eff":[64,62,62,62,61,61,61,61,65,61,61,61,61,61,61,61,68,60,60,60,60,60,60,59,68,59,58,58,59,59,58,58],"per_block_mses":[1.513597e-1,1.474628e-1,1.499764e-1,1.526629e-1,1.639474e-1,1.649762e-1,1.637301e-1,1.638102e-1,1.253330e-1,1.343085e-1,1.359529e-1,1.362043e-1,1.374941e-1,1.376587e-1,1.377926e-1,1.379282e-1,5.112089e-2,4.940524e-2,4.917899e-2,4.850060e-2,4.960002e-2,5.035512e-2,4.940622e-2,5.233973e-2,4.196088e-2,4.098417e-2,4.225945e-2,4.175393e-2,4.005259e-2,4.033225e-2,4.220213e-2,4.192654e-2],"layer_pooled_mses":[1.291552e-1,1.115061e-1,1.082071e-1,1.088488e-1,1.106436e-1,1.124444e-1,1.138068e-1,1.155501e-1,1.267168e-1,1.101446e-1,1.074830e-1,1.080366e-1,1.095385e-1,1.108488e-1,1.119104e-1,1.152457e-1,1.093224e-1,9.500436e-2,9.320540e-2,9.376798e-2,9.344961e-2,9.492657e-2,9.487345e-2,9.605751e-2,9.705536e-2,8.620402e-2,8.491702e-2,8.490932e-2,8.588752e-2,8.710757e-2,8.829933e-2,8.936396e-2],"first_block_mses":[1.513597e-1,1.664669e-1,1.937740e-1,2.160821e-1,2.271303e-1,2.358053e-1,2.398049e-1,2.506442e-1,1.493169e0,1.532791e0,1.559629e0,1.585070e0,1.603492e0,1.619067e0,1.620537e0,1.626410e0,6.849752e-1,6.814373e-1,6.791014e-1,6.783406e-1,6.798978e-1,6.896174e-1,6.960965e-1,7.000578e-1,6.663729e-1,6.690087e-1,6.772910e-1,6.833134e-1,6.836643e-1,6.944294e-1,6.963762e-1,6.969050e-1]}