{"n_vecs":16384,"dim":128,"block_size":512,"n_blocks":32,"variance_ratio":0.95,"per_block_mean_mse":6.885988e-2,"layer_pooled_mean_mse":1.574131e-1,"first_block_mean_mse":1.413401e0,"pooled_over_per_block_mean":2.2860,"pooled_over_per_block_median":2.2701,"pooled_over_per_block_max":2.5871,"first_over_per_block_mean":20.5258,"first_over_per_block_median":21.4141,"first_over_per_block_max":28.8719,"pooled_d_eff":101,"first_d_eff":79,"per_block_d_eff":[79,77,77,76,76,76,75,76,81,77,76,76,76,76,76,76,84,82,81,80,80,80,80,80,80,78,78,77,77,77,77,77],"per_block_mses":[6.221427e-2,6.190436e-2,6.094370e-2,6.065541e-2,5.938281e-2,5.920348e-2,6.097887e-2,5.933551e-2,6.466495e-2,6.661889e-2,6.671896e-2,6.869502e-2,6.355414e-2,6.369936e-2,6.318336e-2,6.270870e-2,8.858460e-2,8.639285e-2,8.574604e-2,8.609156e-2,8.490139e-2,8.413932e-2,8.306632e-2,8.310027e-2,7.072862e-2,6.907720e-2,6.548592e-2,6.559493e-2,6.375558e-2,6.195161e-2,6.009967e-2,6.033853e-2],"layer_pooled_mses":[1.609541e-1,1.466159e-1,1.429051e-1,1.376919e-1,1.332620e-1,1.348053e-1,1.383478e-1,1.497834e-1,1.557545e-1,1.391496e-1,1.437640e-1,1.432347e-1,1.378493e-1,1.366029e-1,1.362840e-1,1.467426e-1,2.253456e-1,1.995403e-1,1.953199e-1,1.926708e-1,1.924768e-1,1.965479e-1,2.025390e-1,2.101327e-1,1.782663e-1,1.521924e-1,1.410608e-1,1.328948e-1,1.312715e-1,1.312628e-1,1.311329e-1,1.408167e-1],"first_block_mses":[6.221427e-2,5.577531e-1,7.624977e-1,8.057471e-1,9.775590e-1,1.271252e0,1.263242e0,1.304739e0,1.204636e0,1.233633e0,1.248741e0,1.275288e0,1.510565e0,1.441467e0,1.353016e0,1.325892e0,1.957917e0,2.119577e0,2.033720e0,1.897764e0,1.925769e0,1.942934e0,1.609328e0,1.633603e0,1.451746e0,1.242326e0,1.302495e0,1.595458e0,1.713761e0,1.730281e0,1.731832e0,1.742086e0]}