{"n_vecs":16384,"dim":128,"block_size":512,"n_blocks":32,"variance_ratio":0.95,"per_block_mean_mse":1.755937e-2,"layer_pooled_mean_mse":2.095815e-2,"first_block_mean_mse":1.802083e-1,"pooled_over_per_block_mean":1.1936,"pooled_over_per_block_median":1.1874,"pooled_over_per_block_max":2.1680,"first_over_per_block_mean":10.2628,"first_over_per_block_median":12.3927,"first_over_per_block_max":13.7582,"pooled_d_eff":92,"first_d_eff":67,"per_block_d_eff":[67,51,50,49,49,49,49,49,62,48,48,48,48,48,48,49,60,47,46,46,46,46,46,46,64,51,50,50,50,49,49,49],"per_block_mses":[1.585342e-2,1.641725e-2,1.643628e-2,1.661474e-2,1.597615e-2,1.589384e-2,1.576414e-2,1.598767e-2,2.536668e-2,2.632587e-2,2.516410e-2,2.423597e-2,2.378594e-2,2.352375e-2,2.354581e-2,2.244909e-2,1.822130e-2,1.808961e-2,1.782239e-2,1.682340e-2,1.617082e-2,1.590120e-2,1.571301e-2,1.585043e-2,1.426067e-2,1.344380e-2,1.323761e-2,1.262995e-2,1.229751e-2,1.272872e-2,1.258487e-2,1.278382e-2],"layer_pooled_mses":[3.437045e-2,2.203496e-2,1.951653e-2,1.830924e-2,1.818041e-2,1.844215e-2,1.918650e-2,2.051499e-2,3.939257e-2,2.435458e-2,2.110763e-2,1.959157e-2,1.927331e-2,1.990742e-2,2.064726e-2,2.205910e-2,3.228975e-2,2.185640e-2,1.897266e-2,1.757757e-2,1.708502e-2,1.728200e-2,1.764217e-2,1.862782e-2,2.895915e-2,1.991217e-2,1.764031e-2,1.672836e-2,1.657148e-2,1.683755e-2,1.743798e-2,1.835183e-2],"first_block_mses":[1.585342e-2,2.097771e-2,3.095018e-2,3.880048e-2,4.563732e-2,5.020209e-2,5.373715e-2,5.787601e-2,3.020198e-1,3.137222e-1,3.089987e-1,2.983630e-1,2.947727e-1,2.902726e-1,2.876833e-1,2.900145e-1,2.242218e-1,2.282720e-1,2.232316e-1,2.151987e-1,2.085101e-1,2.033064e-1,1.996483e-1,2.006407e-1,1.734520e-1,1.767134e-1,1.743871e-1,1.723269e-1,1.691918e-1,1.654700e-1,1.648793e-1,1.673332e-1]}