{"n_vecs":16384,"dim":128,"block_size":512,"n_blocks":32,"variance_ratio":0.95,"per_block_mean_mse":6.539487e-2,"layer_pooled_mean_mse":1.158544e-1,"first_block_mean_mse":1.428863e0,"pooled_over_per_block_mean":1.7716,"pooled_over_per_block_median":1.9309,"pooled_over_per_block_max":3.1147,"first_over_per_block_mean":21.8498,"first_over_per_block_median":23.8360,"first_over_per_block_max":28.3115,"pooled_d_eff":107,"first_d_eff":67,"per_block_d_eff":[67,66,65,65,65,65,65,65,91,90,89,89,89,89,89,89,94,93,93,93,93,93,93,93,89,88,88,88,88,88,88,88],"per_block_mses":[5.834440e-2,6.076145e-2,6.288600e-2,6.305775e-2,6.292125e-2,6.256020e-2,6.225799e-2,6.241495e-2,5.768711e-2,6.159756e-2,6.492038e-2,6.456170e-2,6.419929e-2,6.486006e-2,6.454129e-2,6.493068e-2,6.018098e-2,6.482913e-2,6.448737e-2,6.532651e-2,6.506028e-2,6.584818e-2,6.493532e-2,6.534216e-2,6.831303e-2,7.255286e-2,7.182744e-2,7.221580e-2,7.264773e-2,7.219357e-2,7.217611e-2,7.219722e-2],"layer_pooled_mses":[5.259969e-2,5.043717e-2,5.001501e-2,4.880624e-2,4.891643e-2,4.745850e-2,4.663060e-2,5.152107e-2,1.345302e-1,1.290480e-1,1.253567e-1,1.268011e-1,1.257605e-1,1.311580e-1,1.385587e-1,1.498344e-1,1.874448e-1,1.756866e-1,1.704655e-1,1.645073e-1,1.633317e-1,1.628189e-1,1.623102e-1,1.685135e-1,1.146791e-1,1.092130e-1,1.084663e-1,1.075551e-1,1.100907e-1,1.117404e-1,1.114189e-1,1.216652e-1],"first_block_mses":[5.834440e-2,5.759620e-1,7.561730e-1,1.100043e0,1.118731e0,1.248046e0,1.339043e0,1.564172e0,1.557455e0,1.674113e0,1.811972e0,1.827837e0,1.750303e0,1.699046e0,1.658156e0,1.688162e0,1.133618e0,1.167369e0,1.203828e0,1.159808e0,1.217940e0,1.323382e0,1.356220e0,1.323511e0,1.621688e0,1.729372e0,1.766161e0,1.814436e0,1.879304e0,1.933869e0,1.866617e0,1.798924e0]}