{"n_vecs":16384,"dim":128,"block_size":512,"n_blocks":32,"variance_ratio":0.95,"per_block_mean_mse":8.181234e-2,"layer_pooled_mean_mse":1.683719e-1,"first_block_mean_mse":1.043477e0,"pooled_over_per_block_mean":2.0580,"pooled_over_per_block_median":2.3410,"pooled_over_per_block_max":2.6224,"first_over_per_block_mean":12.7545,"first_over_per_block_median":14.2477,"first_over_per_block_max":19.6750,"pooled_d_eff":98,"first_d_eff":73,"per_block_d_eff":[73,72,73,73,74,74,74,75,82,80,80,80,80,80,79,80,81,78,77,77,77,77,77,77,79,77,77,77,77,77,77,78],"per_block_mses":[8.654263e-2,8.877160e-2,8.779366e-2,8.801379e-2,8.419177e-2,8.451171e-2,8.442844e-2,8.192095e-2,5.945227e-2,6.245210e-2,6.332085e-2,6.209255e-2,6.155931e-2,6.126221e-2,6.324894e-2,6.095295e-2,8.550199e-2,8.817340e-2,9.228272e-2,9.082723e-2,8.884497e-2,9.011393e-2,8.868573e-2,8.934160e-2,8.903780e-2,9.124145e-2,9.260377e-2,9.241721e-2,9.124211e-2,9.039359e-2,8.986554e-2,8.690611e-2],"layer_pooled_mses":[9.090107e-2,9.317527e-2,9.776327e-2,1.017401e-1,1.023844e-1,1.034648e-1,1.054569e-1,1.088285e-1,1.405440e-1,1.462024e-1,1.515382e-1,1.523321e-1,1.547017e-1,1.553717e-1,1.527408e-1,1.550436e-1,1.980329e-1,1.958586e-1,2.069151e-1,2.123541e-1,2.136109e-1,2.166618e-1,2.166567e-1,2.176027e-1,1.946542e-1,1.989085e-1,2.064283e-1,2.105528e-1,2.154732e-1,2.206697e-1,2.234303e-1,2.279023e-1],"first_block_mses":[8.654263e-2,4.201013e-1,5.823349e-1,6.856611e-1,8.560333e-1,9.081850e-1,1.023086e0,1.147006e0,1.075697e0,1.153966e0,1.203789e0,1.163964e0,1.211180e0,1.120623e0,1.086628e0,1.045794e0,1.367515e0,1.403252e0,1.356178e0,1.294082e0,1.313150e0,1.312118e0,1.377479e0,1.308606e0,9.994235e-1,9.459718e-1,9.643525e-1,9.785361e-1,9.149349e-1,9.971790e-1,1.049732e0,1.038177e0]}