{"n_vecs":16384,"dim":128,"block_size":512,"n_blocks":32,"variance_ratio":0.95,"per_block_mean_mse":7.205180e-5,"layer_pooled_mean_mse":7.960870e-5,"first_block_mean_mse":9.118443e-4,"pooled_over_per_block_mean":1.1049,"pooled_over_per_block_median":1.4250,"pooled_over_per_block_max":1.5467,"first_over_per_block_mean":12.6554,"first_over_per_block_median":15.5434,"first_over_per_block_max":16.4155,"pooled_d_eff":91,"first_d_eff":47,"per_block_d_eff":[47,47,47,47,47,47,47,47,56,56,56,56,56,56,56,56,54,54,54,54,54,54,54,54,38,38,37,38,38,38,38,38],"per_block_mses":[5.228080e-5,5.241177e-5,5.227187e-5,5.287580e-5,5.197923e-5,5.260874e-5,5.232686e-5,5.239593e-5,1.002849e-4,1.015237e-4,1.003058e-4,1.011857e-4,1.010169e-4,1.013770e-4,1.006123e-4,1.012569e-4,5.852457e-5,5.867151e-5,5.921920e-5,5.942382e-5,5.879129e-5,5.940910e-5,5.857547e-5,5.873003e-5,7.565770e-5,7.570204e-5,7.864831e-5,7.595969e-5,7.518686e-5,7.539661e-5,7.550041e-5,7.554668e-5],"layer_pooled_mses":[7.496669e-5,7.565361e-5,7.502179e-5,7.534686e-5,7.575877e-5,7.528475e-5,7.493197e-5,7.545040e-5,8.685416e-5,8.725031e-5,8.685442e-5,8.747873e-5,8.744358e-5,8.753597e-5,8.689697e-5,8.733699e-5,9.025486e-5,9.068661e-5,9.033024e-5,9.087538e-5,9.093404e-5,9.069769e-5,9.031282e-5,9.076060e-5,6.496730e-5,6.536093e-5,6.557927e-5,6.568348e-5,6.520035e-5,6.542045e-5,6.479126e-5,6.555707e-5],"first_block_mses":[5.228080e-5,5.299992e-5,5.289250e-5,5.342543e-5,5.259291e-5,5.310918e-5,5.237635e-5,5.299518e-5,1.426979e-3,1.424980e-3,1.429701e-3,1.432819e-3,1.424870e-3,1.429221e-3,1.423664e-3,1.426869e-3,9.607075e-4,9.571029e-4,9.552210e-4,9.594183e-4,9.632115e-4,9.555401e-4,9.583651e-4,9.607750e-4,1.204224e-3,1.198458e-3,1.222461e-3,1.205377e-3,1.222468e-3,1.200756e-3,1.215439e-3,1.197720e-3]}