{"n_vecs":16384,"dim":128,"block_size":512,"n_blocks":32,"variance_ratio":0.95,"per_block_mean_mse":8.717809e-2,"layer_pooled_mean_mse":1.714436e-1,"first_block_mean_mse":1.462116e0,"pooled_over_per_block_mean":1.9666,"pooled_over_per_block_median":1.9098,"pooled_over_per_block_max":2.7977,"first_over_per_block_mean":16.7716,"first_over_per_block_median":20.3254,"first_over_per_block_max":26.3203,"pooled_d_eff":102,"first_d_eff":91,"per_block_d_eff":[91,90,90,90,90,89,89,89,82,80,80,79,79,79,79,79,91,89,89,88,88,88,88,88,94,92,92,91,91,91,91,91],"per_block_mses":[1.049249e-1,1.020370e-1,1.016176e-1,1.010448e-1,1.007444e-1,1.054007e-1,1.047087e-1,1.043919e-1,6.110080e-2,6.262367e-2,6.265687e-2,6.495850e-2,6.490913e-2,6.440134e-2,6.460406e-2,6.449518e-2,8.264882e-2,8.331277e-2,8.285595e-2,8.573547e-2,8.520888e-2,8.567642e-2,8.516380e-2,8.478995e-2,9.270226e-2,9.554138e-2,9.531514e-2,9.947961e-2,9.879896e-2,9.921887e-2,9.938333e-2,9.924783e-2],"layer_pooled_mses":[2.188010e-1,1.922408e-1,1.912346e-1,1.877344e-1,1.853410e-1,1.849562e-1,1.818698e-1,1.951346e-1,9.809701e-2,8.752313e-2,8.662229e-2,8.698753e-2,8.751899e-2,8.925036e-2,9.224351e-2,9.419487e-2,1.878639e-1,1.633320e-1,1.638100e-1,1.623118e-1,1.627360e-1,1.642036e-1,1.636710e-1,1.705620e-1,2.593556e-1,2.370485e-1,2.305956e-1,2.308773e-1,2.270292e-1,2.259831e-1,2.311071e-1,2.459582e-1],"first_block_mses":[1.049249e-1,3.686151e-1,6.086112e-1,8.168118e-1,1.074683e0,1.376505e0,1.487726e0,1.702673e0,1.426783e0,1.563128e0,1.541991e0,1.573757e0,1.663433e0,1.695062e0,1.597408e0,1.493921e0,1.679872e0,1.928593e0,1.990445e0,2.010324e0,2.109090e0,1.946671e0,1.977674e0,2.161294e0,1.157867e0,1.321168e0,1.312860e0,1.330941e0,1.298582e0,1.464441e0,1.475477e0,1.526396e0]}