{"n_vecs":16384,"dim":128,"block_size":512,"n_blocks":32,"variance_ratio":0.95,"per_block_mean_mse":7.467068e-2,"layer_pooled_mean_mse":8.566308e-2,"first_block_mean_mse":6.741322e-1,"pooled_over_per_block_mean":1.1472,"pooled_over_per_block_median":1.1176,"pooled_over_per_block_max":1.9611,"first_over_per_block_mean":9.0281,"first_over_per_block_median":11.9098,"first_over_per_block_max":13.4688,"pooled_d_eff":101,"first_d_eff":70,"per_block_d_eff":[70,60,60,60,60,60,59,60,69,59,59,59,59,59,59,59,72,58,57,57,57,57,57,56,74,62,62,61,62,62,61,61],"per_block_mses":[7.752969e-2,7.606077e-2,7.640294e-2,7.641086e-2,7.729664e-2,7.815709e-2,8.212280e-2,7.687635e-2,9.614347e-2,9.460374e-2,9.614606e-2,9.576341e-2,9.844445e-2,9.892763e-2,9.937762e-2,9.887533e-2,6.436846e-2,6.721452e-2,6.992173e-2,6.828919e-2,6.915454e-2,6.970724e-2,6.928493e-2,7.329000e-2,5.470663e-2,5.406546e-2,5.343920e-2,5.613250e-2,5.331648e-2,5.396976e-2,5.682796e-2,5.663430e-2],"layer_pooled_mses":[1.115133e-1,8.362679e-2,8.013211e-2,7.965136e-2,7.971517e-2,8.160430e-2,8.376917e-2,8.548002e-2,1.148307e-1,8.490824e-2,8.140966e-2,8.086473e-2,8.233513e-2,8.339705e-2,8.455851e-2,8.704773e-2,1.108281e-1,8.126154e-2,7.802371e-2,7.797437e-2,7.758030e-2,7.790680e-2,7.939476e-2,8.050226e-2,1.072853e-1,8.418179e-2,8.255619e-2,8.158833e-2,8.177593e-2,8.363463e-2,8.528360e-2,8.659709e-2],"first_block_mses":[7.752969e-2,8.139423e-2,1.038909e-1,1.187487e-1,1.283607e-1,1.357342e-1,1.413844e-1,1.494254e-1,1.002407e0,9.794897e-1,1.009699e0,1.030613e0,1.038856e0,1.045504e0,1.045794e0,1.037006e0,7.785938e-1,8.372019e-1,8.535263e-1,8.636677e-1,8.661339e-1,8.585885e-1,8.702205e-1,8.728699e-1,6.591475e-1,6.760325e-1,6.994600e-1,7.106676e-1,7.181069e-1,7.202300e-1,7.319293e-1,7.300177e-1]}