{"n_vecs":16384,"dim":128,"block_size":512,"n_blocks":32,"variance_ratio":0.95,"per_block_mean_mse":4.073297e-2,"layer_pooled_mean_mse":4.975180e-2,"first_block_mean_mse":4.593946e-1,"pooled_over_per_block_mean":1.2214,"pooled_over_per_block_median":1.2125,"pooled_over_per_block_max":2.6544,"first_over_per_block_mean":11.2782,"first_over_per_block_median":12.3311,"first_over_per_block_max":13.7230,"pooled_d_eff":93,"first_d_eff":70,"per_block_d_eff":[70,57,56,56,55,56,55,55,62,52,52,52,52,52,52,51,65,56,56,56,56,56,55,55,57,47,46,46,45,45,45,45],"per_block_mses":[2.076728e-2,2.002285e-2,2.002670e-2,1.928323e-2,2.013435e-2,1.937038e-2,1.965084e-2,1.922244e-2,4.277446e-2,4.143756e-2,3.984061e-2,3.926859e-2,3.851805e-2,3.837034e-2,3.839536e-2,4.043318e-2,4.871853e-2,4.716929e-2,4.626631e-2,4.608724e-2,4.554030e-2,4.559811e-2,4.735064e-2,4.735582e-2,4.979842e-2,5.494571e-2,5.674832e-2,5.574789e-2,5.897189e-2,5.914781e-2,5.832259e-2,5.816996e-2],"layer_pooled_mses":[5.512444e-2,4.376567e-2,4.091809e-2,3.967977e-2,3.944435e-2,3.972855e-2,3.970581e-2,4.060889e-2,7.325207e-2,5.201084e-2,4.820672e-2,4.686477e-2,4.648026e-2,4.652399e-2,4.767177e-2,4.936181e-2,8.502649e-2,5.895593e-2,5.426292e-2,5.261213e-2,5.244403e-2,5.255363e-2,5.402913e-2,5.596238e-2,6.431873e-2,4.752214e-2,4.437413e-2,4.333770e-2,4.308793e-2,4.343398e-2,4.450211e-2,4.628652e-2],"first_block_mses":[2.076728e-2,2.401684e-2,3.159202e-2,3.641272e-2,4.063321e-2,4.302961e-2,4.532822e-2,4.837435e-2,5.054892e-1,5.067115e-1,4.990887e-1,4.904258e-1,4.895187e-1,4.865086e-1,4.839684e-1,4.880764e-1,5.898597e-1,5.810721e-1,5.748757e-1,5.683058e-1,5.709294e-1,5.711851e-1,5.717021e-1,5.749896e-1,5.981920e-1,6.888158e-1,7.097089e-1,7.364316e-1,7.646423e-1,7.736916e-1,7.880178e-1,7.982665e-1]}