{"n_vecs":16384,"dim":128,"block_size":512,"n_blocks":32,"variance_ratio":0.95,"per_block_mean_mse":1.577921e-2,"layer_pooled_mean_mse":2.074959e-2,"first_block_mean_mse":2.210853e-1,"pooled_over_per_block_mean":1.3150,"pooled_over_per_block_median":1.2395,"pooled_over_per_block_max":1.9081,"first_over_per_block_mean":14.0112,"first_over_per_block_median":14.5706,"first_over_per_block_max":22.7457,"pooled_d_eff":92,"first_d_eff":58,"per_block_d_eff":[58,48,48,47,47,47,47,47,65,53,52,52,51,51,52,51,63,52,52,51,51,51,51,51,64,53,52,51,51,51,51,51],"per_block_mses":[1.583652e-2,1.453614e-2,1.357287e-2,1.360621e-2,1.288783e-2,1.252376e-2,1.226429e-2,1.211004e-2,2.110504e-2,1.892358e-2,1.855447e-2,1.752909e-2,1.756219e-2,1.723660e-2,1.602277e-2,1.678726e-2,1.817795e-2,1.724813e-2,1.613100e-2,1.639428e-2,1.565964e-2,1.531201e-2,1.505053e-2,1.485743e-2,1.838804e-2,1.635739e-2,1.590827e-2,1.576519e-2,1.502378e-2,1.470480e-2,1.456979e-2,1.432788e-2],"layer_pooled_mses":[3.021768e-2,1.993240e-2,1.762620e-2,1.639029e-2,1.571409e-2,1.580504e-2,1.590907e-2,1.611558e-2,4.015488e-2,2.356546e-2,2.091937e-2,1.957265e-2,1.902419e-2,1.935540e-2,1.966910e-2,1.999608e-2,3.394796e-2,2.184085e-2,1.968267e-2,1.843683e-2,1.792033e-2,1.801604e-2,1.865478e-2,1.932270e-2,3.435383e-2,2.204018e-2,1.946769e-2,1.825317e-2,1.774717e-2,1.782582e-2,1.812087e-2,1.838846e-2],"first_block_mses":[1.583652e-2,1.895222e-2,2.648414e-2,3.216976e-2,3.880428e-2,4.248377e-2,4.524684e-2,4.722970e-2,3.008606e-1,3.056497e-1,3.029378e-1,2.952835e-1,2.858365e-1,2.806145e-1,2.737966e-1,2.730266e-1,3.260259e-1,3.457774e-1,3.478602e-1,3.451975e-1,3.459151e-1,3.434038e-1,3.378713e-1,3.379426e-1,2.447389e-1,2.277928e-1,2.232935e-1,2.183400e-1,2.116769e-1,2.131934e-1,2.117221e-1,2.087656e-1]}