{"n_vecs":16384,"dim":128,"block_size":512,"n_blocks":32,"variance_ratio":0.95,"per_block_mean_mse":9.169051e-2,"layer_pooled_mean_mse":1.627220e-1,"first_block_mean_mse":1.532547e0,"pooled_over_per_block_mean":1.7747,"pooled_over_per_block_median":1.8477,"pooled_over_per_block_max":2.5626,"first_over_per_block_mean":16.7143,"first_over_per_block_median":17.3835,"first_over_per_block_max":21.6392,"pooled_d_eff":101,"first_d_eff":80,"per_block_d_eff":[80,75,73,72,71,71,71,71,85,81,80,79,79,79,79,79,79,74,74,73,72,72,73,72,80,77,76,76,75,75,75,75],"per_block_mses":[6.475217e-2,6.663823e-2,6.994422e-2,7.065284e-2,7.145937e-2,7.104080e-2,6.965952e-2,6.870913e-2,9.614294e-2,9.729444e-2,9.784725e-2,9.860851e-2,9.663945e-2,9.604063e-2,9.531272e-2,9.399455e-2,8.450100e-2,8.722647e-2,8.520637e-2,8.721157e-2,8.852858e-2,8.833161e-2,8.542883e-2,8.753028e-2,1.114918e-1,1.119980e-1,1.152841e-1,1.135192e-1,1.165731e-1,1.156933e-1,1.161214e-1,1.147141e-1],"layer_pooled_mses":[1.202957e-1,1.014577e-1,1.047815e-1,1.003534e-1,1.005094e-1,9.382735e-2,9.018986e-2,8.617389e-2,2.463794e-1,2.029320e-1,1.914565e-1,1.889714e-1,1.872239e-1,1.830823e-1,1.726354e-1,1.894063e-1,1.527820e-1,1.264294e-1,1.240198e-1,1.170280e-1,1.214131e-1,1.254465e-1,1.257180e-1,1.313156e-1,2.539653e-1,2.308824e-1,2.217000e-1,2.164730e-1,2.153899e-1,2.195347e-1,2.279960e-1,2.373346e-1],"first_block_mses":[6.475217e-2,5.086405e-1,5.339046e-1,7.126769e-1,8.738541e-1,9.704961e-1,1.118129e0,1.271626e0,1.537638e0,1.695212e0,1.524052e0,1.635130e0,1.496037e0,1.577203e0,1.493181e0,1.484274e0,1.468924e0,1.707394e0,1.665158e0,1.785427e0,1.901957e0,1.892882e0,1.848611e0,1.812800e0,1.823492e0,2.071531e0,2.114385e0,2.163901e0,2.211342e0,2.042296e0,1.988544e0,2.046044e0]}