{"n_vecs":16384,"dim":128,"block_size":512,"n_blocks":32,"variance_ratio":0.95,"per_block_mean_mse":2.714939e-2,"layer_pooled_mean_mse":3.152182e-2,"first_block_mean_mse":2.853915e-1,"pooled_over_per_block_mean":1.1611,"pooled_over_per_block_median":1.1105,"pooled_over_per_block_max":1.8588,"first_over_per_block_mean":10.5119,"first_over_per_block_median":12.1285,"first_over_per_block_max":13.8976,"pooled_d_eff":93,"first_d_eff":64,"per_block_d_eff":[64,50,50,50,49,50,49,49,63,48,47,47,46,46,47,46,63,50,49,49,49,49,49,49,60,47,47,46,46,46,46,46],"per_block_mses":[2.389419e-2,2.526972e-2,2.377839e-2,2.295530e-2,2.340139e-2,2.214207e-2,2.291513e-2,2.299448e-2,3.042472e-2,3.364006e-2,3.358253e-2,3.308265e-2,3.365131e-2,3.383266e-2,3.198792e-2,3.370641e-2,2.548626e-2,2.532283e-2,2.573781e-2,2.521471e-2,2.448175e-2,2.454333e-2,2.439540e-2,2.470423e-2,2.659317e-2,2.856711e-2,2.768969e-2,2.813781e-2,2.693602e-2,2.682340e-2,2.632655e-2,2.656138e-2],"layer_pooled_mses":[4.441437e-2,3.280880e-2,2.992399e-2,2.764832e-2,2.669729e-2,2.778726e-2,2.901300e-2,3.136948e-2,5.260140e-2,3.638282e-2,3.182754e-2,2.953222e-2,2.846278e-2,2.926247e-2,3.086627e-2,3.353715e-2,4.653806e-2,3.227106e-2,2.919502e-2,2.757560e-2,2.684074e-2,2.725600e-2,2.811340e-2,2.969093e-2,4.290190e-2,3.150050e-2,2.878673e-2,2.688266e-2,2.610262e-2,2.654655e-2,2.720840e-2,2.915279e-2],"first_block_mses":[2.389419e-2,3.022436e-2,4.095695e-2,4.886606e-2,5.571555e-2,6.053497e-2,6.524488e-2,7.181321e-2,3.690077e-1,4.454336e-1,4.549522e-1,4.563347e-1,4.540242e-1,4.495755e-1,4.445569e-1,4.461941e-1,3.095009e-1,3.297655e-1,3.315406e-1,3.293502e-1,3.278412e-1,3.313137e-1,3.295689e-1,3.340243e-1,3.028261e-1,3.356387e-1,3.344948e-1,3.316794e-1,3.246934e-1,3.237409e-1,3.181513e-1,3.210703e-1]}