{"n_vecs":16384,"dim":128,"block_size":512,"n_blocks":32,"variance_ratio":0.95,"per_block_mean_mse":7.897485e-2,"layer_pooled_mean_mse":1.499328e-1,"first_block_mean_mse":8.720215e-1,"pooled_over_per_block_mean":1.8985,"pooled_over_per_block_median":2.0227,"pooled_over_per_block_max":3.4016,"first_over_per_block_mean":11.0418,"first_over_per_block_median":12.5893,"first_over_per_block_max":15.3508,"pooled_d_eff":93,"first_d_eff":60,"per_block_d_eff":[60,60,61,61,62,62,62,63,80,79,78,78,77,77,77,77,80,78,78,78,78,79,78,79,75,73,73,73,73,74,74,74],"per_block_mses":[9.038670e-2,9.487845e-2,9.363247e-2,9.228828e-2,8.961973e-2,8.927174e-2,9.107579e-2,8.813012e-2,5.079539e-2,5.193780e-2,5.478203e-2,5.343312e-2,5.530457e-2,5.550013e-2,5.490536e-2,5.554008e-2,7.825946e-2,8.158929e-2,8.065778e-2,7.899296e-2,7.899314e-2,7.583655e-2,7.841857e-2,7.598203e-2,8.945884e-2,9.598100e-2,9.472062e-2,9.286473e-2,9.216156e-2,9.079003e-2,9.050159e-2,9.050520e-2],"layer_pooled_mses":[6.563581e-2,7.867024e-2,8.306023e-2,8.458068e-2,8.535358e-2,8.440355e-2,8.730058e-2,8.718037e-2,1.520321e-1,1.723502e-1,1.797454e-1,1.794288e-1,1.827538e-1,1.845204e-1,1.867649e-1,1.841099e-1,1.582966e-1,1.688101e-1,1.766829e-1,1.772789e-1,1.807077e-1,1.814836e-1,1.820415e-1,1.814108e-1,1.497161e-1,1.590743e-1,1.644664e-1,1.662491e-1,1.700943e-1,1.698750e-1,1.669575e-1,1.668127e-1],"first_block_mses":[9.038670e-2,4.073712e-1,5.371422e-1,6.410219e-1,6.475515e-1,7.494160e-1,7.752825e-1,8.160464e-1,6.491565e-1,6.538620e-1,6.317173e-1,6.927073e-1,7.546198e-1,7.276557e-1,7.609492e-1,8.525872e-1,1.008290e0,1.077690e0,1.121288e0,1.163151e0,1.148293e0,1.056737e0,1.098202e0,1.004985e0,1.060166e0,1.203707e0,1.061695e0,1.004129e0,1.147844e0,1.119083e0,1.066896e0,1.175058e0]}