{"n_vecs":16384,"dim":128,"block_size":512,"n_blocks":32,"variance_ratio":0.95,"per_block_mean_mse":8.380367e-2,"layer_pooled_mean_mse":1.609300e-1,"first_block_mean_mse":1.326611e0,"pooled_over_per_block_mean":1.9203,"pooled_over_per_block_median":2.4384,"pooled_over_per_block_max":2.8577,"first_over_per_block_mean":15.8300,"first_over_per_block_median":15.8650,"first_over_per_block_max":21.4544,"pooled_d_eff":97,"first_d_eff":80,"per_block_d_eff":[80,78,78,78,78,79,78,79,84,82,82,82,81,81,80,80,69,69,69,69,69,69,69,69,71,69,69,69,69,69,69,69],"per_block_mses":[6.912147e-2,7.101195e-2,6.954020e-2,6.842727e-2,6.845313e-2,6.500991e-2,6.734559e-2,6.459148e-2,7.237753e-2,7.894103e-2,7.808108e-2,7.684250e-2,7.921392e-2,7.747529e-2,7.978335e-2,7.883977e-2,7.947196e-2,8.187356e-2,8.194995e-2,8.089370e-2,8.101434e-2,8.063194e-2,8.072240e-2,8.101800e-2,1.021828e-1,1.090581e-1,1.098403e-1,1.084060e-1,1.094845e-1,1.099376e-1,1.102947e-1,1.098820e-1],"layer_pooled_mses":[1.685440e-1,1.827216e-1,1.959221e-1,1.955447e-1,1.879100e-1,1.824092e-1,1.809910e-1,1.776226e-1,1.942820e-1,2.041832e-1,2.083728e-1,2.117963e-1,2.152167e-1,2.103741e-1,2.132119e-1,2.106816e-1,9.680373e-2,1.064152e-1,1.062320e-1,1.040067e-1,1.094630e-1,1.126942e-1,1.114499e-1,1.064745e-1,1.340247e-1,1.417325e-1,1.471686e-1,1.508462e-1,1.503759e-1,1.487380e-1,1.431472e-1,1.404044e-1],"first_block_mses":[6.912147e-2,4.588428e-1,6.573307e-1,7.276756e-1,8.137583e-1,8.553705e-1,9.424760e-1,9.019703e-1,1.050552e0,1.106618e0,1.154790e0,1.237609e0,1.298006e0,1.231576e0,1.289312e0,1.404260e0,1.196706e0,1.343396e0,1.354373e0,1.135727e0,1.030820e0,1.213049e0,1.194717e0,1.285352e0,2.011868e0,2.206870e0,2.310068e0,2.325791e0,2.263727e0,2.170030e0,2.122764e0,2.087026e0]}