{"n_vecs":16384,"dim":128,"block_size":512,"n_blocks":32,"variance_ratio":0.95,"per_block_mean_mse":8.400673e-2,"layer_pooled_mean_mse":1.567865e-1,"first_block_mean_mse":1.120676e0,"pooled_over_per_block_mean":1.8664,"pooled_over_per_block_median":1.7045,"pooled_over_per_block_max":4.9909,"first_over_per_block_mean":13.3403,"first_over_per_block_median":12.6287,"first_over_per_block_max":21.0994,"pooled_d_eff":83,"first_d_eff":62,"per_block_d_eff":[62,59,59,58,58,58,58,58,52,51,50,50,49,49,50,50,72,71,72,72,72,73,73,73,86,84,84,85,85,85,85,85],"per_block_mses":[9.963620e-2,1.073064e-1,1.061630e-1,1.079643e-1,1.080299e-1,1.070694e-1,1.073949e-1,1.072440e-1,8.869334e-2,9.657785e-2,1.003166e-1,9.958241e-2,1.013897e-1,1.004591e-1,9.817197e-2,9.838919e-2,7.848368e-2,8.189482e-2,7.918825e-2,7.895665e-2,7.895301e-2,7.596228e-2,7.597291e-2,7.586004e-2,5.282784e-2,5.481248e-2,5.590376e-2,5.332074e-2,5.315572e-2,5.309853e-2,5.293896e-2,5.249749e-2],"layer_pooled_mses":[1.352235e-1,1.396949e-1,1.415534e-1,1.387849e-1,1.363967e-1,1.363330e-1,1.380243e-1,1.329021e-1,6.924429e-2,8.346200e-2,8.993724e-2,8.841593e-2,8.613088e-2,8.504529e-2,8.790037e-2,8.783619e-2,1.337719e-1,1.431020e-1,1.437687e-1,1.505877e-1,1.501759e-1,1.509294e-1,1.513971e-1,1.508617e-1,2.296975e-1,2.578197e-1,2.643831e-1,2.628916e-1,2.632691e-1,2.618941e-1,2.637254e-1,2.620090e-1],"first_block_mses":[9.963620e-2,7.074899e-1,1.236682e0,1.676226e0,2.029605e0,2.244671e0,2.265970e0,2.219115e0,1.056283e0,1.245416e0,1.267905e0,1.185266e0,1.250796e0,1.268666e0,1.237888e0,1.072907e0,7.043123e-1,8.542524e-1,8.266518e-1,7.843682e-1,8.077428e-1,7.804875e-1,8.209362e-1,8.568625e-1,8.303190e-1,8.592105e-1,8.579429e-1,8.151940e-1,8.771574e-1,1.004468e0,1.016673e0,1.100515e0]}