{"n_vecs":16384,"dim":128,"block_size":512,"n_blocks":32,"variance_ratio":0.95,"per_block_mean_mse":5.427927e-2,"layer_pooled_mean_mse":6.142211e-2,"first_block_mean_mse":5.906176e-1,"pooled_over_per_block_mean":1.1316,"pooled_over_per_block_median":1.3003,"pooled_over_per_block_max":2.3535,"first_over_per_block_mean":10.8811,"first_over_per_block_median":11.1104,"first_over_per_block_max":15.5682,"pooled_d_eff":96,"first_d_eff":66,"per_block_d_eff":[66,54,53,54,55,55,54,54,62,48,49,49,48,49,48,48,60,57,57,57,57,56,56,56,64,60,60,60,60,60,60,60],"per_block_mses":[2.308316e-2,2.208941e-2,2.232276e-2,2.069003e-2,1.999406e-2,2.044265e-2,2.058264e-2,2.004745e-2,3.861591e-2,4.015958e-2,3.778159e-2,3.740480e-2,3.922287e-2,3.737292e-2,3.826430e-2,3.769352e-2,8.623819e-2,8.574246e-2,8.626013e-2,8.667631e-2,8.725466e-2,9.421020e-2,9.303722e-2,9.347715e-2,6.510735e-2,6.626190e-2,6.766542e-2,6.877945e-2,6.960786e-2,7.100926e-2,6.994109e-2,6.990043e-2],"layer_pooled_mses":[5.432557e-2,4.800950e-2,4.664158e-2,4.522115e-2,4.332116e-2,4.403965e-2,4.427335e-2,4.522097e-2,7.313432e-2,5.599262e-2,5.278057e-2,5.018268e-2,5.051786e-2,5.099867e-2,5.135629e-2,5.275787e-2,8.300741e-2,6.812184e-2,6.548083e-2,6.584452e-2,6.646066e-2,6.769582e-2,6.797449e-2,6.946050e-2,8.465980e-2,7.391422e-2,7.244390e-2,7.262599e-2,7.319055e-2,7.435367e-2,7.488575e-2,7.661390e-2],"first_block_mses":[2.308316e-2,2.692986e-2,3.525096e-2,4.158370e-2,4.538375e-2,4.871481e-2,5.089313e-2,5.472958e-2,5.441048e-1,5.978365e-1,5.877968e-1,5.823273e-1,5.851675e-1,5.787782e-1,5.796645e-1,5.775468e-1,9.103085e-1,9.358771e-1,9.487587e-1,9.606898e-1,9.690428e-1,9.856244e-1,9.984253e-1,9.978576e-1,7.329744e-1,7.718088e-1,7.765709e-1,7.851832e-1,7.867953e-1,7.889436e-1,7.950616e-1,7.960502e-1]}