{"n_vecs":16384,"dim":128,"block_size":512,"n_blocks":32,"variance_ratio":0.95,"per_block_mean_mse":8.674139e-2,"layer_pooled_mean_mse":1.717555e-1,"first_block_mean_mse":9.643499e-1,"pooled_over_per_block_mean":1.9801,"pooled_over_per_block_median":2.0570,"pooled_over_per_block_max":2.5755,"first_over_per_block_mean":11.1175,"first_over_per_block_median":12.2916,"first_over_per_block_max":15.0531,"pooled_d_eff":98,"first_d_eff":69,"per_block_d_eff":[69,68,68,68,68,68,68,68,77,76,76,76,76,76,76,77,75,73,72,72,72,72,72,72,86,84,83,83,83,83,83,83],"per_block_mses":[9.639771e-2,1.013569e-1,1.030341e-1,1.012605e-1,1.016386e-1,1.025323e-1,1.033797e-1,1.036741e-1,8.511997e-2,8.465430e-2,8.509811e-2,8.360357e-2,8.243381e-2,8.330201e-2,8.399545e-2,8.099773e-2,8.475404e-2,8.783143e-2,9.198149e-2,9.191708e-2,9.136231e-2,9.128000e-2,9.059171e-2,9.084561e-2,6.898681e-2,7.152338e-2,7.391437e-2,7.212916e-2,7.166372e-2,7.169281e-2,7.106037e-2,7.171125e-2],"layer_pooled_mses":[1.420405e-1,1.585182e-1,1.688130e-1,1.662025e-1,1.649819e-1,1.658931e-1,1.726424e-1,1.764806e-1,1.484298e-1,1.606130e-1,1.692151e-1,1.591781e-1,1.590131e-1,1.611007e-1,1.656232e-1,1.672576e-1,1.657915e-1,1.806663e-1,1.897918e-1,1.948084e-1,1.950586e-1,1.959995e-1,1.956668e-1,1.888625e-1,1.661956e-1,1.640018e-1,1.689190e-1,1.718194e-1,1.731133e-1,1.760704e-1,1.787182e-1,1.846902e-1],"first_block_mses":[9.639771e-2,5.846506e-1,7.193915e-1,8.053859e-1,8.386295e-1,7.964757e-1,9.278240e-1,9.296138e-1,8.139667e-1,9.307574e-1,1.010418e0,1.037668e0,1.012677e0,9.461862e-1,9.734888e-1,9.533422e-1,1.016105e0,1.245599e0,1.210464e0,1.237601e0,1.324985e0,1.368719e0,1.266134e0,1.148145e0,8.559985e-1,8.791357e-1,9.617586e-1,9.166749e-1,9.413788e-1,9.733561e-1,1.069681e0,1.066590e0]}