{"n_vecs":16384,"dim":128,"block_size":512,"n_blocks":32,"variance_ratio":0.95,"per_block_mean_mse":1.985761e-2,"layer_pooled_mean_mse":2.413497e-2,"first_block_mean_mse":2.039182e-1,"pooled_over_per_block_mean":1.2154,"pooled_over_per_block_median":1.1124,"pooled_over_per_block_max":2.2566,"first_over_per_block_mean":10.2690,"first_over_per_block_median":11.6260,"first_over_per_block_max":14.0486,"pooled_d_eff":95,"first_d_eff":70,"per_block_d_eff":[70,55,54,54,53,53,53,53,61,49,48,48,47,47,47,47,58,47,47,47,47,46,46,46,74,58,57,56,56,56,56,56],"per_block_mses":[1.892299e-2,1.806709e-2,1.741347e-2,1.633268e-2,1.630730e-2,1.596434e-2,1.576820e-2,1.559011e-2,2.003970e-2,2.007395e-2,1.985056e-2,1.889324e-2,1.927310e-2,1.904619e-2,1.902281e-2,1.900449e-2,1.959719e-2,1.861306e-2,1.763971e-2,1.658632e-2,1.578548e-2,1.612521e-2,1.594322e-2,1.562248e-2,3.012486e-2,2.731493e-2,2.634638e-2,2.666142e-2,2.560086e-2,2.486138e-2,2.464868e-2,2.440200e-2],"layer_pooled_mses":[4.270249e-2,2.623050e-2,2.302684e-2,2.131073e-2,2.065754e-2,2.087424e-2,2.161454e-2,2.263952e-2,3.294381e-2,2.233067e-2,1.997820e-2,1.882493e-2,1.828664e-2,1.833341e-2,1.921849e-2,2.045372e-2,2.963164e-2,2.108523e-2,1.907125e-2,1.765971e-2,1.694743e-2,1.688446e-2,1.696532e-2,1.744101e-2,6.046479e-2,3.132183e-2,2.644554e-2,2.489591e-2,2.496871e-2,2.499290e-2,2.606630e-2,2.805083e-2],"first_block_mses":[1.892299e-2,2.375153e-2,3.375805e-2,4.014677e-2,4.621754e-2,5.005937e-2,5.370053e-2,5.799408e-2,2.263219e-1,2.421872e-1,2.390821e-1,2.347367e-1,2.327152e-1,2.318170e-1,2.314767e-1,2.347178e-1,2.130348e-1,2.076695e-1,1.990149e-1,1.926108e-1,1.855592e-1,1.831151e-1,1.815783e-1,1.816275e-1,3.299703e-1,3.597169e-1,3.613431e-1,3.554022e-1,3.479341e-1,3.443920e-1,3.419938e-1,3.428137e-1]}