{"n_vecs":16384,"dim":128,"block_size":512,"n_blocks":32,"variance_ratio":0.95,"per_block_mean_mse":9.958397e-2,"layer_pooled_mean_mse":1.091886e-1,"first_block_mean_mse":7.476127e-1,"pooled_over_per_block_mean":1.0964,"pooled_over_per_block_median":1.3335,"pooled_over_per_block_max":2.2793,"first_over_per_block_mean":7.5074,"first_over_per_block_median":12.2639,"first_over_per_block_max":14.3606,"pooled_d_eff":101,"first_d_eff":65,"per_block_d_eff":[65,60,60,60,60,60,60,60,66,59,59,59,59,59,59,59,68,60,59,59,59,59,59,59,74,60,60,60,60,60,60,59],"per_block_mses":[1.796247e-1,1.744195e-1,1.774531e-1,1.768449e-1,1.793542e-1,1.822059e-1,1.806440e-1,1.799087e-1,8.560051e-2,8.718381e-2,8.764808e-2,8.736541e-2,8.977042e-2,9.159432e-2,9.118143e-2,9.102908e-2,7.610276e-2,7.844874e-2,8.308193e-2,8.260742e-2,8.300461e-2,8.357259e-2,8.284095e-2,8.242283e-2,4.781466e-2,4.940294e-2,4.890804e-2,4.861447e-2,4.904552e-2,4.946681e-2,4.861092e-2,5.091397e-2],"layer_pooled_mses":[1.574089e-1,1.148536e-1,1.092841e-1,1.080898e-1,1.085073e-1,1.117268e-1,1.138242e-1,1.164770e-1,1.239744e-1,1.068011e-1,1.070569e-1,1.091891e-1,1.111685e-1,1.131342e-1,1.143245e-1,1.165447e-1,1.235406e-1,1.086034e-1,1.094013e-1,1.101603e-1,1.126107e-1,1.146862e-1,1.151522e-1,1.175132e-1,1.089826e-1,9.357118e-2,9.000961e-2,8.904643e-2,8.830453e-2,8.894113e-2,8.989879e-2,9.124905e-2],"first_block_mses":[1.796247e-1,1.896751e-1,2.301230e-1,2.545368e-1,2.703189e-1,2.843845e-1,2.909630e-1,3.021801e-1,9.925345e-1,1.001293e0,1.016499e0,1.028800e0,1.033817e0,1.044475e0,1.054081e0,1.051552e0,9.333156e-1,9.940870e-1,1.026633e0,1.042946e0,1.047206e0,1.053818e0,1.066001e0,1.069331e0,6.247615e-1,6.774923e-1,6.889411e-1,6.903110e-1,6.953877e-1,6.926362e-1,6.980825e-1,6.978013e-1]}