{"n_vecs":16384,"dim":128,"block_size":512,"n_blocks":32,"variance_ratio":0.95,"per_block_mean_mse":7.528012e-2,"layer_pooled_mean_mse":1.592648e-1,"first_block_mean_mse":1.543190e0,"pooled_over_per_block_mean":2.1156,"pooled_over_per_block_median":2.5033,"pooled_over_per_block_max":2.7079,"first_over_per_block_mean":20.4993,"first_over_per_block_median":23.6464,"first_over_per_block_max":32.6832,"pooled_d_eff":98,"first_d_eff":83,"per_block_d_eff":[83,81,80,80,79,79,79,79,74,72,72,72,72,72,72,72,82,79,79,79,79,79,79,79,76,73,73,72,72,72,72,72],"per_block_mses":[6.863073e-2,7.182021e-2,7.324995e-2,7.168319e-2,7.462534e-2,7.352754e-2,7.367594e-2,7.323467e-2,7.743274e-2,7.984643e-2,7.815975e-2,7.654745e-2,7.647064e-2,7.634214e-2,7.607274e-2,7.576163e-2,5.276772e-2,5.729076e-2,5.644617e-2,5.557852e-2,5.522606e-2,5.467341e-2,5.498358e-2,5.506469e-2,9.025718e-2,9.717760e-2,9.595296e-2,9.775897e-2,9.691908e-2,9.663223e-2,9.777567e-2,9.737806e-2],"layer_pooled_mses":[1.809995e-1,1.886904e-1,1.917845e-1,1.922587e-1,1.928056e-1,1.930071e-1,1.898179e-1,1.913502e-1,1.490828e-1,1.468300e-1,1.500180e-1,1.479983e-1,1.461564e-1,1.466774e-1,1.512193e-1,1.581918e-1,1.321120e-1,1.434137e-1,1.466118e-1,1.468054e-1,1.471952e-1,1.422757e-1,1.488901e-1,1.452364e-1,1.484010e-1,1.483810e-1,1.475760e-1,1.518587e-1,1.485096e-1,1.564190e-1,1.633255e-1,1.625748e-1],"first_block_mses":[6.863073e-2,3.393125e-1,4.715621e-1,5.691037e-1,7.655188e-1,7.543372e-1,9.247458e-1,1.003829e0,2.331939e0,2.464517e0,2.486595e0,2.501818e0,2.376181e0,2.174630e0,2.143709e0,2.059331e0,1.311353e0,1.354720e0,1.464407e0,1.518662e0,1.497870e0,1.493877e0,1.416186e0,1.414627e0,1.646920e0,1.749450e0,1.791988e0,1.948599e0,1.941747e0,1.865228e0,1.755469e0,1.775219e0]}