{"n_vecs":16384,"dim":128,"block_size":512,"n_blocks":32,"variance_ratio":0.95,"per_block_mean_mse":8.088621e-2,"layer_pooled_mean_mse":1.599149e-1,"first_block_mean_mse":9.302839e-1,"pooled_over_per_block_mean":1.9770,"pooled_over_per_block_median":1.9508,"pooled_over_per_block_max":3.4413,"first_over_per_block_mean":11.5011,"first_over_per_block_median":13.5148,"first_over_per_block_max":18.3819,"pooled_d_eff":96,"first_d_eff":68,"per_block_d_eff":[68,66,67,67,67,67,67,67,76,73,73,73,74,74,74,74,78,76,76,77,77,77,77,77,78,76,76,76,76,76,76,76],"per_block_mses":[1.012454e-1,1.054251e-1,1.014204e-1,9.947878e-2,1.004558e-1,9.930533e-2,9.993332e-2,9.925579e-2,6.775622e-2,7.197683e-2,7.197638e-2,7.101476e-2,6.916954e-2,6.874144e-2,6.827665e-2,6.852762e-2,8.742866e-2,9.067259e-2,8.947956e-2,8.552516e-2,8.536213e-2,8.536519e-2,8.471235e-2,8.520132e-2,6.678617e-2,6.773242e-2,6.676993e-2,6.634233e-2,6.596765e-2,6.539620e-2,6.613655e-2,6.552130e-2],"layer_pooled_mses":[1.124631e-1,1.145718e-1,1.173527e-1,1.120665e-1,1.104574e-1,1.079149e-1,1.156637e-1,1.135259e-1,1.252620e-1,1.484879e-1,1.482926e-1,1.344421e-1,1.340639e-1,1.497542e-1,1.432958e-1,1.336837e-1,1.522678e-1,1.594355e-1,1.621120e-1,1.600684e-1,1.636714e-1,1.673295e-1,1.753932e-1,1.698946e-1,2.167950e-1,2.236560e-1,2.251924e-1,2.230696e-1,2.231795e-1,2.239443e-1,2.244918e-1,2.254774e-1],"first_block_mses":[1.012454e-1,3.788844e-1,4.704295e-1,4.969185e-1,5.255120e-1,6.291989e-1,7.463419e-1,7.539361e-1,8.532306e-1,1.032737e0,1.133204e0,1.021504e0,1.033650e0,9.535261e-1,8.984080e-1,8.576247e-1,1.181584e0,1.311801e0,1.170500e0,1.086623e0,1.182949e0,1.044517e0,1.004510e0,9.195339e-1,1.158452e0,1.195021e0,1.227356e0,1.172331e0,1.111884e0,1.063239e0,1.022057e0,1.030376e0]}