{"n_vecs":16384,"dim":128,"block_size":512,"n_blocks":32,"variance_ratio":0.95,"per_block_mean_mse":6.161313e-2,"layer_pooled_mean_mse":1.279489e-1,"first_block_mean_mse":7.587529e-1,"pooled_over_per_block_mean":2.0766,"pooled_over_per_block_median":1.6742,"pooled_over_per_block_max":3.5955,"first_over_per_block_mean":12.3148,"first_over_per_block_median":12.0584,"first_over_per_block_max":17.4399,"pooled_d_eff":103,"first_d_eff":76,"per_block_d_eff":[76,74,74,74,74,74,74,74,68,67,68,68,68,68,68,69,88,86,86,86,86,86,85,85,84,82,81,81,81,82,82,82],"per_block_mses":[4.918332e-2,5.300261e-2,5.317625e-2,5.260082e-2,5.208774e-2,5.211303e-2,5.260287e-2,5.234148e-2,5.421812e-2,5.881143e-2,5.876716e-2,5.906043e-2,5.965467e-2,5.928709e-2,5.975656e-2,5.796612e-2,6.606030e-2,7.108640e-2,7.287176e-2,7.303736e-2,7.284125e-2,7.304208e-2,7.603047e-2,7.625342e-2,5.960604e-2,6.167822e-2,6.503461e-2,6.489227e-2,6.507122e-2,6.264565e-2,6.348707e-2,6.335245e-2],"layer_pooled_mses":[6.408148e-2,6.408112e-2,6.665459e-2,6.548156e-2,6.274765e-2,6.160752e-2,6.462447e-2,6.535118e-2,7.172900e-2,7.390451e-2,7.856913e-2,8.146677e-2,8.339297e-2,8.475779e-2,8.493196e-2,8.636922e-2,2.352709e-1,2.519883e-1,2.584069e-1,2.611357e-1,2.606529e-1,2.626206e-1,2.643510e-1,2.676062e-1,1.052974e-1,1.112516e-1,1.096736e-1,1.097919e-1,1.089414e-1,1.093163e-1,1.073069e-1,1.110022e-1],"first_block_mses":[4.918332e-2,3.385488e-1,5.049176e-1,5.095322e-1,4.752760e-1,4.897483e-1,5.587594e-1,6.465029e-1,4.420136e-1,5.452737e-1,6.478723e-1,6.314779e-1,5.900551e-1,6.722464e-1,6.533183e-1,6.989786e-1,9.720440e-1,1.152310e0,1.259004e0,1.273767e0,1.172225e0,1.133898e0,1.118472e0,1.196083e0,7.187301e-1,8.471231e-1,8.371705e-1,8.747599e-1,7.686123e-1,8.522756e-1,7.850241e-1,8.648891e-1]}