{"n_vecs":16384,"dim":128,"block_size":512,"n_blocks":32,"variance_ratio":0.95,"per_block_mean_mse":8.324060e-2,"layer_pooled_mean_mse":1.373057e-1,"first_block_mean_mse":1.195600e0,"pooled_over_per_block_mean":1.6495,"pooled_over_per_block_median":1.6310,"pooled_over_per_block_max":1.9169,"first_over_per_block_mean":14.3632,"first_over_per_block_median":13.7103,"first_over_per_block_max":29.5408,"pooled_d_eff":109,"first_d_eff":88,"per_block_d_eff":[88,87,86,86,86,86,86,86,88,87,86,86,86,86,86,86,87,86,86,85,85,85,85,85,93,92,92,92,92,92,92,92],"per_block_mses":[5.715656e-2,5.908733e-2,6.218961e-2,6.237998e-2,6.279078e-2,6.188627e-2,6.247550e-2,6.309777e-2,1.134088e-1,1.195098e-1,1.267343e-1,1.269039e-1,1.270278e-1,1.265494e-1,1.272261e-1,1.269470e-1,5.738861e-2,5.903901e-2,5.975518e-2,6.248381e-2,6.244081e-2,6.204491e-2,6.215900e-2,6.201084e-2,8.435289e-2,8.639387e-2,8.575289e-2,8.693694e-2,8.650412e-2,8.662296e-2,8.728897e-2,8.715348e-2],"layer_pooled_mses":[1.020244e-1,9.891976e-2,1.014661e-1,1.002194e-1,9.941906e-2,9.765020e-2,9.812610e-2,1.018135e-1,2.173990e-1,2.084371e-1,2.040494e-1,2.055737e-1,2.014598e-1,1.975758e-1,2.030128e-1,2.178292e-1,9.947342e-2,9.839308e-2,1.009692e-1,1.001333e-1,9.885157e-2,9.544458e-2,9.850941e-2,1.037055e-1,1.484981e-1,1.446939e-1,1.412729e-1,1.402741e-1,1.403382e-1,1.412853e-1,1.425271e-1,1.444385e-1],"first_block_mses":[5.715656e-2,3.375020e-1,4.891291e-1,6.860305e-1,7.957682e-1,9.345242e-1,9.318772e-1,9.500215e-1,1.207413e0,1.277242e0,1.364689e0,1.374289e0,1.347569e0,1.391388e0,1.331398e0,1.294489e0,1.588030e0,1.744061e0,1.752646e0,1.744414e0,1.695893e0,1.607557e0,1.511920e0,1.473548e0,1.148133e0,1.184486e0,1.178194e0,1.195797e0,1.088221e0,1.108583e0,1.226799e0,1.240447e0]}