{"n_vecs":16384,"dim":128,"block_size":512,"n_blocks":32,"variance_ratio":0.95,"per_block_mean_mse":4.457931e-2,"layer_pooled_mean_mse":7.014864e-2,"first_block_mean_mse":9.323237e-1,"pooled_over_per_block_mean":1.5736,"pooled_over_per_block_median":1.8752,"pooled_over_per_block_max":2.8337,"first_over_per_block_mean":20.9138,"first_over_per_block_median":21.4107,"first_over_per_block_max":29.4171,"pooled_d_eff":99,"first_d_eff":57,"per_block_d_eff":[57,57,57,57,57,57,57,57,59,60,60,60,60,59,59,60,70,70,70,70,70,70,70,70,56,56,56,56,56,56,56,56],"per_block_mses":[2.974566e-2,2.940992e-2,2.998728e-2,2.968154e-2,2.984081e-2,2.956567e-2,2.977803e-2,2.965947e-2,7.544766e-2,7.063862e-2,7.100916e-2,7.050570e-2,7.123864e-2,7.477942e-2,7.544140e-2,7.073115e-2,5.118993e-2,5.060689e-2,5.108039e-2,5.053083e-2,5.084084e-2,5.039860e-2,5.118992e-2,5.073941e-2,2.521217e-2,2.509672e-2,2.558397e-2,2.553014e-2,2.545171e-2,2.521582e-2,2.524427e-2,2.516631e-2],"layer_pooled_mses":[6.880148e-2,5.968836e-2,5.561934e-2,6.411101e-2,6.102784e-2,5.716571e-2,5.584039e-2,6.650600e-2,7.278876e-2,7.102742e-2,6.888459e-2,7.005604e-2,7.075613e-2,6.806458e-2,7.305592e-2,7.544003e-2,1.061354e-1,9.133616e-2,8.656692e-2,8.159442e-2,8.984270e-2,9.233016e-2,9.103366e-2,1.056171e-1,6.571436e-2,4.930368e-2,5.206968e-2,4.946347e-2,4.654752e-2,5.175220e-2,5.530073e-2,7.131472e-2],"first_block_mses":[2.974566e-2,2.221914e-1,3.415666e-1,4.086535e-1,4.850474e-1,5.423322e-1,6.216474e-1,6.321479e-1,1.448674e0,1.503829e0,1.601032e0,1.609882e0,1.531102e0,1.485476e0,1.446304e0,1.289936e0,1.096011e0,1.077985e0,1.082453e0,1.118817e0,1.174280e0,1.092100e0,1.066505e0,1.211388e0,6.839740e-1,7.144024e-1,7.114256e-1,7.030778e-1,7.151330e-1,7.417772e-1,7.208662e-1,7.245972e-1]}