{"n_vecs":16384,"dim":128,"block_size":512,"n_blocks":32,"variance_ratio":0.95,"per_block_mean_mse":1.024646e-1,"layer_pooled_mean_mse":1.781899e-1,"first_block_mean_mse":1.846552e0,"pooled_over_per_block_mean":1.7390,"pooled_over_per_block_median":1.7395,"pooled_over_per_block_max":3.1706,"first_over_per_block_mean":18.0214,"first_over_per_block_median":21.7304,"first_over_per_block_max":33.1967,"pooled_d_eff":100,"first_d_eff":76,"per_block_d_eff":[76,71,70,69,68,68,68,68,83,79,78,77,76,76,76,76,58,55,55,54,54,53,53,53,80,75,73,72,71,71,71,71],"per_block_mses":[1.099999e-1,1.160111e-1,1.159991e-1,1.177434e-1,1.204382e-1,1.182284e-1,1.187374e-1,1.187670e-1,7.554726e-2,7.448138e-2,7.447832e-2,7.430950e-2,7.473125e-2,7.332444e-2,7.377688e-2,7.271596e-2,1.075291e-1,1.182640e-1,1.193642e-1,1.254701e-1,1.259171e-1,1.301271e-1,1.294290e-1,1.294098e-1,8.559159e-2,9.052133e-2,9.623366e-2,9.734251e-2,9.935262e-2,9.875541e-2,9.890253e-2,9.736786e-2],"layer_pooled_mses":[2.196392e-1,1.986382e-1,1.918052e-1,1.827557e-1,1.808311e-1,1.814620e-1,1.825789e-1,1.806865e-1,2.395287e-1,2.276168e-1,2.294222e-1,2.240671e-1,2.252797e-1,2.277986e-1,2.241186e-1,2.236607e-1,1.056212e-1,1.083944e-1,1.118028e-1,1.162727e-1,1.199062e-1,1.204216e-1,1.232739e-1,1.268085e-1,2.003649e-1,1.746084e-1,1.736161e-1,1.879612e-1,1.848174e-1,1.717888e-1,1.669472e-1,1.695835e-1],"first_block_mses":[1.099999e-1,7.220300e-1,7.879015e-1,1.065632e0,1.064085e0,1.176084e0,1.229115e0,1.460250e0,1.828689e0,1.984980e0,1.800986e0,1.906689e0,1.846859e0,1.663674e0,1.757257e0,1.580148e0,1.618438e0,1.714037e0,1.718872e0,1.754435e0,1.761790e0,1.792842e0,1.825941e0,1.639553e0,2.743658e0,3.005012e0,2.984559e0,3.068088e0,3.107691e0,2.860715e0,2.802773e0,2.706875e0]}