{"n_vecs":16384,"dim":128,"block_size":512,"n_blocks":32,"variance_ratio":0.95,"per_block_mean_mse":7.316956e-2,"layer_pooled_mean_mse":1.462140e-1,"first_block_mean_mse":9.690913e-1,"pooled_over_per_block_mean":1.9983,"pooled_over_per_block_median":2.1396,"pooled_over_per_block_max":2.3494,"first_over_per_block_mean":13.2445,"first_over_per_block_median":15.0622,"first_over_per_block_max":18.3239,"pooled_d_eff":100,"first_d_eff":76,"per_block_d_eff":[76,74,74,75,75,75,74,75,79,77,77,77,77,77,77,77,80,77,76,75,75,76,76,76,81,79,79,79,78,78,78,78],"per_block_mses":[8.457203e-2,8.810932e-2,8.706809e-2,8.268080e-2,8.218433e-2,8.106420e-2,8.349528e-2,8.135058e-2,6.094388e-2,6.329835e-2,6.365542e-2,6.276791e-2,6.299251e-2,6.324404e-2,6.291379e-2,6.252764e-2,6.639068e-2,7.058686e-2,7.211253e-2,7.360342e-2,7.429788e-2,7.197082e-2,7.250002e-2,7.234741e-2,7.077777e-2,7.569035e-2,7.551303e-2,7.390375e-2,7.505192e-2,7.513564e-2,7.412702e-2,7.454876e-2],"layer_pooled_mses":[1.483829e-1,1.321577e-1,1.251728e-1,1.253629e-1,1.284983e-1,1.268608e-1,1.267069e-1,1.354881e-1,1.313964e-1,1.336594e-1,1.361942e-1,1.423138e-1,1.455232e-1,1.444929e-1,1.407435e-1,1.469024e-1,1.435138e-1,1.428799e-1,1.481293e-1,1.492859e-1,1.495746e-1,1.501671e-1,1.451842e-1,1.432142e-1,1.580707e-1,1.619590e-1,1.660033e-1,1.698207e-1,1.678539e-1,1.695118e-1,1.705187e-1,1.733050e-1],"first_block_mses":[8.457203e-2,3.942248e-1,6.042155e-1,7.184468e-1,7.865575e-1,8.105832e-1,8.810374e-1,9.492719e-1,9.179501e-1,9.718431e-1,1.007707e0,9.498297e-1,9.757718e-1,9.800079e-1,8.930770e-1,9.486767e-1,9.099694e-1,1.069433e0,9.910101e-1,1.004319e0,1.176296e0,1.225804e0,1.031772e0,1.069341e0,1.296927e0,1.360051e0,1.255241e0,1.145225e0,1.272350e0,1.095409e0,1.120503e0,1.113499e0]}