{"n_vecs":16384,"dim":128,"block_size":512,"n_blocks":32,"variance_ratio":0.95,"per_block_mean_mse":6.820069e-3,"layer_pooled_mean_mse":7.425457e-3,"first_block_mean_mse":7.115714e-2,"pooled_over_per_block_mean":1.0888,"pooled_over_per_block_median":1.1938,"pooled_over_per_block_max":1.2875,"first_over_per_block_mean":10.4335,"first_over_per_block_median":12.3404,"first_over_per_block_max":14.6874,"pooled_d_eff":100,"first_d_eff":60,"per_block_d_eff":[60,58,58,58,58,58,58,58,60,56,56,56,56,56,56,56,61,60,60,60,60,60,60,60,60,59,59,59,59,59,59,59],"per_block_mses":[6.303321e-3,6.142935e-3,6.065696e-3,6.078172e-3,5.947068e-3,5.953644e-3,5.891849e-3,5.874573e-3,7.803956e-3,7.857045e-3,7.771221e-3,7.763719e-3,7.680254e-3,7.654643e-3,7.584214e-3,7.557058e-3,7.523213e-3,7.355774e-3,7.316479e-3,7.255094e-3,7.170253e-3,7.022665e-3,7.022728e-3,7.001000e-3,6.835238e-3,6.427516e-3,6.357592e-3,6.323541e-3,6.226685e-3,6.176164e-3,6.142033e-3,6.156866e-3],"layer_pooled_mses":[8.115416e-3,7.444109e-3,7.351373e-3,7.271473e-3,7.176912e-3,7.107353e-3,7.098260e-3,7.150542e-3,8.772317e-3,7.213900e-3,7.102319e-3,7.016826e-3,6.965463e-3,6.893061e-3,6.918590e-3,7.010755e-3,8.196753e-3,7.584395e-3,7.491730e-3,7.430615e-3,7.313087e-3,7.267909e-3,7.190742e-3,7.192239e-3,8.448038e-3,7.802853e-3,7.614504e-3,7.590051e-3,7.527951e-3,7.462623e-3,7.436211e-3,7.456250e-3],"first_block_mses":[6.303321e-3,6.126119e-3,6.269922e-3,6.412118e-3,6.430335e-3,6.534893e-3,6.670778e-3,6.846079e-3,1.095706e-1,1.128195e-1,1.120456e-1,1.117230e-1,1.105060e-1,1.106284e-1,1.109138e-1,1.109932e-1,9.442834e-2,9.187827e-2,9.002974e-2,8.951428e-2,8.848373e-2,8.803290e-2,8.724142e-2,8.723284e-2,8.102362e-2,7.854752e-2,7.755353e-2,7.710243e-2,7.671715e-2,7.667291e-2,7.593785e-2,7.583824e-2]}