{"n_vecs":16384,"dim":128,"block_size":512,"n_blocks":32,"variance_ratio":0.95,"per_block_mean_mse":8.224787e-3,"layer_pooled_mean_mse":1.007402e-2,"first_block_mean_mse":1.089924e-1,"pooled_over_per_block_mean":1.2248,"pooled_over_per_block_median":1.2271,"pooled_over_per_block_max":2.0849,"first_over_per_block_mean":13.2517,"first_over_per_block_median":16.5678,"first_over_per_block_max":18.7999,"pooled_d_eff":91,"first_d_eff":57,"per_block_d_eff":[57,50,49,49,49,49,49,49,56,51,51,51,50,50,50,50,62,56,56,56,55,56,55,55,55,49,48,48,47,47,47,47],"per_block_mses":[1.020884e-2,8.494444e-3,8.600793e-3,8.414658e-3,8.090974e-3,8.043562e-3,7.950347e-3,7.779159e-3,9.244418e-3,7.598508e-3,7.276924e-3,7.018553e-3,7.128258e-3,7.072118e-3,6.976063e-3,6.770055e-3,7.136178e-3,6.208522e-3,6.014152e-3,5.887606e-3,6.000205e-3,5.668259e-3,5.829285e-3,5.753013e-3,1.109699e-2,1.049088e-2,1.095742e-2,1.084682e-2,1.128174e-2,1.119300e-2,1.117068e-2,1.099075e-2],"layer_pooled_mses":[1.640546e-2,1.055295e-2,9.989516e-3,9.646374e-3,9.383356e-3,9.369427e-3,9.373532e-3,9.274072e-3,1.414833e-2,9.758901e-3,9.268634e-3,8.891571e-3,8.585693e-3,8.556704e-3,8.477293e-3,8.307766e-3,1.487823e-2,1.061261e-2,1.007437e-2,9.873531e-3,9.644669e-3,9.603485e-3,9.632906e-3,9.518475e-3,1.422044e-2,9.471694e-3,9.174062e-3,9.084396e-3,9.069639e-3,9.101621e-3,9.164150e-3,9.254862e-3],"first_block_mses":[1.020884e-2,9.427269e-3,1.078037e-2,1.184564e-2,1.263960e-2,1.310549e-2,1.342539e-2,1.388150e-2,1.355272e-1,1.232431e-1,1.205627e-1,1.171999e-1,1.144062e-1,1.142115e-1,1.124618e-1,1.103034e-1,1.172741e-1,1.075716e-1,1.049351e-1,1.036264e-1,1.025165e-1,1.023322e-1,1.027059e-1,1.015265e-1,1.801464e-1,1.933432e-1,1.986319e-1,2.030951e-1,2.053611e-1,2.068481e-1,2.079874e-1,2.066255e-1]}