{"n_vecs":16384,"dim":128,"block_size":512,"n_blocks":32,"variance_ratio":0.95,"per_block_mean_mse":1.514691e-2,"layer_pooled_mean_mse":1.907988e-2,"first_block_mean_mse":1.818431e-1,"pooled_over_per_block_mean":1.2597,"pooled_over_per_block_median":1.1704,"pooled_over_per_block_max":2.3377,"first_over_per_block_mean":12.0053,"first_over_per_block_median":15.2807,"first_over_per_block_max":17.1265,"pooled_d_eff":92,"first_d_eff":61,"per_block_d_eff":[61,52,51,51,51,51,51,51,65,51,50,49,49,48,48,48,65,55,54,54,54,54,54,54,59,48,48,47,47,47,47,47],"per_block_mses":[1.697228e-2,1.531083e-2,1.507337e-2,1.450926e-2,1.402484e-2,1.390567e-2,1.391617e-2,1.376178e-2,1.913827e-2,1.970471e-2,1.982806e-2,2.086165e-2,2.053500e-2,2.155257e-2,2.148376e-2,2.140021e-2,1.111952e-2,1.007197e-2,1.000819e-2,9.678376e-3,9.418833e-3,9.349222e-3,9.383261e-3,9.349157e-3,1.677520e-2,1.621124e-2,1.540125e-2,1.574940e-2,1.527654e-2,1.513658e-2,1.499816e-2,1.479591e-2],"layer_pooled_mses":[2.896357e-2,1.917852e-2,1.742206e-2,1.649841e-2,1.624151e-2,1.643574e-2,1.672808e-2,1.691845e-2,3.545709e-2,2.091122e-2,1.877069e-2,1.809929e-2,1.809085e-2,1.885218e-2,1.957154e-2,2.062705e-2,2.599387e-2,1.875177e-2,1.725631e-2,1.648784e-2,1.619994e-2,1.629172e-2,1.666022e-2,1.693736e-2,2.985800e-2,1.897375e-2,1.692244e-2,1.621378e-2,1.576893e-2,1.607464e-2,1.650317e-2,1.689610e-2],"first_block_mses":[1.697228e-2,1.629236e-2,1.985703e-2,2.334445e-2,2.680287e-2,2.920216e-2,3.120739e-2,3.298051e-2,2.677455e-1,2.937792e-1,3.030688e-1,3.143062e-1,3.213925e-1,3.281536e-1,3.305143e-1,3.341215e-1,1.610483e-1,1.585548e-1,1.549672e-1,1.542830e-1,1.545232e-1,1.568253e-1,1.592229e-1,1.601179e-1,2.306832e-1,2.383359e-1,2.374528e-1,2.378764e-1,2.336097e-1,2.321250e-1,2.291829e-1,2.304294e-1]}