{"n_vecs":16384,"dim":128,"block_size":512,"n_blocks":32,"variance_ratio":0.95,"per_block_mean_mse":1.056417e-1,"layer_pooled_mean_mse":1.150088e-1,"first_block_mean_mse":9.822395e-1,"pooled_over_per_block_mean":1.0887,"pooled_over_per_block_median":1.0374,"pooled_over_per_block_max":1.8879,"first_over_per_block_mean":9.2978,"first_over_per_block_median":11.7531,"first_over_per_block_max":14.3304,"pooled_d_eff":102,"first_d_eff":64,"per_block_d_eff":[64,61,60,60,60,60,60,60,66,57,57,57,57,57,57,57,64,61,61,61,61,61,61,61,65,60,60,60,60,60,60,60],"per_block_mses":[1.092738e-1,1.044148e-1,1.127406e-1,1.137653e-1,1.146353e-1,1.134686e-1,1.129331e-1,1.115359e-1,5.813146e-2,5.938321e-2,5.854325e-2,5.715240e-2,5.718357e-2,5.704608e-2,5.618976e-2,5.535197e-2,1.367548e-1,1.285956e-1,1.310442e-1,1.340212e-1,1.335746e-1,1.357032e-1,1.333321e-1,1.335083e-1,1.162417e-1,1.202798e-1,1.214947e-1,1.215229e-1,1.212988e-1,1.216646e-1,1.204151e-1,1.193335e-1],"layer_pooled_mses":[1.321781e-1,1.165340e-1,1.154416e-1,1.174281e-1,1.173290e-1,1.193764e-1,1.208870e-1,1.221844e-1,1.097478e-1,9.693335e-2,9.507137e-2,9.343570e-2,9.271099e-2,9.364999e-2,9.333531e-2,9.417735e-2,1.418752e-1,1.194902e-1,1.172397e-1,1.170312e-1,1.174372e-1,1.182835e-1,1.191367e-1,1.219151e-1,1.374965e-1,1.199084e-1,1.180039e-1,1.181181e-1,1.183521e-1,1.196083e-1,1.215531e-1,1.244130e-1],"first_block_mses":[1.092738e-1,1.171778e-1,1.376910e-1,1.519411e-1,1.597846e-1,1.650851e-1,1.698708e-1,1.763168e-1,7.956927e-1,8.330248e-1,8.238853e-1,8.109019e-1,8.053206e-1,7.925133e-1,7.953888e-1,7.932133e-1,1.557675e0,1.557299e0,1.576277e0,1.586240e0,1.597368e0,1.605937e0,1.618889e0,1.617230e0,1.366205e0,1.367070e0,1.375905e0,1.386112e0,1.386304e0,1.399610e0,1.397889e0,1.398573e0]}