{"n_vecs":16384,"dim":128,"block_size":512,"n_blocks":32,"variance_ratio":0.95,"per_block_mean_mse":7.429294e-2,"layer_pooled_mean_mse":1.453442e-1,"first_block_mean_mse":1.290833e0,"pooled_over_per_block_mean":1.9564,"pooled_over_per_block_median":1.8201,"pooled_over_per_block_max":2.8824,"first_over_per_block_mean":17.3749,"first_over_per_block_median":19.1284,"first_over_per_block_max":23.2342,"pooled_d_eff":101,"first_d_eff":90,"per_block_d_eff":[90,87,87,86,86,86,86,86,86,84,84,84,83,84,83,84,85,82,82,81,81,81,81,81,86,84,83,83,83,84,84,84],"per_block_mses":[6.710601e-2,6.942241e-2,6.909031e-2,7.152458e-2,7.100836e-2,7.235182e-2,7.271004e-2,7.327325e-2,7.563448e-2,8.127650e-2,8.305920e-2,8.446497e-2,8.771840e-2,8.541457e-2,8.946201e-2,8.630779e-2,5.958522e-2,6.372864e-2,6.525354e-2,6.842029e-2,6.749775e-2,6.890665e-2,6.974407e-2,7.025402e-2,7.171546e-2,7.313915e-2,7.687445e-2,7.681693e-2,7.758280e-2,7.550548e-2,7.623194e-2,7.629285e-2],"layer_pooled_mses":[1.934276e-1,1.682993e-1,1.598488e-1,1.626673e-1,1.629219e-1,1.675838e-1,1.760596e-1,1.933681e-1,1.528404e-1,1.479314e-1,1.528787e-1,1.493357e-1,1.490545e-1,1.492954e-1,1.475961e-1,1.565997e-1,1.412470e-1,1.172529e-1,1.190100e-1,1.211045e-1,1.192402e-1,1.171419e-1,1.249766e-1,1.400411e-1,1.465052e-1,1.324670e-1,1.304429e-1,1.296288e-1,1.286613e-1,1.286787e-1,1.295084e-1,1.354001e-1],"first_block_mses":[6.710601e-2,3.821007e-1,5.992177e-1,7.876827e-1,1.022587e0,1.092641e0,1.232023e0,1.451099e0,1.283913e0,1.443482e0,1.460959e0,1.379514e0,1.319684e0,1.313197e0,1.239638e0,1.185981e0,1.139771e0,1.300284e0,1.458245e0,1.520557e0,1.498208e0,1.438967e0,1.418117e0,1.542941e0,1.666251e0,1.676680e0,1.428555e0,1.474836e0,1.665711e0,1.706853e0,1.574921e0,1.534935e0]}