{"n_vecs":16384,"dim":128,"block_size":512,"n_blocks":32,"variance_ratio":0.95,"per_block_mean_mse":5.361607e-2,"layer_pooled_mean_mse":6.624174e-2,"first_block_mean_mse":4.641075e-1,"pooled_over_per_block_mean":1.2355,"pooled_over_per_block_median":1.2159,"pooled_over_per_block_max":2.2205,"first_over_per_block_mean":8.6561,"first_over_per_block_median":10.1453,"first_over_per_block_max":11.7019,"pooled_d_eff":100,"first_d_eff":82,"per_block_d_eff":[82,63,62,62,62,62,62,62,76,60,59,59,59,59,59,59,78,61,61,61,61,61,60,60,73,57,57,57,57,57,57,56],"per_block_mses":[4.161180e-2,4.050892e-2,4.187289e-2,4.023824e-2,4.089717e-2,4.163866e-2,4.141775e-2,4.091991e-2,5.942910e-2,5.622835e-2,5.903728e-2,5.855105e-2,5.917856e-2,5.970468e-2,5.991083e-2,5.967829e-2,4.944508e-2,5.029518e-2,4.928162e-2,4.898270e-2,4.942179e-2,4.915258e-2,5.169520e-2,5.110493e-2,6.122980e-2,6.452238e-2,6.421846e-2,6.360483e-2,6.443368e-2,6.505769e-2,6.460657e-2,6.783826e-2],"layer_pooled_mses":[9.240090e-2,6.286998e-2,6.165119e-2,6.048951e-2,6.034225e-2,6.210022e-2,6.360351e-2,6.622666e-2,1.039900e-1,6.485684e-2,6.011095e-2,5.932123e-2,5.964656e-2,6.119074e-2,6.218456e-2,6.367132e-2,9.660029e-2,6.579465e-2,6.054927e-2,5.955719e-2,5.948403e-2,6.126594e-2,6.239318e-2,6.394963e-2,9.572694e-2,6.520658e-2,6.124946e-2,5.886235e-2,5.884658e-2,6.059429e-2,6.137786e-2,6.362092e-2],"first_block_mses":[4.161180e-2,4.755886e-2,6.708813e-2,7.859027e-2,8.689160e-2,9.351869e-2,9.938701e-2,1.065568e-1,6.029259e-1,6.157569e-1,6.239249e-1,6.276989e-1,6.251685e-1,6.293026e-1,6.334843e-1,6.425394e-1,5.054231e-1,5.358051e-1,5.627453e-1,5.715591e-1,5.721921e-1,5.751761e-1,5.849476e-1,5.918873e-1,5.450361e-1,5.695869e-1,5.918142e-1,5.960166e-1,5.978864e-1,6.014875e-1,6.117648e-1,6.161061e-1]}