{"n_vecs":16384,"dim":128,"block_size":512,"n_blocks":32,"variance_ratio":0.95,"per_block_mean_mse":8.134128e-2,"layer_pooled_mean_mse":1.731728e-1,"first_block_mean_mse":1.127985e0,"pooled_over_per_block_mean":2.1290,"pooled_over_per_block_median":1.9953,"pooled_over_per_block_max":3.0296,"first_over_per_block_mean":13.8673,"first_over_per_block_median":15.6610,"first_over_per_block_max":19.2113,"pooled_d_eff":97,"first_d_eff":76,"per_block_d_eff":[76,74,75,74,75,75,75,75,75,72,72,73,72,72,73,73,76,74,74,74,74,75,74,75,81,79,78,78,78,78,78,78],"per_block_mses":[7.691609e-2,8.169852e-2,7.911346e-2,8.014098e-2,7.740489e-2,7.828814e-2,7.899058e-2,7.930005e-2,8.606317e-2,9.329233e-2,9.374862e-2,9.008164e-2,9.165849e-2,9.143919e-2,8.929392e-2,9.083287e-2,7.905943e-2,8.216702e-2,8.243370e-2,8.010725e-2,7.955956e-2,7.710063e-2,8.059100e-2,7.699438e-2,6.998609e-2,7.673355e-2,7.883179e-2,7.659015e-2,7.621586e-2,7.677184e-2,7.610291e-2,7.541276e-2],"layer_pooled_mses":[1.419917e-1,1.525699e-1,1.576571e-1,1.503391e-1,1.544444e-1,1.550640e-1,1.541558e-1,1.625096e-1,1.490821e-1,1.565909e-1,1.592933e-1,1.601496e-1,1.625498e-1,1.569138e-1,1.545649e-1,1.566095e-1,1.521474e-1,1.606846e-1,1.646899e-1,1.662157e-1,1.612145e-1,1.643222e-1,1.762884e-1,1.688980e-1,1.891104e-1,2.107783e-1,2.158200e-1,2.210420e-1,2.309058e-1,2.272435e-1,2.223683e-1,2.253163e-1],"first_block_mses":[7.691609e-2,3.775974e-1,4.655270e-1,5.764008e-1,6.405873e-1,6.524265e-1,7.763177e-1,7.404907e-1,1.548106e0,1.764593e0,1.696067e0,1.730582e0,1.696624e0,1.645406e0,1.470415e0,1.417818e0,1.238153e0,1.380226e0,1.412269e0,1.263562e0,1.121431e0,1.085028e0,1.025790e0,9.775846e-1,8.750922e-1,1.038173e0,1.060930e0,1.216653e0,1.244046e0,1.255205e0,1.333436e0,1.292073e0]}