{"n_vecs":16384,"dim":128,"block_size":512,"n_blocks":32,"variance_ratio":0.95,"per_block_mean_mse":6.314375e-2,"layer_pooled_mean_mse":1.373169e-1,"first_block_mean_mse":8.698082e-1,"pooled_over_per_block_mean":2.1747,"pooled_over_per_block_median":2.0857,"pooled_over_per_block_max":3.3477,"first_over_per_block_mean":13.7750,"first_over_per_block_median":13.9666,"first_over_per_block_max":20.1432,"pooled_d_eff":96,"first_d_eff":53,"per_block_d_eff":[53,55,56,56,57,57,57,57,87,85,85,85,85,85,85,85,74,74,74,74,74,74,74,74,88,86,86,86,86,87,86,87],"per_block_mses":[5.242939e-2,5.802048e-2,5.887631e-2,5.915417e-2,5.851644e-2,5.803029e-2,5.834918e-2,5.791089e-2,6.819148e-2,7.337669e-2,7.431272e-2,7.454355e-2,7.571615e-2,7.553289e-2,7.610249e-2,7.658328e-2,3.727311e-2,4.038071e-2,4.178627e-2,4.189793e-2,4.208527e-2,4.202855e-2,4.233898e-2,4.265542e-2,7.448841e-2,8.012347e-2,8.090939e-2,8.031004e-2,8.110376e-2,7.768139e-2,8.187941e-2,7.801149e-2],"layer_pooled_mses":[4.172879e-2,5.234973e-2,5.542741e-2,5.544606e-2,5.597852e-2,5.936202e-2,5.858365e-2,5.782123e-2,1.422253e-1,1.494648e-1,1.525335e-1,1.513354e-1,1.523136e-1,1.549329e-1,1.519838e-1,1.534195e-1,6.746235e-2,8.442625e-2,9.126811e-2,8.924048e-2,9.109445e-2,9.114480e-2,9.536359e-2,9.216851e-2,2.305227e-1,2.498254e-1,2.586473e-1,2.592939e-1,2.638247e-1,2.590134e-1,2.647804e-1,2.611571e-1],"first_block_mses":[5.242939e-2,3.858614e-1,5.455861e-1,5.931318e-1,5.796157e-1,5.130660e-1,5.918745e-1,5.392639e-1,8.018678e-1,9.296022e-1,1.037898e0,9.234274e-1,1.002036e0,1.005873e0,9.654380e-1,9.929358e-1,5.266799e-1,6.565467e-1,5.907770e-1,5.845686e-1,7.048766e-1,7.213670e-1,6.925263e-1,6.155849e-1,1.152498e0,1.233799e0,1.394065e0,1.477751e0,1.534603e0,1.564754e0,1.529328e0,1.394230e0]}