{"n_vecs":16384,"dim":128,"block_size":512,"n_blocks":32,"variance_ratio":0.95,"per_block_mean_mse":7.375849e-3,"layer_pooled_mean_mse":8.923034e-3,"first_block_mean_mse":8.919329e-2,"pooled_over_per_block_mean":1.2098,"pooled_over_per_block_median":1.2481,"pooled_over_per_block_max":1.4141,"first_over_per_block_mean":12.0926,"first_over_per_block_median":14.9605,"first_over_per_block_max":17.3683,"pooled_d_eff":97,"first_d_eff":60,"per_block_d_eff":[60,57,57,57,57,57,57,57,57,52,53,52,52,53,52,52,62,60,60,60,60,60,60,60,63,59,60,60,60,60,60,60],"per_block_mses":[7.357804e-3,7.056240e-3,7.012096e-3,6.958234e-3,6.866071e-3,6.868883e-3,6.855910e-3,6.738714e-3,8.238609e-3,8.250955e-3,7.796724e-3,8.171577e-3,8.152121e-3,7.761377e-3,8.179579e-3,8.151118e-3,7.729618e-3,7.005181e-3,6.859883e-3,6.843169e-3,6.768991e-3,6.765937e-3,6.737622e-3,6.645216e-3,8.164240e-3,7.953392e-3,7.443915e-3,7.396641e-3,7.333526e-3,7.399947e-3,7.332063e-3,7.231819e-3],"layer_pooled_mses":[9.849145e-3,8.500385e-3,8.391248e-3,8.277885e-3,8.237186e-3,8.228513e-3,8.202626e-3,8.229325e-3,1.009213e-2,8.311059e-3,8.192563e-3,8.170867e-3,8.111897e-3,8.204096e-3,8.268531e-3,8.377913e-3,1.082478e-2,9.234323e-3,9.037820e-3,8.958535e-3,8.912393e-3,8.828911e-3,8.771519e-3,8.740914e-3,1.154466e-2,9.577119e-3,9.405526e-3,9.308136e-3,9.192282e-3,9.236059e-3,9.175819e-3,9.142924e-3],"first_block_mses":[7.357804e-3,6.823469e-3,7.069381e-3,7.213745e-3,7.295368e-3,7.443347e-3,7.603211e-3,7.777124e-3,1.266058e-1,1.360403e-1,1.354158e-1,1.360813e-1,1.343668e-1,1.335414e-1,1.320813e-1,1.325673e-1,1.035703e-1,9.630239e-2,9.518286e-2,9.378493e-2,9.281475e-2,9.256581e-2,9.131390e-2,9.067914e-2,1.221410e-1,1.251268e-1,1.227995e-1,1.229859e-1,1.220108e-1,1.199721e-1,1.192425e-1,1.184092e-1]}