{"metric":"MSE","block_size":512,"variance_ratio":0.95,"k":16,"bit_width":3,"dim":128,"num_vecs_encoded":32768,"num_blocks":64,"skeleton_bytes":1537280,"codes_bytes":1101824,"compressed_bytes":2639104,"baseline_bytes_f32":16777216,"baseline_bytes_bf16":8388608,"ratio_vs_f32":6.357164,"ratio_vs_bf16":3.178582,"encode_seconds":0.735792,"decode_seconds":0.034476,"verify":true,"mean_block_mse":0.1866544442}