{"metric":"InnerProduct","block_size":512,"variance_ratio":0.95,"k":16,"bit_width":3,"dim":64,"num_vecs_encoded":262144,"num_blocks":512,"skeleton_bytes":6324032,"codes_bytes":8636416,"compressed_bytes":14960448,"baseline_bytes_f32":67108864,"baseline_bytes_bf16":33554432,"ratio_vs_f32":4.485752,"ratio_vs_bf16":2.242876,"encode_seconds":1.975504,"decode_seconds":0.220582,"verify":true,"mean_block_mse":0.6229429403}