{"metric":"MSE","block_size":512,"variance_ratio":0.95,"k":16,"bit_width":3,"dim":64,"num_vecs_encoded":262144,"num_blocks":512,"skeleton_bytes":5970752,"codes_bytes":8482816,"compressed_bytes":14453568,"baseline_bytes_f32":67108864,"baseline_bytes_bf16":33554432,"ratio_vs_f32":4.643066,"ratio_vs_bf16":2.321533,"encode_seconds":1.665386,"decode_seconds":0.209683,"verify":true,"mean_block_mse":0.1170208864}