{
  "source_report": "/workspace/reports/bench_32k.json",
  "projections": [
    {
      "context_tokens": 16384,
      "N_blocks_per_full_layer": 31,
      "exact_tail_tokens_per_full_layer": 512,
      "baseline_full_bytes": 100663296,
      "baseline_sliding_bytes": 6279168,
      "baseline_total_bytes": 106942464,
      "kakeya_full_bytes": 46849036,
      "kakeya_sliding_bytes": 6279168,
      "kakeya_total_bytes": 53128204,
      "kakeya_full_bytes_dtype_matched": 24997382,
      "kakeya_total_bytes_dtype_matched": 31276550,
      "full_ratio_f32_store": 2.148673795550457,
      "full_ratio_bf16_store": 4.0269535425749785,
      "total_ratio_f32_store": 2.012913216490435,
      "total_ratio_bf16_store": 3.4192538499291003
    },
    {
      "context_tokens": 32768,
      "N_blocks_per_full_layer": 63,
      "exact_tail_tokens_per_full_layer": 512,
      "baseline_full_bytes": 201326592,
      "baseline_sliding_bytes": 6279168,
      "baseline_total_bytes": 207605760,
      "kakeya_full_bytes": 91962128,
      "kakeya_sliding_bytes": 6279168,
      "kakeya_total_bytes": 98241296,
      "kakeya_full_bytes_dtype_matched": 47553928,
      "kakeya_total_bytes_dtype_matched": 53833096,
      "full_ratio_f32_store": 2.1892337245610496,
      "full_ratio_bf16_store": 4.233647996438906,
      "total_ratio_f32_store": 2.113222936309798,
      "total_ratio_bf16_store": 3.8564707480320286
    },
    {
      "context_tokens": 65536,
      "N_blocks_per_full_layer": 127,
      "exact_tail_tokens_per_full_layer": 512,
      "baseline_full_bytes": 402653184,
      "baseline_sliding_bytes": 6279168,
      "baseline_total_bytes": 408932352,
      "kakeya_full_bytes": 182188312,
      "kakeya_sliding_bytes": 6279168,
      "kakeya_total_bytes": 188467480,
      "kakeya_full_bytes_dtype_matched": 92667020,
      "kakeya_total_bytes_dtype_matched": 98946188,
      "full_ratio_f32_store": 2.210093389525449,
      "full_ratio_bf16_store": 4.3451616767216645,
      "total_ratio_f32_store": 2.1697767275288022,
      "total_ratio_bf16_store": 4.1328762660366465
    },
    {
      "context_tokens": 131072,
      "N_blocks_per_full_layer": 255,
      "exact_tail_tokens_per_full_layer": 512,
      "baseline_full_bytes": 805306368,
      "baseline_sliding_bytes": 6279168,
      "baseline_total_bytes": 811585536,
      "kakeya_full_bytes": 362640680,
      "kakeya_sliding_bytes": 6279168,
      "kakeya_total_bytes": 368919848,
      "kakeya_full_bytes_dtype_matched": 182893204,
      "kakeya_total_bytes_dtype_matched": 189172372,
      "full_ratio_f32_store": 2.2206730033707194,
      "full_ratio_bf16_store": 4.403150857371387,
      "total_ratio_f32_store": 2.1998966453005804,
      "total_ratio_bf16_store": 4.290190620435842
    },
    {
      "context_tokens": 262144,
      "N_blocks_per_full_layer": 511,
      "exact_tail_tokens_per_full_layer": 512,
      "baseline_full_bytes": 1610612736,
      "baseline_sliding_bytes": 6279168,
      "baseline_total_bytes": 1616891904,
      "kakeya_full_bytes": 723545417,
      "kakeya_sliding_bytes": 6279168,
      "kakeya_total_bytes": 729824585,
      "kakeya_full_bytes_dtype_matched": 363345572,
      "kakeya_total_bytes_dtype_matched": 369624740,
      "full_ratio_f32_store": 2.226000881434648,
      "full_ratio_bf16_store": 4.432729776049122,
      "total_ratio_f32_store": 2.2154527776013464,
      "total_ratio_bf16_store": 4.374414721265682
    }
  ]
}