{"metric":"MSE","block_size":512,"variance_ratio":0.95,"k":16,"bit_width":3,"dim":128,"num_vecs_encoded":32768,"num_blocks":64,"skeleton_bytes":2001536,"codes_bytes":1150976,"compressed_bytes":3152512,"baseline_bytes_f32":16777216,"baseline_bytes_bf16":8388608,"ratio_vs_f32":5.321856,"ratio_vs_bf16":2.660928,"encode_seconds":0.806576,"decode_seconds":0.041010,"verify":true,"mean_block_mse":0.1210516375}