{"metric":"MSE","block_size":512,"variance_ratio":0.95,"k":16,"bit_width":3,"dim":128,"num_vecs_encoded":32768,"num_blocks":64,"skeleton_bytes":1784384,"codes_bytes":1200128,"compressed_bytes":2984512,"baseline_bytes_f32":16777216,"baseline_bytes_bf16":8388608,"ratio_vs_f32":5.621427,"ratio_vs_bf16":2.810713,"encode_seconds":0.743788,"decode_seconds":0.039102,"verify":true,"mean_block_mse":0.3206150579}