{
  "model_name": "qwen2_5_0_5b",
  "model_path": "Qwen/Qwen2.5-0.5B",
  "engine": "vllm",
  "ctx_len": 1024,
  "n_eval": 64,
  "block_size": 512,
  "bit_width": 2,
  "variance_ratio": 0.95,
  "pca_method": "randomized",
  "rsvd_target_rank_factor": 0.5,
  "n_passages": 2,
  "mean_ppl_delta_rel": 2.9190227742292016,
  "mean_top1_agreement": 0.46875,
  "verdict": "REJECT",
  "per_passage": [
    {
      "ctx_len": 1024,
      "n_eval": 64,
      "t_ref_sec": 0.10009024385362864,
      "t_alt_sec": 4.624675450846553,
      "codec_layer_calls": 48,
      "codec_total_compressed_bytes": 2251264,
      "metrics": {
        "ppl_ref": 21.09494050096967,
        "ppl_alt": 61.6699301845987,
        "ppl_delta_rel": 1.9234465099232643,
        "top1_agreement": 0.4375,
        "mean_abs_dlogp_true": 1.6590094746243267,
        "n_tokens": 64
      }
    },
    {
      "ctx_len": 1024,
      "n_eval": 64,
      "t_ref_sec": 0.0582524798810482,
      "t_alt_sec": 4.498217403888702,
      "codec_layer_calls": 48,
      "codec_total_compressed_bytes": 2261504,
      "metrics": {
        "ppl_ref": 9.359088714872712,
        "ppl_alt": 45.996168399678496,
        "ppl_delta_rel": 3.9145990385351386,
        "top1_agreement": 0.5,
        "mean_abs_dlogp_true": 1.812363193690544,
        "n_tokens": 64
      }
    }
  ]
}