{
  "model": "Qwen/Qwen3-4B",
  "kv_cache_dtype": "auto",
  "ctx_len": 4096,
  "prompt_len": 4096,
  "gen_tokens": 1024,
  "warmup_iters": 3,
  "measured_iters": 5,
  "max_model_len": 5120,
  "block_size": null,
  "enforce_eager": true,
  "tpot_s": {
    "min": 0.010634421836584806,
    "median": 0.010827108984813094,
    "p95": 0.0111489521805197,
    "mean": 0.010888858744874597
  },
  "ttft_s": {
    "min": 0.0,
    "median": 0.0,
    "p95": 0.0,
    "mean": 0.0
  },
  "aggregate_toks_per_s": {
    "min": 89.69452768371151,
    "median": 92.36075866629533,
    "p95": 94.03426113489073,
    "mean": 91.86657610012166
  },
  "out_tokens": [
    1024,
    1024,
    1024,
    1024,
    1024
  ]
}