{
  "model": "Qwen/Qwen3-4B",
  "kv_cache_dtype": "auto",
  "ctx_len": 4096,
  "prompt_len": 4096,
  "gen_tokens": 1024,
  "warmup_iters": 3,
  "measured_iters": 5,
  "max_model_len": 5120,
  "block_size": null,
  "enforce_eager": false,
  "tpot_s": {
    "min": 0.0038299134466797113,
    "median": 0.0038438078481703997,
    "p95": 0.003846813226118684,
    "mean": 0.003840651735663414
  },
  "ttft_s": {
    "min": 0.0,
    "median": 0.0,
    "p95": 0.0,
    "mean": 0.0
  },
  "aggregate_toks_per_s": {
    "min": 259.95543355479447,
    "median": 260.1586862558664,
    "p95": 261.1025063417388,
    "mean": 260.37311633395
  },
  "out_tokens": [
    1024,
    1024,
    1024,
    1024,
    1024
  ]
}