{"metric":"MSE","block_size":512,"variance_ratio":0.95,"k":16,"bit_width":3,"dim":128,"num_vecs_encoded":24576,"num_blocks":48,"skeleton_bytes":1818816,"codes_bytes":1167360,"compressed_bytes":2986176,"baseline_bytes_f32":12582912,"baseline_bytes_bf16":6291456,"ratio_vs_f32":4.213721,"ratio_vs_bf16":2.106860,"encode_seconds":0.612663,"decode_seconds":0.039549,"verify":true,"mean_block_mse":1.3074086790}