{"metric":"MSE","block_size":512,"variance_ratio":0.95,"k":16,"bit_width":3,"dim":128,"num_vecs_encoded":32768,"num_blocks":64,"skeleton_bytes":2066048,"codes_bytes":1163264,"compressed_bytes":3229312,"baseline_bytes_f32":16777216,"baseline_bytes_bf16":8388608,"ratio_vs_f32":5.195291,"ratio_vs_bf16":2.597646,"encode_seconds":0.727835,"decode_seconds":0.042239,"verify":true,"mean_block_mse":8.6483900164}