{"metric":"MSE","block_size":512,"variance_ratio":0.95,"k":16,"bit_width":3,"dim":128,"num_vecs_encoded":49152,"num_blocks":96,"skeleton_bytes":3684864,"codes_bytes":2494464,"compressed_bytes":6179328,"baseline_bytes_f32":25165824,"baseline_bytes_bf16":12582912,"ratio_vs_f32":4.072583,"ratio_vs_bf16":2.036291,"encode_seconds":1.280403,"decode_seconds":0.082643,"verify":true,"mean_block_mse":1.2080471892}