{"metric":"InnerProduct","block_size":512,"variance_ratio":0.95,"k":16,"bit_width":3,"dim":64,"num_vecs_encoded":262144,"num_blocks":512,"skeleton_bytes":6527872,"codes_bytes":8617984,"compressed_bytes":15145856,"baseline_bytes_f32":67108864,"baseline_bytes_bf16":33554432,"ratio_vs_f32":4.430840,"ratio_vs_bf16":2.215420,"encode_seconds":2.031567,"decode_seconds":0.227056,"verify":true,"mean_block_mse":0.4812412969}