{"metric":"MSE","block_size":512,"variance_ratio":0.95,"k":16,"bit_width":3,"dim":128,"num_vecs_encoded":49152,"num_blocks":96,"skeleton_bytes":3425664,"codes_bytes":1880064,"compressed_bytes":5305728,"baseline_bytes_f32":25165824,"baseline_bytes_bf16":12582912,"ratio_vs_f32":4.743143,"ratio_vs_bf16":2.371571,"encode_seconds":1.312005,"decode_seconds":0.069976,"verify":true,"mean_block_mse":0.3988798769}