{"metric":"MSE","block_size":512,"variance_ratio":0.95,"k":16,"bit_width":3,"dim":64,"num_vecs_encoded":131072,"num_blocks":256,"skeleton_bytes":3393856,"codes_bytes":4456448,"compressed_bytes":7850304,"baseline_bytes_f32":33554432,"baseline_bytes_bf16":16777216,"ratio_vs_f32":4.274284,"ratio_vs_bf16":2.137142,"encode_seconds":0.855529,"decode_seconds":0.122947,"verify":true,"mean_block_mse":0.0635032101}