{"metric":"InnerProduct","block_size":512,"variance_ratio":0.95,"k":16,"bit_width":3,"dim":64,"num_vecs_encoded":262144,"num_blocks":512,"skeleton_bytes":6225472,"codes_bytes":8617984,"compressed_bytes":14843456,"baseline_bytes_f32":67108864,"baseline_bytes_bf16":33554432,"ratio_vs_f32":4.521108,"ratio_vs_bf16":2.260554,"encode_seconds":1.952307,"decode_seconds":0.218632,"verify":true,"mean_block_mse":0.6595045817}