{"metric":"MSE","block_size":512,"variance_ratio":0.95,"k":16,"bit_width":3,"dim":64,"num_vecs_encoded":262144,"num_blocks":512,"skeleton_bytes":6269312,"codes_bytes":8538112,"compressed_bytes":14807424,"baseline_bytes_f32":67108864,"baseline_bytes_bf16":33554432,"ratio_vs_f32":4.532109,"ratio_vs_bf16":2.266055,"encode_seconds":1.670481,"decode_seconds":0.218941,"verify":true,"mean_block_mse":0.2889572363}