{"metric":"MSE","block_size":512,"variance_ratio":0.95,"k":16,"bit_width":3,"dim":128,"num_vecs_encoded":49152,"num_blocks":96,"skeleton_bytes":3766656,"codes_bytes":2592768,"compressed_bytes":6359424,"baseline_bytes_f32":25165824,"baseline_bytes_bf16":12582912,"ratio_vs_f32":3.957249,"ratio_vs_bf16":1.978624,"encode_seconds":1.308150,"decode_seconds":0.085114,"verify":true,"mean_block_mse":0.7737136300}