{"metric":"MSE","block_size":512,"variance_ratio":0.95,"k":16,"bit_width":3,"dim":64,"num_vecs_encoded":65536,"num_blocks":128,"skeleton_bytes":1703808,"codes_bytes":2228224,"compressed_bytes":3932032,"baseline_bytes_f32":16777216,"baseline_bytes_bf16":8388608,"ratio_vs_f32":4.266806,"ratio_vs_bf16":2.133403,"encode_seconds":0.439584,"decode_seconds":0.057003,"verify":true,"mean_block_mse":0.0950279074}