{"n_vecs":24576,"dim":128,"n_blocks":48,"block_size":512,"baseline_mse":6.690160e-2,"cells":[{"variance_ratio":0.950,"d_res":0,"d_eff":92,"mean_mse":6.690160e-2,"min_mse":4.739171e-2,"max_mse":9.533103e-2,"inflation_over_baseline":1.000000,"per_block_mses":[6.893764e-2,7.022945e-2,7.083592e-2,7.125314e-2,7.467844e-2,7.451031e-2,7.396511e-2,7.493606e-2,7.055150e-2,7.211589e-2,7.576043e-2,7.621848e-2,7.654478e-2,7.604558e-2,7.666423e-2,7.617312e-2,4.739171e-2,5.076707e-2,5.050707e-2,5.072275e-2,5.093850e-2,5.057935e-2,5.080582e-2,5.092019e-2,9.428762e-2,9.418190e-2,9.384160e-2,9.429792e-2,9.489826e-2,9.533103e-2,9.482825e-2,9.496647e-2,4.895985e-2,4.963285e-2,4.965394e-2,4.994967e-2,4.994384e-2,4.994958e-2,4.949882e-2,4.964230e-2,5.849114e-2,5.965936e-2,5.939133e-2,5.974458e-2,5.952577e-2,5.949494e-2,5.946206e-2,5.959112e-2]},{"variance_ratio":0.950,"d_res":2,"d_eff":92,"mean_mse":5.648208e-2,"min_mse":4.005436e-2,"max_mse":8.019584e-2,"inflation_over_baseline":0.844256,"per_block_mses":[5.818561e-2,5.941683e-2,5.976555e-2,6.037645e-2,6.347093e-2,6.317159e-2,6.285993e-2,6.343236e-2,5.825925e-2,5.983449e-2,6.314337e-2,6.345054e-2,6.349305e-2,6.309872e-2,6.354551e-2,6.313669e-2,4.005436e-2,4.299746e-2,4.295417e-2,4.308999e-2,4.341241e-2,4.307880e-2,4.298238e-2,4.323698e-2,7.992343e-2,7.915997e-2,7.850645e-2,7.937491e-2,8.002456e-2,8.019584e-2,7.985791e-2,7.980550e-2,4.169340e-2,4.225279e-2,4.227129e-2,4.257971e-2,4.253005e-2,4.254697e-2,4.209135e-2,4.239269e-2,4.971165e-2,5.070798e-2,5.067747e-2,5.111387e-2,5.090101e-2,5.085705e-2,5.075401e-2,5.076253e-2]},{"variance_ratio":0.950,"d_res":4,"d_eff":92,"mean_mse":4.969647e-2,"min_mse":3.521809e-2,"max_mse":7.061792e-2,"inflation_over_baseline":0.742829,"per_block_mses":[5.125209e-2,5.229429e-2,5.261086e-2,5.324091e-2,5.602670e-2,5.572863e-2,5.556727e-2,5.596974e-2,5.069550e-2,5.213261e-2,5.526233e-2,5.538605e-2,5.535306e-2,5.504460e-2,5.532120e-2,5.512443e-2,3.521809e-2,3.786161e-2,3.792058e-2,3.804200e-2,3.836351e-2,3.797030e-2,3.785883e-2,3.810672e-2,7.061792e-2,6.960220e-2,6.878067e-2,6.986287e-2,7.039113e-2,7.058479e-2,7.027661e-2,7.010534e-2,3.667390e-2,3.721995e-2,3.726953e-2,3.752299e-2,3.746026e-2,3.751537e-2,3.701339e-2,3.740794e-2,4.391645e-2,4.486428e-2,4.487351e-2,4.527889e-2,4.505661e-2,4.498725e-2,4.492592e-2,4.487092e-2]},{"variance_ratio":0.950,"d_res":8,"d_eff":92,"mean_mse":3.992655e-2,"min_mse":2.826557e-2,"max_mse":5.732045e-2,"inflation_over_baseline":0.596795,"per_block_mses":[4.124102e-2,4.193239e-2,4.230115e-2,4.285706e-2,4.520352e-2,4.487130e-2,4.491169e-2,4.520871e-2,4.003050e-2,4.108230e-2,4.392320e-2,4.379877e-2,4.374314e-2,4.359647e-2,4.361713e-2,4.371942e-2,2.826557e-2,3.047101e-2,3.060770e-2,3.072046e-2,3.103254e-2,3.056457e-2,3.040322e-2,3.063439e-2,5.732045e-2,5.612588e-2,5.533183e-2,5.642528e-2,5.688887e-2,5.704281e-2,5.674302e-2,5.656768e-2,2.939988e-2,2.980712e-2,2.986188e-2,3.015501e-2,3.002940e-2,3.010608e-2,2.963717e-2,3.002047e-2,3.549129e-2,3.629778e-2,3.630443e-2,3.668548e-2,3.646133e-2,3.639060e-2,3.635984e-2,3.628343e-2]},{"variance_ratio":0.900,"d_res":0,"d_eff":76,"mean_mse":1.352703e-1,"min_mse":9.561016e-2,"max_mse":1.966830e-1,"inflation_over_baseline":2.021929,"per_block_mses":[1.413115e-1,1.435601e-1,1.442470e-1,1.499461e-1,1.440914e-1,1.491292e-1,1.485456e-1,1.505780e-1,1.481842e-1,1.513320e-1,1.496506e-1,1.508591e-1,1.508688e-1,1.498829e-1,1.519124e-1,1.507928e-1,9.561016e-2,9.804807e-2,1.013182e-1,1.009376e-1,1.012645e-1,1.008599e-1,1.014783e-1,1.020105e-1,1.863657e-1,1.880082e-1,1.887092e-1,1.966830e-1,1.960240e-1,1.959723e-1,1.956848e-1,1.962086e-1,9.801004e-2,9.929069e-2,9.951243e-2,1.004377e-1,9.982848e-2,9.959585e-2,1.025945e-1,1.028557e-1,1.196697e-1,1.222333e-1,1.214118e-1,1.217684e-1,1.214314e-1,1.207821e-1,1.214946e-1,1.219807e-1]},{"variance_ratio":0.900,"d_res":2,"d_eff":76,"mean_mse":1.155919e-1,"min_mse":8.216610e-2,"max_mse":1.663778e-1,"inflation_over_baseline":1.727790,"per_block_mses":[1.213513e-1,1.234356e-1,1.239778e-1,1.286752e-1,1.236221e-1,1.280419e-1,1.275170e-1,1.293359e-1,1.268651e-1,1.294405e-1,1.282176e-1,1.292669e-1,1.293050e-1,1.288316e-1,1.302300e-1,1.288505e-1,8.216610e-2,8.436088e-2,8.736676e-2,8.684724e-2,8.728756e-2,8.698778e-2,8.720942e-2,8.768130e-2,1.582037e-1,1.597486e-1,1.590542e-1,1.661127e-1,1.663778e-1,1.653544e-1,1.649921e-1,1.658296e-1,8.304976e-2,8.386309e-2,8.414357e-2,8.467186e-2,8.447497e-2,8.424853e-2,8.676234e-2,8.716022e-2,1.033987e-1,1.056299e-1,1.048224e-1,1.049576e-1,1.046100e-1,1.039404e-1,1.049797e-1,1.051559e-1]},{"variance_ratio":0.900,"d_res":4,"d_eff":76,"mean_mse":1.026282e-1,"min_mse":7.327313e-2,"max_mse":1.468548e-1,"inflation_over_baseline":1.534018,"per_block_mses":[1.082073e-1,1.100216e-1,1.104545e-1,1.144895e-1,1.100121e-1,1.143284e-1,1.135751e-1,1.152024e-1,1.127460e-1,1.150001e-1,1.140320e-1,1.149884e-1,1.148648e-1,1.145996e-1,1.157949e-1,1.144058e-1,7.327313e-2,7.522341e-2,7.806984e-2,7.741071e-2,7.786529e-2,7.760289e-2,7.775191e-2,7.820783e-2,1.397285e-1,1.411722e-1,1.402857e-1,1.466004e-1,1.468548e-1,1.458100e-1,1.455992e-1,1.462911e-1,7.339105e-2,7.389808e-2,7.415062e-2,7.474963e-2,7.448957e-2,7.439393e-2,7.654613e-2,7.699171e-2,9.235314e-2,9.427681e-2,9.351358e-2,9.352933e-2,9.327155e-2,9.262135e-2,9.376568e-2,9.374367e-2]},{"variance_ratio":0.900,"d_res":8,"d_eff":76,"mean_mse":8.367361e-2,"min_mse":5.924506e-2,"max_mse":1.189789e-1,"inflation_over_baseline":1.250697,"per_block_mses":[8.878691e-2,9.012069e-2,9.038035e-2,9.367494e-2,8.997142e-2,9.400600e-2,9.307145e-2,9.443620e-2,9.197297e-2,9.379367e-2,9.325549e-2,9.391656e-2,9.379320e-2,9.365475e-2,9.432302e-2,9.326550e-2,6.011688e-2,6.175624e-2,6.414096e-2,6.336287e-2,6.384573e-2,6.354967e-2,6.377705e-2,6.424620e-2,1.134262e-1,1.145813e-1,1.137567e-1,1.186447e-1,1.189789e-1,1.180024e-1,1.180733e-1,1.185584e-1,5.924506e-2,5.951223e-2,5.968021e-2,6.021941e-2,5.998269e-2,6.009280e-2,6.175087e-2,6.204213e-2,7.583738e-2,7.736839e-2,7.671028e-2,7.657329e-2,7.638184e-2,7.586980e-2,7.706684e-2,7.675961e-2]},{"variance_ratio":0.850,"d_res":0,"d_eff":65,"mean_mse":2.034957e-1,"min_mse":1.445060e-1,"max_mse":2.924831e-1,"inflation_over_baseline":3.041717,"per_block_mses":[2.176556e-1,2.210527e-1,2.228483e-1,2.220695e-1,2.221744e-1,2.207503e-1,2.201183e-1,2.230425e-1,2.166951e-1,2.290351e-1,2.255846e-1,2.275663e-1,2.282526e-1,2.273941e-1,2.299664e-1,2.283521e-1,1.445060e-1,1.479947e-1,1.524582e-1,1.516125e-1,1.521673e-1,1.516593e-1,1.526897e-1,1.532256e-1,2.774446e-1,2.905689e-1,2.901199e-1,2.915575e-1,2.914314e-1,2.915221e-1,2.911488e-1,2.924831e-1,1.483107e-1,1.495492e-1,1.503572e-1,1.514804e-1,1.504033e-1,1.503309e-1,1.541704e-1,1.541964e-1,1.753521e-1,1.787988e-1,1.829212e-1,1.835486e-1,1.834081e-1,1.826117e-1,1.829782e-1,1.842301e-1]},{"variance_ratio":0.850,"d_res":2,"d_eff":65,"mean_mse":1.737896e-1,"min_mse":1.238818e-1,"max_mse":2.481403e-1,"inflation_over_baseline":2.597690,"per_block_mses":[1.859906e-1,1.898672e-1,1.911956e-1,1.907767e-1,1.905725e-1,1.898422e-1,1.890989e-1,1.910472e-1,1.854938e-1,1.961861e-1,1.936850e-1,1.957361e-1,1.958600e-1,1.951660e-1,1.969355e-1,1.959070e-1,1.238818e-1,1.267820e-1,1.308163e-1,1.298104e-1,1.301476e-1,1.299545e-1,1.307949e-1,1.311744e-1,2.359431e-1,2.471881e-1,2.457965e-1,2.476129e-1,2.477897e-1,2.476543e-1,2.466243e-1,2.481403e-1,1.255692e-1,1.264462e-1,1.269638e-1,1.278563e-1,1.268094e-1,1.267493e-1,1.304259e-1,1.303862e-1,1.507083e-1,1.534680e-1,1.566870e-1,1.571162e-1,1.569937e-1,1.569852e-1,1.572056e-1,1.580609e-1]},{"variance_ratio":0.850,"d_res":4,"d_eff":65,"mean_mse":1.543345e-1,"min_mse":1.104829e-1,"max_mse":2.194711e-1,"inflation_over_baseline":2.306889,