{"n_vecs":24576,"dim":128,"n_blocks":48,"block_size":512,"baseline_mse":8.037175e-2,"cells":[{"variance_ratio":0.950,"d_res":0,"d_eff":86,"mean_mse":8.037175e-2,"min_mse":6.056491e-2,"max_mse":1.000899e-1,"inflation_over_baseline":1.000000,"per_block_mses":[6.811026e-2,7.087724e-2,7.062108e-2,7.070316e-2,7.071303e-2,7.098583e-2,7.045575e-2,7.092676e-2,8.925282e-2,9.859856e-2,9.869253e-2,9.853078e-2,9.901785e-2,9.918804e-2,9.861106e-2,9.888195e-2,9.401482e-2,9.469907e-2,9.970793e-2,9.966901e-2,9.981094e-2,1.000556e-1,1.000899e-1,9.975044e-2,7.442399e-2,8.011052e-2,7.995803e-2,7.969298e-2,7.999882e-2,8.051834e-2,8.037316e-2,8.041105e-2,7.457849e-2,7.162640e-2,7.455836e-2,7.454964e-2,7.446174e-2,7.441685e-2,7.466577e-2,7.469722e-2,6.104963e-2,6.079112e-2,6.056491e-2,6.297427e-2,6.301822e-2,6.259813e-2,6.249941e-2,6.334273e-2]},{"variance_ratio":0.950,"d_res":2,"d_eff":86,"mean_mse":6.806414e-2,"min_mse":5.126418e-2,"max_mse":8.455515e-2,"inflation_over_baseline":0.846866,"per_block_mses":[5.801046e-2,6.051129e-2,6.040055e-2,6.010828e-2,6.011099e-2,6.043502e-2,6.026508e-2,6.063765e-2,7.478213e-2,8.277898e-2,8.303835e-2,8.271871e-2,8.291898e-2,8.314367e-2,8.292443e-2,8.269805e-2,7.904111e-2,7.944815e-2,8.401220e-2,8.382365e-2,8.401304e-2,8.407559e-2,8.455515e-2,8.406300e-2,6.377621e-2,6.886952e-2,6.854763e-2,6.808719e-2,6.846056e-2,6.906845e-2,6.884162e-2,6.905763e-2,6.282021e-2,6.057829e-2,6.347938e-2,6.309874e-2,6.282258e-2,6.284361e-2,6.321333e-2,6.346479e-2,5.183836e-2,5.163485e-2,5.126418e-2,5.330052e-2,5.339483e-2,5.319680e-2,5.306727e-2,5.383771e-2]},{"variance_ratio":0.950,"d_res":4,"d_eff":86,"mean_mse":6.005150e-2,"min_mse":4.514126e-2,"max_mse":7.450996e-2,"inflation_over_baseline":0.747172,"per_block_mses":[5.122814e-2,5.358709e-2,5.348545e-2,5.309844e-2,5.303496e-2,5.349170e-2,5.335458e-2,5.362095e-2,6.596628e-2,7.305989e-2,7.328701e-2,7.276018e-2,7.295749e-2,7.320709e-2,7.326243e-2,7.287662e-2,6.958704e-2,6.969679e-2,7.385435e-2,7.361067e-2,7.392433e-2,7.389498e-2,7.450996e-2,7.397463e-2,5.652701e-2,6.108414e-2,6.078834e-2,6.029999e-2,6.069152e-2,6.132086e-2,6.100919e-2,6.128509e-2,5.522832e-2,5.326419e-2,5.607571e-2,5.555104e-2,5.523351e-2,5.523749e-2,5.568375e-2,5.598552e-2,4.575151e-2,4.546862e-2,4.514126e-2,4.701036e-2,4.710813e-2,4.695387e-2,4.683918e-2,4.760234e-2]},{"variance_ratio":0.950,"d_res":8,"d_eff":86,"mean_mse":4.843487e-2,"min_mse":3.625883e-2,"max_mse":5.982537e-2,"inflation_over_baseline":0.602635,"per_block_mses":[4.136616e-2,4.334387e-2,4.328692e-2,4.292008e-2,4.264803e-2,4.331727e-2,4.309112e-2,4.341175e-2,5.359561e-2,5.935679e-2,5.955886e-2,5.874574e-2,5.906184e-2,5.926178e-2,5.944629e-2,5.906632e-2,5.588921e-2,5.551993e-2,5.909015e-2,5.899252e-2,5.918125e-2,5.929298e-2,5.982537e-2,5.929818e-2,4.586741e-2,4.952976e-2,4.933800e-2,4.883744e-2,4.935164e-2,4.981103e-2,4.949088e-2,4.971107e-2,4.420165e-2,4.267883e-2,4.511381e-2,4.450633e-2,4.417843e-2,4.423431e-2,4.477261e-2,4.498929e-2,3.692611e-2,3.659439e-2,3.625883e-2,3.783307e-2,3.795607e-2,3.791882e-2,3.774447e-2,3.846146e-2]},{"variance_ratio":0.900,"d_res":0,"d_eff":69,"mean_mse":1.612837e-1,"min_mse":1.179811e-1,"max_mse":2.002151e-1,"inflation_over_baseline":2.006721,"per_block_mses":[1.382628e-1,1.424600e-1,1.417393e-1,1.461207e-1,1.415102e-1,1.417905e-1,1.460853e-1,1.471515e-1,1.825724e-1,1.985042e-1,1.991564e-1,1.998839e-1,2.002151e-1,1.998961e-1,1.986620e-1,1.995593e-1,1.896008e-1,1.994004e-1,1.979299e-1,1.981810e-1,1.984591e-1,1.980724e-1,1.992085e-1,1.987194e-1,1.533770e-1,1.580515e-1,1.575793e-1,1.579959e-1,1.582100e-1,1.583547e-1,1.582174e-1,1.583539e-1,1.453104e-1,1.473417e-1,1.458009e-1,1.459699e-1,1.455941e-1,1.506407e-1,1.514530e-1,1.520496e-1,1.179811e-1,1.228351e-1,1.221660e-1,1.263626e-1,1.268979e-1,1.255893e-1,1.257818e-1,1.265608e-1]},{"variance_ratio":0.900,"d_res":2,"d_eff":69,"mean_mse":1.374171e-1,"min_mse":1.014696e-1,"max_mse":1.698125e-1,"inflation_over_baseline":1.709768,"per_block_mses":[1.183167e-1,1.219955e-1,1.207875e-1,1.248449e-1,1.208311e-1,1.205390e-1,1.246673e-1,1.258341e-1,1.548083e-1,1.682499e-1,1.689706e-1,1.693884e-1,1.692441e-1,1.688281e-1,1.682926e-1,1.686923e-1,1.609517e-1,1.698125e-1,1.676113e-1,1.683339e-1,1.691010e-1,1.681233e-1,1.691632e-1,1.688793e-1,1.321086e-1,1.361454e-1,1.354640e-1,1.355674e-1,1.359242e-1,1.364440e-1,1.364511e-1,1.365642e-1,1.232545e-1,1.246002e-1,1.235535e-1,1.235870e-1,1.235410e-1,1.279185e-1,1.279464e-1,1.289163e-1,1.014696e-1,1.053575e-1,1.046550e-1,1.081696e-1,1.086801e-1,1.073285e-1,1.077217e-1,1.083850e-1]},{"variance_ratio":0.900,"d_res":4,"d_eff":69,"mean_mse":1.218356e-1,"min_mse":9.047552e-2,"max_mse":1.504596e-1,"inflation_over_baseline":1.515900,"per_block_mses":[1.052635e-1,1.083003e-1,1.069099e-1,1.108282e-1,1.069686e-1,1.067251e-1,1.105538e-1,1.115481e-1,1.374338e-1,1.491327e-1,1.496102e-1,1.499470e-1,1.498598e-1,1.491441e-1,1.491429e-1,1.492593e-1,1.425992e-1,1.504596e-1,1.485082e-1,1.491303e-1,1.499634e-1,1.491305e-1,1.498185e-1,1.494695e-1,1.176329e-1,1.213232e-1,1.208090e-1,1.208856e-1,1.212238e-1,1.218652e-1,1.218699e-1,1.219564e-1,1.087488e-1,1.097098e-1,1.087583e-1,1.088147e-1,1.088364e-1,1.127810e-1,1.126960e-1,1.135158e-1,9.047552e-2,9.358659e-2,9.295308e-2,9.606211e-2,9.653344e-2,9.534550e-2,9.572105e-2,9.629652e-2]},{"variance_ratio":0.900,"d_res":8,"d_eff":69,"mean_mse":9.915438e-2,"min_mse":7.412031e-2,"max_mse":1.222982e-1,"inflation_over_baseline":1.233697,"per_block_mses":[8.597971e-2,8.812027e-2,8.678584e-2,9.026257e-2,8.672926e-2,8.648712e-2,8.985799e-2,9.074252e-2,1.125228e-1,1.216401e-1,1.219429e-1,1.221329e-1,1.221995e-1,1.214079e-1,1.216073e-1,1.216451e-1,1.160047e-1,1.222982e-1,1.208075e-1,1.211379e-1,1.220468e-1,1.215811e-1,1.216886e-1,1.213860e-1,9.631802e-2,9.954515e-2,9.929217e-2,9.920486e-2,9.954636e-2,1.001393e-1,1.003827e-1,1.004171e-1,8.732714e-2,8.810264e-2,8.730407e-2,8.733110e-2,8.738032e-2,9.054034e-2,9.048412e-2,9.102025e-2,7.412031e-2,7.640711e-2,7.574262e-2,7.841332e-2,7.876911e-2,7.781667e-2,7.814167e-2,7.864911e-2]},{"variance_ratio":0.850,"d_res":0,"d_eff":58,"mean_mse":2.422216e-1,"min_mse":1.812095e-1,"max_mse":2.996505e-1,"inflation_over_baseline":3.013765,"per_block_mses":[2.088141e-1,2.152232e-1,2.143890e-1,2.132625e-1,2.138233e-1,2.140868e-1,2.194517e-1,2.212829e-1,2.808189e-1,2.951758e-1,2.958153e-1,2.968464e-1,2.983646e-1,2.981291e-1,2.962468e-1,2.965133e-1,2.857582e-1,2.987959e-1,2.974168e-1,2.990296e-1,2.992622e-1,2.980935e-1,2.996505e-1,2.984566e-1,2.300728e-1,2.359053e-1,2.354114e-1,2.358797e-1,2.356836e-1,2.356932e-1,2.433943e-1,2.431013e-1,2.236580e-1,2.201421e-1,2.182720e-1,2.187975e-1,2.194067e-1,2.258695e-1,2.264500e-1,2.273237e-1,1.812095e-1,1.890590e-1,1.885736e-1,1.880033e-1,1.882815e-1,1.867004e-1,1.869868e-1,1.880548e-1]},{"variance_ratio":0.850,"d_res":2,"d_eff":58,"mean_mse":2.067288e-1,"min_mse":1.547218e-1,"max_mse":2.562934e-1,"inflation_over_baseline":2.572158,"per_block_mses":[1.782167e-1,1.832028e-1,1.817904e-1,1.817644e-1,1.822734e-1,1.812850e-1,1.860762e-1,1.878604e-1,2.403355e-1,2.511792e-1,2.526479e-1,2.528350e-1,2.545490e-1,2.536208e-1,2.519990e-1,2.523210e-1,2.439860e-1,2.555498e-1,2.541308e-1,2.562934e-1,2.558152e-1,2.548534e-1,2.555854e-1,2.556285e-1,1.994398e-1,2.037551e-1,2.026362e-1,2.028242e-1,2.028692e-1,2.030368e-1,2.099129e-1,2.096575e-1,1.893025e-1,1.868868e-1,1.852033e-1,1.849751e-1,1.859884e-1,1.913132e-1,1.915514e-1,1.927956e-1,1.547218e-1,1.614302e-1,1.607147e-1,1.604300e-1,1.604668e-1,1.591457e-1,1.595686e-1,1.605579e-1]},{"variance_ratio":0.850,"d_res":4,"d_eff":58,"mean_mse":1.834820e-1,"min_mse":1.373596e-1,"max_mse":2.280593e-1,"inflation_over_baseline":2.282917,