{"n_vecs":24576,"dim":128,"n_blocks":48,"block_size":512,"baseline_mse":6.851610e-2,"cells":[{"variance_ratio":0.950,"d_res":0,"d_eff":84,"mean_mse":6.851610e-2,"min_mse":4.979921e-2,"max_mse":8.414283e-2,"inflation_over_baseline":1.000000,"per_block_mses":[5.427858e-2,5.778364e-2,6.050361e-2,6.149194e-2,6.035937e-2,6.123799e-2,5.884818e-2,5.924250e-2,6.681782e-2,7.261342e-2,7.409777e-2,7.489018e-2,7.436500e-2,7.478149e-2,7.479682e-2,7.519848e-2,6.784706e-2,7.409742e-2,7.476604e-2,7.302064e-2,7.266563e-2,7.279248e-2,7.322641e-2,7.040138e-2,6.524146e-2,6.987849e-2,7.012153e-2,7.119086e-2,7.062400e-2,6.771945e-2,6.800663e-2,6.870754e-2,4.979921e-2,5.576832e-2,5.645711e-2,5.699354e-2,5.724820e-2,5.707920e-2,5.734354e-2,5.751181e-2,7.681335e-2,8.237392e-2,8.414283e-2,8.380269e-2,8.114886e-2,8.037877e-2,8.043824e-2,7.985926e-2]},{"variance_ratio":0.950,"d_res":2,"d_eff":84,"mean_mse":5.865541e-2,"min_mse":4.290180e-2,"max_mse":7.177999e-2,"inflation_over_baseline":0.856082,"per_block_mses":[4.667916e-2,4.948881e-2,5.187365e-2,5.284698e-2,5.185239e-2,5.271073e-2,5.049936e-2,5.094849e-2,5.733308e-2,6.211343e-2,6.294360e-2,6.392751e-2,6.370990e-2,6.359911e-2,6.346611e-2,6.397709e-2,5.792027e-2,6.316203e-2,6.355570e-2,6.207975e-2,6.165857e-2,6.206543e-2,6.231757e-2,5.985802e-2,5.668528e-2,6.088256e-2,6.101121e-2,6.193642e-2,6.130080e-2,5.869814e-2,5.907913e-2,5.947047e-2,4.290180e-2,4.748356e-2,4.790910e-2,4.865187e-2,4.848497e-2,4.851790e-2,4.891324e-2,4.888366e-2,6.589194e-2,7.051958e-2,7.177999e-2,7.156721e-2,6.927894e-2,6.860092e-2,6.848743e-2,6.793669e-2]},{"variance_ratio":0.950,"d_res":4,"d_eff":84,"mean_mse":5.214813e-2,"min_mse":3.819300e-2,"max_mse":6.376355e-2,"inflation_over_baseline":0.761108,"per_block_mses":[4.165380e-2,4.401823e-2,4.613336e-2,4.709590e-2,4.618319e-2,4.682210e-2,4.491198e-2,4.531177e-2,5.108774e-2,5.503885e-2,5.567189e-2,5.671063e-2,5.656909e-2,5.628646e-2,5.611038e-2,5.664284e-2,5.135949e-2,5.605181e-2,5.623071e-2,5.489257e-2,5.452925e-2,5.491267e-2,5.505259e-2,5.293253e-2,5.085556e-2,5.479024e-2,5.472375e-2,5.557763e-2,5.494788e-2,5.265048e-2,5.291948e-2,5.325341e-2,3.819300e-2,4.210031e-2,4.239908e-2,4.315706e-2,4.290683e-2,4.296498e-2,4.349864e-2,4.336990e-2,5.877223e-2,6.278861e-2,6.376355e-2,6.356554e-2,6.162558e-2,6.091373e-2,6.083195e-2,6.033109e-2]},{"variance_ratio":0.950,"d_res":8,"d_eff":84,"mean_mse":4.261176e-2,"min_mse":3.128919e-2,"max_mse":5.215580e-2,"inflation_over_baseline":0.621923,"per_block_mses":[3.421431e-2,3.589000e-2,3.757484e-2,3.856253e-2,3.781706e-2,3.824269e-2,3.665087e-2,3.700328e-2,4.174162e-2,4.458895e-2,4.511325e-2,4.613386e-2,4.599157e-2,4.571830e-2,4.543575e-2,4.598324e-2,4.172844e-2,4.571246e-2,4.570457e-2,4.453306e-2,4.424380e-2,4.454710e-2,4.463830e-2,4.291381e-2,4.211259e-2,4.558661e-2,4.530919e-2,4.597068e-2,4.533196e-2,4.351626e-2,4.373051e-2,4.392835e-2,3.128919e-2,3.423511e-2,3.441786e-2,3.511142e-2,3.495637e-2,3.488675e-2,3.550349e-2,3.538475e-2,4.825422e-2,5.155886e-2,5.215580e-2,5.198864e-2,5.045642e-2,4.981771e-2,4.985119e-2,4.932709e-2]},{"variance_ratio":0.900,"d_res":0,"d_eff":65,"mean_mse":1.377117e-1,"min_mse":1.007104e-1,"max_mse":1.688376e-1,"inflation_over_baseline":2.009917,"per_block_mses":[1.067920e-1,1.143970e-1,1.186659e-1,1.200207e-1,1.220094e-1,1.225015e-1,1.197708e-1,1.167338e-1,1.355917e-1,1.483938e-1,1.513422e-1,1.519841e-1,1.519642e-1,1.513236e-1,1.523537e-1,1.480661e-1,1.350407e-1,1.513540e-1,1.500191e-1,1.476943e-1,1.471843e-1,1.424878e-1,1.431596e-1,1.421605e-1,1.331395e-1,1.389798e-1,1.392279e-1,1.399871e-1,1.389310e-1,1.392381e-1,1.408968e-1,1.416407e-1,1.007104e-1,1.125666e-1,1.168671e-1,1.186344e-1,1.149649e-1,1.145719e-1,1.151540e-1,1.131558e-1,1.530342e-1,1.688376e-1,1.677851e-1,1.667067e-1,1.623800e-1,1.602357e-1,1.614824e-1,1.600228e-1]},{"variance_ratio":0.900,"d_res":2,"d_eff":65,"mean_mse":1.188650e-1,"min_mse":8.686902e-2,"max_mse":1.451901e-1,"inflation_over_baseline":1.734848,"per_block_mses":[9.234669e-2,9.884306e-2,1.025902e-1,1.036411e-1,1.054594e-1,1.055708e-1,1.039013e-1,1.009687e-1,1.171058e-1,1.278444e-1,1.296381e-1,1.304460e-1,1.305238e-1,1.301244e-1,1.306763e-1,1.268692e-1,1.162656e-1,1.306179e-1,1.296238e-1,1.279480e-1,1.270914e-1,1.234533e-1,1.235098e-1,1.223824e-1,1.159956e-1,1.207677e-1,1.210454e-1,1.223227e-1,1.209824e-1,1.212986e-1,1.229441e-1,1.232346e-1,8.686902e-2,9.698638e-2,1.004603e-1,1.025174e-1,9.922079e-2,9.883202e-2,9.943758e-2,9.727143e-2,1.321091e-1,1.451901e-1,1.437143e-1,1.430585e-1,1.397529e-1,1.375340e-1,1.386657e-1,1.378671e-1]},{"variance_ratio":0.900,"d_res":4,"d_eff":65,"mean_mse":1.062710e-1,"min_mse":7.765007e-2,"max_mse":1.294545e-1,"inflation_over_baseline":1.551037,"per_block_mses":[8.264334e-2,8.833300e-2,9.168910e-2,9.263818e-2,9.447655e-2,9.422129e-2,9.309276e-2,9.037481e-2,1.047707e-1,1.140093e-1,1.153619e-1,1.162276e-1,1.163055e-1,1.159510e-1,1.163492e-1,1.128861e-1,1.037474e-1,1.168975e-1,1.160715e-1,1.147054e-1,1.138132e-1,1.105649e-1,1.103556e-1,1.092366e-1,1.045016e-1,1.085700e-1,1.088338e-1,1.099635e-1,1.088390e-1,1.090550e-1,1.106880e-1,1.107823e-1,7.765007e-2,8.646535e-2,8.954736e-2,9.157133e-2,8.850505e-2,8.824940e-2,8.892990e-2,8.683812e-2,1.182257e-1,1.294545e-1,1.279291e-1,1.275718e-1,1.245416e-1,1.226137e-1,1.238964e-1,1.230624e-1]},{"variance_ratio":0.900,"d_res":8,"d_eff":65,"mean_mse":8.763449e-2,"min_mse":6.412771e-2,"max_mse":1.064541e-1,"inflation_over_baseline":1.279035,"per_block_mses":[6.832038e-2,7.283910e-2,7.539140e-2,7.635443e-2,7.805037e-2,7.760388e-2,7.689717e-2,7.457944e-2,8.648052e-2,9.352245e-2,9.433095e-2,9.526535e-2,9.527437e-2,9.492140e-2,9.534727e-2,9.224863e-2,8.555782e-2,9.671087e-2,9.611891e-2,9.482710e-2,9.424708e-2,9.133361e-2,9.085423e-2,8.997548e-2,8.712966e-2,9.037955e-2,9.044594e-2,9.148208e-2,9.064708e-2,9.072827e-2,9.228586e-2,9.205117e-2,6.412771e-2,7.094195e-2,7.346882e-2,7.528108e-2,7.271541e-2,7.241295e-2,7.323585e-2,7.153575e-2,9.764356e-2,1.064541e-1,1.050780e-1,1.048711e-1,1.023622e-1,1.006911e-1,1.021237e-1,1.013104e-1]},{"variance_ratio":0.850,"d_res":0,"d_eff":52,"mean_mse":2.067248e-1,"min_mse":1.515202e-1,"max_mse":2.533030e-1,"inflation_over_baseline":3.017171,"per_block_mses":[1.636242e-1,1.710560e-1,1.773446e-1,1.832309e-1,1.808945e-1,1.813593e-1,1.826111e-1,1.795106e-1,2.005570e-1,2.200448e-1,2.254235e-1,2.331895e-1,2.264726e-1,2.251567e-1,2.262387e-1,2.272241e-1,2.010577e-1,2.264766e-1,2.234034e-1,2.184320e-1,2.180066e-1,2.145512e-1,2.177582e-1,2.141181e-1,1.980137e-1,2.073090e-1,2.085274e-1,2.087659e-1,2.075238e-1,2.078281e-1,2.095579e-1,2.111723e-1,1.515202e-1,1.688381e-1,1.753191e-1,1.733170e-1,1.738718e-1,1.731179e-1,1.733716e-1,1.715180e-1,2.348290e-1,2.532815e-1,2.533030e-1,2.514738e-1,2.453835e-1,2.426926e-1,2.434992e-1,2.410126e-1]},{"variance_ratio":0.850,"d_res":2,"d_eff":52,"mean_mse":1.789344e-1,"min_mse":1.312830e-1,"max_mse":2.191835e-1,"inflation_over_baseline":2.611567,"per_block_mses":[1.419530e-1,1.479967e-1,1.540342e-1,1.591712e-1,1.569835e-1,1.573614e-1,1.587365e-1,1.559232e-1,1.738173e-1,1.909133e-1,1.947278e-1,2.019607e-1,1.957678e-1,1.946651e-1,1.957610e-1,1.971805e-1,1.729379e-1,1.955309e-1,1.934496e-1,1.897476e-1,1.890272e-1,1.858149e-1,1.885664e-1,1.849173e-1,1.717998e-1,1.792560e-1,1.805906e-1,1.810256e-1,1.803724e-1,1.799481e-1,1.816933e-1,1.834307e-1,1.312830e-1,1.456080e-1,1.514613e-1,1.491140e-1,1.499875e-1,1.493811e-1,1.494770e-1,1.477089e-1,2.035541e-1,2.191835e-1,2.191480e-1,2.173148e-1,2.119397e-1,2.099500e-1,2.101789e-1,2.084992e-1]},{"variance_ratio":0.850,"d_res":4,"d_eff":52,"mean_mse":1.603580e-1,"min_mse":1.177664e-1,"max_mse":1.960006e-1,"inflation_over_baseline":2.340443,