{"n_vecs":24576,"dim":128,"n_blocks":48,"block_size":512,"baseline_mse":5.127884e-2,"cells":[{"variance_ratio":0.950,"d_res":0,"d_eff":81,"mean_mse":5.127884e-2,"min_mse":3.260832e-2,"max_mse":6.344444e-2,"inflation_over_baseline":1.000000,"per_block_mses":[4.282965e-2,4.712092e-2,4.749723e-2,4.743001e-2,4.722373e-2,4.732291e-2,4.735042e-2,4.781602e-2,3.260832e-2,3.738521e-2,3.814400e-2,3.832556e-2,3.849292e-2,3.843906e-2,3.796363e-2,3.806375e-2,5.804188e-2,6.016914e-2,6.000876e-2,6.012562e-2,6.017760e-2,6.056111e-2,6.033449e-2,6.042411e-2,5.614706e-2,5.817678e-2,5.804624e-2,5.820179e-2,5.757090e-2,5.822461e-2,5.842644e-2,5.846377e-2,4.135035e-2,4.184100e-2,4.216204e-2,4.366450e-2,4.381804e-2,4.364282e-2,4.347035e-2,4.343090e-2,5.984073e-2,6.276641e-2,6.245638e-2,6.298678e-2,6.344444e-2,6.275101e-2,6.321284e-2,6.343207e-2]},{"variance_ratio":0.950,"d_res":2,"d_eff":81,"mean_mse":4.305868e-2,"min_mse":2.761758e-2,"max_mse":5.336810e-2,"inflation_over_baseline":0.839697,"per_block_mses":[3.610009e-2,3.942699e-2,3.996304e-2,3.975532e-2,3.954010e-2,3.966901e-2,3.986536e-2,4.024072e-2,2.761758e-2,3.154091e-2,3.223709e-2,3.225106e-2,3.253015e-2,3.245021e-2,3.203226e-2,3.206012e-2,4.905885e-2,5.077537e-2,5.059251e-2,5.061767e-2,5.058544e-2,5.104859e-2,5.079604e-2,5.099772e-2,4.671497e-2,4.860091e-2,4.829843e-2,4.861979e-2,4.789952e-2,4.855920e-2,4.860650e-2,4.867112e-2,3.464498e-2,3.513031e-2,3.542293e-2,3.674821e-2,3.694638e-2,3.663831e-2,3.657120e-2,3.649459e-2,5.020003e-2,5.273810e-2,5.229255e-2,5.308242e-2,5.312092e-2,5.254631e-2,5.314870e-2,5.336810e-2]},{"variance_ratio":0.950,"d_res":4,"d_eff":81,"mean_mse":3.773954e-2,"min_mse":2.442476e-2,"max_mse":4.673825e-2,"inflation_over_baseline":0.735967,"per_block_mses":[3.187655e-2,3.464644e-2,3.512229e-2,3.497019e-2,3.475984e-2,3.488832e-2,3.513527e-2,3.546035e-2,2.442476e-2,2.781980e-2,2.837101e-2,2.834927e-2,2.864404e-2,2.860453e-2,2.824197e-2,2.824254e-2,4.296697e-2,4.455197e-2,4.426169e-2,4.422078e-2,4.416799e-2,4.465599e-2,4.448922e-2,4.465648e-2,4.063148e-2,4.232826e-2,4.199623e-2,4.240990e-2,4.160887e-2,4.231239e-2,4.233327e-2,4.236747e-2,3.047976e-2,3.088965e-2,3.114825e-2,3.232401e-2,3.256185e-2,3.230467e-2,3.216293e-2,3.212144e-2,4.392472e-2,4.616394e-2,4.569032e-2,4.654837e-2,4.642421e-2,4.593260e-2,4.656708e-2,4.673825e-2]},{"variance_ratio":0.950,"d_res":8,"d_eff":81,"mean_mse":3.007939e-2,"min_mse":1.979623e-2,"max_mse":3.715313e-2,"inflation_over_baseline":0.586585,"per_block_mses":[2.574807e-2,2.780689e-2,2.820626e-2,2.816486e-2,2.794036e-2,2.804126e-2,2.830597e-2,2.855954e-2,1.979623e-2,2.240220e-2,2.280126e-2,2.277672e-2,2.310755e-2,2.304449e-2,2.277597e-2,2.271650e-2,3.409144e-2,3.549827e-2,3.518493e-2,3.506907e-2,3.495390e-2,3.540955e-2,3.536532e-2,3.539619e-2,3.197828e-2,3.329543e-2,3.299965e-2,3.347208e-2,3.264398e-2,3.331301e-2,3.326916e-2,3.337172e-2,2.447778e-2,2.478505e-2,2.501769e-2,2.591933e-2,2.616541e-2,2.602665e-2,2.586316e-2,2.585339e-2,3.484419e-2,3.664753e-2,3.623945e-2,3.704889e-2,3.686673e-2,3.640653e-2,3.698980e-2,3.715313e-2]},{"variance_ratio":0.900,"d_res":0,"d_eff":65,"mean_mse":1.036270e-1,"min_mse":6.585585e-2,"max_mse":1.258556e-1,"inflation_over_baseline":2.020854,"per_block_mses":[8.875195e-2,9.359608e-2,9.758330e-2,9.760653e-2,9.776482e-2,9.766548e-2,9.747099e-2,9.475979e-2,6.585585e-2,7.335596e-2,7.782873e-2,7.556745e-2,7.815415e-2,7.798967e-2,7.743797e-2,7.812774e-2,1.215185e-1,1.204775e-1,1.251116e-1,1.251830e-1,1.250012e-1,1.257413e-1,1.256248e-1,1.258556e-1,1.137226e-1,1.178416e-1,1.177842e-1,1.173895e-1,1.169825e-1,1.175136e-1,1.179077e-1,1.184621e-1,8.102658e-2,8.396980e-2,8.427083e-2,8.723349e-2,8.702769e-2,8.622204e-2,8.664842e-2,8.684627e-2,1.185974e-1,1.240753e-1,1.230133e-1,1.246068e-1,1.245977e-1,1.240154e-1,1.251476e-1,1.251649e-1]},{"variance_ratio":0.900,"d_res":2,"d_eff":65,"mean_mse":8.796129e-2,"min_mse":5.634515e-2,"max_mse":1.081619e-1,"inflation_over_baseline":1.715353,"per_block_mses":[7.571129e-2,7.942679e-2,8.308571e-2,8.299770e-2,8.296370e-2,8.314009e-2,8.280713e-2,8.042205e-2,5.634515e-2,6.229551e-2,6.607695e-2,6.379798e-2,6.631669e-2,6.624209e-2,6.609826e-2,6.637818e-2,1.040916e-1,1.033075e-1,1.072727e-1,1.072567e-1,1.070888e-1,1.081619e-1,1.077111e-1,1.080752e-1,9.562665e-2,9.903653e-2,9.929704e-2,9.857996e-2,9.801235e-2,9.864324e-2,9.905417e-2,9.965875e-2,6.824097e-2,7.090979e-2,7.142907e-2,7.388312e-2,7.355992e-2,7.280967e-2,7.339745e-2,7.363181e-2,1.006685e-1,1.053475e-1,1.043945e-1,1.060482e-1,1.052747e-1,1.051121e-1,1.061982e-1,1.062571e-1]},{"variance_ratio":0.900,"d_res":4,"d_eff":65,"mean_mse":7.773650e-2,"min_mse":5.012598e-2,"max_mse":9.592689e-2,"inflation_over_baseline":1.515957,"per_block_mses":[6.735974e-2,7.048439e-2,7.382180e-2,7.368492e-2,7.341562e-2,7.377658e-2,7.336583e-2,7.127409e-2,5.012598e-2,5.524632e-2,5.865229e-2,5.649872e-2,5.882537e-2,5.880985e-2,5.874668e-2,5.899690e-2,9.223938e-2,9.158002e-2,9.509610e-2,9.494925e-2,9.490324e-2,9.592689e-2,9.548435e-2,9.584479e-2,8.392385e-2,8.690501e-2,8.720551e-2,8.649896e-2,8.584498e-2,8.645657e-2,8.701014e-2,8.748302e-2,5.995929e-2,6.237270e-2,6.299236e-2,6.517541e-2,6.479072e-2,6.413048e-2,6.478656e-2,6.496867e-2,8.889711e-2,9.303113e-2,9.214848e-2,9.398479e-2,9.309654e-2,9.295484e-2,9.385528e-2,9.377072e-2]},{"variance_ratio":0.900,"d_res":8,"d_eff":65,"mean_mse":6.287509e-2,"min_mse":4.099252e-2,"max_mse":7.771983e-2,"inflation_over_baseline":1.226141,"per_block_mses":[5.518666e-2,5.743888e-2,6.035600e-2,6.015324e-2,5.975557e-2,6.016772e-2,5.976844e-2,5.808536e-2,4.099252e-2,4.505683e-2,4.789478e-2,4.603089e-2,4.807290e-2,4.798767e-2,4.799884e-2,4.833147e-2,7.471318e-2,7.425368e-2,7.707339e-2,7.676774e-2,7.689801e-2,7.771983e-2,7.735216e-2,7.768065e-2,6.697965e-2,6.924389e-2,6.989310e-2,6.910531e-2,6.850005e-2,6.884358e-2,6.949095e-2,6.981948e-2,4.825364e-2,5.017621e-2,5.093023e-2,5.258379e-2,5.243632e-2,5.177201e-2,5.238371e-2,5.256162e-2,7.182049e-2,7.503947e-2,7.439735e-2,7.617917e-2,7.532402e-2,7.518835e-2,7.580901e-2,7.553674e-2]},{"variance_ratio":0.850,"d_res":0,"d_eff":53,"mean_mse":1.556700e-1,"min_mse":9.988751e-2,"max_mse":1.905490e-1,"inflation_over_baseline":3.035755,"per_block_mses":[1.334534e-1,1.423515e-1,1.434896e-1,1.435751e-1,1.440517e-1,1.443480e-1,1.432512e-1,1.442007e-1,9.988751e-2,1.097366e-1,1.160252e-1,1.170961e-1,1.170079e-1,1.170148e-1,1.157036e-1,1.168727e-1,1.774550e-1,1.830723e-1,1.826887e-1,1.886716e-1,1.882761e-1,1.894315e-1,1.893784e-1,1.897177e-1,1.765182e-1,1.761806e-1,1.761799e-1,1.816865e-1,1.818610e-1,1.823714e-1,1.767270e-1,1.772681e-1,1.257342e-1,1.253513e-1,1.307615e-1,1.299391e-1,1.290383e-1,1.279591e-1,1.279529e-1,1.285102e-1,1.773796e-1,1.853022e-1,1.837575e-1,1.851478e-1,1.857187e-1,1.905490e-1,1.865927e-1,1.869164e-1]},{"variance_ratio":0.850,"d_res":2,"d_eff":53,"mean_mse":1.323914e-1,"min_mse":8.585404e-2,"max_mse":1.616606e-1,"inflation_over_baseline":2.581793,"per_block_mses":[1.153791e-1,1.230188e-1,1.237928e-1,1.240733e-1,1.244807e-1,1.249298e-1,1.236950e-1,1.245771e-1,8.585404e-2,9.422382e-2,9.964404e-2,1.006579e-1,1.005028e-1,1.003271e-1,9.950321e-2,1.005576e-1,1.512563e-1,1.557500e-1,1.554994e-1,1.608052e-1,1.603973e-1,1.608709e-1,1.613072e-1,1.616606e-1,1.484961e-1,1.476889e-1,1.477678e-1,1.518654e-1,1.521187e-1,1.524510e-1,1.483069e-1,1.485965e-1,1.062347e-1,1.058873e-1,1.104623e-1,1.097129e-1,1.087771e-1,1.084175e-1,1.083431e-1,1.084608e-1,1.509980e-1,1.573030e-1,1.563076e-1,1.575584e-1,1.578423e-1,1.612595e-1,1.584507e-1,1.587151e-1]},{"variance_ratio":0.850,"d_res":4,"d_eff":53,"mean_mse":1.171678e-1,"min_mse":7.663591e-2,"max_mse":1.429923e-1,"inflation_over_baseline":2.284916,