{"n_vecs":24576,"dim":128,"n_blocks":48,"block_size":512,"baseline_mse":2.673495e-2,"cells":[{"variance_ratio":0.950,"d_res":0,"d_eff":48,"mean_mse":2.673495e-2,"min_mse":1.491834e-2,"max_mse":6.399759e-2,"inflation_over_baseline":1.000000,"per_block_mses":[6.390179e-2,5.973031e-2,6.376102e-2,6.382778e-2,5.995732e-2,5.938715e-2,6.390080e-2,6.399759e-2,1.501420e-2,1.587081e-2,1.596212e-2,1.491834e-2,1.514344e-2,1.575043e-2,1.514500e-2,1.591139e-2,2.512550e-2,2.506944e-2,2.516251e-2,2.498902e-2,2.501902e-2,2.497138e-2,2.521471e-2,2.493924e-2,2.047159e-2,2.054357e-2,2.166079e-2,2.140523e-2,2.173075e-2,2.136137e-2,2.055305e-2,2.157109e-2,1.569015e-2,1.553711e-2,1.575080e-2,1.556260e-2,1.573612e-2,1.552799e-2,1.571956e-2,1.546994e-2,2.074324e-2,2.066210e-2,2.132049e-2,1.984807e-2,2.127430e-2,2.064349e-2,2.113484e-2,2.068911e-2]},{"variance_ratio":0.950,"d_res":2,"d_eff":48,"mean_mse":2.134948e-2,"min_mse":1.214225e-2,"max_mse":5.132774e-2,"inflation_over_baseline":0.798561,"per_block_mses":[5.120337e-2,4.679959e-2,5.095005e-2,5.132774e-2,4.731955e-2,4.679952e-2,5.100617e-2,5.108858e-2,1.231266e-2,1.302270e-2,1.312953e-2,1.228240e-2,1.248913e-2,1.289547e-2,1.240647e-2,1.302611e-2,2.010243e-2,2.007979e-2,2.023780e-2,2.002506e-2,2.013018e-2,2.005986e-2,2.029550e-2,2.002119e-2,1.668774e-2,1.672240e-2,1.773910e-2,1.747767e-2,1.779129e-2,1.744745e-2,1.676271e-2,1.767301e-2,1.223834e-2,1.217475e-2,1.240811e-2,1.220393e-2,1.236878e-2,1.218188e-2,1.224524e-2,1.214225e-2,1.616043e-2,1.628887e-2,1.660329e-2,1.542440e-2,1.640252e-2,1.604626e-2,1.634371e-2,1.623027e-2]},{"variance_ratio":0.950,"d_res":4,"d_eff":48,"mean_mse":1.821848e-2,"min_mse":1.012271e-2,"max_mse":4.378435e-2,"inflation_over_baseline":0.681448,"per_block_mses":[4.378073e-2,3.956080e-2,4.347971e-2,4.378435e-2,4.000911e-2,3.974856e-2,4.363286e-2,4.360337e-2,1.066587e-2,1.129124e-2,1.139878e-2,1.069705e-2,1.083983e-2,1.117557e-2,1.074508e-2,1.130106e-2,1.726184e-2,1.725932e-2,1.734095e-2,1.719260e-2,1.729039e-2,1.720166e-2,1.744069e-2,1.720252e-2,1.438978e-2,1.440980e-2,1.530924e-2,1.512228e-2,1.538350e-2,1.505688e-2,1.444300e-2,1.526816e-2,1.020779e-2,1.016134e-2,1.041590e-2,1.020677e-2,1.039670e-2,1.017514e-2,1.020116e-2,1.012271e-2,1.362050e-2,1.379565e-2,1.404231e-2,1.304065e-2,1.376097e-2,1.356907e-2,1.374035e-2,1.374331e-2]},{"variance_ratio":0.950,"d_res":8,"d_eff":48,"mean_mse":1.406878e-2,"min_mse":7.597565e-3,"max_mse":3.377390e-2,"inflation_over_baseline":0.526232,"per_block_mses":[3.377390e-2,2.986820e-2,3.339615e-2,3.366032e-2,3.027733e-2,3.027443e-2,3.364769e-2,3.359269e-2,8.428417e-3,8.908225e-3,9.019996e-3,8.499443e-3,8.556084e-3,8.821400e-3,8.495217e-3,8.922052e-3,1.351643e-2,1.350545e-2,1.352940e-2,1.343854e-2,1.350963e-2,1.340814e-2,1.363868e-2,1.347547e-2,1.126155e-2,1.130552e-2,1.197408e-2,1.186324e-2,1.206574e-2,1.179053e-2,1.131183e-2,1.202284e-2,7.651878e-3,7.597565e-3,7.861988e-3,7.689374e-3,7.871443e-3,7.632484e-3,7.632387e-3,7.612381e-3,1.047889e-2,1.064573e-2,1.074707e-2,1.001693e-2,1.050042e-2,1.045754e-2,1.052845e-2,1.061819e-2]},{"variance_ratio":0.900,"d_res":0,"d_eff":36,"mean_mse":5.296301e-2,"min_mse":3.023902e-2,"max_mse":1.281630e-1,"inflation_over_baseline":1.981040,"per_block_mses":[1.210534e-1,1.204734e-1,1.205292e-1,1.281630e-1,1.211706e-1,1.203173e-1,1.212904e-1,1.204652e-1,3.055460e-2,3.180725e-2,3.189548e-2,3.023902e-2,3.051993e-2,3.159195e-2,3.074697e-2,3.187563e-2,5.060780e-2,5.080094e-2,5.094290e-2,5.069929e-2,5.078640e-2,5.076140e-2,5.068643e-2,5.070425e-2,4.116040e-2,4.127523e-2,4.352630e-2,4.282993e-2,4.370567e-2,4.318791e-2,4.131879e-2,4.103606e-2,3.084195e-2,3.078824e-2,3.095323e-2,3.201603e-2,3.090659e-2,3.196176e-2,3.095252e-2,3.066181e-2,4.061122e-2,4.026676e-2,4.112307e-2,4.127955e-2,4.133260e-2,4.025097e-2,4.133490e-2,4.022020e-2]},{"variance_ratio":0.900,"d_res":2,"d_eff":36,"mean_mse":4.253623e-2,"min_mse":2.445935e-2,"max_mse":1.034369e-1,"inflation_over_baseline":1.591034,"per_block_mses":[9.795007e-2,9.733671e-2,9.774898e-2,1.034369e-1,9.820307e-2,9.763960e-2,9.784395e-2,9.699620e-2,2.464440e-2,2.574433e-2,2.583217e-2,2.445935e-2,2.465437e-2,2.548890e-2,2.475318e-2,2.579504e-2,4.068006e-2,4.087163e-2,4.093194e-2,4.068254e-2,4.084156e-2,4.075962e-2,4.078180e-2,4.070279e-2,3.380126e-2,3.374432e-2,3.549000e-2,3.495514e-2,3.574723e-2,3.497380e-2,3.393127e-2,3.349773e-2,2.478544e-2,2.479760e-2,2.489964e-2,2.573710e-2,2.487685e-2,2.566656e-2,2.486152e-2,2.462657e-2,3.111644e-2,3.079360e-2,3.159763e-2,3.152329e-2,3.176204e-2,3.093548e-2,3.202195e-2,3.081737e-2]},{"variance_ratio":0.900,"d_res":4,"d_eff":36,"mean_mse":3.628300e-2,"min_mse":2.086100e-2,"max_mse":8.902777e-2,"inflation_over_baseline":1.357137,"per_block_mses":[8.451588e-2,8.376120e-2,8.417501e-2,8.902777e-2,8.474481e-2,8.427181e-2,8.416560e-2,8.327191e-2,2.098828e-2,2.194832e-2,2.200244e-2,2.086100e-2,2.093732e-2,2.173552e-2,2.105924e-2,2.203114e-2,3.445425e-2,3.458875e-2,3.464652e-2,3.443425e-2,3.464614e-2,3.439621e-2,3.455565e-2,3.450398e-2,2.925240e-2,2.918953e-2,3.068994e-2,3.012684e-2,3.092858e-2,3.012080e-2,2.938486e-2,2.892079e-2,2.108116e-2,2.103145e-2,2.108928e-2,2.192210e-2,2.117736e-2,2.177949e-2,2.109579e-2,2.090145e-2,2.571346e-2,2.540428e-2,2.615205e-2,2.598767e-2,2.620666e-2,2.565252e-2,2.664187e-2,2.541087e-2]},{"variance_ratio":0.900,"d_res":8,"d_eff":36,"mean_mse":2.792303e-2,"min_mse":1.590639e-2,"max_mse":6.964482e-2,"inflation_over_baseline":1.044439,"per_block_mses":[6.612334e-2,6.541907e-2,6.578166e-2,6.964482e-2,6.632358e-2,6.583494e-2,6.583263e-2,6.494698e-2,1.603006e-2,1.677125e-2,1.680544e-2,1.602858e-2,1.595434e-2,1.659780e-2,1.609522e-2,1.685270e-2,2.609592e-2,2.621940e-2,2.627479e-2,2.613684e-2,2.634934e-2,2.605719e-2,2.614991e-2,2.618914e-2,2.296424e-2,2.294642e-2,2.413010e-2,2.353991e-2,2.425941e-2,2.358822e-2,2.302712e-2,2.264064e-2,1.614727e-2,1.598568e-2,1.600068e-2,1.679255e-2,1.617876e-2,1.654464e-2,1.604359e-2,1.590639e-2,1.898393e-2,1.879891e-2,1.922871e-2,1.917344e-2,1.931899e-2,1.900038e-2,1.981870e-2,1.877156e-2]},{"variance_ratio":0.850,"d_res":0,"d_eff":28,"mean_mse":8.062921e-2,"min_mse":4.599406e-2,"max_mse":1.922763e-1,"inflation_over_baseline":3.015873,"per_block_mses":[1.922763e-1,1.920154e-1,1.915422e-1,1.914563e-1,1.918703e-1,1.907393e-1,1.826506e-1,1.918456e-1,4.679371e-2,4.652455e-2,4.682317e-2,4.641138e-2,4.648329e-2,4.629240e-2,4.701342e-2,4.665026e-2,7.438079e-2,7.463470e-2,7.536158e-2,7.486901e-2,7.505034e-2,7.493404e-2,7.447964e-2,7.471408e-2,6.190895e-2,6.195734e-2,6.186761e-2,6.460867e-2,6.190575e-2,6.129845e-2,6.218438e-2,6.164370e-2,4.635869e-2,4.612236e-2,4.816480e-2,4.784140e-2,4.833428e-2,4.800600e-2,4.646937e-2,4.599406e-2,6.196785e-2,6.179911e-2,6.306083e-2,6.328165e-2,6.328467e-2,6.184136e-2,6.271803e-2,6.177018e-2]},{"variance_ratio":0.850,"d_res":2,"d_eff":28,"mean_mse":6.517552e-2,"min_mse":3.785329e-2,"max_mse":1.548306e-1,"inflation_over_baseline":2.437839,"per_block_mses":[1.548306e-1,1.533233e-1,1.531832e-1,1.533657e-1,1.539110e-1,1.542172e-1,1.469606e-1,1.533737e-1,3.829508e-2,3.816135e-2,3.847729e-2,3.814278e-2,3.819451e-2,3.785329e-2,3.848115e-2,3.823528e-2,6.119691e-2,6.133207e-2,6.176039e-2,6.121981e-2,6.144711e-2,6.159285e-2,6.117682e-2,6.128040e-2,5.000025e-2,5.027514e-2,5.037951e-2,5.229028e-2,4.959794e-2,4.937920e-2,5.015503e-2,5.002543e-2,3.844439e-2,3.808398e-2,4.000074e-2,3.974550e-2,4.017491e-2,3.994814e-2,3.853905e-2,3.803473e-2,4.860187e-2,4.861385e-2,4.975779e-2,4.982081e-2,4.979691e-2,4.877496e-2,4.950586e-2,4.846614e-2]},{"variance_ratio":0.850,"d_res":4,"d_eff":28,"mean_mse":5.554407e-2,"min_mse":3.239835e-2,"max_mse":1.319402e-1,"inflation_over_baseline":2.077583,