{"n_vecs":24576,"dim":128,"n_blocks":48,"block_size":512,"baseline_mse":6.646190e-2,"cells":[{"variance_ratio":0.950,"d_res":0,"d_eff":84,"mean_mse":6.646190e-2,"min_mse":5.326915e-2,"max_mse":7.633131e-2,"inflation_over_baseline":1.000000,"per_block_mses":[5.996900e-2,6.375689e-2,6.580335e-2,6.613712e-2,6.648691e-2,6.663902e-2,6.502258e-2,6.571740e-2,6.710468e-2,6.975883e-2,6.987772e-2,6.860047e-2,6.907164e-2,6.813339e-2,6.886849e-2,6.789717e-2,5.326915e-2,5.452280e-2,5.622061e-2,5.588987e-2,5.598003e-2,5.672646e-2,5.724177e-2,5.783379e-2,6.369984e-2,6.657601e-2,6.815326e-2,6.769836e-2,6.819238e-2,6.835828e-2,6.754110e-2,6.694983e-2,7.059634e-2,7.520305e-2,7.633131e-2,7.444876e-2,7.485782e-2,7.508188e-2,7.500123e-2,7.312886e-2,6.386964e-2,6.657687e-2,6.734134e-2,6.872704e-2,6.862136e-2,6.792205e-2,6.853938e-2,7.022595e-2]},{"variance_ratio":0.950,"d_res":2,"d_eff":84,"mean_mse":5.664108e-2,"min_mse":4.587804e-2,"max_mse":6.446075e-2,"inflation_over_baseline":0.852234,"per_block_mses":[5.146503e-2,5.472409e-2,5.640121e-2,5.682951e-2,5.724611e-2,5.702376e-2,5.569982e-2,5.625222e-2,5.760716e-2,5.996049e-2,6.006152e-2,5.923396e-2,5.931704e-2,5.851507e-2,5.919089e-2,5.823970e-2,4.587804e-2,4.672646e-2,4.803382e-2,4.806220e-2,4.818754e-2,4.900835e-2,4.940409e-2,4.974950e-2,5.399096e-2,5.657047e-2,5.769236e-2,5.736152e-2,5.793641e-2,5.826265e-2,5.764118e-2,5.715712e-2,5.972124e-2,6.321069e-2,6.446075e-2,6.282993e-2,6.311655e-2,6.348589e-2,6.325531e-2,6.188510e-2,5.406034e-2,5.609666e-2,5.689948e-2,5.796840e-2,5.797111e-2,5.751943e-2,5.763939e-2,5.922145e-2]},{"variance_ratio":0.950,"d_res":4,"d_eff":84,"mean_mse":5.032651e-2,"min_mse":4.093281e-2,"max_mse":5.690637e-2,"inflation_over_baseline":0.757223,"per_block_mses":[4.588384e-2,4.860095e-2,5.008564e-2,5.054596e-2,5.101864e-2,5.063986e-2,4.941110e-2,4.992622e-2,5.146836e-2,5.357492e-2,5.362971e-2,5.309068e-2,5.302498e-2,5.222879e-2,5.294435e-2,5.203337e-2,4.093281e-2,4.156047e-2,4.271142e-2,4.286623e-2,4.294730e-2,4.380264e-2,4.412635e-2,4.428906e-2,4.782929e-2,5.028482e-2,5.122279e-2,5.086682e-2,5.146773e-2,5.176194e-2,5.136195e-2,5.088169e-2,5.278510e-2,5.568505e-2,5.690637e-2,5.542853e-2,5.563667e-2,5.611283e-2,5.571227e-2,5.479385e-2,4.797201e-2,4.964539e-2,5.048913e-2,5.144566e-2,5.142269e-2,5.105714e-2,5.111355e-2,5.244556e-2]},{"variance_ratio":0.950,"d_res":8,"d_eff":84,"mean_mse":4.122219e-2,"min_mse":3.366948e-2,"max_mse":4.613248e-2,"inflation_over_baseline":0.620238,"per_block_mses":[3.758412e-2,3.958968e-2,4.080976e-2,4.118459e-2,4.169146e-2,4.128639e-2,4.017165e-2,4.063769e-2,4.246535e-2,4.427606e-2,4.426377e-2,4.397505e-2,4.380355e-2,4.302288e-2,4.386219e-2,4.293565e-2,3.366948e-2,3.400235e-2,3.491889e-2,3.517275e-2,3.517791e-2,3.596784e-2,3.632823e-2,3.625886e-2,3.910291e-2,4.123123e-2,4.208423e-2,4.171464e-2,4.229032e-2,4.252469e-2,4.227653e-2,4.184978e-2,4.296202e-2,4.511415e-2,4.613248e-2,4.494839e-2,4.509844e-2,4.561484e-2,4.514174e-2,4.462916e-2,3.929147e-2,4.069163e-2,4.146227e-2,4.239464e-2,4.224876e-2,4.193866e-2,4.191280e-2,4.295339e-2]},{"variance_ratio":0.900,"d_res":0,"d_eff":64,"mean_mse":1.333817e-1,"min_mse":1.073499e-1,"max_mse":1.525460e-1,"inflation_over_baseline":2.006889,"per_block_mses":[1.210489e-1,1.289513e-1,1.330608e-1,1.334648e-1,1.339731e-1,1.339061e-1,1.325468e-1,1.328637e-1,1.323864e-1,1.384272e-1,1.378831e-1,1.358300e-1,1.367003e-1,1.359087e-1,1.380356e-1,1.358586e-1,1.073499e-1,1.097827e-1,1.125353e-1,1.119029e-1,1.134634e-1,1.139454e-1,1.122851e-1,1.129221e-1,1.283820e-1,1.317629e-1,1.370863e-1,1.366074e-1,1.370592e-1,1.337636e-1,1.363007e-1,1.367104e-1,1.424936e-1,1.518564e-1,1.499910e-1,1.517978e-1,1.525460e-1,1.473669e-1,1.482297e-1,1.500432e-1,1.287851e-1,1.351300e-1,1.368704e-1,1.391402e-1,1.388649e-1,1.390997e-1,1.395019e-1,1.378986e-1]},{"variance_ratio":0.900,"d_res":2,"d_eff":64,"mean_mse":1.152263e-1,"min_mse":9.251941e-2,"max_mse":1.311005e-1,"inflation_over_baseline":1.733720,"per_block_mses":[1.045541e-1,1.119406e-1,1.151597e-1,1.156729e-1,1.155408e-1,1.158907e-1,1.139557e-1,1.145918e-1,1.141247e-1,1.193366e-1,1.192726e-1,1.172871e-1,1.183439e-1,1.179935e-1,1.192391e-1,1.173550e-1,9.251941e-2,9.455862e-2,9.673922e-2,9.634449e-2,9.813485e-2,9.868547e-2,9.749582e-2,9.797807e-2,1.115287e-1,1.142440e-1,1.190620e-1,1.182708e-1,1.185862e-1,1.160359e-1,1.178577e-1,1.184751e-1,1.223637e-1,1.304205e-1,1.290797e-1,1.304664e-1,1.311005e-1,1.264738e-1,1.270154e-1,1.281035e-1,1.113566e-1,1.171720e-1,1.186252e-1,1.207420e-1,1.202344e-1,1.207331e-1,1.211106e-1,1.190897e-1]},{"variance_ratio":0.900,"d_res":4,"d_eff":64,"mean_mse":1.031586e-1,"min_mse":8.295090e-2,"max_mse":1.170150e-1,"inflation_over_baseline":1.552146,"per_block_mses":[9.359731e-2,1.002999e-1,1.029378e-1,1.035643e-1,1.031540e-1,1.035823e-1,1.016560e-1,1.023906e-1,1.021820e-1,1.066831e-1,1.067915e-1,1.050552e-1,1.061322e-1,1.057881e-1,1.068347e-1,1.050473e-1,8.295090e-2,8.445317e-2,8.631642e-2,8.617253e-2,8.789479e-2,8.852899e-2,8.743514e-2,8.788898e-2,1.000792e-1,1.024079e-1,1.068650e-1,1.061261e-1,1.064334e-1,1.039933e-1,1.057720e-1,1.062756e-1,1.092315e-1,1.164096e-1,1.152787e-1,1.164713e-1,1.170150e-1,1.126610e-1,1.129754e-1,1.139173e-1,9.995447e-2,1.052112e-1,1.065430e-1,1.084060e-1,1.079164e-1,1.084757e-1,1.089023e-1,1.069522e-1]},{"variance_ratio":0.900,"d_res":8,"d_eff":64,"mean_mse":8.534494e-2,"min_mse":6.886070e-2,"max_mse":9.628966e-2,"inflation_over_baseline":1.284118,"per_block_mses":[7.726433e-2,8.278128e-2,8.485800e-2,8.536147e-2,8.478153e-2,8.512628e-2,8.345430e-2,8.428303e-2,8.461118e-2,8.813560e-2,8.849021e-2,8.693669e-2,8.804515e-2,8.770275e-2,8.860683e-2,8.693503e-2,6.886070e-2,6.965729e-2,7.103005e-2,7.121973e-2,7.267165e-2,7.329100e-2,7.247055e-2,7.283948e-2,8.319860e-2,8.498649e-2,8.866285e-2,8.823497e-2,8.828372e-2,8.624479e-2,8.792576e-2,8.833053e-2,9.023789e-2,9.586305e-2,9.509596e-2,9.592538e-2,9.628966e-2,9.259558e-2,9.276677e-2,9.333451e-2,8.322043e-2,8.760218e-2,8.872710e-2,8.999792e-2,8.971674e-2,9.021993e-2,9.073892e-2,8.894327e-2]},{"variance_ratio":0.850,"d_res":0,"d_eff":50,"mean_mse":2.005877e-1,"min_mse":1.645062e-1,"max_mse":2.272519e-1,"inflation_over_baseline":3.018085,"per_block_mses":[1.822902e-1,1.946020e-1,1.949819e-1,1.957953e-1,2.014823e-1,1.961423e-1,1.996612e-1,2.013130e-1,2.009983e-1,2.101841e-1,2.104250e-1,2.092513e-1,2.094529e-1,2.022589e-1,2.047849e-1,2.069185e-1,1.645062e-1,1.679157e-1,1.669064e-1,1.708717e-1,1.684212e-1,1.688512e-1,1.712355e-1,1.729116e-1,1.912282e-1,1.976516e-1,2.056239e-1,2.054389e-1,2.057303e-1,2.059522e-1,2.054174e-1,2.049640e-1,2.133413e-1,2.237445e-1,2.272519e-1,2.223332e-1,2.260039e-1,2.227878e-1,2.255559e-1,2.215516e-1,1.936404e-1,2.049748e-1,2.068393e-1,2.053355e-1,2.110461e-1,2.106959e-1,2.113765e-1,2.075604e-1]},{"variance_ratio":0.850,"d_res":2,"d_eff":50,"mean_mse":1.741360e-1,"min_mse":1.429348e-1,"max_mse":1.985446e-1,"inflation_over_baseline":2.620087,"per_block_mses":[1.581765e-1,1.686564e-1,1.683286e-1,1.688647e-1,1.740606e-1,1.694003e-1,1.721205e-1,1.735332e-1,1.738245e-1,1.819845e-1,1.826895e-1,1.810683e-1,1.813232e-1,1.750636e-1,1.773542e-1,1.785698e-1,1.429348e-1,1.450884e-1,1.433873e-1,1.475038e-1,1.455478e-1,1.462927e-1,1.482803e-1,1.494930e-1,1.668510e-1,1.729989e-1,1.802012e-1,1.797092e-1,1.793498e-1,1.800376e-1,1.789732e-1,1.788747e-1,1.850372e-1,1.944348e-1,1.985446e-1,1.938476e-1,1.971112e-1,1.939634e-1,1.964434e-1,1.928617e-1,1.678847e-1,1.778574e-1,1.802262e-1,1.789029e-1,1.835005e-1,1.832480e-1,1.837003e-1,1.804198e-1]},{"variance_ratio":0.850,"d_res":4,"d_eff":50,"mean_mse":1.563666e-1,"min_mse":1.280852e-1,"max_mse":1.788832e-1,"inflation_over_baseline":2.352726,