{"n_vecs":24576,"dim":128,"n_blocks":48,"block_size":512,"baseline_mse":6.647031e-2,"cells":[{"variance_ratio":0.950,"d_res":0,"d_eff":82,"mean_mse":6.647031e-2,"min_mse":5.296604e-2,"max_mse":7.291023e-2,"inflation_over_baseline":1.000000,"per_block_mses":[6.515538e-2,6.790539e-2,6.677748e-2,6.629777e-2,6.640927e-2,6.569813e-2,6.573433e-2,6.594100e-2,6.309604e-2,6.661845e-2,6.708192e-2,6.941359e-2,6.933838e-2,6.924500e-2,6.900584e-2,6.968752e-2,5.296604e-2,5.432926e-2,5.424973e-2,5.608502e-2,5.602166e-2,5.586346e-2,5.643227e-2,5.455341e-2,6.463853e-2,6.665775e-2,6.615148e-2,6.591326e-2,6.594210e-2,6.590308e-2,6.500983e-2,6.511836e-2,6.966286e-2,6.994494e-2,6.961789e-2,7.283657e-2,7.279791e-2,7.226826e-2,7.236785e-2,7.283138e-2,7.223587e-2,7.291023e-2,7.192351e-2,7.227268e-2,7.246400e-2,7.259359e-2,7.209170e-2,7.251512e-2]},{"variance_ratio":0.950,"d_res":2,"d_eff":82,"mean_mse":5.604424e-2,"min_mse":4.474511e-2,"max_mse":6.184979e-2,"inflation_over_baseline":0.843147,"per_block_mses":[5.443753e-2,5.736788e-2,5.620345e-2,5.577320e-2,5.624420e-2,5.572616e-2,5.579010e-2,5.577861e-2,5.316477e-2,5.541308e-2,5.613171e-2,5.823225e-2,5.809514e-2,5.796494e-2,5.816200e-2,5.853484e-2,4.474511e-2,4.572638e-2,4.546305e-2,4.725423e-2,4.713793e-2,4.721672e-2,4.755572e-2,4.592613e-2,5.434370e-2,5.620819e-2,5.558985e-2,5.553776e-2,5.540052e-2,5.532656e-2,5.477205e-2,5.495642e-2,5.861953e-2,5.899010e-2,5.867603e-2,6.153597e-2,6.174600e-2,6.136486e-2,6.107970e-2,6.137037e-2,6.095708e-2,6.184979e-2,6.082608e-2,6.151283e-2,6.149533e-2,6.151843e-2,6.114966e-2,6.125139e-2]},{"variance_ratio":0.950,"d_res":4,"d_eff":82,"mean_mse":4.925118e-2,"min_mse":3.926472e-2,"max_mse":5.437937e-2,"inflation_over_baseline":0.740950,"per_block_mses":[4.776055e-2,5.052334e-2,4.939687e-2,4.907045e-2,4.954353e-2,4.909817e-2,4.921951e-2,4.916709e-2,4.682045e-2,4.865930e-2,4.931398e-2,5.111603e-2,5.101435e-2,5.089268e-2,5.121762e-2,5.149656e-2,3.926472e-2,4.015542e-2,3.983731e-2,4.151504e-2,4.132523e-2,4.146516e-2,4.178798e-2,4.036133e-2,4.768536e-2,4.919654e-2,4.865981e-2,4.872409e-2,4.848741e-2,4.851304e-2,4.798270e-2,4.828398e-2,5.134673e-2,5.175782e-2,5.152397e-2,5.403109e-2,5.434353e-2,5.399108e-2,5.364620e-2,5.396685e-2,5.356113e-2,5.437937e-2,5.352421e-2,5.427705e-2,5.414450e-2,5.422233e-2,5.386562e-2,5.391980e-2]},{"variance_ratio":0.950,"d_res":8,"d_eff":82,"mean_mse":3.942939e-2,"min_mse":3.145141e-2,"max_mse":4.382058e-2,"inflation_over_baseline":0.593188,"per_block_mses":[3.806766e-2,4.049904e-2,3.948045e-2,3.949451e-2,3.976326e-2,3.938721e-2,3.958055e-2,3.948186e-2,3.767721e-2,3.901998e-2,3.960117e-2,4.094659e-2,4.084687e-2,4.076187e-2,4.124209e-2,4.141351e-2,3.145141e-2,3.217435e-2,3.180882e-2,3.315338e-2,3.293029e-2,3.319578e-2,3.346957e-2,3.231641e-2,3.815593e-2,3.911971e-2,3.867781e-2,3.879157e-2,3.860420e-2,3.861294e-2,3.817823e-2,3.847483e-2,4.094649e-2,4.136495e-2,4.110921e-2,4.318379e-2,4.353404e-2,4.319836e-2,4.286694e-2,4.313249e-2,4.286612e-2,4.358739e-2,4.292165e-2,4.382058e-2,4.350837e-2,4.355841e-2,4.333023e-2,4.330282e-2]},{"variance_ratio":0.900,"d_res":0,"d_eff":65,"mean_mse":1.335855e-1,"min_mse":1.078758e-1,"max_mse":1.493830e-1,"inflation_over_baseline":2.009702,"per_block_mses":[1.310537e-1,1.353252e-1,1.334720e-1,1.321511e-1,1.370884e-1,1.308650e-1,1.357673e-1,1.365937e-1,1.293679e-1,1.360908e-1,1.366084e-1,1.361544e-1,1.364244e-1,1.367069e-1,1.364363e-1,1.369373e-1,1.078758e-1,1.108768e-1,1.107050e-1,1.097782e-1,1.095437e-1,1.095530e-1,1.106428e-1,1.110304e-1,1.306256e-1,1.350141e-1,1.341867e-1,1.336155e-1,1.333852e-1,1.328950e-1,1.322987e-1,1.323928e-1,1.410734e-1,1.415873e-1,1.403091e-1,1.454321e-1,1.452471e-1,1.433344e-1,1.443567e-1,1.451489e-1,1.457563e-1,1.458404e-1,1.444554e-1,1.441267e-1,1.445310e-1,1.448447e-1,1.493830e-1,1.452166e-1]},{"variance_ratio":0.900,"d_res":2,"d_eff":65,"mean_mse":1.134239e-1,"min_mse":9.149249e-2,"max_mse":1.273296e-1,"inflation_over_baseline":1.706385,"per_block_mses":[1.120844e-1,1.151444e-1,1.142168e-1,1.127827e-1,1.176192e-1,1.120261e-1,1.161434e-1,1.167216e-1,1.094091e-1,1.146550e-1,1.155771e-1,1.151191e-1,1.151625e-1,1.152623e-1,1.150957e-1,1.155744e-1,9.149249e-2,9.319727e-2,9.341254e-2,9.324229e-2,9.302816e-2,9.292429e-2,9.352837e-2,9.383272e-2,1.105459e-1,1.139767e-1,1.134446e-1,1.130970e-1,1.126592e-1,1.125162e-1,1.117397e-1,1.118677e-1,1.202307e-1,1.210410e-1,1.198339e-1,1.240778e-1,1.241687e-1,1.222259e-1,1.233243e-1,1.235597e-1,1.232070e-1,1.237147e-1,1.228362e-1,1.220750e-1,1.227262e-1,1.232523e-1,1.273296e-1,1.236470e-1]},{"variance_ratio":0.900,"d_res":4,"d_eff":65,"mean_mse":1.003801e-1,"min_mse":8.080256e-2,"max_mse":1.129370e-1,"inflation_over_baseline":1.510149,"per_block_mses":[9.984951e-2,1.022650e-1,1.015268e-1,1.001882e-1,1.045628e-1,9.962447e-2,1.033585e-1,1.038307e-1,9.653017e-2,1.011870e-1,1.020338e-1,1.016159e-1,1.015474e-1,1.018404e-1,1.016296e-1,1.020900e-1,8.080256e-2,8.195002e-2,8.229945e-2,8.240372e-2,8.224090e-2,8.200886e-2,8.254952e-2,8.299674e-2,9.773157e-2,1.005758e-1,1.001417e-1,1.000918e-1,9.947655e-2,9.952386e-2,9.855137e-2,9.864243e-2,1.064450e-1,1.070840e-1,1.062716e-1,1.099677e-1,1.100125e-1,1.082093e-1,1.092437e-1,1.093506e-1,1.089812e-1,1.095589e-1,1.089127e-1,1.080639e-1,1.086413e-1,1.092242e-1,1.129370e-1,1.096741e-1]},{"variance_ratio":0.900,"d_res":8,"d_eff":65,"mean_mse":8.142623e-2,"min_mse":6.531591e-2,"max_mse":9.190251e-2,"inflation_over_baseline":1.225001,"per_block_mses":[8.182714e-2,8.349755e-2,8.303148e-2,8.185589e-2,8.539367e-2,8.138944e-2,8.431714e-2,8.504508e-2,7.784709e-2,8.193552e-2,8.254951e-2,8.184437e-2,8.199471e-2,8.250122e-2,8.217824e-2,8.254002e-2,6.531591e-2,6.595804e-2,6.635946e-2,6.669570e-2,6.652705e-2,6.645367e-2,6.675312e-2,6.721346e-2,7.919323e-2,8.138577e-2,8.097023e-2,8.103344e-2,8.060227e-2,8.063758e-2,7.970541e-2,7.967141e-2,8.642807e-2,8.661176e-2,8.623498e-2,8.930830e-2,8.919559e-2,8.766412e-2,8.844540e-2,8.846441e-2,8.844302e-2,8.902942e-2,8.853152e-2,8.765895e-2,8.827251e-2,8.882014e-2,9.190251e-2,8.922454e-2]},{"variance_ratio":0.850,"d_res":0,"d_eff":53,"mean_mse":2.010290e-1,"min_mse":1.625884e-1,"max_mse":2.233610e-1,"inflation_over_baseline":3.024342,"per_block_mses":[2.032222e-1,2.019848e-1,1.989515e-1,2.035453e-1,2.040327e-1,2.028399e-1,2.021402e-1,2.028974e-1,1.913818e-1,2.024943e-1,2.032306e-1,2.030761e-1,2.033673e-1,2.036471e-1,2.105800e-1,2.114917e-1,1.625884e-1,1.677565e-1,1.675829e-1,1.666482e-1,1.663283e-1,1.663859e-1,1.678526e-1,1.680903e-1,1.947070e-1,2.004064e-1,1.986059e-1,1.977124e-1,1.975063e-1,1.964822e-1,2.034475e-1,1.965734e-1,2.111484e-1,2.117297e-1,2.180166e-1,2.166903e-1,2.172153e-1,2.149226e-1,2.159579e-1,2.161513e-1,2.233610e-1,2.213092e-1,2.188935e-1,2.183480e-1,2.190367e-1,2.207622e-1,2.192837e-1,2.190076e-1]},{"variance_ratio":0.850,"d_res":2,"d_eff":53,"mean_mse":1.706289e-1,"min_mse":1.377756e-1,"max_mse":1.904493e-1,"inflation_over_baseline":2.566994,"per_block_mses":[1.738748e-1,1.724905e-1,1.701670e-1,1.736667e-1,1.742445e-1,1.734153e-1,1.727045e-1,1.736377e-1,1.612747e-1,1.694418e-1,1.700758e-1,1.701162e-1,1.710480e-1,1.711990e-1,1.769583e-1,1.777906e-1,1.377756e-1,1.405802e-1,1.409120e-1,1.402050e-1,1.401712e-1,1.407108e-1,1.415293e-1,1.416518e-1,1.648587e-1,1.693311e-1,1.681947e-1,1.677015e-1,1.672794e-1,1.664560e-1,1.718779e-1,1.660559e-1,1.803083e-1,1.814061e-1,1.865490e-1,1.848035e-1,1.850863e-1,1.836788e-1,1.845703e-1,1.847228e-1,1.904493e-1,1.893880e-1,1.865962e-1,1.857655e-1,1.867406e-1,1.882628e-1,1.874039e-1,1.870605e-1]},{"variance_ratio":0.850,"d_res":4,"d_eff":53,"mean_mse":1.511215e-1,"min_mse":1.216324e-1,"max_mse":1.691071e-1,"inflation_over_baseline":2.273518,