{"n_vecs":24576,"dim":128,"n_blocks":48,"block_size":512,"baseline_mse":6.925050e-2,"cells":[{"variance_ratio":0.950,"d_res":0,"d_eff":78,"mean_mse":6.925050e-2,"min_mse":5.190888e-2,"max_mse":8.694478e-2,"inflation_over_baseline":1.000000,"per_block_mses":[5.190888e-2,5.385890e-2,5.303455e-2,5.274034e-2,5.249166e-2,5.279373e-2,5.304589e-2,5.257857e-2,7.968066e-2,7.997478e-2,8.128476e-2,8.040160e-2,8.095050e-2,8.047506e-2,8.082201e-2,7.858615e-2,6.412162e-2,6.894856e-2,7.005593e-2,6.822839e-2,6.787091e-2,6.740317e-2,7.112317e-2,6.801081e-2,8.450937e-2,8.570068e-2,8.694478e-2,8.592525e-2,8.554891e-2,8.582654e-2,8.323996e-2,8.418751e-2,5.265509e-2,5.438697e-2,5.831202e-2,5.779000e-2,5.947489e-2,5.845740e-2,5.908266e-2,6.122773e-2,7.027871e-2,7.284247e-2,7.197173e-2,7.177058e-2,7.216666e-2,6.979298e-2,7.124895e-2,7.029133e-2]},{"variance_ratio":0.950,"d_res":2,"d_eff":78,"mean_mse":5.925280e-2,"min_mse":4.419907e-2,"max_mse":7.456310e-2,"inflation_over_baseline":0.855630,"per_block_mses":[4.419907e-2,4.580479e-2,4.515808e-2,4.509225e-2,4.488675e-2,4.509074e-2,4.541591e-2,4.489009e-2,6.863058e-2,6.863108e-2,6.986867e-2,6.889658e-2,6.950277e-2,6.926595e-2,6.926467e-2,6.789234e-2,5.453585e-2,5.874983e-2,5.960075e-2,5.832542e-2,5.795294e-2,5.742025e-2,6.065718e-2,5.800696e-2,7.268601e-2,7.352142e-2,7.456310e-2,7.323873e-2,7.314490e-2,7.348418e-2,7.102893e-2,7.203102e-2,4.547089e-2,4.653284e-2,4.960375e-2,4.929397e-2,5.076414e-2,4.972874e-2,5.035456e-2,5.214314e-2,6.046990e-2,6.229950e-2,6.148965e-2,6.141828e-2,6.192494e-2,5.960245e-2,6.117336e-2,6.042671e-2]},{"variance_ratio":0.950,"d_res":4,"d_eff":78,"mean_mse":5.267259e-2,"min_mse":3.905026e-2,"max_mse":6.650406e-2,"inflation_over_baseline":0.760610,"per_block_mses":[3.905026e-2,4.047852e-2,3.990543e-2,3.999867e-2,3.971471e-2,3.988296e-2,4.026538e-2,3.978397e-2,6.140314e-2,6.141297e-2,6.249552e-2,6.156583e-2,6.205857e-2,6.189417e-2,6.175381e-2,6.071398e-2,4.818965e-2,5.202020e-2,5.265538e-2,5.173114e-2,5.134843e-2,5.082103e-2,5.375965e-2,5.132806e-2,6.489940e-2,6.551844e-2,6.650406e-2,6.512817e-2,6.507186e-2,6.556340e-2,6.323900e-2,6.413639e-2,4.056936e-2,4.138304e-2,4.400963e-2,4.366337e-2,4.505475e-2,4.410936e-2,4.464602e-2,4.607616e-2,5.393095e-2,5.536048e-2,5.452946e-2,5.453639e-2,5.502348e-2,5.291494e-2,5.435624e-2,5.382833e-2]},{"variance_ratio":0.950,"d_res":8,"d_eff":78,"mean_mse":4.305578e-2,"min_mse":3.154963e-2,"max_mse":5.467237e-2,"inflation_over_baseline":0.621740,"per_block_mses":[3.154963e-2,3.266920e-2,3.220859e-2,3.242020e-2,3.209709e-2,3.226811e-2,3.264444e-2,3.222837e-2,5.072970e-2,5.077831e-2,5.164387e-2,5.089660e-2,5.113326e-2,5.111002e-2,5.087731e-2,5.011943e-2,3.902621e-2,4.222929e-2,4.260307e-2,4.192868e-2,4.169552e-2,4.124316e-2,4.361620e-2,4.157680e-2,5.347221e-2,5.377368e-2,5.467237e-2,5.349585e-2,5.352082e-2,5.406179e-2,5.190496e-2,5.277648e-2,3.326992e-2,3.382716e-2,3.588596e-2,3.547149e-2,3.666755e-2,3.584737e-2,3.628747e-2,3.734593e-2,4.424441e-2,4.526545e-2,4.441978e-2,4.446847e-2,4.490243e-2,4.319761e-2,4.451791e-2,4.408710e-2]},{"variance_ratio":0.900,"d_res":0,"d_eff":58,"mean_mse":1.383393e-1,"min_mse":1.006934e-1,"max_mse":1.714726e-1,"inflation_over_baseline":1.997665,"per_block_mses":[1.006934e-1,1.054676e-1,1.077971e-1,1.057952e-1,1.058823e-1,1.064467e-1,1.068736e-1,1.066461e-1,1.587026e-1,1.608851e-1,1.600465e-1,1.632214e-1,1.594233e-1,1.591075e-1,1.606278e-1,1.578538e-1,1.284055e-1,1.388571e-1,1.363687e-1,1.373851e-1,1.370175e-1,1.373426e-1,1.386206e-1,1.397990e-1,1.693285e-1,1.714726e-1,1.706142e-1,1.692249e-1,1.698972e-1,1.701036e-1,1.714596e-1,1.677937e-1,1.059468e-1,1.122125e-1,1.157802e-1,1.152087e-1,1.188966e-1,1.176094e-1,1.188287e-1,1.189758e-1,1.393808e-1,1.418058e-1,1.437004e-1,1.431317e-1,1.435503e-1,1.435605e-1,1.419607e-1,1.405745e-1]},{"variance_ratio":0.900,"d_res":2,"d_eff":58,"mean_mse":1.191725e-1,"min_mse":8.667089e-2,"max_mse":1.481058e-1,"inflation_over_baseline":1.720890,"per_block_mses":[8.667089e-2,9.082041e-2,9.261386e-2,9.078218e-2,9.081000e-2,9.142095e-2,9.211027e-2,9.178546e-2,1.370562e-1,1.387798e-1,1.376220e-1,1.406583e-1,1.375995e-1,1.369215e-1,1.386644e-1,1.359028e-1,1.099588e-1,1.192250e-1,1.167014e-1,1.177014e-1,1.173258e-1,1.175400e-1,1.186776e-1,1.193785e-1,1.454093e-1,1.479095e-1,1.472644e-1,1.460858e-1,1.461211e-1,1.468555e-1,1.481058e-1,1.450031e-1,9.170168e-2,9.633085e-2,9.890533e-2,9.838456e-2,1.017245e-1,1.011454e-1,1.019999e-1,1.021281e-1,1.209071e-1,1.228747e-1,1.250094e-1,1.241481e-1,1.248697e-1,1.246784e-1,1.235294e-1,1.224611e-1]},{"variance_ratio":0.900,"d_res":4,"d_eff":58,"mean_mse":1.065145e-1,"min_mse":7.734615e-2,"max_mse":1.325472e-1,"inflation_over_baseline":1.538104,"per_block_mses":[7.734615e-2,8.112360e-2,8.252179e-2,8.094633e-2,8.088652e-2,8.156629e-2,8.220352e-2,8.185094e-2,1.227442e-1,1.243891e-1,1.231336e-1,1.258635e-1,1.233522e-1,1.224915e-1,1.241904e-1,1.215764e-1,9.782527e-2,1.060671e-1,1.037533e-1,1.049147e-1,1.042975e-1,1.045240e-1,1.056374e-1,1.060765e-1,1.300824e-1,1.323742e-1,1.316506e-1,1.306067e-1,1.305236e-1,1.314196e-1,1.325472e-1,1.297349e-1,8.214810e-2,8.599625e-2,8.805428e-2,8.746561e-2,9.068901e-2,9.028173e-2,9.092408e-2,9.101950e-2,1.085358e-1,1.102281e-1,1.123668e-1,1.114197e-1,1.122167e-1,1.119770e-1,1.111055e-1,1.100462e-1]},{"variance_ratio":0.900,"d_res":8,"d_eff":58,"mean_mse":8.787142e-2,"min_mse":6.364829e-2,"max_mse":1.095261e-1,"inflation_over_baseline":1.268892,"per_block_mses":[6.364829e-2,6.667169e-2,6.763143e-2,6.651328e-2,6.629768e-2,6.694501e-2,6.751738e-2,6.714389e-2,1.017065e-1,1.031300e-1,1.018671e-1,1.042698e-1,1.023126e-1,1.013495e-1,1.028544e-1,1.004076e-1,7.998916e-2,8.690359e-2,8.469405e-2,8.603945e-2,8.519480e-2,8.551456e-2,8.640600e-2,8.664622e-2,1.075300e-1,1.094990e-1,1.086958e-1,1.079053e-1,1.076383e-1,1.086688e-1,1.095261e-1,1.073542e-1,6.801804e-2,7.076466e-2,7.225850e-2,7.164481e-2,7.450616e-2,7.430184e-2,7.464148e-2,7.475565e-2,9.007788e-2,9.154274e-2,9.341538e-2,9.259203e-2,9.342973e-2,9.317505e-2,9.250548e-2,9.172736e-2]},{"variance_ratio":0.850,"d_res":0,"d_eff":44,"mean_mse":2.079879e-1,"min_mse":1.539364e-1,"max_mse":2.562276e-1,"inflation_over_baseline":3.003415,"per_block_mses":[1.539364e-1,1.612117e-1,1.589167e-1,1.572120e-1,1.617262e-1,1.576600e-1,1.630641e-1,1.624302e-1,2.394566e-1,2.420248e-1,2.410921e-1,2.452914e-1,2.406474e-1,2.401139e-1,2.373927e-1,2.399203e-1,1.955528e-1,2.054777e-1,2.092375e-1,2.087950e-1,2.100841e-1,2.092046e-1,2.117737e-1,2.066190e-1,2.510216e-1,2.554889e-1,2.562276e-1,2.532291e-1,2.541053e-1,2.529889e-1,2.556110e-1,2.519968e-1,1.551494e-1,1.652498e-1,1.705258e-1,1.764003e-1,1.770384e-1,1.744321e-1,1.811035e-1,1.822366e-1,2.103003e-1,2.122389e-1,2.169998e-1,2.159971e-1,2.159788e-1,2.149521e-1,2.130239e-1,2.122844e-1]},{"variance_ratio":0.850,"d_res":2,"d_eff":44,"mean_mse":1.796108e-1,"min_mse":1.325016e-1,"max_mse":2.217150e-1,"inflation_over_baseline":2.593639,"per_block_mses":[1.325016e-1,1.387106e-1,1.366337e-1,1.355098e-1,1.393926e-1,1.360120e-1,1.403758e-1,1.400171e-1,2.080723e-1,2.096140e-1,2.081288e-1,2.126690e-1,2.086970e-1,2.075163e-1,2.053261e-1,2.080453e-1,1.675975e-1,1.760804e-1,1.796810e-1,1.786834e-1,1.795920e-1,1.794315e-1,1.810808e-1,1.765507e-1,2.167192e-1,2.210708e-1,2.217150e-1,2.194184e-1,2.197804e-1,2.187374e-1,2.210235e-1,2.178876e-1,1.344964e-1,1.418441e-1,1.463099e-1,1.518127e-1,1.517844e-1,1.495095e-1,1.554070e-1,1.559990e-1,1.832812e-1,1.850323e-1,1.889106e-1,1.881856e-1,1.882000e-1,1.873479e-1,1.860013e-1,1.849255e-1]},{"variance_ratio":0.850,"d_res":4,"d_eff":44,"mean_mse":1.608019e-1,"min_mse":1.182780e-1,"max_mse":1.986451e-1,"inflation_over_baseline":2.322032,