{"n_vecs":24576,"dim":128,"n_blocks":48,"block_size":512,"baseline_mse":7.586716e-2,"cells":[{"variance_ratio":0.950,"d_res":0,"d_eff":77,"mean_mse":7.586716e-2,"min_mse":5.112373e-2,"max_mse":1.024434e-1,"inflation_over_baseline":1.000000,"per_block_mses":[5.112373e-2,5.367553e-2,5.611138e-2,5.771318e-2,5.685214e-2,5.672676e-2,5.936452e-2,5.996191e-2,6.750946e-2,6.670918e-2,6.871258e-2,6.697515e-2,6.704692e-2,6.707964e-2,6.565022e-2,6.591373e-2,8.219715e-2,8.306689e-2,8.079029e-2,8.235849e-2,8.077359e-2,7.789792e-2,8.134899e-2,7.874614e-2,6.647826e-2,6.534230e-2,6.712532e-2,6.574038e-2,6.597012e-2,6.541850e-2,6.516478e-2,6.504200e-2,8.541223e-2,8.730200e-2,8.679954e-2,8.514008e-2,8.293801e-2,8.340683e-2,8.528455e-2,8.475607e-2,1.006347e-1,1.021173e-1,1.024434e-1,1.020265e-1,1.004233e-1,9.785716e-2,9.671085e-2,9.778382e-2]},{"variance_ratio":0.950,"d_res":2,"d_eff":77,"mean_mse":6.499049e-2,"min_mse":4.430741e-2,"max_mse":8.741853e-2,"inflation_over_baseline":0.856635,"per_block_mses":[4.430741e-2,4.625330e-2,4.820606e-2,4.951642e-2,4.874978e-2,4.867432e-2,5.091991e-2,5.144078e-2,5.782491e-2,5.677968e-2,5.875217e-2,5.691670e-2,5.708934e-2,5.713898e-2,5.584978e-2,5.639928e-2,7.163910e-2,7.127890e-2,6.899864e-2,7.003626e-2,6.885024e-2,6.667063e-2,6.933033e-2,6.727385e-2,5.717750e-2,5.586764e-2,5.761997e-2,5.627988e-2,5.646432e-2,5.592491e-2,5.576962e-2,5.529825e-2,7.388260e-2,7.523390e-2,7.463602e-2,7.320556e-2,7.100043e-2,7.149827e-2,7.305733e-2,7.242455e-2,8.714855e-2,8.728890e-2,8.741853e-2,8.739643e-2,8.606241e-2,8.389333e-2,8.281977e-2,8.327812e-2]},{"variance_ratio":0.950,"d_res":4,"d_eff":77,"mean_mse":5.782922e-2,"min_mse":3.965468e-2,"max_mse":7.800531e-2,"inflation_over_baseline":0.762243,"per_block_mses":[3.965468e-2,4.126727e-2,4.300382e-2,4.422294e-2,4.342143e-2,4.339178e-2,4.543334e-2,4.578120e-2,5.140456e-2,5.032831e-2,5.206639e-2,5.033252e-2,5.066782e-2,5.054796e-2,4.945154e-2,5.006077e-2,6.452894e-2,6.364495e-2,6.141292e-2,6.226124e-2,6.113785e-2,5.929120e-2,6.154675e-2,5.984552e-2,5.085445e-2,4.965607e-2,5.124511e-2,5.001164e-2,5.019157e-2,4.965152e-2,4.957146e-2,4.892277e-2,6.612404e-2,6.718769e-2,6.661102e-2,6.526115e-2,6.317174e-2,6.357517e-2,6.496676e-2,6.429510e-2,7.800531e-2,7.768966e-2,7.770399e-2,7.757772e-2,7.670097e-2,7.466517e-2,7.367358e-2,7.378323e-2]},{"variance_ratio":0.950,"d_res":8,"d_eff":77,"mean_mse":4.734495e-2,"min_mse":3.266497e-2,"max_mse":6.432064e-2,"inflation_over_baseline":0.624051,"per_block_mses":[3.266497e-2,3.390509e-2,3.526615e-2,3.636506e-2,3.553763e-2,3.555802e-2,3.723170e-2,3.731238e-2,4.189208e-2,4.084067e-2,4.233313e-2,4.088516e-2,4.130378e-2,4.094103e-2,4.014155e-2,4.072663e-2,5.382201e-2,5.249022e-2,5.044965e-2,5.106456e-2,5.004263e-2,4.860039e-2,5.022707e-2,4.898098e-2,4.164096e-2,4.051637e-2,4.175903e-2,4.076236e-2,4.103020e-2,4.052158e-2,4.044349e-2,3.976882e-2,5.465733e-2,5.545387e-2,5.483412e-2,5.370273e-2,5.173508e-2,5.208532e-2,5.324259e-2,5.258350e-2,6.432064e-2,6.368356e-2,6.366877e-2,6.329019e-2,6.285390e-2,6.113030e-2,6.018840e-2,6.010208e-2]},{"variance_ratio":0.900,"d_res":0,"d_eff":57,"mean_mse":1.520860e-1,"min_mse":1.016488e-1,"max_mse":2.091751e-1,"inflation_over_baseline":2.004635,"per_block_mses":[1.016488e-1,1.075617e-1,1.125828e-1,1.149699e-1,1.139673e-1,1.139819e-1,1.185490e-1,1.195736e-1,1.332235e-1,1.368729e-1,1.369304e-1,1.335424e-1,1.342864e-1,1.346195e-1,1.317064e-1,1.327421e-1,1.674972e-1,1.637231e-1,1.665972e-1,1.608502e-1,1.579243e-1,1.590613e-1,1.605014e-1,1.569993e-1,1.298710e-1,1.360701e-1,1.340218e-1,1.306596e-1,1.308297e-1,1.308802e-1,1.288795e-1,1.294190e-1,1.726092e-1,1.776019e-1,1.729343e-1,1.705608e-1,1.715345e-1,1.674946e-1,1.697337e-1,1.694660e-1,2.015604e-1,2.091751e-1,2.067569e-1,2.041171e-1,1.978081e-1,1.982643e-1,1.935472e-1,1.964190e-1]},{"variance_ratio":0.900,"d_res":2,"d_eff":57,"mean_mse":1.311800e-1,"min_mse":8.799928e-2,"max_mse":1.812425e-1,"inflation_over_baseline":1.729075,"per_block_mses":[8.799928e-2,9.242023e-2,9.671564e-2,9.888093e-2,9.797590e-2,9.779053e-2,1.018571e-1,1.029253e-1,1.142857e-1,1.170628e-1,1.172470e-1,1.142124e-1,1.148938e-1,1.153118e-1,1.128613e-1,1.134595e-1,1.460346e-1,1.420774e-1,1.449545e-1,1.393544e-1,1.366957e-1,1.375636e-1,1.392037e-1,1.360734e-1,1.124715e-1,1.170301e-1,1.150350e-1,1.122608e-1,1.116406e-1,1.117596e-1,1.101386e-1,1.106252e-1,1.504264e-1,1.544853e-1,1.504153e-1,1.475814e-1,1.485890e-1,1.448656e-1,1.469326e-1,1.469922e-1,1.748529e-1,1.812425e-1,1.791382e-1,1.757147e-1,1.701845e-1,1.707435e-1,1.668229e-1,1.688346e-1]},{"variance_ratio":0.900,"d_res":4,"d_eff":57,"mean_mse":1.172982e-1,"min_mse":7.897586e-2,"max_mse":1.623626e-1,"inflation_over_baseline":1.546100,"per_block_mses":[7.897586e-2,8.256796e-2,8.628451e-2,8.822767e-2,8.754882e-2,8.715455e-2,9.083124e-2,9.194185e-2,1.019544e-1,1.042955e-1,1.043801e-1,1.017347e-1,1.021584e-1,1.025469e-1,1.004625e-1,1.009237e-1,1.314964e-1,1.274977e-1,1.304442e-1,1.249672e-1,1.227439e-1,1.232108e-1,1.250847e-1,1.221374e-1,1.006462e-1,1.044834e-1,1.026644e-1,1.001699e-1,9.923789e-2,9.942401e-2,9.789100e-2,9.845384e-2,1.354039e-1,1.386234e-1,1.350252e-1,1.323171e-1,1.333129e-1,1.296414e-1,1.315334e-1,1.316476e-1,1.567437e-1,1.623626e-1,1.604157e-1,1.568847e-1,1.519978e-1,1.522845e-1,1.490105e-1,1.505666e-1]},{"variance_ratio":0.900,"d_res":8,"d_eff":57,"mean_mse":9.684321e-2,"min_mse":6.549326e-2,"max_mse":1.343835e-1,"inflation_over_baseline":1.276484,"per_block_mses":[6.549326e-2,6.820327e-2,7.098336e-2,7.249065e-2,7.206109e-2,7.162553e-2,7.456606e-2,7.568768e-2,8.372364e-2,8.567691e-2,8.573326e-2,8.343768e-2,8.371728e-2,8.387955e-2,8.229150e-2,8.263855e-2,1.097464e-1,1.061323e-1,1.088103e-1,1.038828e-1,1.021413e-1,1.022091e-1,1.040301e-1,1.015738e-1,8.336573e-2,8.619189e-2,8.444661e-2,8.231084e-2,8.120544e-2,8.130879e-2,7.998554e-2,8.060397e-2,1.129623e-1,1.151274e-1,1.120789e-1,1.098618e-1,1.105802e-1,1.072937e-1,1.089769e-1,1.091127e-1,1.294740e-1,1.343835e-1,1.324426e-1,1.291837e-1,1.252295e-1,1.254023e-1,1.225987e-1,1.236116e-1]},{"variance_ratio":0.850,"d_res":0,"d_eff":45,"mean_mse":2.285741e-1,"min_mse":1.528927e-1,"max_mse":3.057842e-1,"inflation_over_baseline":3.012820,"per_block_mses":[1.528927e-1,1.630411e-1,1.718208e-1,1.706379e-1,1.687857e-1,1.693543e-1,1.747555e-1,1.768878e-1,1.982568e-1,2.053382e-1,2.066721e-1,2.009153e-1,2.029654e-1,1.978687e-1,2.003819e-1,2.021705e-1,2.528793e-1,2.453425e-1,2.500783e-1,2.449398e-1,2.409505e-1,2.377349e-1,2.385431e-1,2.417975e-1,1.998813e-1,1.976380e-1,2.025883e-1,1.978278e-1,1.999310e-1,1.935134e-1,1.969680e-1,1.988702e-1,2.623507e-1,2.613052e-1,2.638280e-1,2.553546e-1,2.580108e-1,2.519321e-1,2.563462e-1,2.557670e-1,3.057842e-1,3.053721e-1,3.034790e-1,3.025368e-1,3.016533e-1,2.937041e-1,2.976302e-1,2.942746e-1]},{"variance_ratio":0.850,"d_res":2,"d_eff":45,"mean_mse":1.974446e-1,"min_mse":1.323711e-1,"max_mse":2.682041e-1,"inflation_over_baseline":2.602504,"per_block_mses":[1.323711e-1,1.404159e-1,1.480865e-1,1.465860e-1,1.452658e-1,1.454764e-1,1.499442e-1,1.513800e-1,1.703048e-1,1.755080e-1,1.778380e-1,1.718719e-1,1.738012e-1,1.687324e-1,1.708657e-1,1.723699e-1,2.198079e-1,2.127290e-1,2.171016e-1,2.129453e-1,2.090363e-1,2.065250e-1,2.068605e-1,2.099957e-1,1.733050e-1,1.697819e-1,1.733838e-1,1.693252e-1,1.710788e-1,1.652073e-1,1.674985e-1,1.692384e-1,2.287346e-1,2.274280e-1,2.288993e-1,2.212570e-1,2.231253e-1,2.182755e-1,2.227389e-1,2.213132e-1,2.682041e-1,2.659620e-1,2.652088e-1,2.626498e-1,2.620870e-1,2.542957e-1,2.576811e-1,2.548425e-1]},{"variance_ratio":0.850,"d_res":4,"d_eff":45,"mean_mse":1.766992e-1,"min_mse":1.190201e-1,"max_mse":2.422006e-1,"inflation_over_baseline":2.329060,