{"n_vecs":24576,"dim":128,"n_blocks":48,"block_size":512,"baseline_mse":6.936154e-2,"cells":[{"variance_ratio":0.950,"d_res":0,"d_eff":80,"mean_mse":6.936154e-2,"min_mse":5.975128e-2,"max_mse":8.351464e-2,"inflation_over_baseline":1.000000,"per_block_mses":[6.773469e-2,7.080171e-2,7.315122e-2,7.147516e-2,7.417113e-2,7.224888e-2,7.220699e-2,7.220821e-2,7.052346e-2,7.175525e-2,7.316409e-2,7.033895e-2,6.895888e-2,6.767292e-2,6.881163e-2,6.880755e-2,6.448513e-2,6.297369e-2,6.206601e-2,6.188079e-2,5.996449e-2,6.089264e-2,6.033211e-2,5.975128e-2,6.520755e-2,6.463485e-2,6.614215e-2,6.586092e-2,6.482335e-2,6.360258e-2,6.479812e-2,6.551532e-2,6.410728e-2,6.763428e-2,6.646071e-2,6.802032e-2,6.689231e-2,6.784133e-2,6.737571e-2,6.684261e-2,7.454576e-2,8.305351e-2,8.265109e-2,8.157459e-2,8.351464e-2,8.140022e-2,8.031622e-2,8.016175e-2]},{"variance_ratio":0.950,"d_res":2,"d_eff":80,"mean_mse":5.944962e-2,"min_mse":5.136437e-2,"max_mse":7.176655e-2,"inflation_over_baseline":0.857098,"per_block_mses":[5.786639e-2,6.057439e-2,6.254621e-2,6.117346e-2,6.370515e-2,6.165559e-2,6.138873e-2,6.150615e-2,6.066676e-2,6.114064e-2,6.236799e-2,5.996284e-2,5.890886e-2,5.787667e-2,5.869929e-2,5.875718e-2,5.598192e-2,5.474747e-2,5.378987e-2,5.351126e-2,5.173353e-2,5.237212e-2,5.198717e-2,5.136437e-2,5.623987e-2,5.549115e-2,5.657423e-2,5.620771e-2,5.552621e-2,5.457886e-2,5.534421e-2,5.610487e-2,5.492736e-2,5.775769e-2,5.659955e-2,5.820959e-2,5.715835e-2,5.799140e-2,5.750721e-2,5.720467e-2,6.404808e-2,7.069156e-2,7.068376e-2,6.996926e-2,7.176655e-2,7.019041e-2,6.924448e-2,6.928052e-2]},{"variance_ratio":0.950,"d_res":4,"d_eff":80,"mean_mse":5.299199e-2,"min_mse":4.575234e-2,"max_mse":6.408031e-2,"inflation_over_baseline":0.763997,"per_block_mses":[5.131506e-2,5.392863e-2,5.563439e-2,5.437769e-2,5.674783e-2,5.482750e-2,5.446721e-2,5.459807e-2,5.442650e-2,5.445156e-2,5.566920e-2,5.348419e-2,5.251784e-2,5.168818e-2,5.236353e-2,5.246197e-2,5.025687e-2,4.910776e-2,4.816650e-2,4.783499e-2,4.619187e-2,4.670714e-2,4.639736e-2,4.575234e-2,5.040297e-2,4.966498e-2,5.048482e-2,5.017719e-2,4.961008e-2,4.873323e-2,4.940771e-2,5.012616e-2,4.867698e-2,5.124163e-2,4.998535e-2,5.159494e-2,5.067048e-2,5.140108e-2,5.090244e-2,5.070166e-2,5.712776e-2,6.285949e-2,6.300549e-2,6.249640e-2,6.408031e-2,6.280931e-2,6.195570e-2,6.212531e-2]},{"variance_ratio":0.950,"d_res":8,"d_eff":80,"mean_mse":4.353971e-2,"min_mse":3.756560e-2,"max_mse":5.286997e-2,"inflation_over_baseline":0.627721,"per_block_mses":[4.177644e-2,4.411163e-2,4.552398e-2,4.442025e-2,4.649728e-2,4.477944e-2,4.433285e-2,4.447528e-2,4.523265e-2,4.501271e-2,4.594521e-2,4.420303e-2,4.334253e-2,4.280104e-2,4.323675e-2,4.342059e-2,4.161783e-2,4.067329e-2,3.977389e-2,3.939909e-2,3.795934e-2,3.837772e-2,3.811473e-2,3.756560e-2,4.187582e-2,4.107585e-2,4.163256e-2,4.144322e-2,4.085047e-2,4.017271e-2,4.077404e-2,4.129924e-2,3.940391e-2,4.162527e-2,4.038237e-2,4.182073e-2,4.104091e-2,4.165256e-2,4.118189e-2,4.106001e-2,4.710543e-2,5.164300e-2,5.188019e-2,5.164465e-2,5.286997e-2,5.205333e-2,5.127420e-2,5.155060e-2]},{"variance_ratio":0.900,"d_res":0,"d_eff":60,"mean_mse":1.395511e-1,"min_mse":1.192326e-1,"max_mse":1.668009e-1,"inflation_over_baseline":2.011937,"per_block_mses":[1.376945e-1,1.444660e-1,1.471768e-1,1.442532e-1,1.478251e-1,1.446633e-1,1.451407e-1,1.453748e-1,1.413432e-1,1.457751e-1,1.474864e-1,1.419517e-1,1.400986e-1,1.372788e-1,1.399952e-1,1.402846e-1,1.288798e-1,1.245862e-1,1.244405e-1,1.241890e-1,1.218295e-1,1.192326e-1,1.218441e-1,1.212892e-1,1.350501e-1,1.332740e-1,1.329933e-1,1.291495e-1,1.321368e-1,1.303200e-1,1.325161e-1,1.291787e-1,1.260441e-1,1.354935e-1,1.340189e-1,1.328309e-1,1.361335e-1,1.324215e-1,1.367217e-1,1.358295e-1,1.505286e-1,1.636302e-1,1.644097e-1,1.668009e-1,1.647952e-1,1.647323e-1,1.635579e-1,1.587851e-1]},{"variance_ratio":0.900,"d_res":2,"d_eff":60,"mean_mse":1.206040e-1,"min_mse":1.028840e-1,"max_mse":1.453099e-1,"inflation_over_baseline":1.738773,"per_block_mses":[1.188485e-1,1.246696e-1,1.267825e-1,1.243119e-1,1.275815e-1,1.245921e-1,1.255080e-1,1.251481e-1,1.220073e-1,1.264913e-1,1.282067e-1,1.231850e-1,1.214271e-1,1.186739e-1,1.212104e-1,1.216979e-1,1.118730e-1,1.074422e-1,1.075231e-1,1.079248e-1,1.053716e-1,1.028840e-1,1.051093e-1,1.050806e-1,1.174252e-1,1.152195e-1,1.149487e-1,1.112841e-1,1.141274e-1,1.126453e-1,1.142665e-1,1.114625e-1,1.078070e-1,1.158971e-1,1.150126e-1,1.138350e-1,1.160616e-1,1.129157e-1,1.166614e-1,1.161276e-1,1.313434e-1,1.430217e-1,1.434657e-1,1.453099e-1,1.435453e-1,1.430645e-1,1.422606e-1,1.377309e-1]},{"variance_ratio":0.900,"d_res":4,"d_eff":60,"mean_mse":1.079846e-1,"min_mse":9.208479e-2,"max_mse":1.308694e-1,"inflation_over_baseline":1.556837,"per_block_mses":[1.064653e-1,1.114600e-1,1.133076e-1,1.111533e-1,1.141734e-1,1.113206e-1,1.123449e-1,1.120096e-1,1.092853e-1,1.135339e-1,1.150427e-1,1.104253e-1,1.089008e-1,1.064205e-1,1.087006e-1,1.092993e-1,1.006035e-1,9.641821e-2,9.641751e-2,9.686669e-2,9.447224e-2,9.208479e-2,9.415127e-2,9.419786e-2,1.055622e-1,1.033997e-1,1.029464e-1,9.957835e-2,1.023513e-1,1.009947e-1,1.023762e-1,9.987936e-2,9.567057e-2,1.029296e-1,1.020839e-1,1.011547e-1,1.029324e-1,1.001849e-1,1.036225e-1,1.030392e-1,1.179775e-1,1.286670e-1,1.290192e-1,1.308694e-1,1.291346e-1,1.284652e-1,1.278263e-1,1.235397e-1]},{"variance_ratio":0.900,"d_res":8,"d_eff":60,"mean_mse":8.933206e-2,"min_mse":7.612316e-2,"max_mse":1.092787e-1,"inflation_over_baseline":1.287919,"per_block_mses":[8.795450e-2,9.187395e-2,9.355636e-2,9.174044e-2,9.421094e-2,9.164176e-2,9.266995e-2,9.242223e-2,9.081396e-2,9.446216e-2,9.569473e-2,9.168379e-2,9.044612e-2,8.839244e-2,9.021903e-2,9.088800e-2,8.375891e-2,8.007666e-2,8.007494e-2,8.048763e-2,7.836246e-2,7.612316e-2,7.796211e-2,7.802942e-2,8.798650e-2,8.586194e-2,8.538016e-2,8.240361e-2,8.492422e-2,8.374064e-2,8.501848e-2,8.296756e-2,7.788163e-2,8.366231e-2,8.312899e-2,8.243172e-2,8.377453e-2,8.162309e-2,8.443440e-2,8.373683e-2,9.807647e-2,1.072448e-1,1.073737e-1,1.092787e-1,1.076871e-1,1.067571e-1,1.064299e-1,1.025889e-1]},{"variance_ratio":0.850,"d_res":0,"d_eff":46,"mean_mse":2.099287e-1,"min_mse":1.823181e-1,"max_mse":2.527082e-1,"inflation_over_baseline":3.026586,"per_block_mses":[2.090248e-1,2.141316e-1,2.154915e-1,2.208747e-1,2.202302e-1,2.209372e-1,2.218582e-1,2.219892e-1,2.165531e-1,2.186690e-1,2.199967e-1,2.130730e-1,2.106765e-1,2.075793e-1,2.104785e-1,2.061099e-1,1.889942e-1,1.901620e-1,1.902416e-1,1.846990e-1,1.835130e-1,1.838280e-1,1.826107e-1,1.823181e-1,2.019495e-1,1.953572e-1,1.998541e-1,1.968220e-1,1.967098e-1,1.944339e-1,1.966823e-1,1.963681e-1,1.911563e-1,2.017074e-1,1.999278e-1,2.055937e-1,2.047405e-1,1.995099e-1,2.060744e-1,2.066018e-1,2.265266e-1,2.514786e-1,2.527082e-1,2.468402e-1,2.448050e-1,2.433656e-1,2.418591e-1,2.414637e-1]},{"variance_ratio":0.850,"d_res":2,"d_eff":46,"mean_mse":1.818459e-1,"min_mse":1.568263e-1,"max_mse":2.216493e-1,"inflation_over_baseline":2.621711,"per_block_mses":[1.810877e-1,1.855349e-1,1.861730e-1,1.914563e-1,1.906637e-1,1.908062e-1,1.918482e-1,1.921270e-1,1.884938e-1,1.905308e-1,1.914409e-1,1.853514e-1,1.837037e-1,1.810472e-1,1.834662e-1,1.798210e-1,1.634390e-1,1.642718e-1,1.631296e-1,1.590457e-1,1.583028e-1,1.579970e-1,1.568263e-1,1.569067e-1,1.755257e-1,1.699717e-1,1.737665e-1,1.706389e-1,1.704634e-1,1.683730e-1,1.703172e-1,1.704397e-1,1.628255e-1,1.730146e-1,1.714726e-1,1.756380e-1,1.747083e-1,1.709729e-1,1.760857e-1,1.767332e-1,1.981422e-1,2.202768e-1,2.216493e-1,2.157888e-1,2.138193e-1,2.122013e-1,2.111484e-1,2.111604e-1]},{"variance_ratio":0.850,"d_res":4,"d_eff":46,"mean_mse":1.630194e-1,"min_mse":1.402475e-1,"max_mse":2.000559e-1,"inflation_over_baseline":2.350286,