{"n_vecs":24576,"dim":128,"n_blocks":48,"block_size":512,"baseline_mse":5.834050e-2,"cells":[{"variance_ratio":0.950,"d_res":0,"d_eff":87,"mean_mse":5.834050e-2,"min_mse":3.707924e-2,"max_mse":7.099071e-2,"inflation_over_baseline":1.000000,"per_block_mses":[6.301299e-2,6.667833e-2,6.664685e-2,6.623189e-2,6.604959e-2,6.605525e-2,6.590622e-2,6.612475e-2,3.707924e-2,3.723847e-2,3.730327e-2,3.735936e-2,3.729486e-2,3.726266e-2,3.738562e-2,3.759303e-2,5.921833e-2,6.013050e-2,6.281653e-2,6.285642e-2,6.261513e-2,6.209750e-2,6.220056e-2,6.242526e-2,6.803194e-2,6.784354e-2,6.695405e-2,6.799802e-2,6.762017e-2,6.713664e-2,6.744982e-2,7.099071e-2,5.848162e-2,6.003283e-2,6.207621e-2,6.233880e-2,6.251728e-2,6.271132e-2,6.219073e-2,6.245393e-2,5.428563e-2,5.466667e-2,5.417537e-2,5.414013e-2,5.658622e-2,5.657890e-2,5.660667e-2,5.689434e-2]},{"variance_ratio":0.950,"d_res":2,"d_eff":87,"mean_mse":4.945938e-2,"min_mse":3.131736e-2,"max_mse":5.968445e-2,"inflation_over_baseline":0.847771,"per_block_mses":[5.346393e-2,5.678853e-2,5.701330e-2,5.658726e-2,5.626556e-2,5.611732e-2,5.610827e-2,5.631099e-2,3.131736e-2,3.148969e-2,3.150562e-2,3.162418e-2,3.154763e-2,3.141442e-2,3.156667e-2,3.165456e-2,5.081215e-2,5.164226e-2,5.395160e-2,5.379452e-2,5.350794e-2,5.331261e-2,5.339448e-2,5.354486e-2,5.737100e-2,5.714688e-2,5.628001e-2,5.725110e-2,5.678216e-2,5.640516e-2,5.688012e-2,5.968445e-2,4.931564e-2,5.071948e-2,5.235943e-2,5.250358e-2,5.268504e-2,5.258015e-2,5.246908e-2,5.260971e-2,4.590003e-2,4.628287e-2,4.592060e-2,4.591450e-2,4.795902e-2,4.810816e-2,4.795903e-2,4.822735e-2]},{"variance_ratio":0.950,"d_res":4,"d_eff":87,"mean_mse":4.360503e-2,"min_mse":2.759894e-2,"max_mse":5.229694e-2,"inflation_over_baseline":0.747423,"per_block_mses":[4.720858e-2,5.011996e-2,5.048814e-2,5.012494e-2,4.978692e-2,4.959778e-2,4.956563e-2,4.980846e-2,2.759894e-2,2.778793e-2,2.781248e-2,2.792794e-2,2.780318e-2,2.769726e-2,2.780291e-2,2.794425e-2,4.508744e-2,4.587064e-2,4.790948e-2,4.770858e-2,4.740182e-2,4.737531e-2,4.742666e-2,4.756608e-2,5.027242e-2,5.012859e-2,4.924302e-2,5.013161e-2,4.971607e-2,4.936044e-2,4.988497e-2,5.229694e-2,4.336425e-2,4.469985e-2,4.610736e-2,4.630298e-2,4.636804e-2,4.619817e-2,4.617445e-2,4.627950e-2,4.026404e-2,4.073096e-2,4.040565e-2,4.039673e-2,4.221360e-2,4.241523e-2,4.221303e-2,4.245213e-2]},{"variance_ratio":0.950,"d_res":8,"d_eff":87,"mean_mse":3.507729e-2,"min_mse":2.225015e-2,"max_mse":4.171504e-2,"inflation_over_baseline":0.601251,"per_block_mses":[3.813114e-2,4.040249e-2,4.085921e-2,4.058076e-2,4.028712e-2,4.003110e-2,4.007164e-2,4.027927e-2,2.225015e-2,2.242017e-2,2.244947e-2,2.252987e-2,2.235894e-2,2.230107e-2,2.236568e-2,2.253979e-2,3.668335e-2,3.734665e-2,3.901362e-2,3.875357e-2,3.842480e-2,3.854879e-2,3.862016e-2,3.875074e-2,4.006872e-2,3.985763e-2,3.914076e-2,3.977055e-2,3.942023e-2,3.923121e-2,3.974370e-2,4.171504e-2,3.479548e-2,3.598530e-2,3.700602e-2,3.724918e-2,3.724381e-2,3.707994e-2,3.715551e-2,3.709332e-2,3.204500e-2,3.257944e-2,3.239317e-2,3.235208e-2,3.381522e-2,3.405376e-2,3.389691e-2,3.401848e-2]},{"variance_ratio":0.900,"d_res":0,"d_eff":70,"mean_mse":1.176429e-1,"min_mse":7.510719e-2,"max_mse":1.413143e-1,"inflation_over_baseline":2.016488,"per_block_mses":[1.284992e-1,1.337377e-1,1.330607e-1,1.331214e-1,1.326529e-1,1.324308e-1,1.320333e-1,1.319951e-1,7.562691e-2,7.535815e-2,7.524566e-2,7.510719e-2,7.549375e-2,7.542847e-2,7.548840e-2,7.602578e-2,1.178420e-1,1.209312e-1,1.255947e-1,1.256189e-1,1.251962e-1,1.236874e-1,1.239328e-1,1.244460e-1,1.413143e-1,1.409711e-1,1.386166e-1,1.397186e-1,1.395491e-1,1.393815e-1,1.399059e-1,1.390031e-1,1.184687e-1,1.246736e-1,1.233686e-1,1.238202e-1,1.242019e-1,1.245231e-1,1.236316e-1,1.240940e-1,1.097697e-1,1.095414e-1,1.124881e-1,1.125412e-1,1.123019e-1,1.120832e-1,1.120415e-1,1.122973e-1]},{"variance_ratio":0.900,"d_res":2,"d_eff":70,"mean_mse":1.007985e-1,"min_mse":6.399519e-2,"max_mse":1.215696e-1,"inflation_over_baseline":1.727762,"per_block_mses":[1.103571e-1,1.150177e-1,1.144533e-1,1.148336e-1,1.143969e-1,1.142427e-1,1.137224e-1,1.133324e-1,6.434599e-2,6.421610e-2,6.408591e-2,6.399519e-2,6.419173e-2,6.422642e-2,6.425736e-2,6.469269e-2,1.014450e-1,1.039264e-1,1.080611e-1,1.081919e-1,1.077231e-1,1.062040e-1,1.067889e-1,1.070226e-1,1.213956e-1,1.215696e-1,1.191124e-1,1.202983e-1,1.203110e-1,1.202352e-1,1.204029e-1,1.197300e-1,1.005865e-1,1.061115e-1,1.049935e-1,1.054158e-1,1.057802e-1,1.061196e-1,1.054404e-1,1.055809e-1,9.344913e-2,9.340979e-2,9.579255e-2,9.600221e-2,9.576176e-2,9.568688e-2,9.558847e-2,9.582235e-2]},{"variance_ratio":0.900,"d_res":4,"d_eff":70,"mean_mse":8.953690e-2,"min_mse":5.675279e-2,"max_mse":1.083913e-1,"inflation_over_baseline":1.534730,"per_block_mses":[9.853389e-2,1.022826e-1,1.019130e-1,1.025889e-1,1.020381e-1,1.019185e-1,1.013005e-1,1.007845e-1,5.697387e-2,5.686791e-2,5.683461e-2,5.675279e-2,5.690731e-2,5.694770e-2,5.695602e-2,5.734998e-2,9.042633e-2,9.260956e-2,9.635979e-2,9.656851e-2,9.589850e-2,9.455648e-2,9.502567e-2,9.536029e-2,1.082463e-1,1.083913e-1,1.060308e-1,1.072757e-1,1.070979e-1,1.069695e-1,1.072714e-1,1.066851e-1,8.882546e-2,9.368797e-2,9.274116e-2,9.311466e-2,9.344981e-2,9.385927e-2,9.325194e-2,9.332240e-2,8.250007e-2,8.274051e-2,8.484515e-2,8.503913e-2,8.470956e-2,8.471691e-2,8.452320e-2,8.472066e-2]},{"variance_ratio":0.900,"d_res":8,"d_eff":70,"mean_mse":7.294072e-2,"min_mse":4.621798e-2,"max_mse":8.867859e-2,"inflation_over_baseline":1.250259,"per_block_mses":[8.090596e-2,8.348043e-2,8.342326e-2,8.427787e-2,8.372422e-2,8.368861e-2,8.285188e-2,8.232383e-2,4.632635e-2,4.622294e-2,4.632021e-2,4.621798e-2,4.632810e-2,4.640501e-2,4.639151e-2,4.673097e-2,7.415532e-2,7.584746e-2,7.908427e-2,7.929655e-2,7.841892e-2,7.737238e-2,7.771880e-2,7.816326e-2,8.863797e-2,8.867859e-2,8.652201e-2,8.761279e-2,8.744389e-2,8.735186e-2,8.777724e-2,8.727525e-2,7.168670e-2,7.553482e-2,7.496465e-2,7.518131e-2,7.539288e-2,7.586761e-2,7.540262e-2,7.526379e-2,6.667762e-2,6.679273e-2,6.876665e-2,6.880979e-2,6.841319e-2,6.865938e-2,6.831920e-2,6.844612e-2]},{"variance_ratio":0.850,"d_res":0,"d_eff":58,"mean_mse":1.768372e-1,"min_mse":1.118088e-1,"max_mse":2.126847e-1,"inflation_over_baseline":3.031122,"per_block_mses":[1.956022e-1,1.960571e-1,2.014705e-1,2.011402e-1,2.006315e-1,2.005659e-1,1.996858e-1,1.994763e-1,1.118088e-1,1.142591e-1,1.140919e-1,1.140955e-1,1.144930e-1,1.147904e-1,1.145672e-1,1.149835e-1,1.743037e-1,1.854685e-1,1.867401e-1,1.863532e-1,1.850978e-1,1.839145e-1,1.841437e-1,1.852289e-1,2.051327e-1,2.126847e-1,2.091033e-1,2.105379e-1,2.100367e-1,2.091362e-1,2.100618e-1,2.096565e-1,1.810450e-1,1.841884e-1,1.879263e-1,1.884831e-1,1.881479e-1,1.884393e-1,1.870540e-1,1.883796e-1,1.647837e-1,1.643481e-1,1.684716e-1,1.688241e-1,1.689961e-1,1.678087e-1,1.678951e-1,1.680736e-1]},{"variance_ratio":0.850,"d_res":2,"d_eff":58,"mean_mse":1.514468e-1,"min_mse":9.544541e-2,"max_mse":1.820464e-1,"inflation_over_baseline":2.595911,"per_block_mses":[1.685824e-1,1.692711e-1,1.736953e-1,1.736538e-1,1.723674e-1,1.727751e-1,1.724712e-1,1.721192e-1,9.544541e-2,9.772556e-2,9.778035e-2,9.784139e-2,9.809991e-2,9.837009e-2,9.829823e-2,9.837634e-2,1.502508e-1,1.598520e-1,1.601335e-1,1.602610e-1,1.596051e-1,1.577872e-1,1.584563e-1,1.593923e-1,1.757096e-1,1.820464e-1,1.789046e-1,1.806517e-1,1.801871e-1,1.789392e-1,1.794426e-1,1.792346e-1,1.541454e-1,1.569411e-1,1.598239e-1,1.605976e-1,1.599258e-1,1.601291e-1,1.589264e-1,1.600785e-1,1.400146e-1,1.398793e-1,1.435278e-1,1.440032e-1,1.445004e-1,1.430169e-1,1.431449e-1,1.430639e-1]},{"variance_ratio":0.850,"d_res":4,"d_eff":58,"mean_mse":1.345828e-1,"min_mse":8.472588e-2,"max_mse":1.617504e-1,"inflation_over_baseline":2.306851,