{"n_vecs":24576,"dim":128,"n_blocks":48,"block_size":512,"baseline_mse":7.159747e-2,"cells":[{"variance_ratio":0.950,"d_res":0,"d_eff":73,"mean_mse":7.159747e-2,"min_mse":4.272109e-2,"max_mse":1.000873e-1,"inflation_over_baseline":1.000000,"per_block_mses":[4.272109e-2,4.603402e-2,4.817208e-2,4.767109e-2,4.719654e-2,4.522103e-2,4.523900e-2,4.517154e-2,8.439834e-2,8.127381e-2,8.057468e-2,7.684163e-2,7.475682e-2,7.476632e-2,7.517981e-2,7.255528e-2,6.214185e-2,6.090715e-2,6.208034e-2,6.099849e-2,6.017595e-2,5.737478e-2,5.911343e-2,5.926133e-2,5.574605e-2,5.597981e-2,5.544176e-2,5.628712e-2,5.585761e-2,5.390449e-2,5.670454e-2,5.701971e-2,8.674729e-2,9.326078e-2,9.420825e-2,9.492349e-2,9.530326e-2,9.455678e-2,9.955058e-2,1.000873e-1,9.777579e-2,9.793833e-2,9.830984e-2,9.388458e-2,9.354843e-2,9.372198e-2,9.315233e-2,9.294204e-2]},{"variance_ratio":0.950,"d_res":2,"d_eff":73,"mean_mse":6.080742e-2,"min_mse":3.632525e-2,"max_mse":8.387303e-2,"inflation_over_baseline":0.849296,"per_block_mses":[3.632525e-2,3.914550e-2,4.095702e-2,4.054135e-2,4.010462e-2,3.823987e-2,3.834493e-2,3.829207e-2,7.264320e-2,6.972810e-2,6.871091e-2,6.528067e-2,6.354930e-2,6.332597e-2,6.404709e-2,6.155602e-2,5.374188e-2,5.231503e-2,5.316520e-2,5.214186e-2,5.151892e-2,4.914091e-2,5.070102e-2,5.076758e-2,4.840188e-2,4.779357e-2,4.725151e-2,4.793264e-2,4.751288e-2,4.582506e-2,4.819762e-2,4.834022e-2,7.294969e-2,7.796094e-2,7.862184e-2,7.933206e-2,7.970462e-2,7.938381e-2,8.354341e-2,8.368285e-2,8.378580e-2,8.343938e-2,8.387303e-2,7.994419e-2,7.944308e-2,7.937046e-2,7.914750e-2,7.903380e-2]},{"variance_ratio":0.950,"d_res":4,"d_eff":73,"mean_mse":5.384274e-2,"min_mse":3.209118e-2,"max_mse":7.469719e-2,"inflation_over_baseline":0.752020,"per_block_mses":[3.209118e-2,3.461966e-2,3.615786e-2,3.577895e-2,3.541554e-2,3.366238e-2,3.380892e-2,3.377987e-2,6.495479e-2,6.227251e-2,6.116833e-2,5.795608e-2,5.643381e-2,5.618781e-2,5.693176e-2,5.464036e-2,4.802437e-2,4.657721e-2,4.728501e-2,4.636190e-2,4.565674e-2,4.357145e-2,4.512155e-2,4.506333e-2,4.333608e-2,4.247163e-2,4.186066e-2,4.244250e-2,4.207851e-2,4.053948e-2,4.265112e-2,4.270561e-2,6.415472e-2,6.845589e-2,6.885044e-2,6.948478e-2,6.987699e-2,6.974801e-2,7.321486e-2,7.337729e-2,7.464051e-2,7.425754e-2,7.469719e-2,7.103604e-2,7.048676e-2,7.031102e-2,7.015560e-2,7.009681e-2]},{"variance_ratio":0.950,"d_res":8,"d_eff":73,"mean_mse":4.376102e-2,"min_mse":2.591963e-2,"max_mse":6.131432e-2,"inflation_over_baseline":0.611209,"per_block_mses":[2.591963e-2,2.793140e-2,2.922333e-2,2.888323e-2,2.856610e-2,2.704637e-2,2.713071e-2,2.721307e-2,5.367033e-2,5.135925e-2,5.038667e-2,4.749093e-2,4.624871e-2,4.598319e-2,4.674103e-2,4.466492e-2,3.955545e-2,3.813817e-2,3.855995e-2,3.776471e-2,3.708121e-2,3.542739e-2,3.682432e-2,3.665649e-2,3.578461e-2,3.472645e-2,3.399454e-2,3.434048e-2,3.411820e-2,3.283498e-2,3.454536e-2,3.455084e-2,5.153222e-2,5.486829e-2,5.503532e-2,5.561157e-2,5.593888e-2,5.594195e-2,5.864168e-2,5.882980e-2,6.131432e-2,6.090066e-2,6.127103e-2,5.822158e-2,5.749511e-2,5.720912e-2,5.711732e-2,5.723799e-2]},{"variance_ratio":0.900,"d_res":0,"d_eff":55,"mean_mse":1.426363e-1,"min_mse":8.550089e-2,"max_mse":1.999908e-1,"inflation_over_baseline":1.992197,"per_block_mses":[8.550089e-2,9.147772e-2,9.509805e-2,9.407379e-2,9.334729e-2,9.392362e-2,8.928516e-2,9.252786e-2,1.696029e-1,1.625070e-1,1.589177e-1,1.525266e-1,1.496223e-1,1.462668e-1,1.466231e-1,1.477719e-1,1.220529e-1,1.235680e-1,1.214606e-1,1.194416e-1,1.185861e-1,1.175342e-1,1.157518e-1,1.161171e-1,1.127699e-1,1.129251e-1,1.112565e-1,1.139709e-1,1.100227e-1,1.111391e-1,1.122341e-1,1.125751e-1,1.787505e-1,1.815861e-1,1.846616e-1,1.858083e-1,1.890729e-1,1.883157e-1,1.986685e-1,1.999908e-1,1.970741e-1,1.968031e-1,1.928183e-1,1.923010e-1,1.856864e-1,1.852454e-1,1.844989e-1,1.847820e-1]},{"variance_ratio":0.900,"d_res":2,"d_eff":55,"mean_mse":1.222675e-1,"min_mse":7.321550e-2,"max_mse":1.705275e-1,"inflation_over_baseline":1.707707,"per_block_mses":[7.321550e-2,7.892939e-2,8.211920e-2,8.070803e-2,7.980588e-2,8.016751e-2,7.628356e-2,7.867222e-2,1.471035e-1,1.407987e-1,1.380654e-1,1.319826e-1,1.292430e-1,1.264990e-1,1.271837e-1,1.278476e-1,1.053157e-1,1.065349e-1,1.046001e-1,1.027254e-1,1.023770e-1,1.012375e-1,9.958608e-2,9.974882e-2,9.824549e-2,9.741737e-2,9.559928e-2,9.804005e-2,9.468719e-2,9.586135e-2,9.652849e-2,9.707218e-2,1.523298e-1,1.540031e-1,1.560394e-1,1.563870e-1,1.587577e-1,1.576856e-1,1.665031e-1,1.676487e-1,1.705275e-1,1.703176e-1,1.657292e-1,1.644929e-1,1.588061e-1,1.589469e-1,1.579803e-1,1.584829e-1]},{"variance_ratio":0.900,"d_res":4,"d_eff":55,"mean_mse":1.089608e-1,"min_mse":6.521185e-2,"max_mse":1.530983e-1,"inflation_over_baseline":1.521853,"per_block_mses":[6.521185e-2,7.057464e-2,7.337372e-2,7.189508e-2,7.116724e-2,7.121300e-2,6.775874e-2,6.980756e-2,1.321059e-1,1.263399e-1,1.239555e-1,1.183580e-1,1.156267e-1,1.132381e-1,1.139849e-1,1.144851e-1,9.437206e-2,9.518430e-2,9.350031e-2,9.173967e-2,9.149842e-2,9.045069e-2,8.893025e-2,8.898703e-2,8.836184e-2,8.723350e-2,8.532050e-2,8.753366e-2,8.451323e-2,8.558025e-2,8.611361e-2,8.677322e-2,1.351919e-1,1.363276e-1,1.377576e-1,1.376859e-1,1.394846e-1,1.385732e-1,1.461528e-1,1.471857e-1,1.530983e-1,1.525914e-1,1.484638e-1,1.466854e-1,1.415555e-1,1.418108e-1,1.409391e-1,1.414286e-1]},{"variance_ratio":0.900,"d_res":8,"d_eff":55,"mean_mse":8.958327e-2,"min_mse":5.367225e-2,"max_mse":1.272158e-1,"inflation_over_baseline":1.251207,"per_block_mses":[5.367225e-2,5.816986e-2,6.044145e-2,5.898253e-2,5.846617e-2,5.830718e-2,5.537560e-2,5.699114e-2,1.099545e-1,1.048459e-1,1.029423e-1,9.804513e-2,9.558491e-2,9.371423e-2,9.439964e-2,9.480269e-2,7.823495e-2,7.866409e-2,7.723037e-2,7.562069e-2,7.550180e-2,7.452941e-2,7.347433e-2,7.327874e-2,7.357889e-2,7.226635e-2,7.029839e-2,7.202766e-2,6.942451e-2,7.033473e-2,7.082832e-2,7.157538e-2,1.104905e-1,1.108252e-1,1.118043e-1,1.115326e-1,1.123669e-1,1.116398e-1,1.178336e-1,1.186570e-1,1.272158e-1,1.264299e-1,1.229307e-1,1.210021e-1,1.164186e-1,1.167506e-1,1.161711e-1,1.163644e-1]},{"variance_ratio":0.850,"d_res":0,"d_eff":43,"mean_mse":2.148839e-1,"min_mse":1.282772e-1,"max_mse":3.015283e-1,"inflation_over_baseline":3.001279,"per_block_mses":[1.282772e-1,1.372776e-1,1.427643e-1,1.422727e-1,1.411975e-1,1.361972e-1,1.348117e-1,1.393245e-1,2.503999e-1,2.485160e-1,2.374461e-1,2.294866e-1,2.266207e-1,2.209239e-1,2.224938e-1,2.239445e-1,1.841837e-1,1.830569e-1,1.862797e-1,1.838464e-1,1.821527e-1,1.752027e-1,1.793841e-1,1.791537e-1,1.685690e-1,1.675507e-1,1.671726e-1,1.676080e-1,1.685740e-1,1.649679e-1,1.670928e-1,1.677542e-1,2.664693e-1,2.706750e-1,2.781448e-1,2.817376e-1,2.847902e-1,2.848314e-1,2.847654e-1,3.013200e-1,2.995864e-1,3.015283e-1,2.916907e-1,2.829269e-1,2.834294e-1,2.821534e-1,2.825599e-1,2.833174e-1]},{"variance_ratio":0.850,"d_res":2,"d_eff":43,"mean_mse":1.843222e-1,"min_mse":1.096983e-1,"max_mse":2.607533e-1,"inflation_over_baseline":2.574424,"per_block_mses":[1.096983e-1,1.157604e-1,1.203059e-1,1.198757e-1,1.189074e-1,1.149410e-1,1.128832e-1,1.166985e-1,2.194027e-1,2.164711e-1,2.067725e-1,1.999695e-1,1.976503e-1,1.925500e-1,1.938801e-1,1.947820e-1,1.592652e-1,1.574840e-1,1.605868e-1,1.589915e-1,1.577030e-1,1.515091e-1,1.548198e-1,1.548861e-1,1.459542e-1,1.440039e-1,1.435114e-1,1.433929e-1,1.440092e-1,1.415817e-1,1.437333e-1,1.445890e-1,2.270430e-1,2.275056e-1,2.353234e-1,2.375787e-1,2.395570e-1,2.404129e-1,2.408173e-1,2.561131e-1,2.606056e-1,2.607533e-1,2.509699e-1,2.428742e-1,2.434584e-1,2.416631e-1,2.421902e-1,2.440311e-1]},{"variance_ratio":0.850,"d_res":4,"d_eff":43,"mean_mse":1.644611e-1,"min_mse":9.794143e-2,"max_mse":2.342195e-1,"inflation_over_baseline":2.297024,