{"n_vecs":24576,"dim":128,"n_blocks":48,"block_size":512,"baseline_mse":6.795083e-2,"cells":[{"variance_ratio":0.950,"d_res":0,"d_eff":65,"mean_mse":6.795083e-2,"min_mse":3.495362e-2,"max_mse":1.023482e-1,"inflation_over_baseline":1.000000,"per_block_mses":[6.727819e-2,7.258171e-2,7.276138e-2,7.251432e-2,7.229711e-2,7.293294e-2,7.217717e-2,7.286977e-2,4.913472e-2,5.570013e-2,5.568152e-2,5.540341e-2,5.594472e-2,5.836142e-2,5.874799e-2,5.894751e-2,8.715286e-2,8.992854e-2,9.050642e-2,9.024036e-2,9.035848e-2,9.458711e-2,9.434184e-2,9.520825e-2,3.495362e-2,3.733848e-2,3.764378e-2,3.742438e-2,3.954329e-2,3.948542e-2,3.924891e-2,3.950224e-2,9.371280e-2,9.651652e-2,9.670741e-2,1.010281e-1,1.014636e-1,1.011484e-1,1.017103e-1,1.023482e-1,4.691916e-2,5.169387e-2,5.125801e-2,5.114262e-2,5.128718e-2,5.091958e-2,5.100693e-2,5.197928e-2]},{"variance_ratio":0.950,"d_res":2,"d_eff":65,"mean_mse":5.607734e-2,"min_mse":2.876376e-2,"max_mse":8.317752e-2,"inflation_over_baseline":0.825263,"per_block_mses":[5.608283e-2,6.042113e-2,6.069304e-2,6.044263e-2,6.026285e-2,6.076802e-2,6.014068e-2,6.065134e-2,4.131381e-2,4.700880e-2,4.687835e-2,4.661668e-2,4.711656e-2,4.922609e-2,4.956898e-2,4.964859e-2,7.176566e-2,7.405143e-2,7.447886e-2,7.375640e-2,7.378138e-2,7.743681e-2,7.744331e-2,7.810244e-2,2.876376e-2,3.102291e-2,3.124615e-2,3.106052e-2,3.248972e-2,3.264759e-2,3.237389e-2,3.271544e-2,7.631861e-2,7.848544e-2,7.845047e-2,8.220096e-2,8.222177e-2,8.232996e-2,8.249660e-2,8.317752e-2,3.883052e-2,4.277608e-2,4.241289e-2,4.229527e-2,4.231269e-2,4.209858e-2,4.225269e-2,4.307561e-2]},{"variance_ratio":0.950,"d_res":4,"d_eff":65,"mean_mse":4.861285e-2,"min_mse":2.507963e-2,"max_mse":7.140011e-2,"inflation_over_baseline":0.715412,"per_block_mses":[4.889935e-2,5.273985e-2,5.299625e-2,5.275583e-2,5.261744e-2,5.305273e-2,5.241419e-2,5.295623e-2,3.624542e-2,4.128829e-2,4.117714e-2,4.086668e-2,4.136264e-2,4.321969e-2,4.350818e-2,4.358074e-2,6.206203e-2,6.394045e-2,6.426504e-2,6.359899e-2,6.340187e-2,6.657003e-2,6.670073e-2,6.729368e-2,2.507963e-2,2.703761e-2,2.726945e-2,2.711135e-2,2.832152e-2,2.846663e-2,2.819443e-2,2.859060e-2,6.556950e-2,6.744892e-2,6.730149e-2,7.072995e-2,7.058281e-2,7.055226e-2,7.074570e-2,7.140011e-2,3.364147e-2,3.716267e-2,3.678105e-2,3.668113e-2,3.666212e-2,3.650981e-2,3.667775e-2,3.738546e-2]},{"variance_ratio":0.950,"d_res":8,"d_eff":65,"mean_mse":3.811415e-2,"min_mse":1.993328e-2,"max_mse":5.508086e-2,"inflation_over_baseline":0.560908,"per_block_mses":[3.885178e-2,4.182834e-2,4.218666e-2,4.189335e-2,4.180968e-2,4.225988e-2,4.141474e-2,4.209433e-2,2.892914e-2,3.300154e-2,3.291677e-2,3.258693e-2,3.305025e-2,3.457951e-2,3.476224e-2,3.477468e-2,4.820005e-2,4.953022e-2,4.981085e-2,4.924712e-2,4.895660e-2,5.143438e-2,5.159693e-2,5.210912e-2,1.993328e-2,2.146291e-2,2.163328e-2,2.151949e-2,2.250314e-2,2.270622e-2,2.229483e-2,2.275956e-2,5.056772e-2,5.212152e-2,5.191725e-2,5.458290e-2,5.447383e-2,5.442497e-2,5.450189e-2,5.508086e-2,2.637329e-2,2.936188e-2,2.893043e-2,2.884090e-2,2.875788e-2,2.873204e-2,2.875771e-2,2.941613e-2]},{"variance_ratio":0.900,"d_res":0,"d_eff":52,"mean_mse":1.356573e-1,"min_mse":6.791343e-2,"max_mse":2.012045e-1,"inflation_over_baseline":1.996404,"per_block_mses":[1.330097e-1,1.433747e-1,1.434333e-1,1.434930e-1,1.433163e-1,1.441264e-1,1.435269e-1,1.442344e-1,9.754191e-2,1.094645e-1,1.103083e-1,1.159331e-1,1.120249e-1,1.171894e-1,1.183975e-1,1.188228e-1,1.686385e-1,1.757414e-1,1.871575e-1,1.785046e-1,1.875640e-1,1.882934e-1,1.880533e-1,1.894416e-1,6.791343e-2,7.568707e-2,7.638047e-2,7.615190e-2,7.626365e-2,7.642687e-2,7.985239e-2,8.004773e-2,1.820108e-1,1.984924e-1,1.977032e-1,1.976602e-1,1.985148e-1,1.987651e-1,2.002271e-1,2.012045e-1,9.585440e-2,1.043951e-1,1.046868e-1,1.041374e-1,1.043552e-1,1.037400e-1,1.042060e-1,1.052825e-1]},{"variance_ratio":0.900,"d_res":2,"d_eff":52,"mean_mse":1.118319e-1,"min_mse":5.556317e-2,"max_mse":1.614621e-1,"inflation_over_baseline":1.645777,"per_block_mses":[1.120955e-1,1.214214e-1,1.214871e-1,1.217800e-1,1.215783e-1,1.218896e-1,1.214980e-1,1.223302e-1,8.178904e-2,9.205051e-2,9.280544e-2,9.720171e-2,9.465019e-2,9.845643e-2,9.947153e-2,9.920055e-2,1.381376e-1,1.434902e-1,1.533275e-1,1.456328e-1,1.539132e-1,1.547088e-1,1.538900e-1,1.554915e-1,5.556317e-2,6.218452e-2,6.264963e-2,6.243252e-2,6.269091e-2,6.283954e-2,6.576884e-2,6.617444e-2,1.477326e-1,1.594220e-1,1.602015e-1,1.597992e-1,1.587195e-1,1.582546e-1,1.611874e-1,1.614621e-1,7.925870e-2,8.615222e-2,8.630247e-2,8.566980e-2,8.632529e-2,8.590365e-2,8.603361e-2,8.690636e-2]},{"variance_ratio":0.900,"d_res":4,"d_eff":52,"mean_mse":9.718960e-2,"min_mse":4.835702e-2,"max_mse":1.389524e-1,"inflation_over_baseline":1.430293,"per_block_mses":[9.858526e-2,1.067959e-1,1.069295e-1,1.072024e-1,1.070716e-1,1.074360e-1,1.069942e-1,1.078087e-1,7.181765e-2,8.081920e-2,8.150509e-2,8.528172e-2,8.341191e-2,8.655457e-2,8.743682e-2,8.697943e-2,1.195003e-1,1.238904e-1,1.329100e-1,1.258711e-1,1.330896e-1,1.344294e-1,1.333870e-1,1.347199e-1,4.835702e-2,5.403415e-2,5.444529e-2,5.419726e-2,5.440639e-2,5.459026e-2,5.715005e-2,5.757513e-2,1.274190e-1,1.372217e-1,1.381767e-1,1.376161e-1,1.362467e-1,1.356341e-1,1.386253e-1,1.389524e-1,6.864024e-2,7.443180e-2,7.452469e-2,7.393063e-2,7.475854e-2,7.437016e-2,7.437065e-2,7.499898e-2]},{"variance_ratio":0.900,"d_res":8,"d_eff":52,"mean_mse":7.679828e-2,"min_mse":3.849969e-2,"max_mse":1.085555e-1,"inflation_over_baseline":1.130204,"per_block_mses":[7.903645e-2,8.554773e-2,8.583553e-2,8.607333e-2,8.589846e-2,8.640475e-2,8.578898e-2,8.664662e-2,5.751888e-2,6.485426e-2,6.536987e-2,6.850814e-2,6.712869e-2,6.955456e-2,7.026346e-2,6.993484e-2,9.355416e-2,9.706875e-2,1.045263e-1,9.863398e-2,1.047949e-1,1.062924e-1,1.050770e-1,1.057250e-1,3.849969e-2,4.284183e-2,4.320236e-2,4.299488e-2,4.312593e-2,4.342042e-2,4.527321e-2,4.574781e-2,9.940645e-2,1.071959e-1,1.080414e-1,1.072275e-1,1.062781e-1,1.050656e-1,1.079604e-1,1.085555e-1,5.376594e-2,5.815742e-2,5.823207e-2,5.782296e-2,5.871038e-2,5.816850e-2,5.805434e-2,5.853202e-2]},{"variance_ratio":0.850,"d_res":0,"d_eff":43,"mean_mse":2.052996e-1,"min_mse":1.037141e-1,"max_mse":3.067762e-1,"inflation_over_baseline":3.021297,"per_block_mses":[2.053192e-1,2.191789e-1,2.197931e-1,2.201899e-1,2.203518e-1,2.211140e-1,2.197952e-1,2.208218e-1,1.520799e-1,1.648320e-1,1.673820e-1,1.675343e-1,1.697119e-1,1.704026e-1,1.725302e-1,1.724053e-1,2.587448e-1,2.750928e-1,2.780575e-1,2.789016e-1,2.789537e-1,2.805564e-1,2.809214e-1,2.822362e-1,1.037141e-1,1.109144e-1,1.125109e-1,1.127308e-1,1.179120e-1,1.180819e-1,1.176090e-1,1.180043e-1,2.858956e-1,3.002929e-1,2.994723e-1,3.002323e-1,3.014672e-1,3.021900e-1,3.038189e-1,3.067762e-1,1.443194e-1,1.566702e-1,1.569854e-1,1.565219e-1,1.575605e-1,1.571250e-1,1.577895e-1,1.588811e-1]},{"variance_ratio":0.850,"d_res":2,"d_eff":43,"mean_mse":1.697398e-1,"min_mse":8.596831e-2,"max_mse":2.499244e-1,"inflation_over_baseline":2.497980,"per_block_mses":[1.755847e-1,1.864543e-1,1.866375e-1,1.865280e-1,1.871965e-1,1.873888e-1,1.867953e-1,1.876675e-1,1.280949e-1,1.385276e-1,1.403735e-1,1.408620e-1,1.420774e-1,1.430545e-1,1.447760e-1,1.442739e-1,2.099400e-1,2.226226e-1,2.265093e-1,2.272650e-1,2.278033e-1,2.281033e-1,2.284305e-1,2.297055e-1,8.596831e-2,9.196491e-2,9.295700e-2,9.296605e-2,9.761268e-2,9.759710e-2,9.681323e-2,9.701610e-2,2.332838e-1,2.450284e-1,2.432753e-1,2.435483e-1,2.462226e-1,2.463920e-1,2.471370e-1,2.499244e-1,1.192329e-1,1.297951e-1,1.299002e-1,1.303305e-1,1.308982e-1,1.303194e-1,1.309617e-1,1.316939e-1]},{"variance_ratio":0.850,"d_res":4,"d_eff":43,"mean_mse":1.476853e-1,"min_mse":7.501043e-2,"max_mse":2.159274e-1,"inflation_over_baseline":2.173414,