{"n_vecs":24576,"dim":128,"n_blocks":48,"block_size":512,"baseline_mse":7.702985e-2,"cells":[{"variance_ratio":0.950,"d_res":0,"d_eff":85,"mean_mse":7.702985e-2,"min_mse":5.396634e-2,"max_mse":1.152413e-1,"inflation_over_baseline":1.000000,"per_block_mses":[9.182842e-2,1.078495e-1,1.070697e-1,1.108256e-1,1.110352e-1,1.113295e-1,1.134905e-1,1.152413e-1,5.869279e-2,6.314635e-2,6.378814e-2,6.288538e-2,6.228409e-2,6.031594e-2,6.080370e-2,6.098269e-2,6.222907e-2,6.894046e-2,7.111454e-2,7.155038e-2,7.099573e-2,7.139614e-2,7.230642e-2,7.043815e-2,8.067080e-2,9.103774e-2,9.212157e-2,9.117492e-2,9.117442e-2,9.132269e-2,9.178494e-2,8.903580e-2,5.396634e-2,5.768090e-2,5.904760e-2,5.963470e-2,5.902353e-2,5.876271e-2,5.890165e-2,5.950585e-2,6.295423e-2,7.361765e-2,7.435112e-2,7.640142e-2,7.641125e-2,7.588785e-2,7.539484e-2,7.702884e-2]},{"variance_ratio":0.950,"d_res":2,"d_eff":85,"mean_mse":6.589748e-2,"min_mse":4.657408e-2,"max_mse":9.831305e-2,"inflation_over_baseline":0.855480,"per_block_mses":[7.866847e-2,9.178815e-2,9.131211e-2,9.481575e-2,9.451904e-2,9.516168e-2,9.738248e-2,9.831305e-2,5.040880e-2,5.442440e-2,5.482713e-2,5.399095e-2,5.339880e-2,5.168991e-2,5.217607e-2,5.223562e-2,5.250555e-2,5.794931e-2,6.009263e-2,6.103763e-2,6.036032e-2,6.101998e-2,6.188507e-2,6.035787e-2,6.905666e-2,7.792057e-2,7.884465e-2,7.777217e-2,7.757177e-2,7.804687e-2,7.780268e-2,7.611597e-2,4.657408e-2,4.993780e-2,5.121885e-2,5.152832e-2,5.090420e-2,5.067099e-2,5.090124e-2,5.129764e-2,5.407522e-2,6.295404e-2,6.364871e-2,6.538581e-2,6.531577e-2,6.501839e-2,6.451912e-2,6.567659e-2]},{"variance_ratio":0.950,"d_res":4,"d_eff":85,"mean_mse":5.855335e-2,"min_mse":4.172994e-2,"max_mse":8.699258e-2,"inflation_over_baseline":0.760138,"per_block_mses":[6.971948e-2,8.088262e-2,8.046554e-2,8.394728e-2,8.347403e-2,8.423057e-2,8.625780e-2,8.699258e-2,4.513092e-2,4.879068e-2,4.899707e-2,4.821183e-2,4.767994e-2,4.605749e-2,4.657892e-2,4.649070e-2,4.651669e-2,5.120628e-2,5.317656e-2,5.419990e-2,5.352146e-2,5.423595e-2,5.503169e-2,5.361067e-2,6.134742e-2,6.937841e-2,7.013749e-2,6.914988e-2,6.893090e-2,6.931635e-2,6.892780e-2,6.760060e-2,4.172994e-2,4.479141e-2,4.593562e-2,4.609354e-2,4.560667e-2,4.532202e-2,4.560421e-2,4.593119e-2,4.804286e-2,5.589362e-2,5.637294e-2,5.800065e-2,5.795191e-2,5.769948e-2,5.721630e-2,5.817288e-2]},{"variance_ratio":0.950,"d_res":8,"d_eff":85,"mean_mse":4.777101e-2,"min_mse":3.450527e-2,"max_mse":7.027875e-2,"inflation_over_baseline":0.620162,"per_block_mses":[5.641273e-2,6.499381e-2,6.467521e-2,6.778748e-2,6.726462e-2,6.806479e-2,6.980629e-2,7.027875e-2,3.740266e-2,4.046585e-2,4.042510e-2,3.974002e-2,3.938165e-2,3.793773e-2,3.843453e-2,3.825940e-2,3.790376e-2,4.160626e-2,4.320453e-2,4.416080e-2,4.352610e-2,4.422381e-2,4.496720e-2,4.370017e-2,5.010214e-2,5.684364e-2,5.735215e-2,5.659278e-2,5.630031e-2,5.653858e-2,5.608163e-2,5.508270e-2,3.450527e-2,3.713936e-2,3.803434e-2,3.811384e-2,3.774399e-2,3.754061e-2,3.773140e-2,3.798169e-2,3.912265e-2,4.539082e-2,4.567574e-2,4.706559e-2,4.713649e-2,4.685356e-2,4.639242e-2,4.706361e-2]},{"variance_ratio":0.900,"d_res":0,"d_eff":66,"mean_mse":1.540979e-1,"min_mse":1.071787e-1,"max_mse":2.288023e-1,"inflation_over_baseline":2.000495,"per_block_mses":[1.876633e-1,2.140192e-1,2.141202e-1,2.195626e-1,2.189498e-1,2.200186e-1,2.243899e-1,2.288023e-1,1.163657e-1,1.247021e-1,1.272651e-1,1.267725e-1,1.255257e-1,1.220810e-1,1.234266e-1,1.228793e-1,1.256340e-1,1.386608e-1,1.416298e-1,1.475553e-1,1.454837e-1,1.464557e-1,1.428733e-1,1.437780e-1,1.610648e-1,1.830098e-1,1.856702e-1,1.858356e-1,1.852425e-1,1.793004e-1,1.795353e-1,1.808505e-1,1.071787e-1,1.135884e-1,1.157188e-1,1.168861e-1,1.199248e-1,1.154118e-1,1.163290e-1,1.176185e-1,1.272174e-1,1.439281e-1,1.506756e-1,1.503078e-1,1.543514e-1,1.536718e-1,1.531428e-1,1.516227e-1]},{"variance_ratio":0.900,"d_res":2,"d_eff":66,"mean_mse":1.322496e-1,"min_mse":9.254412e-2,"max_mse":1.956775e-1,"inflation_over_baseline":1.716862,"per_block_mses":[1.606742e-1,1.833867e-1,1.835401e-1,1.885000e-1,1.870788e-1,1.886032e-1,1.919259e-1,1.956775e-1,1.002469e-1,1.068973e-1,1.082855e-1,1.082424e-1,1.071853e-1,1.043197e-1,1.053584e-1,1.049301e-1,1.087381e-1,1.186558e-1,1.214985e-1,1.268300e-1,1.248371e-1,1.256126e-1,1.224913e-1,1.230440e-1,1.381190e-1,1.571519e-1,1.593830e-1,1.601082e-1,1.595292e-1,1.544525e-1,1.543384e-1,1.552742e-1,9.254412e-2,9.797174e-2,9.999969e-2,1.009168e-1,1.036023e-1,9.956528e-2,1.001459e-1,1.012744e-1,1.096470e-1,1.237018e-1,1.292740e-1,1.293587e-1,1.324704e-1,1.315845e-1,1.311690e-1,1.298414e-1]},{"variance_ratio":0.900,"d_res":4,"d_eff":66,"mean_mse":1.178235e-1,"min_mse":8.313645e-2,"max_mse":1.738402e-1,"inflation_over_baseline":1.529582,"per_block_mses":[1.428101e-1,1.630227e-1,1.630212e-1,1.674700e-1,1.661221e-1,1.675543e-1,1.704387e-1,1.738402e-1,8.979468e-2,9.547307e-2,9.618495e-2,9.626664e-2,9.535946e-2,9.283348e-2,9.380265e-2,9.333109e-2,9.717652e-2,1.057471e-1,1.082628e-1,1.131628e-1,1.112308e-1,1.119391e-1,1.090915e-1,1.096291e-1,1.231787e-1,1.400843e-1,1.420699e-1,1.427351e-1,1.423108e-1,1.376827e-1,1.375148e-1,1.381514e-1,8.313645e-2,8.765148e-2,8.956320e-2,9.041488e-2,9.298324e-2,8.912964e-2,8.961276e-2,9.051604e-2,9.799203e-2,1.100642e-1,1.149668e-1,1.152806e-1,1.179667e-1,1.169777e-1,1.165701e-1,1.154078e-1]},{"variance_ratio":0.900,"d_res":8,"d_eff":66,"mean_mse":9.662279e-2,"min_mse":6.907827e-2,"max_mse":1.417611e-1,"inflation_over_baseline":1.254355,"per_block_mses":[1.165868e-1,1.329995e-1,1.327421e-1,1.362674e-1,1.352816e-1,1.366251e-1,1.390229e-1,1.417611e-1,7.451628e-2,7.891106e-2,7.899957e-2,7.913093e-2,7.827476e-2,7.622090e-2,7.712411e-2,7.661951e-2,8.002693e-2,8.681299e-2,8.871745e-2,9.267565e-2,9.113558e-2,9.179733e-2,8.943643e-2,8.981835e-2,1.013224e-1,1.149430e-1,1.165686e-1,1.171943e-1,1.167704e-1,1.129050e-1,1.128496e-1,1.131825e-1,6.907827e-2,7.239174e-2,7.408939e-2,7.493643e-2,7.708227e-2,7.377310e-2,7.400590e-2,7.465074e-2,8.058271e-2,8.998591e-2,9.410780e-2,9.429444e-2,9.653693e-2,9.560171e-2,9.517051e-2,9.436572e-2]},{"variance_ratio":0.850,"d_res":0,"d_eff":53,"mean_mse":2.316103e-1,"min_mse":1.624644e-1,"max_mse":3.415977e-1,"inflation_over_baseline":3.006760,"per_block_mses":[2.786861e-1,3.203456e-1,3.323672e-1,3.277017e-1,3.288711e-1,3.400517e-1,3.347408e-1,3.415977e-1,1.743411e-1,1.880385e-1,1.920781e-1,1.870469e-1,1.852918e-1,1.854481e-1,1.818588e-1,1.810862e-1,1.872237e-1,2.133694e-1,2.185580e-1,2.199069e-1,2.186809e-1,2.198458e-1,2.140966e-1,2.163878e-1,2.411565e-1,2.705519e-1,2.755535e-1,2.752768e-1,2.744679e-1,2.748283e-1,2.765069e-1,2.677312e-1,1.624644e-1,1.724716e-1,1.754383e-1,1.781657e-1,1.775699e-1,1.764917e-1,1.773490e-1,1.790168e-1,1.917760e-1,2.195652e-1,2.220631e-1,2.285848e-1,2.277278e-1,2.272641e-1,2.265424e-1,2.311093e-1]},{"variance_ratio":0.850,"d_res":2,"d_eff":53,"mean_mse":1.992795e-1,"min_mse":1.404139e-1,"max_mse":2.924791e-1,"inflation_over_baseline":2.587042,"per_block_mses":[2.397059e-1,2.758053e-1,2.845060e-1,2.809304e-1,2.812986e-1,2.913082e-1,2.858329e-1,2.924791e-1,1.507517e-1,1.625069e-1,1.655490e-1,1.612203e-1,1.596568e-1,1.599636e-1,1.568679e-1,1.558168e-1,1.618372e-1,1.838866e-1,1.891855e-1,1.900935e-1,1.890484e-1,1.904226e-1,1.850042e-1,1.870633e-1,2.083816e-1,2.323717e-1,2.364371e-1,2.362085e-1,2.357598e-1,2.360235e-1,2.376977e-1,2.304566e-1,1.404139e-1,1.488289e-1,1.520388e-1,1.536172e-1,1.536385e-1,1.524525e-1,1.534864e-1,1.544661e-1,1.654434e-1,1.884516e-1,1.906232e-1,1.956945e-1,1.949489e-1,1.952257e-1,1.943802e-1,1.976273e-1]},{"variance_ratio":0.850,"d_res":4,"d_eff":53,"mean_mse":1.778884e-1,"min_mse":1.259100e-1,"max_mse":2.603149e-1,"inflation_over_baseline":2.309344,