{"n_vecs":24576,"dim":128,"n_blocks":48,"block_size":512,"baseline_mse":8.012446e-2,"cells":[{"variance_ratio":0.950,"d_res":0,"d_eff":71,"mean_mse":8.012446e-2,"min_mse":6.886674e-2,"max_mse":9.615122e-2,"inflation_over_baseline":1.000000,"per_block_mses":[8.263958e-2,8.321365e-2,8.377389e-2,8.034574e-2,8.023391e-2,8.012330e-2,8.039725e-2,8.062940e-2,9.590096e-2,9.612021e-2,9.500729e-2,9.521073e-2,9.481175e-2,9.383737e-2,9.615122e-2,9.427931e-2,7.630625e-2,7.971376e-2,7.791750e-2,7.793697e-2,7.740812e-2,7.758811e-2,7.787808e-2,7.625745e-2,7.801416e-2,7.779728e-2,7.925083e-2,7.637097e-2,7.846013e-2,7.619161e-2,7.808009e-2,7.784516e-2,7.074126e-2,7.149187e-2,6.998103e-2,7.023632e-2,6.898752e-2,6.942749e-2,7.040623e-2,6.886674e-2,7.903233e-2,8.139244e-2,8.042362e-2,7.770365e-2,7.766883e-2,7.801480e-2,7.706173e-2,7.884598e-2]},{"variance_ratio":0.950,"d_res":2,"d_eff":71,"mean_mse":6.906818e-2,"min_mse":5.926043e-2,"max_mse":8.315895e-2,"inflation_over_baseline":0.862011,"per_block_mses":[7.094365e-2,7.105352e-2,7.158300e-2,6.897939e-2,6.899858e-2,6.885451e-2,6.902873e-2,6.943522e-2,8.261011e-2,8.289932e-2,8.202692e-2,8.238468e-2,8.185759e-2,8.094408e-2,8.315895e-2,8.143119e-2,6.590409e-2,6.827929e-2,6.639898e-2,6.689171e-2,6.644929e-2,6.670669e-2,6.727519e-2,6.584999e-2,6.735997e-2,6.705598e-2,6.803800e-2,6.594921e-2,6.767127e-2,6.580151e-2,6.747508e-2,6.726759e-2,6.076899e-2,6.172305e-2,5.999328e-2,6.029333e-2,5.941897e-2,5.971446e-2,6.077432e-2,5.926043e-2,6.863263e-2,7.071015e-2,6.989269e-2,6.764069e-2,6.759420e-2,6.752003e-2,6.648024e-2,6.829203e-2]},{"variance_ratio":0.950,"d_res":4,"d_eff":71,"mean_mse":6.179974e-2,"min_mse":5.299911e-2,"max_mse":7.430292e-2,"inflation_over_baseline":0.771297,"per_block_mses":[6.337348e-2,6.351571e-2,6.394035e-2,6.165389e-2,6.181139e-2,6.157499e-2,6.173304e-2,6.208937e-2,7.373310e-2,7.401342e-2,7.327184e-2,7.373603e-2,7.314236e-2,7.224287e-2,7.430292e-2,7.280165e-2,5.904074e-2,6.091640e-2,5.909694e-2,5.976420e-2,5.935396e-2,5.967896e-2,6.024789e-2,5.897697e-2,6.034205e-2,5.998066e-2,6.082655e-2,5.906692e-2,6.060174e-2,5.888703e-2,6.050495e-2,6.028634e-2,5.431425e-2,5.519678e-2,5.355239e-2,5.386738e-2,5.319655e-2,5.337843e-2,5.441361e-2,5.299911e-2,6.176304e-2,6.352273e-2,6.287201e-2,6.081765e-2,6.071812e-2,6.054646e-2,5.954721e-2,6.117287e-2]},{"variance_ratio":0.950,"d_res":8,"d_eff":71,"mean_mse":5.112780e-2,"min_mse":4.381245e-2,"max_mse":6.122313e-2,"inflation_over_baseline":0.638105,"per_block_mses":[5.227026e-2,5.245575e-2,5.285488e-2,5.089660e-2,5.121672e-2,5.093185e-2,5.104607e-2,5.144737e-2,6.068034e-2,6.095231e-2,6.040890e-2,6.080641e-2,6.029347e-2,5.942427e-2,6.122313e-2,6.006987e-2,4.894561e-2,5.021247e-2,4.862758e-2,4.948820e-2,4.912887e-2,4.941893e-2,4.989732e-2,4.890292e-2,5.008828e-2,4.965140e-2,5.034591e-2,4.903571e-2,5.023174e-2,4.876132e-2,5.024921e-2,5.002160e-2,4.483669e-2,4.557560e-2,4.419525e-2,4.450709e-2,4.398764e-2,4.407251e-2,4.499728e-2,4.381245e-2,5.148666e-2,5.280843e-2,5.240717e-2,5.058700e-2,5.056262e-2,5.022288e-2,4.942279e-2,5.066709e-2]},{"variance_ratio":0.900,"d_res":0,"d_eff":47,"mean_mse":1.607683e-1,"min_mse":1.367777e-1,"max_mse":1.936205e-1,"inflation_over_baseline":2.006483,"per_block_mses":[1.692602e-1,1.668984e-1,1.684241e-1,1.616224e-1,1.608910e-1,1.591736e-1,1.597009e-1,1.613237e-1,1.907602e-1,1.916068e-1,1.936205e-1,1.883554e-1,1.935908e-1,1.891938e-1,1.893918e-1,1.912427e-1,1.555232e-1,1.588454e-1,1.568515e-1,1.571998e-1,1.555797e-1,1.516391e-1,1.528503e-1,1.544694e-1,1.566128e-1,1.565682e-1,1.547289e-1,1.547833e-1,1.539400e-1,1.541427e-1,1.569377e-1,1.565971e-1,1.421435e-1,1.433438e-1,1.414755e-1,1.410032e-1,1.401576e-1,1.367777e-1,1.387963e-1,1.400128e-1,1.594294e-1,1.630777e-1,1.630188e-1,1.578628e-1,1.579611e-1,1.546633e-1,1.589812e-1,1.558506e-1]},{"variance_ratio":0.900,"d_res":2,"d_eff":47,"mean_mse":1.395566e-1,"min_mse":1.183323e-1,"max_mse":1.683016e-1,"inflation_over_baseline":1.741747,"per_block_mses":[1.473893e-1,1.454665e-1,1.464679e-1,1.410552e-1,1.402837e-1,1.388374e-1,1.389909e-1,1.403781e-1,1.651707e-1,1.659814e-1,1.679341e-1,1.635757e-1,1.683016e-1,1.647808e-1,1.645913e-1,1.668222e-1,1.346238e-1,1.377570e-1,1.356156e-1,1.362785e-1,1.354149e-1,1.310719e-1,1.323861e-1,1.338899e-1,1.358037e-1,1.365608e-1,1.348986e-1,1.349473e-1,1.343961e-1,1.341066e-1,1.366585e-1,1.360106e-1,1.227413e-1,1.234139e-1,1.218045e-1,1.219258e-1,1.208166e-1,1.183323e-1,1.203307e-1,1.211238e-1,1.385454e-1,1.411037e-1,1.415715e-1,1.369594e-1,1.371352e-1,1.341363e-1,1.371617e-1,1.351661e-1]},{"variance_ratio":0.900,"d_res":4,"d_eff":47,"mean_mse":1.253218e-1,"min_mse":1.059670e-1,"max_mse":1.511429e-1,"inflation_over_baseline":1.564089,"per_block_mses":[1.326444e-1,1.308711e-1,1.317278e-1,1.270029e-1,1.263082e-1,1.250188e-1,1.250770e-1,1.262575e-1,1.481825e-1,1.490835e-1,1.508399e-1,1.469925e-1,1.511429e-1,1.482732e-1,1.479191e-1,1.502850e-1,1.207573e-1,1.235350e-1,1.215937e-1,1.221317e-1,1.216652e-1,1.174336e-1,1.188120e-1,1.200659e-1,1.219563e-1,1.230981e-1,1.214450e-1,1.214129e-1,1.209128e-1,1.205565e-1,1.228924e-1,1.221322e-1,1.097805e-1,1.102547e-1,1.088190e-1,1.091627e-1,1.080725e-1,1.059670e-1,1.080854e-1,1.085091e-1,1.247327e-1,1.263540e-1,1.271564e-1,1.229089e-1,1.230162e-1,1.204132e-1,1.228869e-1,1.213003e-1]},{"variance_ratio":0.900,"d_res":8,"d_eff":47,"mean_mse":1.041906e-1,"min_mse":8.762323e-2,"max_mse":1.258324e-1,"inflation_over_baseline":1.300359,"per_block_mses":[1.105292e-1,1.090844e-1,1.097027e-1,1.059099e-1,1.054945e-1,1.042901e-1,1.043093e-1,1.052499e-1,1.232883e-1,1.241107e-1,1.257760e-1,1.225476e-1,1.258324e-1,1.235145e-1,1.231620e-1,1.254644e-1,1.002375e-1,1.025422e-1,1.008743e-1,1.013175e-1,1.010484e-1,9.739411e-2,9.865104e-2,9.957856e-2,1.013543e-1,1.029165e-1,1.013853e-1,1.011587e-1,1.007204e-1,1.003098e-1,1.025948e-1,1.014847e-1,9.072395e-2,9.101002e-2,8.998236e-2,9.035175e-2,8.939895e-2,8.762323e-2,8.973510e-2,8.990973e-2,1.040816e-1,1.045730e-1,1.053992e-1,1.019975e-1,1.021082e-1,9.977198e-2,1.018904e-1,1.007574e-1]},{"variance_ratio":0.850,"d_res":0,"d_eff":33,"mean_mse":2.401802e-1,"min_mse":2.076238e-1,"max_mse":2.871326e-1,"inflation_over_baseline":2.997589,"per_block_mses":[2.509314e-1,2.533242e-1,2.470071e-1,2.439724e-1,2.418874e-1,2.393617e-1,2.394984e-1,2.406420e-1,2.833975e-1,2.820257e-1,2.871326e-1,2.847624e-1,2.808893e-1,2.836890e-1,2.857823e-1,2.854873e-1,2.295475e-1,2.372052e-1,2.340843e-1,2.344037e-1,2.312781e-1,2.313161e-1,2.339246e-1,2.292017e-1,2.327758e-1,2.370223e-1,2.340448e-1,2.344212e-1,2.329731e-1,2.276177e-1,2.301450e-1,2.301196e-1,2.110957e-1,2.100804e-1,2.123169e-1,2.107246e-1,2.093573e-1,2.087794e-1,2.076238e-1,2.083826e-1,2.404273e-1,2.413846e-1,2.397830e-1,2.397377e-1,2.336272e-1,2.341434e-1,2.351467e-1,2.361677e-1]},{"variance_ratio":0.850,"d_res":2,"d_eff":33,"mean_mse":2.089356e-1,"min_mse":1.807987e-1,"max_mse":2.481599e-1,"inflation_over_baseline":2.607639,"per_block_mses":[2.188964e-1,2.208126e-1,2.156698e-1,2.133974e-1,2.119556e-1,2.097866e-1,2.093732e-1,2.106268e-1,2.446583e-1,2.439003e-1,2.475469e-1,2.458672e-1,2.430377e-1,2.462835e-1,2.481599e-1,2.481005e-1,1.991819e-1,2.068967e-1,2.034815e-1,2.041157e-1,2.010227e-1,2.009328e-1,2.026673e-1,1.992168e-1,2.018268e-1,2.053179e-1,2.036329e-1,2.036924e-1,2.025201e-1,1.977113e-1,1.992511e-1,1.998718e-1,1.834093e-1,1.831800e-1,1.852156e-1,1.839165e-1,1.821290e-1,1.824431e-1,1.807987e-1,1.812710e-1,2.092678e-1,2.110314e-1,2.090476e-1,2.092380e-1,2.040928e-1,2.039858e-1,2.045050e-1,2.059671e-1]},{"variance_ratio":0.850,"d_res":4,"d_eff":33,"mean_mse":1.878977e-1,"min_mse":1.627612e-1,"max_mse":2.233743e-1,"inflation_over_baseline":2.345073,