{"n_vecs":24576,"dim":128,"n_blocks":48,"block_size":512,"baseline_mse":7.560185e-2,"cells":[{"variance_ratio":0.950,"d_res":0,"d_eff":75,"mean_mse":7.560185e-2,"min_mse":5.516192e-2,"max_mse":1.021908e-1,"inflation_over_baseline":1.000000,"per_block_mses":[5.794260e-2,6.288115e-2,6.475220e-2,6.425396e-2,6.414735e-2,6.541625e-2,6.577488e-2,6.415336e-2,9.710811e-2,1.019023e-1,1.021908e-1,9.969194e-2,1.011909e-1,9.968072e-2,9.946998e-2,9.665642e-2,6.696953e-2,6.739769e-2,6.876271e-2,6.842299e-2,6.723726e-2,6.736155e-2,6.683491e-2,6.733266e-2,7.357666e-2,7.554554e-2,7.633944e-2,7.404115e-2,7.442954e-2,7.473604e-2,7.374458e-2,7.482059e-2,5.821419e-2,5.681977e-2,5.529935e-2,5.516192e-2,5.635565e-2,5.629825e-2,5.554356e-2,5.639164e-2,8.694484e-2,9.173096e-2,9.183624e-2,9.273239e-2,9.284651e-2,9.232177e-2,9.273682e-2,9.288908e-2]},{"variance_ratio":0.950,"d_res":2,"d_eff":75,"mean_mse":6.486954e-2,"min_mse":4.739231e-2,"max_mse":8.726950e-2,"inflation_over_baseline":0.858042,"per_block_mses":[4.958283e-2,5.400032e-2,5.581517e-2,5.542219e-2,5.552381e-2,5.640500e-2,5.691014e-2,5.540753e-2,8.304998e-2,8.726950e-2,8.723828e-2,8.519594e-2,8.678821e-2,8.522917e-2,8.527417e-2,8.262658e-2,5.796754e-2,5.815785e-2,5.923207e-2,5.895621e-2,5.805696e-2,5.782891e-2,5.741604e-2,5.786727e-2,6.282317e-2,6.471735e-2,6.506002e-2,6.321433e-2,6.362720e-2,6.373456e-2,6.305139e-2,6.416861e-2,5.011421e-2,4.867011e-2,4.752209e-2,4.739231e-2,4.827440e-2,4.825728e-2,4.758816e-2,4.835055e-2,7.484543e-2,7.888919e-2,7.879764e-2,7.930648e-2,7.957385e-2,7.924040e-2,7.959357e-2,7.970406e-2]},{"variance_ratio":0.950,"d_res":4,"d_eff":75,"mean_mse":5.776629e-2,"min_mse":4.220384e-2,"max_mse":7.756878e-2,"inflation_over_baseline":0.764086,"per_block_mses":[4.410356e-2,4.816216e-2,4.970897e-2,4.937258e-2,4.952850e-2,5.027720e-2,5.078368e-2,4.937757e-2,7.366620e-2,7.756878e-2,7.740113e-2,7.554309e-2,7.727291e-2,7.579203e-2,7.583861e-2,7.340688e-2,5.188844e-2,5.206128e-2,5.297459e-2,5.261019e-2,5.183136e-2,5.158528e-2,5.126693e-2,5.165372e-2,5.579283e-2,5.772901e-2,5.784535e-2,5.613440e-2,5.661339e-2,5.657727e-2,5.609761e-2,5.719536e-2,4.461739e-2,4.327444e-2,4.230237e-2,4.220384e-2,4.289608e-2,4.291725e-2,4.241170e-2,4.302957e-2,6.685700e-2,7.041995e-2,7.029489e-2,7.054439e-2,7.092400e-2,7.067067e-2,7.080918e-2,7.094842e-2]},{"variance_ratio":0.950,"d_res":8,"d_eff":75,"mean_mse":4.735498e-2,"min_mse":3.454047e-2,"max_mse":6.345208e-2,"inflation_over_baseline":0.626373,"per_block_mses":[3.598569e-2,3.940284e-2,4.068668e-2,4.036419e-2,4.060302e-2,4.113365e-2,4.156106e-2,4.041892e-2,5.991851e-2,6.345208e-2,6.323680e-2,6.171070e-2,6.338833e-2,6.215763e-2,6.208251e-2,6.006304e-2,4.290799e-2,4.295360e-2,4.366609e-2,4.332951e-2,4.260540e-2,4.240499e-2,4.221787e-2,4.251227e-2,4.564031e-2,4.751509e-2,4.744081e-2,4.584908e-2,4.636214e-2,4.614446e-2,4.593560e-2,4.695891e-2,3.644707e-2,3.537306e-2,3.461794e-2,3.454047e-2,3.512587e-2,3.509296e-2,3.482257e-2,3.517450e-2,5.527081e-2,5.794661e-2,5.783621e-2,5.774713e-2,5.820923e-2,5.797003e-2,5.799554e-2,5.825904e-2]},{"variance_ratio":0.900,"d_res":0,"d_eff":54,"mean_mse":1.513285e-1,"min_mse":1.093926e-1,"max_mse":2.028758e-1,"inflation_over_baseline":2.001651,"per_block_mses":[1.175242e-1,1.292915e-1,1.283034e-1,1.309269e-1,1.317999e-1,1.290992e-1,1.303080e-1,1.281338e-1,1.989346e-1,2.002939e-1,2.010372e-1,2.028758e-1,1.995257e-1,1.981753e-1,1.971111e-1,1.985959e-1,1.356588e-1,1.352538e-1,1.377584e-1,1.366339e-1,1.345585e-1,1.355310e-1,1.341834e-1,1.349017e-1,1.477268e-1,1.521289e-1,1.506314e-1,1.500608e-1,1.508032e-1,1.500423e-1,1.481199e-1,1.492096e-1,1.176116e-1,1.127032e-1,1.131650e-1,1.093926e-1,1.113964e-1,1.106164e-1,1.122724e-1,1.126573e-1,1.779202e-1,1.805899e-1,1.816791e-1,1.826516e-1,1.827426e-1,1.814687e-1,1.879541e-1,1.838079e-1]},{"variance_ratio":0.900,"d_res":2,"d_eff":54,"mean_mse":1.307989e-1,"min_mse":9.437984e-2,"max_mse":1.760467e-1,"inflation_over_baseline":1.730102,"per_block_mses":[1.016362e-1,1.115359e-1,1.105365e-1,1.128675e-1,1.134834e-1,1.112335e-1,1.125497e-1,1.103001e-1,1.736288e-1,1.736710e-1,1.746364e-1,1.760467e-1,1.733662e-1,1.728102e-1,1.714672e-1,1.731041e-1,1.170573e-1,1.164771e-1,1.189941e-1,1.179786e-1,1.162790e-1,1.170844e-1,1.154421e-1,1.161723e-1,1.283227e-1,1.317735e-1,1.305991e-1,1.297793e-1,1.311199e-1,1.300927e-1,1.281026e-1,1.293461e-1,1.016860e-1,9.725352e-2,9.782362e-2,9.437984e-2,9.593600e-2,9.538171e-2,9.655578e-2,9.683214e-2,1.535418e-1,1.557737e-1,1.564942e-1,1.568408e-1,1.574907e-1,1.557480e-1,1.615719e-1,1.575445e-1]},{"variance_ratio":0.900,"d_res":4,"d_eff":54,"mean_mse":1.171128e-1,"min_mse":8.438003e-2,"max_mse":1.580666e-1,"inflation_over_baseline":1.549073,"per_block_mses":[9.096322e-2,9.957358e-2,9.883817e-2,1.006832e-1,1.012528e-1,9.918369e-2,1.006399e-1,9.861215e-2,1.564009e-1,1.558201e-1,1.567773e-1,1.580666e-1,1.560187e-1,1.557978e-1,1.543495e-1,1.559634e-1,1.047406e-1,1.041942e-1,1.067570e-1,1.057806e-1,1.040475e-1,1.048015e-1,1.032049e-1,1.038741e-1,1.150419e-1,1.182466e-1,1.171646e-1,1.162861e-1,1.177866e-1,1.164765e-1,1.146948e-1,1.158493e-1,9.099126e-2,8.698313e-2,8.772085e-2,8.438003e-2,8.579677e-2,8.518006e-2,8.618435e-2,8.640323e-2,1.372933e-1,1.391544e-1,1.400242e-1,1.398296e-1,1.406478e-1,1.387384e-1,1.439526e-1,1.402445e-1]},{"variance_ratio":0.900,"d_res":8,"d_eff":54,"mean_mse":9.688789e-2,"min_mse":6.959768e-2,"max_mse":1.316820e-1,"inflation_over_baseline":1.281555,"per_block_mses":[7.489088e-2,8.173925e-2,8.145702e-2,8.270585e-2,8.315813e-2,8.143251e-2,8.285516e-2,8.129816e-2,1.306368e-1,1.294874e-1,1.303904e-1,1.316820e-1,1.302656e-1,1.302171e-1,1.289520e-1,1.305017e-1,8.666992e-2,8.619855e-2,8.858903e-2,8.776252e-2,8.612344e-2,8.681416e-2,8.522031e-2,8.591039e-2,9.535483e-2,9.812902e-2,9.724948e-2,9.622346e-2,9.780771e-2,9.645604e-2,9.479902e-2,9.578504e-2,7.515023e-2,7.189959e-2,7.266964e-2,6.959768e-2,7.087624e-2,7.030864e-2,7.101392e-2,7.116224e-2,1.133384e-1,1.148420e-1,1.155411e-1,1.147355e-1,1.160180e-1,1.136311e-1,1.179920e-1,1.150795e-1]},{"variance_ratio":0.850,"d_res":0,"d_eff":41,"mean_mse":2.275594e-1,"min_mse":1.656566e-1,"max_mse":3.098618e-1,"inflation_over_baseline":3.009971,"per_block_mses":[1.789281e-1,1.944304e-1,1.924681e-1,1.961273e-1,1.960188e-1,1.984555e-1,1.937992e-1,1.968145e-1,2.951599e-1,3.098618e-1,3.013787e-1,2.946801e-1,2.999477e-1,2.974541e-1,2.940260e-1,2.966802e-1,2.034884e-1,2.040281e-1,2.077953e-1,2.063552e-1,2.043841e-1,1.998590e-1,1.988276e-1,1.998816e-1,2.243557e-1,2.295927e-1,2.258590e-1,2.263616e-1,2.258620e-1,2.240017e-1,2.268205e-1,2.227416e-1,1.744711e-1,1.720987e-1,1.673032e-1,1.668527e-1,1.690643e-1,1.680004e-1,1.656566e-1,1.661839e-1,2.620061e-1,2.741109e-1,2.766608e-1,2.776597e-1,2.786521e-1,2.768976e-1,2.797415e-1,2.810474e-1]},{"variance_ratio":0.850,"d_res":2,"d_eff":41,"mean_mse":1.967429e-1,"min_mse":1.422435e-1,"max_mse":2.691667e-1,"inflation_over_baseline":2.602356,"per_block_mses":[1.535487e-1,1.671688e-1,1.651522e-1,1.678935e-1,1.686162e-1,1.700904e-1,1.665487e-1,1.694428e-1,2.560229e-1,2.691667e-1,2.613061e-1,2.551875e-1,2.597023e-1,2.573187e-1,2.539503e-1,2.566981e-1,1.752506e-1,1.768246e-1,1.797842e-1,1.781466e-1,1.765791e-1,1.732425e-1,1.719866e-1,1.728937e-1,1.959676e-1,2.003669e-1,1.960714e-1,1.970395e-1,1.966650e-1,1.947695e-1,1.972740e-1,1.937896e-1,1.511019e-1,1.481921e-1,1.439354e-1,1.435639e-1,1.461118e-1,1.446193e-1,1.422435e-1,1.435090e-1,2.260070e-1,2.372772e-1,2.395586e-1,2.400561e-1,2.409074e-1,2.382059e-1,2.414098e-1,2.424960e-1]},{"variance_ratio":0.850,"d_res":4,"d_eff":41,"mean_mse":1.762700e-1,"min_mse":1.270973e-1,"max_mse":2.419009e-1,"inflation_over_baseline":2.331556,