{"n_vecs":24576,"dim":128,"n_blocks":48,"block_size":512,"baseline_mse":7.073619e-2,"cells":[{"variance_ratio":0.950,"d_res":0,"d_eff":77,"mean_mse":7.073619e-2,"min_mse":5.757279e-2,"max_mse":9.407375e-2,"inflation_over_baseline":1.000000,"per_block_mses":[6.550791e-2,6.861356e-2,6.658791e-2,6.635555e-2,6.560882e-2,6.489660e-2,6.374563e-2,6.654435e-2,6.102681e-2,5.971140e-2,6.037255e-2,5.896197e-2,5.757279e-2,5.840932e-2,5.828961e-2,5.864916e-2,6.705792e-2,7.008215e-2,6.836835e-2,6.970308e-2,6.712006e-2,6.473429e-2,6.564558e-2,6.540127e-2,7.440346e-2,6.858188e-2,6.575386e-2,6.332333e-2,6.405113e-2,6.140931e-2,6.222916e-2,6.254365e-2,7.519639e-2,8.744350e-2,8.965688e-2,9.023941e-2,9.046054e-2,8.901891e-2,9.407375e-2,8.898313e-2,8.344833e-2,8.294463e-2,8.182399e-2,7.892334e-2,7.609574e-2,7.603313e-2,7.664750e-2,7.308559e-2]},{"variance_ratio":0.950,"d_res":2,"d_eff":77,"mean_mse":6.047929e-2,"min_mse":4.926903e-2,"max_mse":7.959490e-2,"inflation_over_baseline":0.854998,"per_block_mses":[5.589850e-2,5.827099e-2,5.648608e-2,5.631788e-2,5.580349e-2,5.499810e-2,5.407211e-2,5.638340e-2,5.238224e-2,5.118041e-2,5.158460e-2,5.036218e-2,4.926903e-2,4.994051e-2,4.997326e-2,5.025904e-2,5.825795e-2,6.020222e-2,5.853938e-2,5.921943e-2,5.735779e-2,5.534888e-2,5.589604e-2,5.582820e-2,6.439977e-2,5.907537e-2,5.628794e-2,5.417195e-2,5.484565e-2,5.262557e-2,5.313023e-2,5.353889e-2,6.474415e-2,7.442217e-2,7.610480e-2,7.643336e-2,7.668625e-2,7.555578e-2,7.959490e-2,7.542499e-2,7.239608e-2,7.143995e-2,7.077468e-2,6.800034e-2,6.545487e-2,6.542339e-2,6.607495e-2,6.256797e-2]},{"variance_ratio":0.950,"d_res":4,"d_eff":77,"mean_mse":5.376303e-2,"min_mse":4.388818e-2,"max_mse":7.047121e-2,"inflation_over_baseline":0.760050,"per_block_mses":[4.954569e-2,5.147259e-2,4.977572e-2,4.971185e-2,4.929376e-2,4.855117e-2,4.770092e-2,4.972964e-2,4.672931e-2,4.547803e-2,4.573733e-2,4.478542e-2,4.388818e-2,4.439480e-2,4.440050e-2,4.465728e-2,5.236460e-2,5.370693e-2,5.210446e-2,5.261584e-2,5.094467e-2,4.913829e-2,4.961829e-2,4.953259e-2,5.774694e-2,5.279717e-2,5.021588e-2,4.832523e-2,4.894114e-2,4.690840e-2,4.731553e-2,4.776229e-2,5.767370e-2,6.602678e-2,6.728783e-2,6.746203e-2,6.777783e-2,6.682587e-2,7.047121e-2,6.670600e-2,6.507516e-2,6.392677e-2,6.333455e-2,6.065132e-2,5.845033e-2,5.836869e-2,5.897120e-2,5.572579e-2]},{"variance_ratio":0.950,"d_res":8,"d_eff":77,"mean_mse":4.395047e-2,"min_mse":3.592541e-2,"max_mse":5.725186e-2,"inflation_over_baseline":0.621329,"per_block_mses":[4.012861e-2,4.151512e-2,4.004663e-2,4.004813e-2,3.974782e-2,3.909697e-2,3.833757e-2,3.995980e-2,3.837643e-2,3.716800e-2,3.724565e-2,3.657822e-2,3.592541e-2,3.630094e-2,3.628174e-2,3.647949e-2,4.356279e-2,4.423596e-2,4.271543e-2,4.303644e-2,4.164965e-2,4.023550e-2,4.055365e-2,4.039740e-2,4.795864e-2,4.366866e-2,4.144809e-2,3.984695e-2,4.035835e-2,3.854931e-2,3.896689e-2,3.936094e-2,4.730005e-2,5.381163e-2,5.458541e-2,5.462006e-2,5.484709e-2,5.413950e-2,5.725186e-2,5.407461e-2,5.418788e-2,5.284996e-2,5.226800e-2,4.978027e-2,4.801161e-2,4.792123e-2,4.845410e-2,4.573794e-2]},{"variance_ratio":0.900,"d_res":0,"d_eff":58,"mean_mse":1.419444e-1,"min_mse":1.144268e-1,"max_mse":1.830972e-1,"inflation_over_baseline":2.006674,"per_block_mses":[1.336896e-1,1.383043e-1,1.350940e-1,1.353256e-1,1.330022e-1,1.327334e-1,1.306152e-1,1.298149e-1,1.218535e-1,1.199686e-1,1.169676e-1,1.193514e-1,1.172302e-1,1.144268e-1,1.185277e-1,1.151238e-1,1.338397e-1,1.400330e-1,1.400798e-1,1.389331e-1,1.340916e-1,1.343020e-1,1.321458e-1,1.318858e-1,1.467808e-1,1.335156e-1,1.285787e-1,1.284786e-1,1.280576e-1,1.230420e-1,1.251282e-1,1.257996e-1,1.478163e-1,1.735828e-1,1.794606e-1,1.816729e-1,1.830972e-1,1.789077e-1,1.826955e-1,1.805418e-1,1.687376e-1,1.683218e-1,1.625419e-1,1.597013e-1,1.553272e-1,1.539292e-1,1.504234e-1,1.498554e-1]},{"variance_ratio":0.900,"d_res":2,"d_eff":58,"mean_mse":1.221521e-1,"min_mse":9.886975e-2,"max_mse":1.537830e-1,"inflation_over_baseline":1.726869,"per_block_mses":[1.143461e-1,1.181792e-1,1.156884e-1,1.159070e-1,1.138464e-1,1.134947e-1,1.124517e-1,1.112171e-1,1.056521e-1,1.038704e-1,1.010027e-1,1.035272e-1,1.011167e-1,9.886975e-2,1.025772e-1,9.996843e-2,1.165597e-1,1.215010e-1,1.212700e-1,1.200694e-1,1.155219e-1,1.160867e-1,1.140088e-1,1.144163e-1,1.277137e-1,1.164035e-1,1.119122e-1,1.116818e-1,1.112601e-1,1.069753e-1,1.091590e-1,1.094375e-1,1.264738e-1,1.469325e-1,1.519703e-1,1.525962e-1,1.537830e-1,1.507484e-1,1.537194e-1,1.517796e-1,1.461505e-1,1.463571e-1,1.412272e-1,1.385567e-1,1.346850e-1,1.331198e-1,1.301434e-1,1.293676e-1]},{"variance_ratio":0.900,"d_res":4,"d_eff":58,"mean_mse":1.091679e-1,"min_mse":8.864402e-2,"max_mse":1.359573e-1,"inflation_over_baseline":1.543311,"per_block_mses":[1.019272e-1,1.050525e-1,1.027281e-1,1.029534e-1,1.012100e-1,1.008709e-1,1.000188e-1,9.881963e-2,9.480294e-2,9.324934e-2,9.051678e-2,9.283798e-2,9.052019e-2,8.864402e-2,9.202233e-2,8.973639e-2,1.049021e-1,1.091402e-1,1.089247e-1,1.076725e-1,1.034693e-1,1.038544e-1,1.020708e-1,1.025816e-1,1.149575e-1,1.047573e-1,1.006855e-1,1.004283e-1,9.999334e-2,9.628243e-2,9.821736e-2,9.845678e-2,1.127382e-1,1.299932e-1,1.346149e-1,1.345486e-1,1.358762e-1,1.334306e-1,1.359573e-1,1.342209e-1,1.313096e-1,1.314403e-1,1.267746e-1,1.242199e-1,1.208525e-1,1.191821e-1,1.166285e-1,1.159698e-1]},{"variance_ratio":0.900,"d_res":8,"d_eff":58,"mean_mse":9.012034e-2,"min_mse":7.341611e-2,"max_mse":1.106482e-1,"inflation_over_baseline":1.274034,"per_block_mses":[8.371705e-2,8.590183e-2,8.388522e-2,8.412746e-2,8.269005e-2,8.226024e-2,8.157781e-2,8.068852e-2,7.867794e-2,7.749063e-2,7.499328e-2,7.697088e-2,7.497875e-2,7.341611e-2,7.633569e-2,7.449652e-2,8.761635e-2,9.083683e-2,9.057518e-2,8.924485e-2,8.567069e-2,8.600515e-2,8.458187e-2,8.518108e-2,9.580129e-2,8.730022e-2,8.384789e-2,8.376794e-2,8.328689e-2,8.031611e-2,8.210226e-2,8.215649e-2,9.265527e-2,1.059127e-1,1.097793e-1,1.091551e-1,1.105410e-1,1.086690e-1,1.106482e-1,1.092590e-1,1.094653e-1,1.093357e-1,1.053138e-1,1.030029e-1,1.002642e-1,9.864765e-2,9.662920e-2,9.599896e-2]},{"variance_ratio":0.850,"d_res":0,"d_eff":45,"mean_mse":2.131090e-1,"min_mse":1.712263e-1,"max_mse":2.770293e-1,"inflation_over_baseline":3.012729,"per_block_mses":[1.996436e-1,2.044797e-1,2.014557e-1,2.033814e-1,1.999400e-1,1.983939e-1,1.959676e-1,1.949437e-1,1.817900e-1,1.773384e-1,1.790210e-1,1.781577e-1,1.746884e-1,1.712263e-1,1.774275e-1,1.731390e-1,1.967591e-1,2.076840e-1,2.112034e-1,2.043935e-1,2.048028e-1,1.987458e-1,1.956679e-1,1.951943e-1,2.256202e-1,2.057192e-1,1.982860e-1,1.928250e-1,1.871540e-1,1.851975e-1,1.892703e-1,1.908544e-1,2.232045e-1,2.580600e-1,2.697570e-1,2.741893e-1,2.770293e-1,2.690021e-1,2.741230e-1,2.715402e-1,2.563794e-1,2.567251e-1,2.496054e-1,2.407556e-1,2.357152e-1,2.265743e-1,2.235880e-1,2.226123e-1]},{"variance_ratio":0.850,"d_res":2,"d_eff":45,"mean_mse":1.841100e-1,"min_mse":1.473876e-1,"max_mse":2.366010e-1,"inflation_over_baseline":2.602770,"per_block_mses":[1.715175e-1,1.751447e-1,1.726514e-1,1.745857e-1,1.715859e-1,1.703084e-1,1.684857e-1,1.679078e-1,1.575255e-1,1.540640e-1,1.552391e-1,1.539635e-1,1.506759e-1,1.473876e-1,1.527779e-1,1.492893e-1,1.715563e-1,1.807018e-1,1.832774e-1,1.768927e-1,1.776578e-1,1.727482e-1,1.698994e-1,1.693319e-1,1.979384e-1,1.804368e-1,1.738926e-1,1.691791e-1,1.644136e-1,1.621006e-1,1.654954e-1,1.671320e-1,1.902885e-1,2.208293e-1,2.302228e-1,2.332733e-1,2.366010e-1,2.296855e-1,2.341557e-1,2.312709e-1,2.221763e-1,2.231128e-1,2.161809e-1,2.076571e-1,2.036993e-1,1.965052e-1,1.932290e-1,1.926291e-1]},{"variance_ratio":0.850,"d_res":4,"d_eff":45,"mean_mse":1.649925e-1,"min_mse":1.316696e-1,"max_mse":2.111443e-1,"inflation_over_baseline":2.332504,