{"n_vecs":24576,"dim":128,"n_blocks":48,"block_size":512,"baseline_mse":6.812067e-2,"cells":[{"variance_ratio":0.950,"d_res":0,"d_eff":70,"mean_mse":6.812067e-2,"min_mse":4.300718e-2,"max_mse":9.972689e-2,"inflation_over_baseline":1.000000,"per_block_mses":[4.300718e-2,4.307583e-2,4.387039e-2,4.346902e-2,4.487090e-2,4.402394e-2,4.425567e-2,4.423550e-2,7.172558e-2,7.654453e-2,7.750533e-2,7.931776e-2,7.864815e-2,7.785526e-2,7.827993e-2,7.822651e-2,7.474835e-2,7.595262e-2,7.577633e-2,7.373200e-2,7.279449e-2,7.224813e-2,7.231453e-2,7.158397e-2,6.827342e-2,6.615276e-2,6.263113e-2,6.051760e-2,6.000079e-2,5.971154e-2,5.961116e-2,5.908720e-2,9.268173e-2,9.487085e-2,9.807190e-2,9.706970e-2,9.667888e-2,9.570348e-2,9.972689e-2,9.609199e-2,4.937153e-2,5.373650e-2,5.712361e-2,5.597290e-2,5.764674e-2,5.702938e-2,5.699030e-2,5.697849e-2]},{"variance_ratio":0.950,"d_res":2,"d_eff":70,"mean_mse":5.769054e-2,"min_mse":3.633777e-2,"max_mse":8.366276e-2,"inflation_over_baseline":0.846887,"per_block_mses":[3.633777e-2,3.649255e-2,3.705028e-2,3.664560e-2,3.791912e-2,3.717036e-2,3.731504e-2,3.730659e-2,6.164568e-2,6.566999e-2,6.625643e-2,6.800258e-2,6.731973e-2,6.674392e-2,6.721657e-2,6.728706e-2,6.338724e-2,6.408716e-2,6.360233e-2,6.186523e-2,6.115084e-2,6.066431e-2,6.058115e-2,5.987066e-2,5.861800e-2,5.641898e-2,5.329662e-2,5.152675e-2,5.102700e-2,5.078582e-2,5.074817e-2,5.028033e-2,7.792477e-2,8.013232e-2,8.224778e-2,8.126073e-2,8.103709e-2,8.032809e-2,8.366276e-2,8.050171e-2,4.208648e-2,4.558736e-2,4.857720e-2,4.748853e-2,4.896004e-2,4.838159e-2,4.843726e-2,4.824233e-2]},{"variance_ratio":0.950,"d_res":4,"d_eff":70,"mean_mse":5.090020e-2,"min_mse":3.195731e-2,"max_mse":7.347412e-2,"inflation_over_baseline":0.747206,"per_block_mses":[3.195731e-2,3.211550e-2,3.255911e-2,3.225036e-2,3.332924e-2,3.266520e-2,3.285790e-2,3.279707e-2,5.483253e-2,5.840881e-2,5.882323e-2,6.054132e-2,5.989097e-2,5.942114e-2,5.992386e-2,5.992993e-2,5.584708e-2,5.637814e-2,5.582233e-2,5.423420e-2,5.367477e-2,5.325110e-2,5.304370e-2,5.241164e-2,5.213655e-2,5.000337e-2,4.728570e-2,4.564785e-2,4.520023e-2,4.494759e-2,4.498772e-2,4.459219e-2,6.838207e-2,7.046260e-2,7.211460e-2,7.119152e-2,7.114010e-2,7.056517e-2,7.347412e-2,7.062408e-2,3.725214e-2,4.025366e-2,4.293758e-2,4.183476e-2,4.318877e-2,4.269813e-2,4.276667e-2,4.255590e-2]},{"variance_ratio":0.950,"d_res":8,"d_eff":70,"mean_mse":4.109691e-2,"min_mse":2.562653e-2,"max_mse":5.915557e-2,"inflation_over_baseline":0.603296,"per_block_mses":[2.562653e-2,2.576474e-2,2.608748e-2,2.588722e-2,2.670175e-2,2.617857e-2,2.631671e-2,2.625708e-2,4.489838e-2,4.768802e-2,4.802902e-2,4.963826e-2,4.907816e-2,4.880070e-2,4.919407e-2,4.912182e-2,4.487334e-2,4.523431e-2,4.467973e-2,4.330710e-2,4.289854e-2,4.267328e-2,4.239057e-2,4.191497e-2,4.250287e-2,4.065048e-2,3.843222e-2,3.702031e-2,3.664588e-2,3.643506e-2,3.651974e-2,3.627933e-2,5.488424e-2,5.658415e-2,5.788714e-2,5.700410e-2,5.713585e-2,5.681591e-2,5.915557e-2,5.668542e-2,3.011225e-2,3.247121e-2,3.461709e-2,3.360791e-2,3.474742e-2,3.438061e-2,3.453151e-2,3.430504e-2]},{"variance_ratio":0.900,"d_res":0,"d_eff":53,"mean_mse":1.364503e-1,"min_mse":8.589106e-2,"max_mse":1.949195e-1,"inflation_over_baseline":2.003068,"per_block_mses":[8.735051e-2,8.589106e-2,8.831075e-2,8.750740e-2,8.727111e-2,8.933128e-2,8.922769e-2,8.872332e-2,1.463940e-1,1.561075e-1,1.571713e-1,1.545564e-1,1.587588e-1,1.566209e-1,1.576394e-1,1.578505e-1,1.513607e-1,1.504178e-1,1.492749e-1,1.503013e-1,1.488173e-1,1.469295e-1,1.471604e-1,1.464221e-1,1.389586e-1,1.288585e-1,1.263958e-1,1.219441e-1,1.216943e-1,1.203002e-1,1.204573e-1,1.196542e-1,1.838532e-1,1.949195e-1,1.946144e-1,1.932531e-1,1.925790e-1,1.904588e-1,1.902362e-1,1.925677e-1,1.003306e-1,1.089466e-1,1.111284e-1,1.134489e-1,1.121316e-1,1.108590e-1,1.111497e-1,1.114803e-1]},{"variance_ratio":0.900,"d_res":2,"d_eff":53,"mean_mse":1.162171e-1,"min_mse":7.181300e-2,"max_mse":1.661508e-1,"inflation_over_baseline":1.706048,"per_block_mses":[7.341715e-2,7.181300e-2,7.386261e-2,7.319358e-2,7.306132e-2,7.407800e-2,7.466120e-2,7.429645e-2,1.262528e-1,1.342161e-1,1.349983e-1,1.330264e-1,1.368970e-1,1.347522e-1,1.357523e-1,1.357398e-1,1.282790e-1,1.281786e-1,1.274761e-1,1.280257e-1,1.266404e-1,1.246138e-1,1.251292e-1,1.246671e-1,1.189795e-1,1.102854e-1,1.079867e-1,1.042429e-1,1.043915e-1,1.026875e-1,1.031188e-1,1.023537e-1,1.565441e-1,1.661508e-1,1.649375e-1,1.640832e-1,1.641698e-1,1.614138e-1,1.611495e-1,1.636173e-1,8.621914e-2,9.251306e-2,9.448940e-2,9.641607e-2,9.569341e-2,9.457585e-2,9.457883e-2,9.479652e-2]},{"variance_ratio":0.900,"d_res":4,"d_eff":53,"mean_mse":1.030951e-1,"min_mse":6.320757e-2,"max_mse":1.468690e-1,"inflation_over_baseline":1.513418,"per_block_mses":[6.452429e-2,6.320757e-2,6.506223e-2,6.442605e-2,6.420294e-2,6.494408e-2,6.559260e-2,6.531903e-2,1.130508e-1,1.198690e-1,1.205554e-1,1.188179e-1,1.223595e-1,1.204509e-1,1.212467e-1,1.211915e-1,1.138956e-1,1.135447e-1,1.130698e-1,1.134433e-1,1.121365e-1,1.101881e-1,1.106416e-1,1.104809e-1,1.062902e-1,9.824255e-2,9.603988e-2,9.273031e-2,9.295442e-2,9.136113e-2,9.186098e-2,9.116520e-2,1.388685e-1,1.468690e-1,1.455490e-1,1.447580e-1,1.450668e-1,1.427086e-1,1.421689e-1,1.445991e-1,7.686455e-2,8.203763e-2,8.386218e-2,8.554138e-2,8.489046e-2,8.388434e-2,8.400635e-2,8.402286e-2]},{"variance_ratio":0.900,"d_res":8,"d_eff":53,"mean_mse":8.403354e-2,"min_mse":5.093258e-2,"max_mse":1.189019e-1,"inflation_over_baseline":1.233598,"per_block_mses":[5.187361e-2,5.093258e-2,5.241603e-2,5.189232e-2,5.163536e-2,5.207192e-2,5.271315e-2,5.250462e-2,9.352179e-2,9.879463e-2,9.933406e-2,9.808453e-2,1.009173e-1,9.951223e-2,1.000206e-1,9.991068e-2,9.288422e-2,9.229127e-2,9.210746e-2,9.212020e-2,9.100126e-2,8.935212e-2,8.986479e-2,8.983975e-2,8.773644e-2,8.055870e-2,7.852567e-2,7.586634e-2,7.610049e-2,7.486437e-2,7.520013e-2,7.469576e-2,1.134014e-1,1.189019e-1,1.174681e-1,1.168825e-1,1.173730e-1,1.156612e-1,1.150699e-1,1.172464e-1,6.320790e-2,6.691294e-2,6.840917e-2,6.959671e-2,6.914217e-2,6.827001e-2,6.848713e-2,6.843511e-2]},{"variance_ratio":0.850,"d_res":0,"d_eff":43,"mean_mse":2.058103e-1,"min_mse":1.280966e-1,"max_mse":2.998269e-1,"inflation_over_baseline":3.021261,"per_block_mses":[1.288730e-1,1.309684e-1,1.306834e-1,1.299917e-1,1.293461e-1,1.280966e-1,1.356550e-1,1.356235e-1,2.147668e-1,2.293972e-1,2.383089e-1,2.342961e-1,2.395537e-1,2.361923e-1,2.381551e-1,2.379837e-1,2.305564e-1,2.271044e-1,2.263048e-1,2.203761e-1,2.187583e-1,2.245173e-1,2.234843e-1,2.217912e-1,2.090660e-1,1.966609e-1,1.865873e-1,1.862181e-1,1.855899e-1,1.839487e-1,1.835613e-1,1.818266e-1,2.732997e-1,2.794141e-1,2.983735e-1,2.998269e-1,2.985363e-1,2.936564e-1,2.935959e-1,2.973733e-1,1.478047e-1,1.622993e-1,1.665553e-1,1.712333e-1,1.693517e-1,1.681998e-1,1.676883e-1,1.674437e-1]},{"variance_ratio":0.850,"d_res":2,"d_eff":43,"mean_mse":1.758683e-1,"min_mse":1.062222e-1,"max_mse":2.560797e-1,"inflation_over_baseline":2.581717,"per_block_mses":[1.076455e-1,1.086875e-1,1.097367e-1,1.072296e-1,1.068843e-1,1.062222e-1,1.092356e-1,1.117801e-1,1.858753e-1,1.979141e-1,2.060628e-1,2.022030e-1,2.066579e-1,2.043655e-1,2.059328e-1,2.053976e-1,1.970872e-1,1.951686e-1,1.951360e-1,1.897492e-1,1.880746e-1,1.934351e-1,1.924994e-1,1.918738e-1,1.801131e-1,1.681216e-1,1.594441e-1,1.590316e-1,1.584892e-1,1.567563e-1,1.563757e-1,1.548928e-1,2.325430e-1,2.387630e-1,2.555066e-1,2.560797e-1,2.550967e-1,2.512271e-1,2.511278e-1,2.543845e-1,1.262574e-1,1.387980e-1,1.423275e-1,1.465651e-1,1.452019e-1,1.439087e-1,1.432907e-1,1.425235e-1]},{"variance_ratio":0.850,"d_res":4,"d_eff":43,"mean_mse":1.564736e-1,"min_mse":9.301597e-2,"max_mse":2.273035e-1,"inflation_over_baseline":2.297006,