{"n_vecs":24576,"dim":128,"n_blocks":48,"block_size":512,"baseline_mse":6.268774e-2,"cells":[{"variance_ratio":0.950,"d_res":0,"d_eff":79,"mean_mse":6.268774e-2,"min_mse":4.230021e-2,"max_mse":7.282815e-2,"inflation_over_baseline":1.000000,"per_block_mses":[6.468247e-2,6.592573e-2,6.468228e-2,6.296203e-2,6.472121e-2,6.389114e-2,6.394537e-2,6.290608e-2,6.666739e-2,6.858605e-2,7.079280e-2,6.946834e-2,7.155877e-2,6.960715e-2,7.002756e-2,7.023320e-2,6.615935e-2,7.032960e-2,6.814101e-2,6.885244e-2,6.678019e-2,6.783329e-2,6.790207e-2,6.647539e-2,6.734735e-2,7.146328e-2,7.243847e-2,7.282815e-2,7.157685e-2,7.197325e-2,7.024019e-2,6.990399e-2,5.547696e-2,5.823214e-2,5.792344e-2,5.752531e-2,5.754301e-2,5.815614e-2,5.755125e-2,5.856535e-2,4.230021e-2,4.536967e-2,4.691337e-2,4.745927e-2,4.735600e-2,4.493560e-2,4.663262e-2,4.616893e-2]},{"variance_ratio":0.950,"d_res":2,"d_eff":79,"mean_mse":5.388703e-2,"min_mse":3.652719e-2,"max_mse":6.264948e-2,"inflation_over_baseline":0.859610,"per_block_mses":[5.586410e-2,5.657355e-2,5.560928e-2,5.392739e-2,5.560895e-2,5.505253e-2,5.531663e-2,5.441850e-2,5.735804e-2,5.878426e-2,6.059511e-2,5.961535e-2,6.111497e-2,5.952364e-2,6.004231e-2,6.020549e-2,5.661487e-2,6.044302e-2,5.848282e-2,5.927616e-2,5.741013e-2,5.821108e-2,5.836462e-2,5.685790e-2,5.835188e-2,6.177348e-2,6.217821e-2,6.264948e-2,6.146885e-2,6.169960e-2,6.035827e-2,5.987913e-2,4.794754e-2,5.050127e-2,5.014004e-2,4.986734e-2,4.976063e-2,5.010017e-2,4.951572e-2,5.038711e-2,3.652719e-2,3.871931e-2,4.012981e-2,4.068542e-2,4.066852e-2,3.853817e-2,3.994929e-2,3.951024e-2]},{"variance_ratio":0.950,"d_res":4,"d_eff":79,"mean_mse":4.815138e-2,"min_mse":3.260443e-2,"max_mse":5.597592e-2,"inflation_over_baseline":0.768115,"per_block_mses":[5.014903e-2,5.068956e-2,4.990216e-2,4.825976e-2,4.985156e-2,4.935767e-2,4.975499e-2,4.884044e-2,5.112629e-2,5.230510e-2,5.393973e-2,5.308980e-2,5.435553e-2,5.292551e-2,5.345855e-2,5.358910e-2,5.048534e-2,5.405146e-2,5.232089e-2,5.308520e-2,5.145040e-2,5.201072e-2,5.218651e-2,5.074497e-2,5.221898e-2,5.529600e-2,5.553027e-2,5.597592e-2,5.487381e-2,5.506182e-2,5.388882e-2,5.338920e-2,4.299454e-2,4.534922e-2,4.505554e-2,4.473074e-2,4.461357e-2,4.490476e-2,4.434345e-2,4.518661e-2,3.260443e-2,3.433554e-2,3.563569e-2,3.621173e-2,3.621234e-2,3.430680e-2,3.552932e-2,3.508700e-2]},{"variance_ratio":0.950,"d_res":8,"d_eff":79,"mean_mse":3.972112e-2,"min_mse":2.673401e-2,"max_mse":4.609000e-2,"inflation_over_baseline":0.633635,"per_block_mses":[4.167564e-2,4.216271e-2,4.154107e-2,4.004755e-2,4.144748e-2,4.100954e-2,4.142088e-2,4.057868e-2,4.186613e-2,4.283163e-2,4.411942e-2,4.353769e-2,4.447555e-2,4.329175e-2,4.374894e-2,4.386310e-2,4.166171e-2,4.464520e-2,4.331005e-2,4.402192e-2,4.265558e-2,4.302640e-2,4.317553e-2,4.191057e-2,4.319915e-2,4.574381e-2,4.572123e-2,4.609000e-2,4.525504e-2,4.535402e-2,4.431946e-2,4.392731e-2,3.569885e-2,3.768581e-2,3.753235e-2,3.711500e-2,3.703801e-2,3.725559e-2,3.674334e-2,3.743794e-2,2.673401e-2,2.793686e-2,2.903610e-2,2.955348e-2,2.959120e-2,2.799943e-2,2.900738e-2,2.861386e-2]},{"variance_ratio":0.900,"d_res":0,"d_eff":58,"mean_mse":1.259334e-1,"min_mse":8.532349e-2,"max_mse":1.452774e-1,"inflation_over_baseline":2.008900,"per_block_mses":[1.278702e-1,1.321395e-1,1.299545e-1,1.293511e-1,1.284922e-1,1.281128e-1,1.256462e-1,1.275528e-1,1.342815e-1,1.373717e-1,1.421025e-1,1.393376e-1,1.396499e-1,1.397277e-1,1.405809e-1,1.403527e-1,1.320157e-1,1.409478e-1,1.371622e-1,1.374268e-1,1.377411e-1,1.366277e-1,1.361122e-1,1.340101e-1,1.352504e-1,1.451949e-1,1.443656e-1,1.447519e-1,1.452774e-1,1.452180e-1,1.439682e-1,1.435991e-1,1.136423e-1,1.179721e-1,1.186444e-1,1.150254e-1,1.156032e-1,1.136395e-1,1.164891e-1,1.174158e-1,8.532349e-2,9.112416e-2,9.491839e-2,9.273286e-2,9.175666e-2,9.086227e-2,9.388567e-2,9.357382e-2]},{"variance_ratio":0.900,"d_res":2,"d_eff":58,"mean_mse":1.085900e-1,"min_mse":7.352533e-2,"max_mse":1.253065e-1,"inflation_over_baseline":1.732236,"per_block_mses":[1.109587e-1,1.144664e-1,1.128616e-1,1.124621e-1,1.111777e-1,1.108711e-1,1.082678e-1,1.099486e-1,1.150430e-1,1.175400e-1,1.214072e-1,1.192734e-1,1.195841e-1,1.192795e-1,1.205624e-1,1.201102e-1,1.142294e-1,1.218547e-1,1.188661e-1,1.192708e-1,1.195154e-1,1.183034e-1,1.177455e-1,1.159845e-1,1.171725e-1,1.253065e-1,1.246494e-1,1.245025e-1,1.248420e-1,1.251826e-1,1.245566e-1,1.237064e-1,9.862738e-2,1.021360e-1,1.027921e-1,9.967098e-2,1.000895e-1,9.835676e-2,1.007893e-1,1.016122e-1,7.352533e-2,7.828976e-2,8.131692e-2,7.946085e-2,7.846744e-2,7.756803e-2,8.029203e-2,7.982200e-2]},{"variance_ratio":0.900,"d_res":4,"d_eff":58,"mean_mse":9.718981e-2,"min_mse":6.583580e-2,"max_mse":1.122533e-1,"inflation_over_baseline":1.550380,"per_block_mses":[9.991363e-2,1.027111e-1,1.013993e-1,1.010766e-1,9.993293e-2,9.950081e-2,9.711151e-2,9.861531e-2,1.025392e-1,1.048905e-1,1.079540e-1,1.061847e-1,1.063770e-1,1.059376e-1,1.072239e-1,1.068639e-1,1.024063e-1,1.094231e-1,1.068195e-1,1.071382e-1,1.074082e-1,1.062100e-1,1.055137e-1,1.041703e-1,1.051890e-1,1.122533e-1,1.117256e-1,1.112850e-1,1.116873e-1,1.120912e-1,1.118559e-1,1.107464e-1,8.847649e-2,9.163196e-2,9.220687e-2,8.939365e-2,8.984107e-2,8.815901e-2,9.034872e-2,9.105537e-2,6.583580e-2,6.973972e-2,7.238643e-2,7.079884e-2,6.981047e-2,6.889774e-2,7.149758e-2,7.087612e-2]},{"variance_ratio":0.900,"d_res":8,"d_eff":58,"mean_mse":8.043026e-2,"min_mse":5.451853e-2,"max_mse":9.308538e-2,"inflation_over_baseline":1.283030,"per_block_mses":[8.332174e-2,8.552901e-2,8.449379e-2,8.415521e-2,8.335289e-2,8.275475e-2,8.086863e-2,8.197944e-2,8.424534e-2,8.631886e-2,8.843418e-2,8.702322e-2,8.701675e-2,8.662162e-2,8.786396e-2,8.761405e-2,8.495939e-2,9.094150e-2,8.890618e-2,8.920970e-2,8.934743e-2,8.833450e-2,8.777059e-2,8.666763e-2,8.743467e-2,9.308538e-2,9.271204e-2,9.203226e-2,9.231470e-2,9.275469e-2,9.286228e-2,9.171779e-2,7.354048e-2,7.615183e-2,7.661882e-2,7.421537e-2,7.460896e-2,7.312147e-2,7.489861e-2,7.545830e-2,5.451853e-2,5.728261e-2,5.931444e-2,5.796797e-2,5.724764e-2,5.634655e-2,5.869979e-2,5.801690e-2]},{"variance_ratio":0.850,"d_res":0,"d_eff":44,"mean_mse":1.888627e-1,"min_mse":1.285045e-1,"max_mse":2.194414e-1,"inflation_over_baseline":3.012754,"per_block_mses":[1.915394e-1,1.996194e-1,1.953509e-1,1.952051e-1,1.939729e-1,1.893645e-1,1.907228e-1,1.925276e-1,2.003510e-1,2.093818e-1,2.090440e-1,2.127826e-1,2.137190e-1,2.076000e-1,2.161287e-1,2.095324e-1,1.978461e-1,2.076701e-1,2.092835e-1,2.079326e-1,2.028037e-1,2.051365e-1,2.001281e-1,2.009524e-1,2.020712e-1,2.183877e-1,2.191187e-1,2.194414e-1,2.144335e-1,2.148557e-1,2.135382e-1,2.128573e-1,1.675598e-1,1.749376e-1,1.767392e-1,1.759292e-1,1.764860e-1,1.732320e-1,1.721450e-1,1.736491e-1,1.285045e-1,1.362492e-1,1.414465e-1,1.389564e-1,1.413284e-1,1.357635e-1,1.395163e-1,1.396694e-1]},{"variance_ratio":0.850,"d_res":2,"d_eff":44,"mean_mse":1.632983e-1,"min_mse":1.115328e-1,"max_mse":1.899490e-1,"inflation_over_baseline":2.604948,"per_block_mses":[1.663109e-1,1.734663e-1,1.695431e-1,1.695766e-1,1.685696e-1,1.641902e-1,1.654186e-1,1.668489e-1,1.720225e-1,1.791714e-1,1.787498e-1,1.821112e-1,1.832237e-1,1.777415e-1,1.851550e-1,1.794140e-1,1.720389e-1,1.804850e-1,1.815517e-1,1.804218e-1,1.765216e-1,1.779473e-1,1.730700e-1,1.741752e-1,1.739789e-1,1.880230e-1,1.894263e-1,1.899490e-1,1.854904e-1,1.862649e-1,1.848015e-1,1.835835e-1,1.459945e-1,1.524456e-1,1.535523e-1,1.532742e-1,1.531323e-1,1.500505e-1,1.490795e-1,1.504232e-1,1.115328e-1,1.175704e-1,1.222285e-1,1.200616e-1,1.223226e-1,1.169035e-1,1.200527e-1,1.204528e-1]},{"variance_ratio":0.850,"d_res":4,"d_eff":44,"mean_mse":1.463263e-1,"min_mse":1.002694e-1,"max_mse":1.702057e-1,"inflation_over_baseline":2.334208,