{"n_vecs":24576,"dim":128,"n_blocks":48,"block_size":512,"baseline_mse":6.102649e-2,"cells":[{"variance_ratio":0.950,"d_res":0,"d_eff":80,"mean_mse":6.102649e-2,"min_mse":5.325219e-2,"max_mse":7.929654e-2,"inflation_over_baseline":1.000000,"per_block_mses":[5.571852e-2,6.015810e-2,5.961927e-2,5.767626e-2,5.879754e-2,5.676181e-2,5.827352e-2,5.730394e-2,5.446424e-2,5.926817e-2,6.058045e-2,5.968648e-2,5.903802e-2,5.739632e-2,5.699177e-2,5.593069e-2,5.325219e-2,5.706136e-2,5.950082e-2,6.001143e-2,5.732887e-2,5.659346e-2,5.657493e-2,5.711099e-2,5.423928e-2,5.715328e-2,5.708453e-2,5.686886e-2,5.593357e-2,5.530994e-2,5.559048e-2,5.470785e-2,5.715251e-2,6.287295e-2,6.260225e-2,6.273236e-2,6.234727e-2,5.971172e-2,6.024119e-2,6.025627e-2,6.863961e-2,7.567015e-2,7.540034e-2,7.572483e-2,7.817492e-2,7.900556e-2,7.929654e-2,7.745597e-2]},{"variance_ratio":0.950,"d_res":2,"d_eff":80,"mean_mse":5.221904e-2,"min_mse":4.548593e-2,"max_mse":6.764906e-2,"inflation_over_baseline":0.855678,"per_block_mses":[4.749679e-2,5.145620e-2,5.107280e-2,4.932113e-2,5.023053e-2,4.871882e-2,4.995823e-2,4.905314e-2,4.620316e-2,5.018173e-2,5.174417e-2,5.100111e-2,5.054323e-2,4.909080e-2,4.870561e-2,4.762825e-2,4.548593e-2,4.931613e-2,5.150907e-2,5.187583e-2,4.949991e-2,4.893910e-2,4.866819e-2,4.908547e-2,4.601142e-2,4.872598e-2,4.822429e-2,4.805050e-2,4.747121e-2,4.683463e-2,4.706321e-2,4.620093e-2,4.930799e-2,5.448641e-2,5.414858e-2,5.407635e-2,5.345442e-2,5.116761e-2,5.191744e-2,5.171034e-2,5.882580e-2,6.499934e-2,6.435169e-2,6.475962e-2,6.656748e-2,6.764906e-2,6.749041e-2,6.623409e-2]},{"variance_ratio":0.950,"d_res":4,"d_eff":80,"mean_mse":4.642369e-2,"min_mse":4.054340e-2,"max_mse":6.003289e-2,"inflation_over_baseline":0.760714,"per_block_mses":[4.199403e-2,4.564021e-2,4.528036e-2,4.375133e-2,4.457239e-2,4.327480e-2,4.436899e-2,4.352600e-2,4.084871e-2,4.432467e-2,4.588471e-2,4.533169e-2,4.498945e-2,4.363475e-2,4.329067e-2,4.228738e-2,4.054340e-2,4.418691e-2,4.616606e-2,4.642218e-2,4.436659e-2,4.383189e-2,4.349078e-2,4.391667e-2,4.065323e-2,4.328405e-2,4.263572e-2,4.243200e-2,4.202872e-2,4.142765e-2,4.155304e-2,4.081636e-2,4.413170e-2,4.884618e-2,4.849554e-2,4.837240e-2,4.772185e-2,4.562131e-2,4.636448e-2,4.620213e-2,5.226048e-2,5.774103e-2,5.702613e-2,5.741107e-2,5.895590e-2,6.003289e-2,5.967002e-2,5.872842e-2]},{"variance_ratio":0.950,"d_res":8,"d_eff":80,"mean_mse":3.797044e-2,"min_mse":3.292891e-2,"max_mse":4.881853e-2,"inflation_over_baseline":0.622196,"per_block_mses":[3.408797e-2,3.720283e-2,3.686423e-2,3.561708e-2,3.635720e-2,3.536122e-2,3.620075e-2,3.546635e-2,3.319776e-2,3.586708e-2,3.737097e-2,3.703735e-2,3.684376e-2,3.569125e-2,3.536165e-2,3.453569e-2,3.344742e-2,3.657733e-2,3.822369e-2,3.843311e-2,3.670609e-2,3.622573e-2,3.595392e-2,3.632689e-2,3.292891e-2,3.535347e-2,3.472862e-2,3.438836e-2,3.418349e-2,3.360848e-2,3.374041e-2,3.312873e-2,3.654484e-2,4.039235e-2,4.009986e-2,3.997300e-2,3.932301e-2,3.752723e-2,3.817713e-2,3.815980e-2,4.260966e-2,4.706392e-2,4.634858e-2,4.661565e-2,4.779694e-2,4.881853e-2,4.834922e-2,4.776343e-2]},{"variance_ratio":0.900,"d_res":0,"d_eff":61,"mean_mse":1.225824e-1,"min_mse":1.082753e-1,"max_mse":1.583738e-1,"inflation_over_baseline":2.008675,"per_block_mses":[1.083911e-1,1.190532e-1,1.178554e-1,1.171506e-1,1.159318e-1,1.152473e-1,1.155955e-1,1.141005e-1,1.109400e-1,1.205156e-1,1.192245e-1,1.177240e-1,1.163477e-1,1.127914e-1,1.164793e-1,1.144212e-1,1.082753e-1,1.162192e-1,1.193177e-1,1.175461e-1,1.167243e-1,1.156638e-1,1.148653e-1,1.154043e-1,1.086490e-1,1.149933e-1,1.159498e-1,1.122773e-1,1.136354e-1,1.095933e-1,1.129957e-1,1.087198e-1,1.138136e-1,1.247798e-1,1.241616e-1,1.247439e-1,1.232083e-1,1.238111e-1,1.245990e-1,1.212957e-1,1.409897e-1,1.504360e-1,1.558482e-1,1.561692e-1,1.556229e-1,1.571715e-1,1.583738e-1,1.563311e-1]},{"variance_ratio":0.900,"d_res":2,"d_eff":61,"mean_mse":1.060567e-1,"min_mse":9.338555e-2,"max_mse":1.366927e-1,"inflation_over_baseline":1.737880,"per_block_mses":[9.338555e-2,1.036393e-1,1.026076e-1,1.018397e-1,1.007529e-1,9.994150e-2,1.001734e-1,9.924726e-2,9.517919e-2,1.042677e-1,1.034513e-1,1.018140e-1,1.006688e-1,9.782843e-2,1.008110e-1,9.887613e-2,9.399132e-2,1.009460e-1,1.033988e-1,1.018781e-1,1.013112e-1,1.004116e-1,9.934582e-2,1.001191e-1,9.363621e-2,9.925547e-2,9.975665e-2,9.679971e-2,9.797135e-2,9.418137e-2,9.697704e-2,9.346512e-2,9.832778e-2,1.078245e-1,1.075652e-1,1.081816e-1,1.067751e-1,1.075285e-1,1.081927e-1,1.052882e-1,1.220540e-1,1.298982e-1,1.344567e-1,1.349081e-1,1.343110e-1,1.358111e-1,1.366927e-1,1.349778e-1]},{"variance_ratio":0.900,"d_res":4,"d_eff":61,"mean_mse":9.501026e-2,"min_mse":8.320278e-2,"max_mse":1.221874e-1,"inflation_over_baseline":1.556869,"per_block_mses":[8.320278e-2,9.316313e-2,9.234020e-2,9.152298e-2,9.056627e-2,8.968734e-2,8.990264e-2,8.916011e-2,8.495095e-2,9.320496e-2,9.270900e-2,9.108005e-2,9.009641e-2,8.766709e-2,9.018231e-2,8.853460e-2,8.424509e-2,9.068569e-2,9.285088e-2,9.131741e-2,9.096970e-2,9.023959e-2,8.911311e-2,8.973539e-2,8.366300e-2,8.885214e-2,8.915514e-2,8.641825e-2,8.755270e-2,8.410502e-2,8.653947e-2,8.340215e-2,8.839042e-2,9.661726e-2,9.655680e-2,9.712467e-2,9.578627e-2,9.660712e-2,9.730419e-2,9.464530e-2,1.093695e-1,1.160672e-1,1.200710e-1,1.206941e-1,1.200443e-1,1.215502e-1,1.221874e-1,1.206615e-1]},{"variance_ratio":0.900,"d_res":8,"d_eff":61,"mean_mse":7.867410e-2,"min_mse":6.845762e-2,"max_mse":1.006972e-1,"inflation_over_baseline":1.289180,"per_block_mses":[6.845762e-2,7.758608e-2,7.706883e-2,7.607020e-2,7.546236e-2,7.455425e-2,7.477930e-2,7.409401e-2,6.988625e-2,7.689460e-2,7.661549e-2,7.528891e-2,7.453938e-2,7.250128e-2,7.437872e-2,7.313028e-2,6.991126e-2,7.540060e-2,7.726569e-2,7.569477e-2,7.550350e-2,7.492788e-2,7.397917e-2,7.441609e-2,6.912942e-2,7.361713e-2,7.366629e-2,7.150069e-2,7.232314e-2,6.932658e-2,7.143340e-2,6.874098e-2,7.362966e-2,8.015958e-2,8.026162e-2,8.076212e-2,7.953491e-2,8.027740e-2,8.102754e-2,7.866482e-2,9.023931e-2,9.582150e-2,9.886228e-2,9.951854e-2,9.885977e-2,1.003109e-1,1.006972e-1,9.958536e-2]},{"variance_ratio":0.850,"d_res":0,"d_eff":48,"mean_mse":1.842980e-1,"min_mse":1.625151e-1,"max_mse":2.353242e-1,"inflation_over_baseline":3.019967,"per_block_mses":[1.668748e-1,1.820316e-1,1.782250e-1,1.782554e-1,1.758635e-1,1.672392e-1,1.681113e-1,1.713806e-1,1.648235e-1,1.774502e-1,1.761140e-1,1.778367e-1,1.757390e-1,1.689173e-1,1.706538e-1,1.722918e-1,1.645168e-1,1.770862e-1,1.766576e-1,1.794161e-1,1.772348e-1,1.759127e-1,1.755172e-1,1.707241e-1,1.625151e-1,1.722621e-1,1.762866e-1,1.712818e-1,1.693199e-1,1.637322e-1,1.689334e-1,1.665234e-1,1.714406e-1,1.889712e-1,1.883138e-1,1.896265e-1,1.870890e-1,1.868203e-1,1.873391e-1,1.835596e-1,2.136562e-1,2.313891e-1,2.310979e-1,2.328247e-1,2.312614e-1,2.345485e-1,2.353242e-1,2.333143e-1]},{"variance_ratio":0.850,"d_res":2,"d_eff":48,"mean_mse":1.602210e-1,"min_mse":1.409425e-1,"max_mse":2.041066e-1,"inflation_over_baseline":2.625434,"per_block_mses":[1.445970e-1,1.579483e-1,1.550521e-1,1.554326e-1,1.529379e-1,1.453662e-1,1.461410e-1,1.491817e-1,1.432783e-1,1.546037e-1,1.534837e-1,1.551584e-1,1.535791e-1,1.476910e-1,1.491615e-1,1.507043e-1,1.435773e-1,1.545255e-1,1.539227e-1,1.561412e-1,1.542873e-1,1.535927e-1,1.531424e-1,1.486475e-1,1.409425e-1,1.497252e-1,1.531861e-1,1.486379e-1,1.471805e-1,1.423066e-1,1.469688e-1,1.447104e-1,1.490680e-1,1.640743e-1,1.636273e-1,1.646132e-1,1.629211e-1,1.625214e-1,1.624330e-1,1.595937e-1,1.842815e-1,2.003127e-1,1.996696e-1,2.012868e-1,1.999035e-1,2.036355e-1,2.041066e-1,2.027501e-1]},{"variance_ratio":0.850,"d_res":4,"d_eff":48,"mean_mse":1.439060e-1,"min_mse":1.263675e-1,"max_mse":1.829847e-1,"inflation_over_baseline":2.358092,