{"n_vecs":24576,"dim":128,"n_blocks":48,"block_size":512,"baseline_mse":7.592780e-2,"cells":[{"variance_ratio":0.950,"d_res":0,"d_eff":74,"mean_mse":7.592780e-2,"min_mse":6.133414e-2,"max_mse":9.243398e-2,"inflation_over_baseline":1.000000,"per_block_mses":[7.150576e-2,7.176890e-2,6.958748e-2,7.144994e-2,7.083292e-2,6.994657e-2,7.044058e-2,7.076289e-2,7.635475e-2,8.743001e-2,8.805532e-2,9.036361e-2,8.981783e-2,8.973094e-2,9.240798e-2,9.243398e-2,6.133414e-2,6.775935e-2,6.991150e-2,7.182949e-2,7.382160e-2,7.411932e-2,7.366273e-2,7.335772e-2,8.183802e-2,8.041094e-2,7.970715e-2,8.045744e-2,7.974367e-2,7.889525e-2,7.941386e-2,8.200732e-2,7.130202e-2,7.082950e-2,7.059059e-2,7.185710e-2,7.069176e-2,7.295562e-2,7.315694e-2,7.045052e-2,6.850309e-2,7.629988e-2,7.356558e-2,7.290872e-2,7.506646e-2,7.496466e-2,7.504170e-2,7.519142e-2]},{"variance_ratio":0.950,"d_res":2,"d_eff":74,"mean_mse":6.438977e-2,"min_mse":5.238470e-2,"max_mse":7.844160e-2,"inflation_over_baseline":0.848039,"per_block_mses":[6.075928e-2,6.129767e-2,5.938268e-2,6.111093e-2,6.055104e-2,5.969122e-2,6.022231e-2,6.048226e-2,6.498150e-2,7.419990e-2,7.468391e-2,7.674354e-2,7.599622e-2,7.605384e-2,7.839622e-2,7.844160e-2,5.238470e-2,5.767402e-2,5.936293e-2,6.093287e-2,6.223609e-2,6.267967e-2,6.220044e-2,6.188768e-2,6.969811e-2,6.835449e-2,6.807180e-2,6.865946e-2,6.790324e-2,6.726161e-2,6.769526e-2,6.981990e-2,6.084135e-2,6.039301e-2,5.994039e-2,6.127333e-2,6.017482e-2,6.235692e-2,6.251346e-2,6.004995e-2,5.734824e-2,6.353158e-2,6.127454e-2,6.083315e-2,6.246208e-2,6.245863e-2,6.259419e-2,6.284677e-2]},{"variance_ratio":0.950,"d_res":4,"d_eff":74,"mean_mse":5.688583e-2,"min_mse":4.668605e-2,"max_mse":6.943321e-2,"inflation_over_baseline":0.749209,"per_block_mses":[5.358374e-2,5.431984e-2,5.262174e-2,5.415537e-2,5.365379e-2,5.287899e-2,5.339603e-2,5.347549e-2,5.756395e-2,6.557523e-2,6.612094e-2,6.797474e-2,6.728547e-2,6.724489e-2,6.943321e-2,6.937802e-2,4.668605e-2,5.119263e-2,5.260234e-2,5.403414e-2,5.495794e-2,5.542297e-2,5.506548e-2,5.467644e-2,6.157171e-2,6.042121e-2,6.020831e-2,6.074925e-2,6.003567e-2,5.943739e-2,5.983397e-2,6.169097e-2,5.401574e-2,5.350993e-2,5.297118e-2,5.417284e-2,5.326295e-2,5.535379e-2,5.544407e-2,5.316767e-2,5.019607e-2,5.547095e-2,5.353364e-2,5.320276e-2,5.453043e-2,5.458194e-2,5.481497e-2,5.504281e-2]},{"variance_ratio":0.950,"d_res":8,"d_eff":74,"mean_mse":4.602592e-2,"min_mse":3.832554e-2,"max_mse":5.647775e-2,"inflation_over_baseline":0.606180,"per_block_mses":[4.313716e-2,4.400774e-2,4.255912e-2,4.386344e-2,4.344061e-2,4.284179e-2,4.324953e-2,4.323834e-2,4.687767e-2,5.316583e-2,5.371297e-2,5.528839e-2,5.474088e-2,5.459218e-2,5.647775e-2,5.641825e-2,3.832554e-2,4.176858e-2,4.292814e-2,4.417669e-2,4.469363e-2,4.512472e-2,4.492374e-2,4.444158e-2,4.960408e-2,4.880225e-2,4.856836e-2,4.900481e-2,4.845166e-2,4.802035e-2,4.828466e-2,4.983446e-2,4.390211e-2,4.350755e-2,4.285380e-2,4.396191e-2,4.322107e-2,4.498820e-2,4.510183e-2,4.310488e-2,4.011127e-2,4.415369e-2,4.261694e-2,4.241710e-2,4.348717e-2,4.348092e-2,4.378029e-2,4.399054e-2]},{"variance_ratio":0.900,"d_res":0,"d_eff":56,"mean_mse":1.525115e-1,"min_mse":1.210088e-1,"max_mse":1.872404e-1,"inflation_over_baseline":2.008638,"per_block_mses":[1.431206e-1,1.424493e-1,1.433540e-1,1.409091e-1,1.445067e-1,1.438281e-1,1.446149e-1,1.447386e-1,1.526511e-1,1.724119e-1,1.745908e-1,1.798709e-1,1.794855e-1,1.785351e-1,1.854958e-1,1.872404e-1,1.210088e-1,1.391000e-1,1.435304e-1,1.475647e-1,1.455540e-1,1.464325e-1,1.446550e-1,1.452355e-1,1.668658e-1,1.638463e-1,1.623519e-1,1.625464e-1,1.610389e-1,1.600631e-1,1.611612e-1,1.593543e-1,1.406860e-1,1.435527e-1,1.425788e-1,1.437472e-1,1.464660e-1,1.447509e-1,1.450139e-1,1.461039e-1,1.390772e-1,1.422141e-1,1.464008e-1,1.458092e-1,1.509840e-1,1.515244e-1,1.517161e-1,1.518137e-1]},{"variance_ratio":0.900,"d_res":2,"d_eff":56,"mean_mse":1.305256e-1,"min_mse":1.038861e-1,"max_mse":1.627198e-1,"inflation_over_baseline":1.719075,"per_block_mses":[1.223926e-1,1.209495e-1,1.217901e-1,1.198866e-1,1.234195e-1,1.233457e-1,1.233360e-1,1.238715e-1,1.319524e-1,1.491964e-1,1.516173e-1,1.564970e-1,1.558183e-1,1.545934e-1,1.606496e-1,1.627198e-1,1.038861e-1,1.195029e-1,1.234530e-1,1.270401e-1,1.253137e-1,1.261236e-1,1.247992e-1,1.252107e-1,1.411788e-1,1.402653e-1,1.384379e-1,1.390946e-1,1.379102e-1,1.371013e-1,1.373330e-1,1.362167e-1,1.203324e-1,1.232059e-1,1.221917e-1,1.233605e-1,1.258105e-1,1.243768e-1,1.242669e-1,1.253556e-1,1.170412e-1,1.198283e-1,1.229097e-1,1.226899e-1,1.270643e-1,1.268249e-1,1.274857e-1,1.275810e-1]},{"variance_ratio":0.900,"d_res":4,"d_eff":56,"mean_mse":1.161259e-1,"min_mse":9.283431e-2,"max_mse":1.461592e-1,"inflation_over_baseline":1.529425,"per_block_mses":[1.085907e-1,1.071876e-1,1.080524e-1,1.064859e-1,1.097218e-1,1.097710e-1,1.094069e-1,1.101237e-1,1.181527e-1,1.337296e-1,1.361533e-1,1.407764e-1,1.397138e-1,1.386390e-1,1.443152e-1,1.461592e-1,9.283431e-2,1.067819e-1,1.101917e-1,1.135259e-1,1.119233e-1,1.125274e-1,1.116326e-1,1.118908e-1,1.252090e-1,1.244109e-1,1.225791e-1,1.233849e-1,1.224458e-1,1.216775e-1,1.215619e-1,1.209182e-1,1.073162e-1,1.097992e-1,1.087654e-1,1.097970e-1,1.119703e-1,1.105974e-1,1.105233e-1,1.115770e-1,1.031798e-1,1.054491e-1,1.081110e-1,1.081006e-1,1.120493e-1,1.117656e-1,1.123182e-1,1.122491e-1]},{"variance_ratio":0.900,"d_res":8,"d_eff":56,"mean_mse":9.507994e-2,"min_mse":7.664018e-2,"max_mse":1.216323e-1,"inflation_over_baseline":1.252241,"per_block_mses":[8.847177e-2,8.746484e-2,8.799072e-2,8.675342e-2,8.943755e-2,8.965946e-2,8.913351e-2,9.002911e-2,9.786420e-2,1.108332e-1,1.131016e-1,1.171207e-1,1.158714e-1,1.150915e-1,1.198310e-1,1.216323e-1,7.664018e-2,8.803811e-2,9.083613e-2,9.373836e-2,9.230670e-2,9.278085e-2,9.213101e-2,9.234804e-2,1.017493e-1,1.012959e-1,9.948614e-2,1.002968e-1,9.939971e-2,9.887937e-2,9.862735e-2,9.816396e-2,8.828552e-2,9.001704e-2,8.904215e-2,8.988060e-2,9.147396e-2,9.045218e-2,9.034448e-2,9.142029e-2,8.327041e-2,8.510008e-2,8.731150e-2,8.734170e-2,9.065135e-2,9.047728e-2,9.092601e-2,9.083829e-2]},{"variance_ratio":0.850,"d_res":0,"d_eff":45,"mean_mse":2.287253e-1,"min_mse":1.850365e-1,"max_mse":2.752886e-1,"inflation_over_baseline":3.012405,"per_block_mses":[2.159384e-1,2.118462e-1,2.129832e-1,2.162313e-1,2.146034e-1,2.139961e-1,2.152980e-1,2.148305e-1,2.253096e-1,2.625425e-1,2.674397e-1,2.752886e-1,2.749630e-1,2.727590e-1,2.719787e-1,2.750343e-1,1.850365e-1,2.026813e-1,2.164823e-1,2.150693e-1,2.205248e-1,2.208887e-1,2.188848e-1,2.189298e-1,2.525187e-1,2.401840e-1,2.462695e-1,2.382533e-1,2.433593e-1,2.419285e-1,2.435880e-1,2.416454e-1,2.160012e-1,2.143008e-1,2.137051e-1,2.149579e-1,2.193666e-1,2.176009e-1,2.172013e-1,2.181747e-1,2.070175e-1,2.147174e-1,2.227925e-1,2.228814e-1,2.229216e-1,2.223975e-1,2.233091e-1,2.241830e-1]},{"variance_ratio":0.850,"d_res":2,"d_eff":45,"mean_mse":1.958578e-1,"min_mse":1.613712e-1,"max_mse":2.367439e-1,"inflation_over_baseline":2.579527,"per_block_mses":[1.839248e-1,1.799982e-1,1.805512e-1,1.837226e-1,1.820812e-1,1.815443e-1,1.827439e-1,1.821173e-1,1.957883e-1,2.273929e-1,2.314928e-1,2.367439e-1,2.362730e-1,2.343229e-1,2.345637e-1,2.367395e-1,1.613712e-1,1.747604e-1,1.863947e-1,1.859420e-1,1.900866e-1,1.901799e-1,1.893880e-1,1.895545e-1,2.146269e-1,2.058780e-1,2.105581e-1,2.037858e-1,2.089642e-1,2.069938e-1,2.074181e-1,2.069072e-1,1.856359e-1,1.845120e-1,1.840039e-1,1.849159e-1,1.889641e-1,1.875385e-1,1.868857e-1,1.879684e-1,1.742890e-1,1.825015e-1,1.885456e-1,1.887176e-1,1.879732e-1,1.878794e-1,1.887016e-1,1.893322e-1]},{"variance_ratio":0.850,"d_res":4,"d_eff":45,"mean_mse":1.744478e-1,"min_mse":1.452019e-1,"max_mse":2.119006e-1,"inflation_over_baseline":2.297549,