{"n_vecs":24576,"dim":128,"n_blocks":48,"block_size":512,"baseline_mse":7.195388e-2,"cells":[{"variance_ratio":0.950,"d_res":0,"d_eff":80,"mean_mse":7.195388e-2,"min_mse":5.443188e-2,"max_mse":8.741545e-2,"inflation_over_baseline":1.000000,"per_block_mses":[5.473075e-2,5.694174e-2,5.810936e-2,5.785466e-2,6.007073e-2,5.807858e-2,5.840107e-2,5.899507e-2,8.119291e-2,8.427996e-2,8.741545e-2,8.507860e-2,8.695022e-2,8.503841e-2,8.499263e-2,8.640640e-2,6.939018e-2,7.227062e-2,7.267536e-2,7.228065e-2,7.208823e-2,7.184893e-2,7.029248e-2,7.077330e-2,8.061052e-2,8.484118e-2,8.605616e-2,8.427837e-2,8.543980e-2,8.336836e-2,8.724678e-2,8.681255e-2,5.443188e-2,5.612213e-2,5.970809e-2,5.879856e-2,5.999112e-2,5.818800e-2,5.882617e-2,5.963906e-2,7.290760e-2,7.602752e-2,7.701557e-2,7.510169e-2,7.400131e-2,7.257400e-2,7.324557e-2,7.239805e-2]},{"variance_ratio":0.950,"d_res":2,"d_eff":80,"mean_mse":6.147369e-2,"min_mse":4.684429e-2,"max_mse":7.444688e-2,"inflation_over_baseline":0.854348,"per_block_mses":[4.716703e-2,4.889805e-2,4.967934e-2,4.967857e-2,5.164472e-2,5.000474e-2,4.998163e-2,5.072070e-2,6.976956e-2,7.195822e-2,7.439988e-2,7.252086e-2,7.428796e-2,7.250534e-2,7.240723e-2,7.371073e-2,5.924264e-2,6.135607e-2,6.150917e-2,6.155465e-2,6.149583e-2,6.099167e-2,5.952827e-2,6.015892e-2,6.924788e-2,7.284754e-2,7.328117e-2,7.190926e-2,7.310497e-2,7.132382e-2,7.444688e-2,7.443716e-2,4.684429e-2,4.828423e-2,5.130366e-2,5.056232e-2,5.147703e-2,4.998091e-2,5.056555e-2,5.094409e-2,6.183643e-2,6.462508e-2,6.544505e-2,6.401678e-2,6.297248e-2,6.168535e-2,6.268861e-2,6.173453e-2]},{"variance_ratio":0.950,"d_res":4,"d_eff":80,"mean_mse":5.464053e-2,"min_mse":4.177687e-2,"max_mse":6.639818e-2,"inflation_over_baseline":0.759383,"per_block_mses":[4.202116e-2,4.351264e-2,4.406102e-2,4.417341e-2,4.597052e-2,4.454938e-2,4.431285e-2,4.505198e-2,6.211318e-2,6.383000e-2,6.599329e-2,6.440911e-2,6.602022e-2,6.428572e-2,6.420116e-2,6.545466e-2,5.273307e-2,5.454437e-2,5.463353e-2,5.481299e-2,5.471282e-2,5.424973e-2,5.294943e-2,5.349494e-2,6.178540e-2,6.503289e-2,6.523777e-2,6.388169e-2,6.490155e-2,6.363709e-2,6.621706e-2,6.639818e-2,4.177687e-2,4.299759e-2,4.559404e-2,4.496970e-2,4.579883e-2,4.436846e-2,4.499683e-2,4.518678e-2,5.468050e-2,5.729570e-2,5.801439e-2,5.682684e-2,5.583836e-2,5.470105e-2,5.574598e-2,5.477082e-2]},{"variance_ratio":0.950,"d_res":8,"d_eff":80,"mean_mse":4.467956e-2,"min_mse":3.424648e-2,"max_mse":5.469330e-2,"inflation_over_baseline":0.620947,"per_block_mses":[3.437077e-2,3.558349e-2,3.584606e-2,3.595503e-2,3.747146e-2,3.630832e-2,3.594706e-2,3.663888e-2,5.089878e-2,5.214426e-2,5.380850e-2,5.250677e-2,5.387740e-2,5.233347e-2,5.218046e-2,5.338611e-2,4.340101e-2,4.487205e-2,4.485701e-2,4.510971e-2,4.497263e-2,4.454262e-2,4.349852e-2,4.391724e-2,5.084425e-2,5.354576e-2,5.359709e-2,5.235058e-2,5.307672e-2,5.251590e-2,5.427394e-2,5.469330e-2,3.424648e-2,3.514968e-2,3.720776e-2,3.667392e-2,3.744442e-2,3.621965e-2,3.668310e-2,3.672326e-2,4.422396e-2,4.668097e-2,4.720254e-2,4.638844e-2,4.552035e-2,4.456935e-2,4.565005e-2,4.470992e-2]},{"variance_ratio":0.900,"d_res":0,"d_eff":60,"mean_mse":1.445312e-1,"min_mse":1.083777e-1,"max_mse":1.753782e-1,"inflation_over_baseline":2.008665,"per_block_mses":[1.110488e-1,1.162226e-1,1.184362e-1,1.167941e-1,1.165149e-1,1.168840e-1,1.180781e-1,1.194543e-1,1.597867e-1,1.697066e-1,1.734979e-1,1.705965e-1,1.746464e-1,1.711990e-1,1.753782e-1,1.717924e-1,1.424953e-1,1.447413e-1,1.461120e-1,1.449082e-1,1.448941e-1,1.412047e-1,1.418738e-1,1.427790e-1,1.655903e-1,1.700510e-1,1.713902e-1,1.729137e-1,1.722432e-1,1.677818e-1,1.745213e-1,1.748671e-1,1.083777e-1,1.160733e-1,1.185985e-1,1.175521e-1,1.191912e-1,1.210276e-1,1.216458e-1,1.229071e-1,1.430899e-1,1.511647e-1,1.513846e-1,1.471426e-1,1.485919e-1,1.457479e-1,1.441237e-1,1.424778e-1]},{"variance_ratio":0.900,"d_res":2,"d_eff":60,"mean_mse":1.245122e-1,"min_mse":9.365106e-2,"max_mse":1.517422e-1,"inflation_over_baseline":1.730445,"per_block_mses":[9.548217e-2,9.955477e-2,1.007565e-1,9.964907e-2,9.947596e-2,1.003362e-1,1.007250e-1,1.024044e-1,1.370292e-1,1.458367e-1,1.487175e-1,1.462370e-1,1.500069e-1,1.471047e-1,1.507197e-1,1.473788e-1,1.228155e-1,1.256500e-1,1.258324e-1,1.249492e-1,1.250456e-1,1.219098e-1,1.223157e-1,1.231432e-1,1.429853e-1,1.468380e-1,1.482461e-1,1.497052e-1,1.486904e-1,1.449213e-1,1.512196e-1,1.517422e-1,9.365106e-2,1.000473e-1,1.019964e-1,1.011495e-1,1.025034e-1,1.039266e-1,1.041384e-1,1.053736e-1,1.238122e-1,1.310558e-1,1.309260e-1,1.274859e-1,1.287683e-1,1.261343e-1,1.247106e-1,1.234832e-1]},{"variance_ratio":0.900,"d_res":4,"d_eff":60,"mean_mse":1.112366e-1,"min_mse":8.373747e-2,"max_mse":1.361661e-1,"inflation_over_baseline":1.545943,"per_block_mses":[8.513610e-2,8.860098e-2,8.945013e-2,8.853944e-2,8.843815e-2,8.930115e-2,8.941027e-2,9.103507e-2,1.218674e-1,1.299358e-1,1.323311e-1,1.301111e-1,1.337933e-1,1.310972e-1,1.343093e-1,1.313007e-1,1.101129e-1,1.128291e-1,1.125904e-1,1.118384e-1,1.119501e-1,1.091611e-1,1.094736e-1,1.100674e-1,1.280223e-1,1.316261e-1,1.328175e-1,1.340917e-1,1.330508e-1,1.298744e-1,1.355091e-1,1.361661e-1,8.373747e-2,8.948939e-2,9.102102e-2,9.018024e-2,9.142868e-2,9.271883e-2,9.271505e-2,9.404572e-2,1.109185e-1,1.172460e-1,1.173034e-1,1.142232e-1,1.154560e-1,1.129399e-1,1.115482e-1,1.105466e-1]},{"variance_ratio":0.900,"d_res":8,"d_eff":60,"mean_mse":9.169743e-2,"min_mse":6.906013e-2,"max_mse":1.129468e-1,"inflation_over_baseline":1.274392,"per_block_mses":[6.980281e-2,7.245971e-2,7.299205e-2,7.226293e-2,7.233551e-2,7.289615e-2,7.296096e-2,7.444336e-2,9.986622e-2,1.065745e-1,1.084293e-1,1.063579e-1,1.099647e-1,1.076271e-1,1.101927e-1,1.078668e-1,9.139475e-2,9.374578e-2,9.312755e-2,9.258771e-2,9.264365e-2,9.049420e-2,9.064501e-2,9.112255e-2,1.061123e-1,1.090841e-1,1.099908e-1,1.111113e-1,1.099908e-1,1.075330e-1,1.121172e-1,1.129468e-1,6.906013e-2,7.377902e-2,7.490771e-2,7.397220e-2,7.519227e-2,7.610436e-2,7.622556e-2,7.724118e-2,9.181538e-2,9.703071e-2,9.711053e-2,9.458357e-2,9.563100e-2,9.343567e-2,9.229275e-2,9.141424e-2]},{"variance_ratio":0.850,"d_res":0,"d_eff":47,"mean_mse":2.169740e-1,"min_mse":1.626351e-1,"max_mse":2.632522e-1,"inflation_over_baseline":3.015459,"per_block_mses":[1.667899e-1,1.714234e-1,1.735945e-1,1.771217e-1,1.774359e-1,1.779086e-1,1.802220e-1,1.765247e-1,2.433748e-1,2.578448e-1,2.565792e-1,2.604577e-1,2.592415e-1,2.598991e-1,2.605565e-1,2.551578e-1,2.130294e-1,2.183260e-1,2.198295e-1,2.191344e-1,2.140511e-1,2.143802e-1,2.163400e-1,2.117988e-1,2.431799e-1,2.590675e-1,2.592209e-1,2.607760e-1,2.595485e-1,2.536051e-1,2.632522e-1,2.574637e-1,1.626351e-1,1.746680e-1,1.793683e-1,1.780606e-1,1.799412e-1,1.776290e-1,1.840469e-1,1.816799e-1,2.139672e-1,2.262503e-1,2.230758e-1,2.229754e-1,2.218459e-1,2.222830e-1,2.169434e-1,2.122457e-1]},{"variance_ratio":0.850,"d_res":2,"d_eff":47,"mean_mse":1.875966e-1,"min_mse":1.405300e-1,"max_mse":2.290606e-1,"inflation_over_baseline":2.607178,"per_block_mses":[1.429674e-1,1.469941e-1,1.484991e-1,1.522981e-1,1.522218e-1,1.533918e-1,1.548903e-1,1.516196e-1,2.091960e-1,2.215499e-1,2.203232e-1,2.241372e-1,2.230529e-1,2.236216e-1,2.238142e-1,2.188289e-1,1.847553e-1,1.897112e-1,1.908854e-1,1.904762e-1,1.863362e-1,1.862617e-1,1.881691e-1,1.839444e-1,2.109338e-1,2.252456e-1,2.244921e-1,2.262784e-1,2.252846e-1,2.200204e-1,2.290606e-1,2.235927e-1,1.405300e-1,1.501742e-1,1.541468e-1,1.535891e-1,1.557973e-1,1.533669e-1,1.590483e-1,1.568580e-1,1.853869e-1,1.965313e-1,1.930717e-1,1.939624e-1,1.928657e-1,1.933053e-1,1.884108e-1,1.847365e-1]},{"variance_ratio":0.850,"d_res":4,"d_eff":47,"mean_mse":1.679977e-1,"min_mse":1.256986e-1,"max_mse":2.057405e-1,"inflation_over_baseline":2.334796,