{"n_vecs":24576,"dim":128,"n_blocks":48,"block_size":512,"baseline_mse":7.548197e-2,"cells":[{"variance_ratio":0.950,"d_res":0,"d_eff":83,"mean_mse":7.548197e-2,"min_mse":5.039425e-2,"max_mse":9.606754e-2,"inflation_over_baseline":1.000000,"per_block_mses":[7.237830e-2,8.127191e-2,8.593802e-2,8.651301e-2,8.616632e-2,8.649239e-2,8.786859e-2,8.878422e-2,5.039425e-2,5.396237e-2,5.388908e-2,5.292631e-2,5.266263e-2,5.068011e-2,5.327838e-2,5.234861e-2,7.102492e-2,7.710326e-2,8.010232e-2,8.005587e-2,7.967275e-2,7.906594e-2,8.106460e-2,8.164999e-2,8.778317e-2,9.521776e-2,9.597239e-2,9.524713e-2,9.606754e-2,9.520285e-2,9.507049e-2,9.558864e-2,7.744288e-2,8.826229e-2,8.851966e-2,8.875310e-2,9.146385e-2,9.168678e-2,8.857572e-2,8.979755e-2,5.350391e-2,5.704433e-2,5.583475e-2,5.491050e-2,5.421134e-2,5.351644e-2,5.458946e-2,5.357773e-2]},{"variance_ratio":0.950,"d_res":2,"d_eff":83,"mean_mse":6.451269e-2,"min_mse":4.285484e-2,"max_mse":8.169025e-2,"inflation_over_baseline":0.854677,"per_block_mses":[6.120838e-2,6.889866e-2,7.283807e-2,7.305435e-2,7.267674e-2,7.312658e-2,7.451097e-2,7.538232e-2,4.285484e-2,4.607427e-2,4.636723e-2,4.538470e-2,4.522024e-2,4.341468e-2,4.561870e-2,4.481180e-2,6.105734e-2,6.631887e-2,6.877294e-2,6.860411e-2,6.828654e-2,6.779807e-2,6.962139e-2,6.993223e-2,7.506662e-2,8.130295e-2,8.129971e-2,8.090145e-2,8.167048e-2,8.134853e-2,8.084763e-2,8.169025e-2,6.683089e-2,7.626116e-2,7.638339e-2,7.636546e-2,7.863745e-2,7.902066e-2,7.617334e-2,7.718182e-2,4.552233e-2,4.879217e-2,4.763352e-2,4.698300e-2,4.639778e-2,4.594929e-2,4.661042e-2,4.590497e-2]},{"variance_ratio":0.950,"d_res":4,"d_eff":83,"mean_mse":5.725113e-2,"min_mse":3.794168e-2,"max_mse":7.252959e-2,"inflation_over_baseline":0.758474,"per_block_mses":[5.378012e-2,6.063187e-2,6.397993e-2,6.415374e-2,6.385940e-2,6.426729e-2,6.559084e-2,6.632969e-2,3.794168e-2,4.102148e-2,4.143463e-2,4.049595e-2,4.025724e-2,3.860443e-2,4.060932e-2,3.992043e-2,5.431386e-2,5.906003e-2,6.109157e-2,6.088481e-2,6.065094e-2,6.024754e-2,6.182916e-2,6.202674e-2,6.676202e-2,7.206506e-2,7.180371e-2,7.152602e-2,7.225776e-2,7.222936e-2,7.162502e-2,7.252959e-2,5.973397e-2,6.822666e-2,6.833568e-2,6.821160e-2,7.019633e-2,7.066991e-2,6.802030e-2,6.883527e-2,4.025196e-2,4.329552e-2,4.229012e-2,4.175839e-2,4.126292e-2,4.091521e-2,4.142365e-2,4.084555e-2]},{"variance_ratio":0.950,"d_res":8,"d_eff":83,"mean_mse":4.663758e-2,"min_mse":3.093706e-2,"max_mse":5.908364e-2,"inflation_over_baseline":0.617864,"per_block_mses":[4.299752e-2,4.851452e-2,5.109956e-2,5.132034e-2,5.104020e-2,5.139861e-2,5.253579e-2,5.314414e-2,3.093706e-2,3.375334e-2,3.418962e-2,3.340508e-2,3.308834e-2,3.162057e-2,3.338791e-2,3.283906e-2,4.438175e-2,4.821870e-2,4.974319e-2,4.958342e-2,4.938949e-2,4.903808e-2,5.027089e-2,5.043522e-2,5.463504e-2,5.865171e-2,5.829532e-2,5.796535e-2,5.851038e-2,5.882889e-2,5.821613e-2,5.908364e-2,4.924207e-2,5.628373e-2,5.642751e-2,5.610244e-2,5.769236e-2,5.820409e-2,5.600581e-2,5.655245e-2,3.278710e-2,3.534056e-2,3.456355e-2,3.418677e-2,3.374255e-2,3.351050e-2,3.392858e-2,3.351508e-2]},{"variance_ratio":0.900,"d_res":0,"d_eff":64,"mean_mse":1.508231e-1,"min_mse":1.004761e-1,"max_mse":1.885510e-1,"inflation_over_baseline":1.998135,"per_block_mses":[1.422268e-1,1.634965e-1,1.726203e-1,1.717480e-1,1.727966e-1,1.741999e-1,1.767193e-1,1.790801e-1,1.004761e-1,1.083651e-1,1.092501e-1,1.054771e-1,1.050032e-1,1.027261e-1,1.039235e-1,1.020524e-1,1.442177e-1,1.580397e-1,1.572054e-1,1.630414e-1,1.637503e-1,1.630253e-1,1.594129e-1,1.606383e-1,1.741861e-1,1.871394e-1,1.880488e-1,1.869513e-1,1.882023e-1,1.867630e-1,1.882536e-1,1.885510e-1,1.564697e-1,1.732651e-1,1.801393e-1,1.792793e-1,1.790376e-1,1.795522e-1,1.813707e-1,1.829586e-1,1.063715e-1,1.128621e-1,1.138398e-1,1.124983e-1,1.109767e-1,1.073381e-1,1.091852e-1,1.067788e-1]},{"variance_ratio":0.900,"d_res":2,"d_eff":64,"mean_mse":1.298805e-1,"min_mse":8.695026e-2,"max_mse":1.614729e-1,"inflation_over_baseline":1.720683,"per_block_mses":[1.221204e-1,1.404273e-1,1.479888e-1,1.474280e-1,1.478117e-1,1.492718e-1,1.522287e-1,1.541330e-1,8.695026e-2,9.381579e-2,9.470188e-2,9.156384e-2,9.091468e-2,8.912919e-2,8.992900e-2,8.842323e-2,1.240552e-1,1.354125e-1,1.344592e-1,1.392517e-1,1.403153e-1,1.396347e-1,1.362220e-1,1.378984e-1,1.491213e-1,1.602901e-1,1.612260e-1,1.599967e-1,1.611401e-1,1.598841e-1,1.614729e-1,1.608171e-1,1.353089e-1,1.496179e-1,1.554558e-1,1.550375e-1,1.551934e-1,1.558079e-1,1.568255e-1,1.584809e-1,9.226433e-2,9.798283e-2,9.902321e-2,9.789609e-2,9.613804e-2,9.332925e-2,9.501773e-2,9.285060e-2]},{"variance_ratio":0.900,"d_res":4,"d_eff":64,"mean_mse":1.159020e-1,"min_mse":7.788474e-2,"max_mse":1.437324e-1,"inflation_over_baseline":1.535492,"per_block_mses":[1.086419e-1,1.248292e-1,1.314347e-1,1.309073e-1,1.313172e-1,1.325801e-1,1.355298e-1,1.371123e-1,7.788474e-2,8.398263e-2,8.482812e-2,8.210287e-2,8.133297e-2,7.995583e-2,8.051078e-2,7.922107e-2,1.106972e-1,1.205698e-1,1.194671e-1,1.236675e-1,1.246484e-1,1.240745e-1,1.209769e-1,1.225726e-1,1.329196e-1,1.425620e-1,1.434895e-1,1.423761e-1,1.433709e-1,1.423559e-1,1.437324e-1,1.430242e-1,1.212389e-1,1.340512e-1,1.393596e-1,1.390513e-1,1.392135e-1,1.397601e-1,1.404366e-1,1.419942e-1,8.268191e-2,8.775354e-2,8.880823e-2,8.782385e-2,8.609697e-2,8.372823e-2,8.530971e-2,8.330968e-2]},{"variance_ratio":0.900,"d_res":8,"d_eff":64,"mean_mse":9.526463e-2,"min_mse":6.444131e-2,"max_mse":1.177511e-1,"inflation_over_baseline":1.262085,"per_block_mses":[8.867074e-2,1.017974e-1,1.070082e-1,1.065212e-1,1.067316e-1,1.079141e-1,1.104402e-1,1.116934e-1,6.444131e-2,6.947658e-2,7.020931e-2,6.803117e-2,6.720016e-2,6.633665e-2,6.657384e-2,6.562129e-2,9.095783e-2,9.876528e-2,9.768532e-2,1.010642e-1,1.017007e-1,1.012137e-1,9.858154e-2,1.000623e-1,1.092315e-1,1.167636e-1,1.175931e-1,1.166799e-1,1.174616e-1,1.167979e-1,1.177511e-1,1.172094e-1,1.005221e-1,1.110730e-1,1.153196e-1,1.152556e-1,1.151541e-1,1.158947e-1,1.161669e-1,1.175149e-1,6.846774e-2,7.248486e-2,7.352134e-2,7.276070e-2,7.122876e-2,6.932341e-2,7.087253e-2,6.895603e-2]},{"variance_ratio":0.850,"d_res":0,"d_eff":51,"mean_mse":2.266683e-1,"min_mse":1.516259e-1,"max_mse":2.864007e-1,"inflation_over_baseline":3.002947,"per_block_mses":[2.180473e-1,2.460450e-1,2.589649e-1,2.588568e-1,2.604836e-1,2.639566e-1,2.680562e-1,2.705777e-1,1.516259e-1,1.616655e-1,1.621354e-1,1.618538e-1,1.566550e-1,1.534011e-1,1.561367e-1,1.537429e-1,2.147655e-1,2.391297e-1,2.378833e-1,2.380467e-1,2.388442e-1,2.385349e-1,2.401471e-1,2.421821e-1,2.658667e-1,2.804333e-1,2.844115e-1,2.823189e-1,2.845757e-1,2.845234e-1,2.862026e-1,2.864007e-1,2.343740e-1,2.634060e-1,2.653239e-1,2.716137e-1,2.717546e-1,2.728334e-1,2.743247e-1,2.696150e-1,1.565847e-1,1.716399e-1,1.670852e-1,1.644251e-1,1.629795e-1,1.621809e-1,1.644484e-1,1.610193e-1]},{"variance_ratio":0.850,"d_res":2,"d_eff":51,"mean_mse":1.955607e-1,"min_mse":1.310170e-1,"max_mse":2.459034e-1,"inflation_over_baseline":2.590826,"per_block_mses":[1.882080e-1,2.110691e-1,2.214770e-1,2.217053e-1,2.234302e-1,2.259036e-1,2.303385e-1,2.319270e-1,1.310170e-1,1.401679e-1,1.406646e-1,1.409138e-1,1.360334e-1,1.332057e-1,1.360065e-1,1.337570e-1,1.854179e-1,2.049904e-1,2.039150e-1,2.040699e-1,2.049759e-1,2.045887e-1,2.067149e-1,2.082045e-1,2.296176e-1,2.412245e-1,2.442980e-1,2.427930e-1,2.442178e-1,2.447035e-1,2.455177e-1,2.459034e-1,2.025376e-1,2.287638e-1,2.287581e-1,2.360509e-1,2.355924e-1,2.364315e-1,2.371681e-1,2.331538e-1,1.362895e-1,1.496735e-1,1.456584e-1,1.434706e-1,1.419360e-1,1.412880e-1,1.429522e-1,1.402102e-1]},{"variance_ratio":0.850,"d_res":4,"d_eff":51,"mean_mse":1.749135e-1,"min_mse":1.173287e-1,"max_mse":2.194341e-1,"inflation_over_baseline":2.317289,