{"n_vecs":24576,"dim":128,"n_blocks":48,"block_size":512,"baseline_mse":7.242249e-2,"cells":[{"variance_ratio":0.950,"d_res":0,"d_eff":84,"mean_mse":7.242249e-2,"min_mse":5.405376e-2,"max_mse":9.356478e-2,"inflation_over_baseline":1.000000,"per_block_mses":[8.474330e-2,8.350947e-2,8.396037e-2,8.228186e-2,8.449104e-2,8.557220e-2,8.514994e-2,8.374782e-2,5.995812e-2,6.222006e-2,6.088496e-2,5.969720e-2,6.092608e-2,5.924599e-2,6.155581e-2,6.149819e-2,5.705309e-2,5.536818e-2,5.609352e-2,5.548365e-2,5.548120e-2,5.405376e-2,5.617343e-2,5.587553e-2,7.455975e-2,7.648791e-2,7.597361e-2,7.213069e-2,7.323728e-2,7.347669e-2,7.283073e-2,7.430498e-2,6.968127e-2,7.196425e-2,6.962237e-2,7.024231e-2,6.783104e-2,6.969477e-2,7.049872e-2,6.862808e-2,9.013037e-2,9.175821e-2,9.356478e-2,8.921445e-2,8.753777e-2,8.851103e-2,9.010179e-2,8.927166e-2]},{"variance_ratio":0.950,"d_res":2,"d_eff":84,"mean_mse":6.215793e-2,"min_mse":4.614382e-2,"max_mse":8.052928e-2,"inflation_over_baseline":0.858268,"per_block_mses":[7.353427e-2,7.205333e-2,7.264864e-2,7.095028e-2,7.265813e-2,7.365472e-2,7.309251e-2,7.206286e-2,5.157025e-2,5.335139e-2,5.224459e-2,5.134127e-2,5.243442e-2,5.103780e-2,5.312868e-2,5.301713e-2,4.903551e-2,4.726254e-2,4.779737e-2,4.720697e-2,4.720062e-2,4.614382e-2,4.811606e-2,4.769241e-2,6.406181e-2,6.545226e-2,6.503865e-2,6.176656e-2,6.231588e-2,6.254650e-2,6.231234e-2,6.347301e-2,5.983258e-2,6.175654e-2,5.970419e-2,6.030889e-2,5.811304e-2,5.976855e-2,6.048314e-2,5.843746e-2,7.790085e-2,7.920567e-2,8.052928e-2,7.697344e-2,7.518344e-2,7.568385e-2,7.718397e-2,7.631300e-2]},{"variance_ratio":0.950,"d_res":4,"d_eff":84,"mean_mse":5.548451e-2,"min_mse":4.115065e-2,"max_mse":7.198835e-2,"inflation_over_baseline":0.766123,"per_block_mses":[6.591943e-2,6.439972e-2,6.512170e-2,6.333016e-2,6.479614e-2,6.579773e-2,6.506396e-2,6.426161e-2,4.604441e-2,4.761424e-2,4.653337e-2,4.580231e-2,4.670075e-2,4.545643e-2,4.739478e-2,4.729792e-2,4.383842e-2,4.207582e-2,4.248339e-2,4.200898e-2,4.198701e-2,4.115065e-2,4.292772e-2,4.254976e-2,5.722283e-2,5.832172e-2,5.799848e-2,5.501866e-2,5.543306e-2,5.570706e-2,5.549759e-2,5.661040e-2,5.347957e-2,5.520574e-2,5.340579e-2,5.392758e-2,5.189446e-2,5.341887e-2,5.407500e-2,5.204003e-2,6.985925e-2,7.102480e-2,7.198835e-2,6.887303e-2,6.712822e-2,6.757268e-2,6.890736e-2,6.808959e-2]},{"variance_ratio":0.950,"d_res":8,"d_eff":84,"mean_mse":4.568118e-2,"min_mse":3.375729e-2,"max_mse":5.955505e-2,"inflation_over_baseline":0.630760,"per_block_mses":[5.454846e-2,5.309861e-2,5.379234e-2,5.198538e-2,5.322527e-2,5.414218e-2,5.336185e-2,5.273330e-2,3.784874e-2,3.908942e-2,3.808857e-2,3.751610e-2,3.825875e-2,3.715192e-2,3.887639e-2,3.878170e-2,3.615140e-2,3.445272e-2,3.479231e-2,3.441155e-2,3.436602e-2,3.375729e-2,3.530701e-2,3.503409e-2,4.712957e-2,4.791142e-2,4.763782e-2,4.514154e-2,4.541304e-2,4.569741e-2,4.556150e-2,4.647021e-2,4.418623e-2,4.567695e-2,4.427102e-2,4.462389e-2,4.283964e-2,4.418937e-2,4.472180e-2,4.289302e-2,5.809244e-2,5.890066e-2,5.955505e-2,5.691700e-2,5.540435e-2,5.576072e-2,5.681746e-2,5.611301e-2]},{"variance_ratio":0.900,"d_res":0,"d_eff":65,"mean_mse":1.450162e-1,"min_mse":1.088625e-1,"max_mse":1.837722e-1,"inflation_over_baseline":2.002365,"per_block_mses":[1.706073e-1,1.680567e-1,1.690647e-1,1.671059e-1,1.700948e-1,1.688151e-1,1.718806e-1,1.707061e-1,1.202931e-1,1.217299e-1,1.233209e-1,1.214127e-1,1.231332e-1,1.203419e-1,1.196536e-1,1.231007e-1,1.127055e-1,1.116164e-1,1.112707e-1,1.132258e-1,1.102842e-1,1.088625e-1,1.117886e-1,1.115942e-1,1.485610e-1,1.504643e-1,1.505950e-1,1.485858e-1,1.455485e-1,1.465791e-1,1.491267e-1,1.477286e-1,1.408267e-1,1.437467e-1,1.404314e-1,1.397698e-1,1.368301e-1,1.400346e-1,1.383681e-1,1.381983e-1,1.795219e-1,1.805515e-1,1.837722e-1,1.767778e-1,1.807420e-1,1.763453e-1,1.797997e-1,1.772085e-1]},{"variance_ratio":0.900,"d_res":2,"d_eff":65,"mean_mse":1.248597e-1,"min_mse":9.353407e-2,"max_mse":1.598365e-1,"inflation_over_baseline":1.724046,"per_block_mses":[1.481953e-1,1.449181e-1,1.457690e-1,1.439869e-1,1.457445e-1,1.454093e-1,1.480687e-1,1.470598e-1,1.039724e-1,1.048310e-1,1.054986e-1,1.039882e-1,1.052742e-1,1.029014e-1,1.027888e-1,1.052401e-1,9.723340e-2,9.546221e-2,9.549697e-2,9.672051e-2,9.398549e-2,9.353407e-2,9.599851e-2,9.582002e-2,1.264586e-1,1.292109e-1,1.291113e-1,1.273022e-1,1.246512e-1,1.253527e-1,1.270056e-1,1.253605e-1,1.214512e-1,1.238397e-1,1.208644e-1,1.203981e-1,1.177246e-1,1.202279e-1,1.187769e-1,1.192495e-1,1.561963e-1,1.576989e-1,1.598365e-1,1.534745e-1,1.573669e-1,1.533851e-1,1.561444e-1,1.542800e-1]},{"variance_ratio":0.900,"d_res":4,"d_eff":65,"mean_mse":1.117104e-1,"min_mse":8.351950e-2,"max_mse":1.437108e-1,"inflation_over_baseline":1.542483,"per_block_mses":[1.330283e-1,1.299357e-1,1.304199e-1,1.286047e-1,1.300025e-1,1.299615e-1,1.322383e-1,1.313877e-1,9.320989e-2,9.383487e-2,9.419581e-2,9.283523e-2,9.376424e-2,9.178255e-2,9.182850e-2,9.397800e-2,8.727590e-2,8.511388e-2,8.517829e-2,8.615107e-2,8.375611e-2,8.351950e-2,8.565024e-2,8.558970e-2,1.125532e-1,1.155496e-1,1.151622e-1,1.136289e-1,1.110893e-1,1.116399e-1,1.130066e-1,1.116213e-1,1.088901e-1,1.107955e-1,1.081987e-1,1.080488e-1,1.055494e-1,1.074686e-1,1.062779e-1,1.067654e-1,1.406367e-1,1.422712e-1,1.437108e-1,1.379715e-1,1.414868e-1,1.379076e-1,1.401826e-1,1.384452e-1]},{"variance_ratio":0.900,"d_res":8,"d_eff":65,"mean_mse":9.241292e-2,"min_mse":6.882656e-2,"max_mse":1.197828e-1,"inflation_over_baseline":1.276025,"per_block_mses":[1.106142e-1,1.075840e-1,1.078742e-1,1.059294e-1,1.069743e-1,1.072642e-1,1.090692e-1,1.084249e-1,7.724364e-2,7.755898e-2,7.755942e-2,7.656188e-2,7.709790e-2,7.543033e-2,7.562598e-2,7.752365e-2,7.257585e-2,7.008658e-2,6.997835e-2,7.074439e-2,6.882656e-2,6.887216e-2,7.071188e-2,7.060407e-2,9.225002e-2,9.554272e-2,9.474853e-2,9.367157e-2,9.123753e-2,9.192276e-2,9.282933e-2,9.169408e-2,9.054114e-2,9.189434e-2,8.987898e-2,9.012881e-2,8.773964e-2,8.906335e-2,8.804961e-2,8.855948e-2,1.173777e-1,1.189353e-1,1.197828e-1,1.150639e-1,1.177879e-1,1.148495e-1,1.165307e-1,1.150042e-1]},{"variance_ratio":0.850,"d_res":0,"d_eff":51,"mean_mse":2.177094e-1,"min_mse":1.644957e-1,"max_mse":2.794154e-1,"inflation_over_baseline":3.006102,"per_block_mses":[2.534295e-1,2.582944e-1,2.527379e-1,2.496145e-1,2.548955e-1,2.534981e-1,2.569583e-1,2.549413e-1,1.813070e-1,1.860755e-1,1.828045e-1,1.810212e-1,1.825787e-1,1.845045e-1,1.844449e-1,1.818445e-1,1.679487e-1,1.684838e-1,1.673948e-1,1.656930e-1,1.673108e-1,1.657829e-1,1.644957e-1,1.646228e-1,2.276098e-1,2.265925e-1,2.269312e-1,2.238461e-1,2.205346e-1,2.154816e-1,2.204748e-1,2.188098e-1,2.143103e-1,2.170237e-1,2.127359e-1,2.056091e-1,2.087561e-1,2.075492e-1,2.069125e-1,2.059928e-1,2.683648e-1,2.747024e-1,2.794154e-1,2.718236e-1,2.698615e-1,2.641746e-1,2.682424e-1,2.636141e-1]},{"variance_ratio":0.850,"d_res":2,"d_eff":51,"mean_mse":1.882070e-1,"min_mse":1.422286e-1,"max_mse":2.441216e-1,"inflation_over_baseline":2.598737,"per_block_mses":[2.185810e-1,2.222603e-1,2.168647e-1,2.144249e-1,2.185255e-1,2.179305e-1,2.212896e-1,2.188202e-1,1.570008e-1,1.607519e-1,1.570854e-1,1.549552e-1,1.561776e-1,1.579449e-1,1.580406e-1,1.555813e-1,1.460395e-1,1.459058e-1,1.447168e-1,1.431063e-1,1.445505e-1,1.438010e-1,1.422286e-1,1.430726e-1,1.952376e-1,1.946354e-1,1.954450e-1,1.929221e-1,1.902860e-1,1.856357e-1,1.906856e-1,1.881092e-1,1.864289e-1,1.878626e-1,1.840004e-1,1.780757e-1,1.808881e-1,1.798591e-1,1.788439e-1,1.785704e-1,2.336823e-1,2.396842e-1,2.441216e-1,2.378028e-1,2.354129e-1,2.311639e-1,2.345708e-1,2.303559e-1]},{"variance_ratio":0.850,"d_res":4,"d_eff":51,"mean_mse":1.686538e-1,"min_mse":1.274604e-1,"max_mse":2.197870e-1,"inflation_over_baseline":2.328749,