{"n_vecs":24576,"dim":128,"n_blocks":48,"block_size":512,"baseline_mse":7.393953e-2,"cells":[{"variance_ratio":0.950,"d_res":0,"d_eff":78,"mean_mse":7.393953e-2,"min_mse":4.462059e-2,"max_mse":9.049699e-2,"inflation_over_baseline":1.000000,"per_block_mses":[7.682905e-2,7.766654e-2,7.623519e-2,7.743246e-2,7.680891e-2,7.689986e-2,7.697065e-2,7.710660e-2,9.049699e-2,8.847960e-2,8.924874e-2,9.038874e-2,8.917470e-2,8.591431e-2,8.580344e-2,8.541258e-2,7.656407e-2,7.331624e-2,7.464949e-2,7.260323e-2,7.087078e-2,7.081262e-2,7.103038e-2,7.098069e-2,7.324121e-2,7.432092e-2,7.177404e-2,7.255457e-2,7.139483e-2,6.835198e-2,6.827102e-2,6.786633e-2,8.436707e-2,8.723144e-2,8.978585e-2,8.857658e-2,8.788535e-2,8.730328e-2,8.761813e-2,8.861903e-2,4.995338e-2,4.846766e-2,4.778025e-2,4.741599e-2,4.671967e-2,4.706816e-2,4.621433e-2,4.462059e-2]},{"variance_ratio":0.950,"d_res":2,"d_eff":78,"mean_mse":6.293427e-2,"min_mse":3.793135e-2,"max_mse":7.697422e-2,"inflation_over_baseline":0.851159,"per_block_mses":[6.627036e-2,6.682985e-2,6.552445e-2,6.626750e-2,6.591594e-2,6.611647e-2,6.603506e-2,6.621250e-2,7.685477e-2,7.534717e-2,7.619599e-2,7.697422e-2,7.596297e-2,7.299345e-2,7.282941e-2,7.264301e-2,6.553713e-2,6.267065e-2,6.389842e-2,6.211325e-2,6.065424e-2,6.050250e-2,6.065518e-2,6.081496e-2,6.254863e-2,6.311477e-2,6.066211e-2,6.107495e-2,5.996861e-2,5.738042e-2,5.745930e-2,5.723586e-2,7.153350e-2,7.355709e-2,7.583424e-2,7.471145e-2,7.445099e-2,7.356668e-2,7.435098e-2,7.505223e-2,4.292984e-2,4.143504e-2,4.067510e-2,4.038496e-2,3.987518e-2,4.005735e-2,3.923498e-2,3.793135e-2]},{"variance_ratio":0.950,"d_res":4,"d_eff":78,"mean_mse":5.570315e-2,"min_mse":3.351831e-2,"max_mse":6.814483e-2,"inflation_over_baseline":0.753361,"per_block_mses":[5.912046e-2,5.959162e-2,5.837709e-2,5.891021e-2,5.869513e-2,5.894555e-2,5.878509e-2,5.902741e-2,6.809221e-2,6.677090e-2,6.756511e-2,6.814483e-2,6.722425e-2,6.455315e-2,6.423593e-2,6.419456e-2,5.816169e-2,5.562674e-2,5.677287e-2,5.508084e-2,5.378641e-2,5.352608e-2,5.380775e-2,5.394159e-2,5.537863e-2,5.576122e-2,5.340168e-2,5.369951e-2,5.272473e-2,5.044119e-2,5.057593e-2,5.047563e-2,6.315765e-2,6.480418e-2,6.683037e-2,6.593818e-2,6.566974e-2,6.470157e-2,6.560743e-2,6.620313e-2,3.818100e-2,3.667547e-2,3.600230e-2,3.572440e-2,3.526254e-2,3.539302e-2,3.468579e-2,3.351831e-2]},{"variance_ratio":0.950,"d_res":8,"d_eff":78,"mean_mse":4.513488e-2,"min_mse":2.708139e-2,"max_mse":5.534217e-2,"inflation_over_baseline":0.610430,"per_block_mses":[4.850131e-2,4.885681e-2,4.780735e-2,4.813766e-2,4.807746e-2,4.837252e-2,4.807497e-2,4.835743e-2,5.534217e-2,5.419930e-2,5.479863e-2,5.520215e-2,5.438046e-2,5.210990e-2,5.186512e-2,5.187812e-2,4.751105e-2,4.528510e-2,4.621839e-2,4.475368e-2,4.369058e-2,4.331868e-2,4.371331e-2,4.387800e-2,4.485360e-2,4.501845e-2,4.294672e-2,4.308509e-2,4.225766e-2,4.037583e-2,4.059022e-2,4.065789e-2,5.093314e-2,5.215053e-2,5.382877e-2,5.318348e-2,5.293271e-2,5.199730e-2,5.290266e-2,5.331413e-2,3.116631e-2,2.967689e-2,2.918455e-2,2.893079e-2,2.845481e-2,2.860043e-2,2.802086e-2,2.708139e-2]},{"variance_ratio":0.900,"d_res":0,"d_eff":61,"mean_mse":1.481523e-1,"min_mse":9.015962e-2,"max_mse":1.818101e-1,"inflation_over_baseline":2.003695,"per_block_mses":[1.514938e-1,1.560279e-1,1.548085e-1,1.567048e-1,1.558624e-1,1.552408e-1,1.551294e-1,1.493665e-1,1.793654e-1,1.798155e-1,1.806571e-1,1.754290e-1,1.729838e-1,1.739267e-1,1.734928e-1,1.716266e-1,1.525459e-1,1.502958e-1,1.481124e-1,1.453706e-1,1.428441e-1,1.423743e-1,1.423862e-1,1.429380e-1,1.446279e-1,1.485866e-1,1.441120e-1,1.457173e-1,1.436091e-1,1.383876e-1,1.397377e-1,1.396148e-1,1.654794e-1,1.759637e-1,1.818101e-1,1.779427e-1,1.760882e-1,1.753414e-1,1.742541e-1,1.754230e-1,1.005191e-1,9.611936e-2,9.626215e-2,9.503648e-2,9.463755e-2,9.199722e-2,9.015962e-2,9.108490e-2]},{"variance_ratio":0.900,"d_res":2,"d_eff":61,"mean_mse":1.266355e-1,"min_mse":7.731184e-2,"max_mse":1.544601e-1,"inflation_over_baseline":1.712690,"per_block_mses":[1.306597e-1,1.333987e-1,1.329901e-1,1.338269e-1,1.329275e-1,1.322543e-1,1.325391e-1,1.277175e-1,1.532711e-1,1.529093e-1,1.530034e-1,1.497433e-1,1.475050e-1,1.482642e-1,1.481981e-1,1.467196e-1,1.316552e-1,1.289741e-1,1.275767e-1,1.249487e-1,1.225790e-1,1.222061e-1,1.226658e-1,1.234479e-1,1.245137e-1,1.273114e-1,1.230660e-1,1.247109e-1,1.222493e-1,1.183503e-1,1.196849e-1,1.192231e-1,1.408724e-1,1.496200e-1,1.544601e-1,1.507433e-1,1.490171e-1,1.483931e-1,1.475935e-1,1.489011e-1,8.708432e-2,8.297801e-2,8.271603e-2,8.146694e-2,8.125725e-2,7.880329e-2,7.731184e-2,7.819597e-2]},{"variance_ratio":0.900,"d_res":4,"d_eff":61,"mean_mse":1.126029e-1,"min_mse":6.881197e-2,"max_mse":1.365773e-1,"inflation_over_baseline":1.522906,"per_block_mses":[1.167594e-1,1.187568e-1,1.185920e-1,1.190754e-1,1.182337e-1,1.175283e-1,1.179926e-1,1.137590e-1,1.365007e-1,1.356509e-1,1.354485e-1,1.330794e-1,1.310043e-1,1.316697e-1,1.317771e-1,1.303343e-1,1.178161e-1,1.151080e-1,1.139565e-1,1.116223e-1,1.093383e-1,1.089277e-1,1.097106e-1,1.103766e-1,1.111420e-1,1.132224e-1,1.094227e-1,1.107154e-1,1.082659e-1,1.049608e-1,1.063309e-1,1.058427e-1,1.249423e-1,1.326476e-1,1.365773e-1,1.332255e-1,1.316412e-1,1.312151e-1,1.305914e-1,1.317201e-1,7.819438e-2,7.410520e-2,7.377144e-2,7.249462e-2,7.237516e-2,7.003538e-2,6.881197e-2,6.967046e-2]},{"variance_ratio":0.900,"d_res":8,"d_eff":61,"mean_mse":9.211891e-2,"min_mse":5.632815e-2,"max_mse":1.119615e-1,"inflation_over_baseline":1.245868,"per_block_mses":[9.633153e-2,9.749293e-2,9.737115e-2,9.763189e-2,9.681029e-2,9.627628e-2,9.689018e-2,9.348934e-2,1.119615e-1,1.107750e-1,1.103796e-1,1.088018e-1,1.068641e-1,1.074152e-1,1.074853e-1,1.063562e-1,9.725140e-2,9.490460e-2,9.400056e-2,9.208795e-2,9.006023e-2,8.966674e-2,9.062959e-2,9.090106e-2,9.129807e-2,9.257502e-2,8.943504e-2,9.027479e-2,8.813302e-2,8.533947e-2,8.675349e-2,8.631753e-2,1.018878e-1,1.078800e-1,1.105141e-1,1.078565e-1,1.064233e-1,1.061899e-1,1.059813e-1,1.068283e-1,6.493920e-2,6.109330e-2,6.076268e-2,5.937017e-2,5.932956e-2,5.725763e-2,5.632815e-2,5.710505e-2]},{"variance_ratio":0.850,"d_res":0,"d_eff":50,"mean_mse":2.222573e-1,"min_mse":1.351758e-1,"max_mse":2.720871e-1,"inflation_over_baseline":3.005933,"per_block_mses":[2.273450e-1,2.295356e-1,2.360856e-1,2.318590e-1,2.301129e-1,2.296091e-1,2.286146e-1,2.290244e-1,2.688850e-1,2.720871e-1,2.661275e-1,2.688403e-1,2.645902e-1,2.653023e-1,2.633614e-1,2.614013e-1,2.294577e-1,2.235944e-1,2.202434e-1,2.166357e-1,2.205539e-1,2.128875e-1,2.121020e-1,2.133222e-1,2.172619e-1,2.216653e-1,2.175860e-1,2.200843e-1,2.165616e-1,2.092855e-1,2.096970e-1,2.099769e-1,2.485920e-1,2.686186e-1,2.670091e-1,2.630054e-1,2.718473e-1,2.608527e-1,2.584071e-1,2.598847e-1,1.498289e-1,1.416939e-1,1.421854e-1,1.411867e-1,1.408449e-1,1.370147e-1,1.385046e-1,1.351758e-1]},{"variance_ratio":0.850,"d_res":2,"d_eff":50,"mean_mse":1.896808e-1,"min_mse":1.164211e-1,"max_mse":2.311459e-1,"inflation_over_baseline":2.565350,"per_block_mses":[1.954618e-1,1.958826e-1,2.019655e-1,1.982356e-1,1.962649e-1,1.959677e-1,1.954004e-1,1.957932e-1,2.298863e-1,2.311459e-1,2.258163e-1,2.289823e-1,2.256006e-1,2.266957e-1,2.249717e-1,2.237832e-1,1.977031e-1,1.914241e-1,1.881586e-1,1.848949e-1,1.881318e-1,1.819086e-1,1.808773e-1,1.826669e-1,1.861990e-1,1.892913e-1,1.843005e-1,1.870848e-1,1.835015e-1,1.774089e-1,1.779061e-1,1.777519e-1,2.110290e-1,2.284928e-1,2.272546e-1,2.232450e-1,2.303708e-1,2.209236e-1,2.187139e-1,2.209392e-1,1.302369e-1,1.225592e-1,1.230032e-1,1.220134e-1,1.213955e-1,1.179077e-1,1.191074e-1,1.164211e-1]},{"variance_ratio":0.850,"d_res":4,"d_eff":50,"mean_mse":1.686838e-1,"min_mse":1.041622e-1,"max_mse":2.048572e-1,"inflation_over_baseline":2.281375,