{"n_vecs":24576,"dim":128,"n_blocks":48,"block_size":512,"baseline_mse":7.581397e-2,"cells":[{"variance_ratio":0.950,"d_res":0,"d_eff":63,"mean_mse":7.581397e-2,"min_mse":4.892917e-2,"max_mse":9.001025e-2,"inflation_over_baseline":1.000000,"per_block_mses":[8.185753e-2,8.971930e-2,9.001025e-2,8.758903e-2,8.760959e-2,8.511311e-2,8.731477e-2,8.397019e-2,7.424058e-2,8.107065e-2,8.281378e-2,8.250807e-2,8.182635e-2,7.925508e-2,7.998095e-2,8.035169e-2,7.919185e-2,8.573633e-2,8.683762e-2,8.717210e-2,8.704622e-2,8.459398e-2,8.686927e-2,8.466152e-2,7.180914e-2,7.944227e-2,8.004855e-2,7.839157e-2,7.694492e-2,7.534267e-2,7.668197e-2,7.491596e-2,6.644204e-2,7.352480e-2,7.499176e-2,7.370154e-2,7.357880e-2,7.365463e-2,7.359380e-2,7.225556e-2,4.892917e-2,5.403841e-2,5.445596e-2,5.505638e-2,5.441574e-2,5.425513e-2,5.308340e-2,5.217667e-2]},{"variance_ratio":0.950,"d_res":2,"d_eff":63,"mean_mse":6.490467e-2,"min_mse":4.232233e-2,"max_mse":7.776229e-2,"inflation_over_baseline":0.856104,"per_block_mses":[7.027573e-2,7.721803e-2,7.776229e-2,7.526695e-2,7.520896e-2,7.294038e-2,7.496012e-2,7.215467e-2,6.366107e-2,6.954539e-2,7.109234e-2,7.083693e-2,7.033741e-2,6.799599e-2,6.846304e-2,6.891465e-2,6.727769e-2,7.282227e-2,7.396817e-2,7.422442e-2,7.409295e-2,7.188451e-2,7.380439e-2,7.202874e-2,6.115085e-2,6.776646e-2,6.832195e-2,6.689227e-2,6.579441e-2,6.434266e-2,6.521479e-2,6.396589e-2,5.720155e-2,6.262502e-2,6.424988e-2,6.293443e-2,6.282495e-2,6.286606e-2,6.293228e-2,6.165517e-2,4.232233e-2,4.662125e-2,4.694277e-2,4.750508e-2,4.693728e-2,4.698169e-2,4.572924e-2,4.490881e-2]},{"variance_ratio":0.950,"d_res":4,"d_eff":63,"mean_mse":5.767569e-2,"min_mse":3.793295e-2,"max_mse":6.952990e-2,"inflation_over_baseline":0.760753,"per_block_mses":[6.248188e-2,6.900877e-2,6.952990e-2,6.700370e-2,6.700340e-2,6.491062e-2,6.671786e-2,6.427847e-2,5.661719e-2,6.190021e-2,6.327375e-2,6.306308e-2,6.264391e-2,6.044459e-2,6.066093e-2,6.123185e-2,5.966901e-2,6.449063e-2,6.545743e-2,6.599163e-2,6.581874e-2,6.373272e-2,6.544363e-2,6.390429e-2,5.402470e-2,5.994766e-2,6.051974e-2,5.926668e-2,5.832463e-2,5.704745e-2,5.770772e-2,5.668938e-2,5.085212e-2,5.537313e-2,5.697404e-2,5.558655e-2,5.563227e-2,5.566918e-2,5.581350e-2,5.466814e-2,3.793295e-2,4.173819e-2,4.191837e-2,4.243597e-2,4.200395e-2,4.203739e-2,4.084020e-2,4.015115e-2]},{"variance_ratio":0.950,"d_res":8,"d_eff":63,"mean_mse":4.712023e-2,"min_mse":3.139623e-2,"max_mse":5.738096e-2,"inflation_over_baseline":0.621524,"per_block_mses":[5.120702e-2,5.687145e-2,5.738096e-2,5.486047e-2,5.490552e-2,5.314915e-2,5.465680e-2,5.281520e-2,4.623888e-2,5.066491e-2,5.182644e-2,5.165404e-2,5.127302e-2,4.929790e-2,4.929102e-2,5.008621e-2,4.866732e-2,5.231664e-2,5.325949e-2,5.397659e-2,5.375305e-2,5.190500e-2,5.337670e-2,5.213170e-2,4.370187e-2,4.872173e-2,4.914933e-2,4.818498e-2,4.751623e-2,4.640480e-2,4.694554e-2,4.620776e-2,4.142562e-2,4.495163e-2,4.630808e-2,4.494909e-2,4.521006e-2,4.517861e-2,4.543928e-2,4.445515e-2,3.139623e-2,3.449159e-2,3.452736e-2,3.492931e-2,3.475464e-2,3.464160e-2,3.362926e-2,3.308601e-2]},{"variance_ratio":0.900,"d_res":0,"d_eff":43,"mean_mse":1.520484e-1,"min_mse":9.841045e-2,"max_mse":1.828532e-1,"inflation_over_baseline":2.005546,"per_block_mses":[1.688511e-1,1.828532e-1,1.774701e-1,1.778912e-1,1.712089e-1,1.702925e-1,1.746868e-1,1.656558e-1,1.465538e-1,1.648907e-1,1.642955e-1,1.639543e-1,1.616463e-1,1.610116e-1,1.628358e-1,1.622571e-1,1.560459e-1,1.730382e-1,1.762511e-1,1.693955e-1,1.698965e-1,1.684468e-1,1.731467e-1,1.705265e-1,1.469121e-1,1.565924e-1,1.577913e-1,1.539649e-1,1.570512e-1,1.536600e-1,1.563721e-1,1.505202e-1,1.351605e-1,1.497392e-1,1.482932e-1,1.506356e-1,1.499135e-1,1.446964e-1,1.475474e-1,1.458675e-1,9.841045e-2,1.078777e-1,1.103484e-1,1.115786e-1,1.109878e-1,1.080321e-1,1.055677e-1,1.077007e-1]},{"variance_ratio":0.900,"d_res":2,"d_eff":43,"mean_mse":1.312807e-1,"min_mse":8.533012e-2,"max_mse":1.583571e-1,"inflation_over_baseline":1.731616,"per_block_mses":[1.456580e-1,1.583571e-1,1.536955e-1,1.537761e-1,1.481085e-1,1.473125e-1,1.513598e-1,1.438566e-1,1.252605e-1,1.418991e-1,1.412686e-1,1.408220e-1,1.388572e-1,1.378140e-1,1.401527e-1,1.398634e-1,1.338765e-1,1.490223e-1,1.513129e-1,1.455191e-1,1.462782e-1,1.451784e-1,1.488326e-1,1.470003e-1,1.269654e-1,1.361289e-1,1.370378e-1,1.339259e-1,1.365255e-1,1.338543e-1,1.356488e-1,1.306174e-1,1.157426e-1,1.290084e-1,1.282101e-1,1.302516e-1,1.296514e-1,1.251887e-1,1.272757e-1,1.262155e-1,8.533012e-2,9.363418e-2,9.548894e-2,9.613058e-2,9.607759e-2,9.353207e-2,9.117505e-2,9.277510e-2]},{"variance_ratio":0.900,"d_res":4,"d_eff":43,"mean_mse":1.174705e-1,"min_mse":7.667591e-2,"max_mse":1.418184e-1,"inflation_over_baseline":1.549457,"per_block_mses":[1.302377e-1,1.418184e-1,1.379706e-1,1.377150e-1,1.327693e-1,1.320372e-1,1.355154e-1,1.292871e-1,1.115003e-1,1.268043e-1,1.260365e-1,1.255532e-1,1.237860e-1,1.228913e-1,1.252916e-1,1.252186e-1,1.193224e-1,1.332695e-1,1.351085e-1,1.298440e-1,1.306548e-1,1.296462e-1,1.328543e-1,1.313489e-1,1.137334e-1,1.221002e-1,1.227597e-1,1.202871e-1,1.226850e-1,1.202251e-1,1.217258e-1,1.168958e-1,1.033879e-1,1.152670e-1,1.147567e-1,1.164995e-1,1.159750e-1,1.120044e-1,1.137188e-1,1.130272e-1,7.667591e-2,8.410098e-2,8.548450e-2,8.608443e-2,8.619226e-2,8.385667e-2,8.167163e-2,8.298736e-2]},{"variance_ratio":0.900,"d_res":8,"d_eff":43,"mean_mse":9.713951e-2,"min_mse":6.377555e-2,"max_mse":1.176133e-1,"inflation_over_baseline":1.281288,"per_block_mses":[1.077465e-1,1.176133e-1,1.144323e-1,1.140004e-1,1.102710e-1,1.095363e-1,1.121106e-1,1.075078e-1,9.154064e-2,1.047596e-1,1.038514e-1,1.032675e-1,1.019442e-1,1.012189e-1,1.034945e-1,1.036554e-1,9.819072e-2,1.103514e-1,1.116228e-1,1.069653e-1,1.079494e-1,1.068161e-1,1.095375e-1,1.085276e-1,9.406510e-2,1.012910e-1,1.015726e-1,9.981737e-2,1.018287e-1,9.964899e-2,1.009513e-1,9.666433e-2,8.537266e-2,9.513088e-2,9.491364e-2,9.618148e-2,9.574866e-2,9.243616e-2,9.378092e-2,9.350697e-2,6.377555e-2,6.988231e-2,7.067320e-2,7.125349e-2,7.155198e-2,6.951541e-2,6.762803e-2,6.859481e-2]},{"variance_ratio":0.850,"d_res":0,"d_eff":32,"mean_mse":2.275472e-1,"min_mse":1.468520e-1,"max_mse":2.716122e-1,"inflation_over_baseline":3.001389,"per_block_mses":[2.524615e-1,2.716122e-1,2.623905e-1,2.636631e-1,2.633944e-1,2.492786e-1,2.565582e-1,2.487272e-1,2.244653e-1,2.493138e-1,2.478663e-1,2.490742e-1,2.469641e-1,2.341017e-1,2.468368e-1,2.428028e-1,2.343848e-1,2.592407e-1,2.647920e-1,2.566217e-1,2.563435e-1,2.537950e-1,2.585438e-1,2.514332e-1,2.148097e-1,2.380369e-1,2.347251e-1,2.343513e-1,2.300458e-1,2.305254e-1,2.347865e-1,2.305158e-1,1.969146e-1,2.242567e-1,2.230442e-1,2.254953e-1,2.244903e-1,2.146172e-1,2.173256e-1,2.141018e-1,1.468520e-1,1.614220e-1,1.686855e-1,1.660390e-1,1.647756e-1,1.604501e-1,1.613269e-1,1.600086e-1]},{"variance_ratio":0.850,"d_res":2,"d_eff":32,"mean_mse":1.964296e-1,"min_mse":1.274543e-1,"max_mse":2.330167e-1,"inflation_over_baseline":2.590942,"per_block_mses":[2.160076e-1,2.330167e-1,2.260798e-1,2.267859e-1,2.264979e-1,2.148858e-1,2.217329e-1,2.145271e-1,1.926948e-1,2.147305e-1,2.129845e-1,2.152003e-1,2.122407e-1,2.018477e-1,2.129787e-1,2.090554e-1,2.011610e-1,2.219764e-1,2.262154e-1,2.201910e-1,2.196628e-1,2.180765e-1,2.216076e-1,2.168048e-1,1.861036e-1,2.066546e-1,2.040737e-1,2.039692e-1,2.003716e-1,2.005748e-1,2.038345e-1,2.011375e-1,1.694407e-1,1.932277e-1,1.933135e-1,1.949979e-1,1.939108e-1,1.854027e-1,1.875884e-1,1.847098e-1,1.274543e-1,1.402873e-1,1.469757e-1,1.445787e-1,1.435605e-1,1.397348e-1,1.406941e-1,1.390613e-1]},{"variance_ratio":0.850,"d_res":4,"d_eff":32,"mean_mse":1.758478e-1,"min_mse":1.145817e-1,"max_mse":2.077510e-1,"inflation_over_baseline":2.319465,