{"n_vecs":24576,"dim":128,"n_blocks":48,"block_size":512,"baseline_mse":7.920572e-2,"cells":[{"variance_ratio":0.950,"d_res":0,"d_eff":78,"mean_mse":7.920572e-2,"min_mse":6.255690e-2,"max_mse":1.050561e-1,"inflation_over_baseline":1.000000,"per_block_mses":[6.255690e-2,6.512021e-2,6.579906e-2,6.577455e-2,6.583984e-2,6.512640e-2,6.422956e-2,6.593860e-2,6.759775e-2,7.449678e-2,7.784103e-2,7.588161e-2,7.588055e-2,7.791873e-2,7.730822e-2,7.597540e-2,7.025884e-2,7.707252e-2,7.856202e-2,7.838298e-2,7.953531e-2,7.659633e-2,7.932905e-2,7.774572e-2,6.329931e-2,7.043090e-2,7.247447e-2,7.144324e-2,7.249351e-2,7.122048e-2,7.217039e-2,7.265877e-2,7.690117e-2,8.555073e-2,8.785728e-2,8.734904e-2,8.640096e-2,8.622962e-2,8.656712e-2,8.793631e-2,9.258159e-2,1.030180e-1,1.050561e-1,1.022945e-1,1.018104e-1,1.022721e-1,1.026311e-1,1.004597e-1]},{"variance_ratio":0.950,"d_res":2,"d_eff":78,"mean_mse":6.745667e-2,"min_mse":5.372234e-2,"max_mse":9.070970e-2,"inflation_over_baseline":0.851664,"per_block_mses":[5.372234e-2,5.583882e-2,5.619108e-2,5.636964e-2,5.600486e-2,5.565753e-2,5.477324e-2,5.646579e-2,5.702277e-2,6.268276e-2,6.615250e-2,6.407007e-2,6.400578e-2,6.594894e-2,6.556618e-2,6.425408e-2,5.940175e-2,6.535792e-2,6.701825e-2,6.691927e-2,6.779370e-2,6.552803e-2,6.758699e-2,6.623985e-2,5.399101e-2,5.974385e-2,6.155291e-2,6.039137e-2,6.164875e-2,6.048527e-2,6.128053e-2,6.177096e-2,6.584495e-2,7.280895e-2,7.435175e-2,7.360681e-2,7.301511e-2,7.271772e-2,7.338966e-2,7.467253e-2,7.937080e-2,8.872669e-2,9.070970e-2,8.783337e-2,8.724846e-2,8.784679e-2,8.801948e-2,8.632058e-2]},{"variance_ratio":0.950,"d_res":4,"d_eff":78,"mean_mse":5.983086e-2,"min_mse":4.772581e-2,"max_mse":8.084467e-2,"inflation_over_baseline":0.755386,"per_block_mses":[4.784103e-2,4.972680e-2,4.994885e-2,5.010063e-2,4.974557e-2,4.947383e-2,4.866381e-2,5.019974e-2,5.050731e-2,5.544605e-2,5.872458e-2,5.676273e-2,5.662820e-2,5.854721e-2,5.821735e-2,5.693438e-2,5.254737e-2,5.795883e-2,5.961342e-2,5.952091e-2,6.015409e-2,5.840866e-2,6.001015e-2,5.889883e-2,4.772581e-2,5.258985e-2,5.431511e-2,5.306958e-2,5.439397e-2,5.322131e-2,5.400655e-2,5.449234e-2,5.858258e-2,6.460873e-2,6.585500e-2,6.516639e-2,6.467309e-2,6.432822e-2,6.506529e-2,6.617120e-2,7.047946e-2,7.895653e-2,8.084467e-2,7.808564e-2,7.749751e-2,7.814790e-2,7.826775e-2,7.675668e-2]},{"variance_ratio":0.950,"d_res":8,"d_eff":78,"mean_mse":4.874671e-2,"min_mse":3.848298e-2,"max_mse":6.624310e-2,"inflation_over_baseline":0.615444,"per_block_mses":[3.919531e-2,4.067939e-2,4.072773e-2,4.084866e-2,4.059272e-2,4.043103e-2,3.978329e-2,4.102565e-2,4.127994e-2,4.524772e-2,4.795395e-2,4.643127e-2,4.613959e-2,4.786336e-2,4.766409e-2,4.648923e-2,4.278113e-2,4.729408e-2,4.882093e-2,4.881623e-2,4.912281e-2,4.795891e-2,4.904078e-2,4.827917e-2,3.848298e-2,4.208691e-2,4.372324e-2,4.241220e-2,4.373188e-2,4.263012e-2,4.338564e-2,4.380304e-2,4.809138e-2,5.277088e-2,5.370993e-2,5.298319e-2,5.256699e-2,5.239526e-2,5.305855e-2,5.396995e-2,5.744805e-2,6.464296e-2,6.624310e-2,6.371777e-2,6.313208e-2,6.377779e-2,6.399122e-2,6.262005e-2]},{"variance_ratio":0.900,"d_res":0,"d_eff":58,"mean_mse":1.586272e-1,"min_mse":1.249777e-1,"max_mse":2.072457e-1,"inflation_over_baseline":2.002724,"per_block_mses":[1.249777e-1,1.336769e-1,1.303259e-1,1.307894e-1,1.314779e-1,1.307113e-1,1.292890e-1,1.317609e-1,1.371123e-1,1.506217e-1,1.556768e-1,1.529965e-1,1.532581e-1,1.561777e-1,1.552738e-1,1.542713e-1,1.404879e-1,1.543769e-1,1.565968e-1,1.565446e-1,1.578866e-1,1.538646e-1,1.593614e-1,1.573791e-1,1.283460e-1,1.416784e-1,1.439244e-1,1.410293e-1,1.431653e-1,1.422516e-1,1.448038e-1,1.412678e-1,1.566719e-1,1.718651e-1,1.772736e-1,1.769604e-1,1.748725e-1,1.750549e-1,1.745736e-1,1.731674e-1,1.857139e-1,2.026616e-1,2.054669e-1,2.072457e-1,2.035975e-1,2.038472e-1,2.040659e-1,1.997071e-1]},{"variance_ratio":0.900,"d_res":2,"d_eff":58,"mean_mse":1.362969e-1,"min_mse":1.075518e-1,"max_mse":1.789241e-1,"inflation_over_baseline":1.720796,"per_block_mses":[1.075518e-1,1.148115e-1,1.115822e-1,1.122508e-1,1.129490e-1,1.125859e-1,1.105488e-1,1.124431e-1,1.181694e-1,1.293461e-1,1.339498e-1,1.315311e-1,1.319146e-1,1.339293e-1,1.333172e-1,1.324550e-1,1.212557e-1,1.331848e-1,1.346321e-1,1.343923e-1,1.359921e-1,1.323615e-1,1.371212e-1,1.352550e-1,1.101317e-1,1.209961e-1,1.220173e-1,1.198345e-1,1.217207e-1,1.212248e-1,1.236588e-1,1.201701e-1,1.342356e-1,1.479660e-1,1.525318e-1,1.519568e-1,1.503801e-1,1.506312e-1,1.504682e-1,1.490842e-1,1.598331e-1,1.749059e-1,1.779390e-1,1.789241e-1,1.755317e-1,1.760272e-1,1.760580e-1,1.724928e-1]},{"variance_ratio":0.900,"d_res":4,"d_eff":58,"mean_mse":1.215684e-1,"min_mse":9.612492e-2,"max_mse":1.602706e-1,"inflation_over_baseline":1.534844,"per_block_mses":[9.612492e-2,1.024677e-1,9.947750e-2,1.002213e-1,1.008151e-1,1.006239e-1,9.867177e-2,1.002002e-1,1.055555e-1,1.154675e-1,1.196928e-1,1.172216e-1,1.174878e-1,1.193549e-1,1.187207e-1,1.179970e-1,1.084188e-1,1.190349e-1,1.201615e-1,1.197328e-1,1.213118e-1,1.180521e-1,1.224355e-1,1.207739e-1,9.781127e-2,1.074783e-1,1.080402e-1,1.062427e-1,1.077638e-1,1.074086e-1,1.097596e-1,1.065199e-1,1.197236e-1,1.318855e-1,1.361668e-1,1.354461e-1,1.342502e-1,1.341342e-1,1.342600e-1,1.329049e-1,1.427053e-1,1.566265e-1,1.593582e-1,1.602706e-1,1.568924e-1,1.576917e-1,1.575555e-1,1.543667e-1]},{"variance_ratio":0.900,"d_res":8,"d_eff":58,"mean_mse":9.991479e-2,"min_mse":7.931156e-2,"max_mse":1.326446e-1,"inflation_over_baseline":1.261459,"per_block_mses":[7.931156e-2,8.422014e-2,8.169272e-2,8.251231e-2,8.303320e-2,8.291995e-2,8.126138e-2,8.229284e-2,8.706903e-2,9.513589e-2,9.848795e-2,9.626717e-2,9.631421e-2,9.780763e-2,9.745153e-2,9.670896e-2,8.959220e-2,9.825273e-2,9.893605e-2,9.842087e-2,9.984106e-2,9.711856e-2,1.009151e-1,9.956463e-2,7.975087e-2,8.747305e-2,8.771591e-2,8.620522e-2,8.755334e-2,8.716818e-2,8.935254e-2,8.677352e-2,9.847320e-2,1.082422e-1,1.120202e-1,1.111643e-1,1.103246e-1,1.099184e-1,1.102137e-1,1.091911e-1,1.175184e-1,1.295504e-1,1.318892e-1,1.326446e-1,1.295771e-1,1.303283e-1,1.302059e-1,1.275281e-1]},{"variance_ratio":0.850,"d_res":0,"d_eff":45,"mean_mse":2.379793e-1,"min_mse":1.914693e-1,"max_mse":3.106455e-1,"inflation_over_baseline":3.004572,"per_block_mses":[1.914693e-1,1.979678e-1,1.951906e-1,1.952424e-1,1.958815e-1,1.946723e-1,1.945585e-1,1.967861e-1,2.075044e-1,2.298360e-1,2.309661e-1,2.334056e-1,2.335706e-1,2.326211e-1,2.315109e-1,2.308722e-1,2.074672e-1,2.328923e-1,2.372084e-1,2.311689e-1,2.332332e-1,2.336679e-1,2.357432e-1,2.396934e-1,1.966292e-1,2.111640e-1,2.133513e-1,2.156760e-1,2.129592e-1,2.114339e-1,2.146856e-1,2.175736e-1,2.361146e-1,2.603984e-1,2.689516e-1,2.607427e-1,2.600916e-1,2.579673e-1,2.643630e-1,2.616425e-1,2.842320e-1,3.106455e-1,3.029896e-1,3.072333e-1,3.026766e-1,3.028376e-1,3.010702e-1,3.044478e-1]},{"variance_ratio":0.850,"d_res":2,"d_eff":45,"mean_mse":2.051878e-1,"min_mse":1.652485e-1,"max_mse":2.670769e-1,"inflation_over_baseline":2.590568,"per_block_mses":[1.652485e-1,1.710314e-1,1.688011e-1,1.682081e-1,1.690595e-1,1.674792e-1,1.674149e-1,1.694423e-1,1.796485e-1,1.985813e-1,2.000598e-1,2.021594e-1,2.021378e-1,2.015871e-1,1.997720e-1,1.994955e-1,1.801913e-1,2.019194e-1,2.055156e-1,1.991170e-1,2.012708e-1,2.017621e-1,2.031885e-1,2.069788e-1,1.693758e-1,1.802906e-1,1.823181e-1,1.849151e-1,1.819915e-1,1.808286e-1,1.832241e-1,1.864433e-1,2.034250e-1,2.250359e-1,2.329200e-1,2.250859e-1,2.248757e-1,2.224428e-1,2.274497e-1,2.261108e-1,2.431945e-1,2.670769e-1,2.609437e-1,2.647583e-1,2.616413e-1,2.619022e-1,2.597438e-1,2.629523e-1]},{"variance_ratio":0.850,"d_res":4,"d_eff":45,"mean_mse":1.834671e-1,"min_mse":1.480372e-1,"max_mse":2.387493e-1,"inflation_over_baseline":2.316337,