{"n_vecs":24576,"dim":128,"n_blocks":48,"block_size":512,"baseline_mse":8.474757e-2,"cells":[{"variance_ratio":0.950,"d_res":0,"d_eff":63,"mean_mse":8.474757e-2,"min_mse":4.221191e-2,"max_mse":1.207765e-1,"inflation_over_baseline":1.000000,"per_block_mses":[4.221191e-2,4.608712e-2,4.640759e-2,4.675855e-2,4.599603e-2,4.585869e-2,4.620998e-2,4.588881e-2,6.880516e-2,7.704838e-2,7.771875e-2,7.806133e-2,7.796879e-2,7.916660e-2,7.760017e-2,7.788032e-2,9.150043e-2,1.053134e-1,1.082354e-1,1.090004e-1,1.113059e-1,1.114870e-1,1.092727e-1,1.074874e-1,5.834540e-2,6.416774e-2,6.754214e-2,6.985904e-2,6.869372e-2,6.890781e-2,6.695127e-2,6.841808e-2,8.410915e-2,9.603475e-2,9.586172e-2,9.718872e-2,9.968802e-2,9.694794e-2,9.936599e-2,9.877920e-2,1.068536e-1,1.171430e-1,1.182275e-1,1.182137e-1,1.207765e-1,1.167400e-1,1.184254e-1,1.173722e-1]},{"variance_ratio":0.950,"d_res":2,"d_eff":63,"mean_mse":7.248582e-2,"min_mse":3.662859e-2,"max_mse":1.035018e-1,"inflation_over_baseline":0.855314,"per_block_mses":[3.662859e-2,3.954706e-2,3.987065e-2,4.007012e-2,3.929601e-2,3.921416e-2,3.982580e-2,3.934673e-2,5.883184e-2,6.603713e-2,6.699354e-2,6.705011e-2,6.710132e-2,6.810304e-2,6.655803e-2,6.669386e-2,7.779162e-2,8.959529e-2,9.197531e-2,9.255679e-2,9.445630e-2,9.455835e-2,9.243953e-2,9.137851e-2,5.023041e-2,5.526309e-2,5.814043e-2,6.011440e-2,5.915667e-2,5.940247e-2,5.767335e-2,5.910972e-2,7.161892e-2,8.162941e-2,8.130210e-2,8.270160e-2,8.501385e-2,8.284240e-2,8.479325e-2,8.428702e-2,9.154029e-2,1.005614e-1,1.016000e-1,1.013581e-1,1.035018e-1,1.000039e-1,1.013293e-1,1.002259e-1]},{"variance_ratio":0.950,"d_res":4,"d_eff":63,"mean_mse":6.435506e-2,"min_mse":3.280536e-2,"max_mse":9.193892e-2,"inflation_over_baseline":0.759374,"per_block_mses":[3.280536e-2,3.520213e-2,3.549964e-2,3.570543e-2,3.499183e-2,3.486910e-2,3.550092e-2,3.509338e-2,5.218799e-2,5.872094e-2,5.971418e-2,5.971728e-2,5.972683e-2,6.083631e-2,5.920439e-2,5.932998e-2,6.887357e-2,7.928577e-2,8.128208e-2,8.166626e-2,8.340694e-2,8.363435e-2,8.152590e-2,8.087129e-2,4.479304e-2,4.925909e-2,5.188316e-2,5.365159e-2,5.274001e-2,5.302411e-2,5.141488e-2,5.274056e-2,6.340005e-2,7.221295e-2,7.181723e-2,7.317023e-2,7.527662e-2,7.346741e-2,7.512850e-2,7.471588e-2,8.144328e-2,8.934398e-2,9.022965e-2,9.006456e-2,9.193892e-2,8.880480e-2,9.002353e-2,8.884716e-2]},{"variance_ratio":0.950,"d_res":8,"d_eff":63,"mean_mse":5.245492e-2,"min_mse":2.713493e-2,"max_mse":7.505977e-2,"inflation_over_baseline":0.618955,"per_block_mses":[2.713493e-2,2.885899e-2,2.906864e-2,2.926565e-2,2.863500e-2,2.856994e-2,2.918008e-2,2.884482e-2,4.250857e-2,4.803231e-2,4.898577e-2,4.891940e-2,4.884975e-2,5.004166e-2,4.841013e-2,4.861727e-2,5.600729e-2,6.433909e-2,6.570672e-2,6.601191e-2,6.734476e-2,6.774317e-2,6.575602e-2,6.559906e-2,3.679318e-2,4.046422e-2,4.264069e-2,4.404445e-2,4.334389e-2,4.355960e-2,4.218352e-2,4.327284e-2,5.147815e-2,5.853772e-2,5.813953e-2,5.945598e-2,6.110474e-2,5.969268e-2,6.090573e-2,6.075932e-2,6.656154e-2,7.288569e-2,7.355984e-2,7.341065e-2,7.505977e-2,7.219325e-2,7.321206e-2,7.214606e-2]},{"variance_ratio":0.900,"d_res":0,"d_eff":44,"mean_mse":1.702855e-1,"min_mse":8.534290e-2,"max_mse":2.405567e-1,"inflation_over_baseline":2.009326,"per_block_mses":[8.534290e-2,9.268119e-2,9.366037e-2,9.382952e-2,9.211259e-2,9.237424e-2,9.271940e-2,9.252804e-2,1.370709e-1,1.561164e-1,1.584076e-1,1.586918e-1,1.584648e-1,1.549380e-1,1.569271e-1,1.574117e-1,1.831853e-1,2.096830e-1,2.220073e-1,2.182514e-1,2.228671e-1,2.229979e-1,2.206144e-1,2.157377e-1,1.194989e-1,1.290025e-1,1.358837e-1,1.357807e-1,1.387106e-1,1.384170e-1,1.351575e-1,1.377273e-1,1.667841e-1,1.908166e-1,1.937314e-1,1.970612e-1,1.963074e-1,1.976832e-1,2.009928e-1,1.913035e-1,2.176343e-1,2.405567e-1,2.358596e-1,2.384406e-1,2.361869e-1,2.361453e-1,2.394586e-1,2.359430e-1]},{"variance_ratio":0.900,"d_res":2,"d_eff":44,"mean_mse":1.464277e-1,"min_mse":7.401561e-2,"max_mse":2.063982e-1,"inflation_over_baseline":1.727810,"per_block_mses":[7.401561e-2,8.010387e-2,8.073688e-2,8.100253e-2,7.926011e-2,7.954218e-2,7.988958e-2,7.961966e-2,1.176011e-1,1.342045e-1,1.355998e-1,1.362874e-1,1.353619e-1,1.324979e-1,1.339033e-1,1.342796e-1,1.574396e-1,1.808952e-1,1.909010e-1,1.879245e-1,1.915405e-1,1.916867e-1,1.897236e-1,1.851394e-1,1.035013e-1,1.116054e-1,1.176219e-1,1.171830e-1,1.195570e-1,1.192993e-1,1.165444e-1,1.190209e-1,1.421678e-1,1.637453e-1,1.659985e-1,1.694583e-1,1.695423e-1,1.706851e-1,1.729914e-1,1.648608e-1,1.862687e-1,2.056923e-1,2.038136e-1,2.047633e-1,2.024570e-1,2.030721e-1,2.063982e-1,2.031271e-1]},{"variance_ratio":0.900,"d_res":4,"d_eff":44,"mean_mse":1.307776e-1,"min_mse":6.646748e-2,"max_mse":1.849583e-1,"inflation_over_baseline":1.543143,"per_block_mses":[6.646748e-2,7.172656e-2,7.218009e-2,7.240907e-2,7.083160e-2,7.107337e-2,7.149974e-2,7.112299e-2,1.049184e-1,1.199557e-1,1.210787e-1,1.218865e-1,1.205355e-1,1.179501e-1,1.191615e-1,1.195827e-1,1.402439e-1,1.613520e-1,1.700388e-1,1.670857e-1,1.704106e-1,1.709517e-1,1.690395e-1,1.647442e-1,9.267612e-2,9.988653e-2,1.052500e-1,1.048149e-1,1.069387e-1,1.065507e-1,1.041360e-1,1.066843e-1,1.266574e-1,1.463874e-1,1.478702e-1,1.513864e-1,1.518703e-1,1.529916e-1,1.545591e-1,1.476082e-1,1.661373e-1,1.834673e-1,1.825468e-1,1.830375e-1,1.809419e-1,1.818409e-1,1.849583e-1,1.818810e-1]},{"variance_ratio":0.900,"d_res":8,"d_eff":44,"mean_mse":1.078257e-1,"min_mse":5.526204e-2,"max_mse":1.535803e-1,"inflation_over_baseline":1.272316,"per_block_mses":[5.526204e-2,5.923413e-2,5.962230e-2,5.968201e-2,5.852684e-2,5.859798e-2,5.910700e-2,5.862638e-2,8.649396e-2,9.917093e-2,9.995961e-2,1.006699e-1,9.918610e-2,9.698617e-2,9.778440e-2,9.850354e-2,1.150014e-1,1.322913e-1,1.392614e-1,1.365483e-1,1.389522e-1,1.400757e-1,1.384513e-1,1.351381e-1,7.662885e-2,8.256687e-2,8.697766e-2,8.668993e-2,8.862108e-2,8.798186e-2,8.606038e-2,8.834348e-2,1.043070e-1,1.207570e-1,1.215138e-1,1.249377e-1,1.259601e-1,1.270616e-1,1.274944e-1,1.220271e-1,1.368038e-1,1.512532e-1,1.509013e-1,1.514790e-1,1.494104e-1,1.504929e-1,1.535803e-1,1.506491e-1]},{"variance_ratio":0.850,"d_res":0,"d_eff":33,"mean_mse":2.542534e-1,"min_mse":1.286586e-1,"max_mse":3.612041e-1,"inflation_over_baseline":3.000127,"per_block_mses":[1.286586e-1,1.365122e-1,1.413840e-1,1.415569e-1,1.396182e-1,1.393210e-1,1.393687e-1,1.402436e-1,2.025090e-1,2.373852e-1,2.405728e-1,2.325484e-1,2.331488e-1,2.355029e-1,2.379333e-1,2.331851e-1,2.761640e-1,3.228204e-1,3.306798e-1,3.340033e-1,3.316094e-1,3.298818e-1,3.275465e-1,3.291014e-1,1.794219e-1,1.971881e-1,2.031227e-1,2.036446e-1,2.019814e-1,2.019182e-1,2.050657e-1,2.011918e-1,2.533342e-1,2.945738e-1,2.824909e-1,2.895212e-1,2.890756e-1,2.885523e-1,2.913411e-1,2.952117e-1,3.206541e-1,3.510891e-1,3.588372e-1,3.501514e-1,3.612041e-1,3.468858e-1,3.517871e-1,3.446664e-1]},{"variance_ratio":0.850,"d_res":2,"d_eff":33,"mean_mse":2.191233e-1,"min_mse":1.122538e-1,"max_mse":3.101456e-1,"inflation_over_baseline":2.585600,"per_block_mses":[1.122538e-1,1.180332e-1,1.224029e-1,1.228701e-1,1.204831e-1,1.204708e-1,1.205673e-1,1.213000e-1,1.735032e-1,2.035706e-1,2.064458e-1,1.992416e-1,1.987733e-1,2.011095e-1,2.032785e-1,1.994294e-1,2.399482e-1,2.805619e-1,2.877265e-1,2.897874e-1,2.883131e-1,2.863865e-1,2.842678e-1,2.858351e-1,1.563931e-1,1.713881e-1,1.764823e-1,1.764934e-1,1.750367e-1,1.749061e-1,1.779819e-1,1.751153e-1,2.166309e-1,2.521503e-1,2.419568e-1,2.480183e-1,2.480244e-1,2.465940e-1,2.496986e-1,2.525542e-1,2.776017e-1,3.016814e-1,3.075168e-1,3.001100e-1,3.101456e-1,2.967965e-1,3.019110e-1,2.961702e-1]},{"variance_ratio":0.850,"d_res":4,"d_eff":33,"mean_mse":1.960220e-1,"min_mse":1.011609e-1,"max_mse":2.771776e-1,"inflation_over_baseline":2.313010,