{"n_vecs":24576,"dim":128,"n_blocks":48,"block_size":512,"baseline_mse":7.855379e-2,"cells":[{"variance_ratio":0.950,"d_res":0,"d_eff":69,"mean_mse":7.855379e-2,"min_mse":6.151784e-2,"max_mse":9.720905e-2,"inflation_over_baseline":1.000000,"per_block_mses":[7.855829e-2,7.799249e-2,7.775767e-2,7.879995e-2,7.791830e-2,7.662790e-2,7.672927e-2,7.696248e-2,6.507642e-2,6.423819e-2,6.429954e-2,6.247497e-2,6.409303e-2,6.364525e-2,6.156157e-2,6.151784e-2,9.320950e-2,9.434228e-2,9.462125e-2,9.396393e-2,9.720905e-2,9.672403e-2,9.604256e-2,9.688522e-2,6.892513e-2,6.680396e-2,6.687919e-2,6.572699e-2,6.733601e-2,6.678236e-2,6.689830e-2,6.659498e-2,8.413341e-2,8.187853e-2,8.017781e-2,8.165966e-2,8.088525e-2,8.015059e-2,8.297511e-2,8.310091e-2,8.639000e-2,8.619138e-2,8.654998e-2,8.643825e-2,8.583847e-2,8.454966e-2,8.826574e-2,8.419913e-2]},{"variance_ratio":0.950,"d_res":2,"d_eff":69,"mean_mse":6.701958e-2,"min_mse":5.185696e-2,"max_mse":8.297850e-2,"inflation_over_baseline":0.853168,"per_block_mses":[6.771036e-2,6.720547e-2,6.694102e-2,6.766912e-2,6.690216e-2,6.591296e-2,6.588669e-2,6.609821e-2,5.537570e-2,5.433635e-2,5.416105e-2,5.272207e-2,5.418936e-2,5.369980e-2,5.192853e-2,5.185696e-2,7.904857e-2,8.026341e-2,8.069572e-2,8.013147e-2,8.297850e-2,8.247128e-2,8.195102e-2,8.262679e-2,5.899070e-2,5.705548e-2,5.731757e-2,5.607246e-2,5.749801e-2,5.718309e-2,5.710809e-2,5.698935e-2,7.195064e-2,6.933383e-2,6.786424e-2,6.904489e-2,6.837791e-2,6.785720e-2,7.006594e-2,7.044685e-2,7.448002e-2,7.427015e-2,7.428182e-2,7.409896e-2,7.364272e-2,7.229979e-2,7.568931e-2,7.225805e-2]},{"variance_ratio":0.950,"d_res":4,"d_eff":69,"mean_mse":5.946317e-2,"min_mse":4.567150e-2,"max_mse":7.381494e-2,"inflation_over_baseline":0.756974,"per_block_mses":[6.051163e-2,6.006529e-2,5.976394e-2,6.043473e-2,5.964506e-2,5.888892e-2,5.871145e-2,5.893636e-2,4.904315e-2,4.792046e-2,4.768126e-2,4.646290e-2,4.776884e-2,4.733708e-2,4.578148e-2,4.567150e-2,7.005201e-2,7.119675e-2,7.151862e-2,7.117270e-2,7.381494e-2,7.322625e-2,7.277458e-2,7.335885e-2,5.237698e-2,5.062325e-2,5.093592e-2,4.968504e-2,5.092047e-2,5.072323e-2,5.056566e-2,5.055678e-2,6.387806e-2,6.119839e-2,5.994452e-2,6.088127e-2,6.034630e-2,5.987270e-2,6.180123e-2,6.218547e-2,6.629069e-2,6.619368e-2,6.608378e-2,6.601415e-2,6.558908e-2,6.420759e-2,6.733735e-2,6.428207e-2]},{"variance_ratio":0.950,"d_res":8,"d_eff":69,"mean_mse":4.843276e-2,"min_mse":3.681902e-2,"max_mse":6.051252e-2,"inflation_over_baseline":0.616555,"per_block_mses":[4.996880e-2,4.952418e-2,4.909459e-2,4.977210e-2,4.896272e-2,4.848323e-2,4.817841e-2,4.840354e-2,3.981549e-2,3.871833e-2,3.840469e-2,3.747832e-2,3.854321e-2,3.817454e-2,3.689179e-2,3.681902e-2,5.711959e-2,5.814483e-2,5.833631e-2,5.826403e-2,6.051252e-2,5.977341e-2,5.948182e-2,5.993246e-2,4.266756e-2,4.111069e-2,4.141655e-2,4.025646e-2,4.133304e-2,4.125808e-2,4.100872e-2,4.104323e-2,5.213079e-2,4.955122e-2,4.847563e-2,4.911988e-2,4.866051e-2,4.816345e-2,4.979843e-2,5.017745e-2,5.415154e-2,5.417979e-2,5.392851e-2,5.404709e-2,5.367451e-2,5.237771e-2,5.493608e-2,5.250778e-2]},{"variance_ratio":0.900,"d_res":0,"d_eff":52,"mean_mse":1.578669e-1,"min_mse":1.251254e-1,"max_mse":1.950591e-1,"inflation_over_baseline":2.009666,"per_block_mses":[1.573088e-1,1.565029e-1,1.604706e-1,1.573253e-1,1.560175e-1,1.542744e-1,1.547774e-1,1.548871e-1,1.294902e-1,1.251254e-1,1.253956e-1,1.279245e-1,1.266292e-1,1.260225e-1,1.269089e-1,1.267218e-1,1.855113e-1,1.875627e-1,1.900802e-1,1.948672e-1,1.950591e-1,1.936727e-1,1.918178e-1,1.931397e-1,1.404382e-1,1.357216e-1,1.359007e-1,1.326829e-1,1.312547e-1,1.350211e-1,1.346448e-1,1.336879e-1,1.671231e-1,1.675397e-1,1.663156e-1,1.627529e-1,1.618134e-1,1.600475e-1,1.659458e-1,1.659328e-1,1.650227e-1,1.752443e-1,1.779843e-1,1.794231e-1,1.782141e-1,1.659558e-1,1.764424e-1,1.650085e-1]},{"variance_ratio":0.900,"d_res":2,"d_eff":52,"mean_mse":1.349024e-1,"min_mse":1.070991e-1,"max_mse":1.676833e-1,"inflation_over_baseline":1.717325,"per_block_mses":[1.355572e-1,1.356701e-1,1.388152e-1,1.364088e-1,1.350083e-1,1.333676e-1,1.340263e-1,1.341659e-1,1.108605e-1,1.070991e-1,1.074842e-1,1.096912e-1,1.083552e-1,1.080480e-1,1.086812e-1,1.084362e-1,1.587259e-1,1.614699e-1,1.633823e-1,1.675714e-1,1.676833e-1,1.656564e-1,1.646242e-1,1.661368e-1,1.202296e-1,1.154877e-1,1.159899e-1,1.132321e-1,1.121615e-1,1.157277e-1,1.150172e-1,1.142921e-1,1.445167e-1,1.432992e-1,1.421382e-1,1.389627e-1,1.386810e-1,1.366648e-1,1.420955e-1,1.419606e-1,1.382041e-1,1.470477e-1,1.490547e-1,1.493364e-1,1.492269e-1,1.392448e-1,1.473003e-1,1.385180e-1]},{"variance_ratio":0.900,"d_res":4,"d_eff":52,"mean_mse":1.201413e-1,"min_mse":9.532784e-2,"max_mse":1.497513e-1,"inflation_over_baseline":1.529414,"per_block_mses":[1.212148e-1,1.217026e-1,1.245358e-1,1.225564e-1,1.213855e-1,1.196769e-1,1.203843e-1,1.204548e-1,9.884262e-2,9.532784e-2,9.564111e-2,9.765920e-2,9.645157e-2,9.622951e-2,9.680519e-2,9.656405e-2,1.416448e-1,1.442591e-1,1.459488e-1,1.495917e-1,1.497513e-1,1.476630e-1,1.468314e-1,1.481399e-1,1.070783e-1,1.026059e-1,1.031621e-1,1.005955e-1,9.958478e-2,1.028791e-1,1.017948e-1,1.014366e-1,1.296962e-1,1.279385e-1,1.268400e-1,1.239230e-1,1.236668e-1,1.217711e-1,1.266675e-1,1.266333e-1,1.221727e-1,1.300058e-1,1.314151e-1,1.312508e-1,1.313806e-1,1.228742e-1,1.299590e-1,1.221865e-1]},{"variance_ratio":0.900,"d_res":8,"d_eff":52,"mean_mse":9.867047e-2,"min_mse":7.791545e-2,"max_mse":1.234320e-1,"inflation_over_baseline":1.256088,"per_block_mses":[1.003673e-1,1.010546e-1,1.033242e-1,1.019999e-1,1.009867e-1,9.949287e-2,1.000416e-1,1.002656e-1,8.122408e-2,7.791545e-2,7.823940e-2,7.996654e-2,7.909013e-2,7.902940e-2,7.947559e-2,7.917696e-2,1.169364e-1,1.190410e-1,1.201536e-1,1.232739e-1,1.234320e-1,1.211634e-1,1.207646e-1,1.216105e-1,8.778791e-2,8.381728e-2,8.439072e-2,8.217350e-2,8.127327e-2,8.403732e-2,8.285204e-2,8.264698e-2,1.077846e-1,1.053780e-1,1.045131e-1,1.018896e-1,1.014926e-1,1.000040e-1,1.041443e-1,1.041255e-1,9.967377e-2,1.059293e-1,1.067887e-1,1.061482e-1,1.066416e-1,9.993742e-2,1.056567e-1,9.907049e-2]},{"variance_ratio":0.850,"d_res":0,"d_eff":41,"mean_mse":2.358392e-1,"min_mse":1.881960e-1,"max_mse":2.938005e-1,"inflation_over_baseline":3.002263,"per_block_mses":[2.316427e-1,2.363928e-1,2.353050e-1,2.319639e-1,2.310373e-1,2.289972e-1,2.291819e-1,2.298393e-1,1.943979e-1,1.930440e-1,1.881960e-1,1.917511e-1,1.905026e-1,1.892510e-1,1.898075e-1,1.900518e-1,2.780535e-1,2.873247e-1,2.908745e-1,2.891503e-1,2.890796e-1,2.877706e-1,2.938005e-1,2.875504e-1,2.086313e-1,1.990978e-1,1.998649e-1,2.028164e-1,2.009436e-1,1.988648e-1,1.986871e-1,1.973999e-1,2.506353e-1,2.516576e-1,2.419496e-1,2.464339e-1,2.447528e-1,2.437512e-1,2.430576e-1,2.435508e-1,2.446215e-1,2.620286e-1,2.626695e-1,2.626637e-1,2.596845e-1,2.576446e-1,2.567658e-1,2.571405e-1]},{"variance_ratio":0.850,"d_res":2,"d_eff":41,"mean_mse":2.015053e-1,"min_mse":1.613022e-1,"max_mse":2.561150e-1,"inflation_over_baseline":2.565188,"per_block_mses":[2.010508e-1,2.054933e-1,2.041597e-1,2.007755e-1,2.000017e-1,1.980874e-1,1.980083e-1,1.991660e-1,1.673494e-1,1.654479e-1,1.613022e-1,1.630259e-1,1.616156e-1,1.615375e-1,1.626309e-1,1.618574e-1,2.411568e-1,2.495909e-1,2.524676e-1,2.507228e-1,2.504706e-1,2.495739e-1,2.561150e-1,2.494581e-1,1.787428e-1,1.709663e-1,1.713192e-1,1.736325e-1,1.717527e-1,1.698356e-1,1.700169e-1,1.689870e-1,2.157194e-1,2.149096e-1,2.065965e-1,2.108683e-1,2.088909e-1,2.074298e-1,2.072378e-1,2.075619e-1,2.001048e-1,2.162010e-1,2.175699e-1,2.174693e-1,2.157848e-1,2.132755e-1,2.126653e-1,2.136499e-1]},{"variance_ratio":0.850,"d_res":4,"d_eff":41,"mean_mse":1.794555e-1,"min_mse":1.434809e-1,"max_mse":2.297130e-1,"inflation_over_baseline":2.284492,