{"n_vecs":24576,"dim":128,"n_blocks":48,"block_size":512,"baseline_mse":8.332059e-2,"cells":[{"variance_ratio":0.950,"d_res":0,"d_eff":81,"mean_mse":8.332059e-2,"min_mse":6.195737e-2,"max_mse":1.034705e-1,"inflation_over_baseline":1.000000,"per_block_mses":[8.874712e-2,8.714815e-2,8.878952e-2,8.825531e-2,8.492860e-2,8.634876e-2,8.763202e-2,8.447146e-2,8.522121e-2,8.688020e-2,8.515963e-2,8.386859e-2,8.178442e-2,8.021655e-2,8.025680e-2,8.048069e-2,9.035207e-2,9.027096e-2,8.984673e-2,8.751151e-2,8.839979e-2,8.717358e-2,8.858637e-2,8.605230e-2,6.411050e-2,6.319457e-2,6.304221e-2,6.209695e-2,6.255474e-2,6.195737e-2,6.236791e-2,6.265287e-2,9.814420e-2,1.021544e-1,1.034705e-1,1.022908e-1,1.009685e-1,1.016908e-1,1.006867e-1,9.995885e-2,7.408793e-2,7.912336e-2,7.921299e-2,7.679771e-2,7.700472e-2,7.873048e-2,7.752271e-2,7.718430e-2]},{"variance_ratio":0.950,"d_res":2,"d_eff":81,"mean_mse":7.158491e-2,"min_mse":5.332824e-2,"max_mse":8.825410e-2,"inflation_over_baseline":0.859150,"per_block_mses":[7.628464e-2,7.457762e-2,7.590618e-2,7.560812e-2,7.300100e-2,7.440422e-2,7.550506e-2,7.276780e-2,7.395499e-2,7.497921e-2,7.340520e-2,7.245528e-2,7.028793e-2,6.892426e-2,6.910355e-2,6.931657e-2,7.735384e-2,7.681228e-2,7.644461e-2,7.474447e-2,7.544172e-2,7.381715e-2,7.498280e-2,7.302123e-2,5.556990e-2,5.433158e-2,5.420077e-2,5.347454e-2,5.379972e-2,5.332824e-2,5.378479e-2,5.402459e-2,8.439933e-2,8.780389e-2,8.825410e-2,8.747504e-2,8.631281e-2,8.698711e-2,8.616787e-2,8.519755e-2,6.454279e-2,6.856481e-2,6.866232e-2,6.664005e-2,6.670929e-2,6.844026e-2,6.713769e-2,6.716707e-2]},{"variance_ratio":0.950,"d_res":4,"d_eff":81,"mean_mse":6.397267e-2,"min_mse":4.762709e-2,"max_mse":7.857004e-2,"inflation_over_baseline":0.767789,"per_block_mses":[6.841518e-2,6.663024e-2,6.777052e-2,6.766655e-2,6.532835e-2,6.668843e-2,6.760252e-2,6.514931e-2,6.640588e-2,6.711625e-2,6.572112e-2,6.498937e-2,6.278877e-2,6.167113e-2,6.203244e-2,6.208684e-2,6.891422e-2,6.832504e-2,6.813229e-2,6.663906e-2,6.716136e-2,6.550147e-2,6.668171e-2,6.488052e-2,4.982390e-2,4.854920e-2,4.839743e-2,4.769182e-2,4.802083e-2,4.762709e-2,4.805301e-2,4.825652e-2,7.545733e-2,7.836717e-2,7.857004e-2,7.800009e-2,7.682997e-2,7.735825e-2,7.668010e-2,7.579885e-2,5.808729e-2,6.153805e-2,6.157778e-2,5.980753e-2,5.985830e-2,6.147643e-2,6.024185e-2,6.032098e-2]},{"variance_ratio":0.950,"d_res":8,"d_eff":81,"mean_mse":5.281993e-2,"min_mse":3.915627e-2,"max_mse":6.455740e-2,"inflation_over_baseline":0.633936,"per_block_mses":[5.689595e-2,5.512164e-2,5.602266e-2,5.613111e-2,5.418494e-2,5.531969e-2,5.599361e-2,5.389824e-2,5.517087e-2,5.558958e-2,5.451059e-2,5.393179e-2,5.199279e-2,5.110693e-2,5.159791e-2,5.148219e-2,5.665753e-2,5.599301e-2,5.606822e-2,5.470970e-2,5.512036e-2,5.369458e-2,5.474373e-2,5.318967e-2,4.131272e-2,4.004278e-2,3.987834e-2,3.921728e-2,3.950241e-2,3.915627e-2,3.957058e-2,3.969156e-2,6.227601e-2,6.455740e-2,6.453004e-2,6.406404e-2,6.307529e-2,6.332172e-2,6.297472e-2,6.221987e-2,4.837717e-2,5.103131e-2,5.106433e-2,4.958770e-2,4.972867e-2,5.102516e-2,4.993125e-2,5.009274e-2]},{"variance_ratio":0.900,"d_res":0,"d_eff":61,"mean_mse":1.671525e-1,"min_mse":1.232222e-1,"max_mse":2.062005e-1,"inflation_over_baseline":2.006137,"per_block_mses":[1.784937e-1,1.765563e-1,1.790224e-1,1.727208e-1,1.729840e-1,1.746616e-1,1.720021e-1,1.721058e-1,1.718298e-1,1.734689e-1,1.720806e-1,1.652394e-1,1.629003e-1,1.644083e-1,1.609187e-1,1.607276e-1,1.810082e-1,1.839234e-1,1.815271e-1,1.782785e-1,1.753583e-1,1.789012e-1,1.759679e-1,1.727262e-1,1.258033e-1,1.256248e-1,1.255240e-1,1.232222e-1,1.243911e-1,1.238086e-1,1.245512e-1,1.250197e-1,1.992639e-1,2.062005e-1,2.025753e-1,2.036347e-1,1.998611e-1,2.007605e-1,2.003132e-1,2.000062e-1,1.498811e-1,1.556966e-1,1.612061e-1,1.572742e-1,1.573404e-1,1.552413e-1,1.591966e-1,1.591136e-1]},{"variance_ratio":0.900,"d_res":2,"d_eff":61,"mean_mse":1.445858e-1,"min_mse":1.059994e-1,"max_mse":1.782315e-1,"inflation_over_baseline":1.735294,"per_block_mses":[1.550840e-1,1.528886e-1,1.550536e-1,1.497831e-1,1.496065e-1,1.513059e-1,1.489007e-1,1.491076e-1,1.493072e-1,1.509067e-1,1.496921e-1,1.434771e-1,1.416495e-1,1.426506e-1,1.397078e-1,1.394752e-1,1.563314e-1,1.590501e-1,1.564493e-1,1.531528e-1,1.509815e-1,1.543042e-1,1.514738e-1,1.490888e-1,1.095263e-1,1.083610e-1,1.077841e-1,1.059994e-1,1.066358e-1,1.065293e-1,1.068279e-1,1.076031e-1,1.727981e-1,1.782315e-1,1.747094e-1,1.756764e-1,1.718537e-1,1.727439e-1,1.724355e-1,1.721350e-1,1.307221e-1,1.352792e-1,1.401537e-1,1.366796e-1,1.366481e-1,1.345572e-1,1.383092e-1,1.384889e-1]},{"variance_ratio":0.900,"d_res":4,"d_eff":61,"mean_mse":1.296351e-1,"min_mse":9.485656e-2,"max_mse":1.597315e-1,"inflation_over_baseline":1.555859,"per_block_mses":[1.395803e-1,1.372855e-1,1.391826e-1,1.346092e-1,1.342853e-1,1.357770e-1,1.336199e-1,1.339072e-1,1.339552e-1,1.354177e-1,1.345681e-1,1.287880e-1,1.274074e-1,1.282562e-1,1.256934e-1,1.253975e-1,1.401337e-1,1.423651e-1,1.399019e-1,1.367485e-1,1.350053e-1,1.379875e-1,1.354867e-1,1.332462e-1,9.858592e-2,9.704819e-2,9.630677e-2,9.485656e-2,9.530723e-2,9.526691e-2,9.539235e-2,9.634031e-2,1.550385e-1,1.597315e-1,1.560982e-1,1.570868e-1,1.534404e-1,1.543205e-1,1.541778e-1,1.538177e-1,1.177021e-1,1.216783e-1,1.261364e-1,1.229779e-1,1.227741e-1,1.209214e-1,1.243384e-1,1.245331e-1]},{"variance_ratio":0.900,"d_res":8,"d_eff":61,"mean_mse":1.075779e-1,"min_mse":7.845159e-2,"max_mse":1.324008e-1,"inflation_over_baseline":1.291132,"per_block_mses":[1.163630e-1,1.142143e-1,1.157102e-1,1.120901e-1,1.115697e-1,1.129834e-1,1.113250e-1,1.114125e-1,1.112215e-1,1.125844e-1,1.121179e-1,1.070287e-1,1.060360e-1,1.068037e-1,1.046251e-1,1.043818e-1,1.161363e-1,1.178765e-1,1.156328e-1,1.127845e-1,1.117113e-1,1.141786e-1,1.121373e-1,1.101186e-1,8.220314e-2,8.030678e-2,7.969708e-2,7.845159e-2,7.863219e-2,7.875775e-2,7.881404e-2,7.975914e-2,1.287255e-1,1.324008e-1,1.289350e-1,1.301601e-1,1.267173e-1,1.271502e-1,1.272381e-1,1.269230e-1,9.821608e-2,1.014241e-1,1.052485e-1,1.025246e-1,1.023446e-1,1.006185e-1,1.036937e-1,1.037554e-1]},{"variance_ratio":0.850,"d_res":0,"d_eff":47,"mean_mse":2.511224e-1,"min_mse":1.834674e-1,"max_mse":3.114598e-1,"inflation_over_baseline":3.013929,"per_block_mses":[2.686346e-1,2.681755e-1,2.720907e-1,2.631137e-1,2.565772e-1,2.587886e-1,2.638520e-1,2.565489e-1,2.591002e-1,2.573547e-1,2.563096e-1,2.478611e-1,2.456290e-1,2.471350e-1,2.422662e-1,2.413318e-1,2.687102e-1,2.772510e-1,2.743348e-1,2.693531e-1,2.665670e-1,2.623952e-1,2.609007e-1,2.629778e-1,1.918793e-1,1.875864e-1,1.883550e-1,1.859268e-1,1.880178e-1,1.869398e-1,1.834674e-1,1.889899e-1,2.991578e-1,3.054432e-1,3.114598e-1,3.058262e-1,3.017430e-1,3.033395e-1,3.014304e-1,3.013839e-1,2.259269e-1,2.349370e-1,2.360881e-1,2.380610e-1,2.318654e-1,2.361541e-1,2.363980e-1,2.362382e-1]},{"variance_ratio":0.850,"d_res":2,"d_eff":47,"mean_mse":2.183040e-1,"min_mse":1.581041e-1,"max_mse":2.710882e-1,"inflation_over_baseline":2.620049,"per_block_mses":[2.337262e-1,2.326665e-1,2.367034e-1,2.277306e-1,2.217845e-1,2.236480e-1,2.280160e-1,2.223160e-1,2.268800e-1,2.248357e-1,2.236718e-1,2.167144e-1,2.144863e-1,2.160729e-1,2.105071e-1,2.102373e-1,2.324334e-1,2.398506e-1,2.371183e-1,2.331698e-1,2.304984e-1,2.276030e-1,2.260272e-1,2.283097e-1,1.661336e-1,1.620994e-1,1.626792e-1,1.611228e-1,1.620566e-1,1.617283e-1,1.581041e-1,1.637757e-1,2.612091e-1,2.663848e-1,2.710882e-1,2.658493e-1,2.633805e-1,2.645336e-1,2.625497e-1,2.626654e-1,1.975220e-1,2.042375e-1,2.060059e-1,2.085952e-1,2.028043e-1,2.067503e-1,2.061712e-1,2.061377e-1]},{"variance_ratio":0.850,"d_res":4,"d_eff":47,"mean_mse":1.962037e-1,"min_mse":1.417166e-1,"max_mse":2.435064e-1,"inflation_over_baseline":2.354804,