{"n_vecs":24576,"dim":128,"n_blocks":48,"block_size":512,"baseline_mse":7.132964e-2,"cells":[{"variance_ratio":0.950,"d_res":0,"d_eff":75,"mean_mse":7.132964e-2,"min_mse":4.336332e-2,"max_mse":8.805089e-2,"inflation_over_baseline":1.000000,"per_block_mses":[4.336332e-2,4.662381e-2,4.805202e-2,4.866418e-2,4.886614e-2,4.753772e-2,4.802741e-2,4.737002e-2,7.015330e-2,7.358502e-2,7.354409e-2,7.317196e-2,7.075811e-2,7.069661e-2,7.052567e-2,7.160292e-2,8.049208e-2,8.805089e-2,8.732020e-2,8.459932e-2,8.500722e-2,8.199982e-2,8.306136e-2,8.220538e-2,6.931706e-2,7.907749e-2,7.747987e-2,7.779756e-2,7.703859e-2,7.744652e-2,7.817802e-2,7.619102e-2,6.626817e-2,6.958320e-2,6.921033e-2,6.976106e-2,7.017657e-2,6.957469e-2,6.929164e-2,6.789115e-2,7.421723e-2,8.088953e-2,8.248653e-2,8.075852e-2,8.027040e-2,7.753323e-2,7.923177e-2,7.887377e-2]},{"variance_ratio":0.950,"d_res":2,"d_eff":75,"mean_mse":6.102545e-2,"min_mse":3.680496e-2,"max_mse":7.492977e-2,"inflation_over_baseline":0.855541,"per_block_mses":[3.680496e-2,3.977962e-2,4.089322e-2,4.163656e-2,4.194825e-2,4.064490e-2,4.096453e-2,4.040601e-2,6.047923e-2,6.346498e-2,6.359578e-2,6.324257e-2,6.121539e-2,6.097768e-2,6.071452e-2,6.145275e-2,6.890282e-2,7.492977e-2,7.451307e-2,7.200421e-2,7.238279e-2,6.933108e-2,7.042493e-2,6.995508e-2,5.938284e-2,6.773159e-2,6.606199e-2,6.626607e-2,6.566271e-2,6.603617e-2,6.678944e-2,6.514883e-2,5.686291e-2,5.955268e-2,5.931331e-2,5.962249e-2,5.999480e-2,5.905795e-2,5.898869e-2,5.784938e-2,6.358035e-2,6.948289e-2,7.081181e-2,6.935749e-2,6.879851e-2,6.678017e-2,6.778409e-2,6.764000e-2]},{"variance_ratio":0.950,"d_res":4,"d_eff":75,"mean_mse":5.424037e-2,"min_mse":3.266418e-2,"max_mse":6.649988e-2,"inflation_over_baseline":0.760418,"per_block_mses":[3.266418e-2,3.539600e-2,3.639833e-2,3.704110e-2,3.742780e-2,3.620856e-2,3.649330e-2,3.592753e-2,5.402795e-2,5.680416e-2,5.691184e-2,5.663401e-2,5.479573e-2,5.456209e-2,5.422560e-2,5.485151e-2,6.125689e-2,6.649988e-2,6.619100e-2,6.376900e-2,6.406828e-2,6.124049e-2,6.230810e-2,6.198944e-2,5.283415e-2,6.032966e-2,5.863319e-2,5.887481e-2,5.827522e-2,5.854189e-2,5.930905e-2,5.783754e-2,5.046226e-2,5.273476e-2,5.260513e-2,5.268466e-2,5.309691e-2,5.223501e-2,5.216165e-2,5.113007e-2,5.648487e-2,6.179002e-2,6.304243e-2,6.172769e-2,6.118698e-2,5.953300e-2,6.022917e-2,6.010489e-2]},{"variance_ratio":0.950,"d_res":8,"d_eff":75,"mean_mse":4.432309e-2,"min_mse":2.671858e-2,"max_mse":5.431208e-2,"inflation_over_baseline":0.621384,"per_block_mses":[2.671858e-2,2.911166e-2,2.991636e-2,3.041131e-2,3.081916e-2,2.979733e-2,3.000742e-2,2.951404e-2,4.448350e-2,4.695124e-2,4.697319e-2,4.681841e-2,4.523816e-2,4.511101e-2,4.466397e-2,4.509106e-2,5.007687e-2,5.431208e-2,5.415029e-2,5.200632e-2,5.208004e-2,4.970817e-2,5.058425e-2,5.048492e-2,4.320823e-2,4.935906e-2,4.774362e-2,4.811559e-2,4.751936e-2,4.768670e-2,4.841947e-2,4.716335e-2,4.099268e-2,4.264098e-2,4.260151e-2,4.252063e-2,4.293257e-2,4.226471e-2,4.209606e-2,4.127265e-2,4.609485e-2,5.054085e-2,5.158173e-2,5.051195e-2,5.011643e-2,4.887249e-2,4.920697e-2,4.901652e-2]},{"variance_ratio":0.900,"d_res":0,"d_eff":55,"mean_mse":1.428798e-1,"min_mse":8.609103e-2,"max_mse":1.764103e-1,"inflation_over_baseline":2.003092,"per_block_mses":[8.609103e-2,9.632915e-2,9.902790e-2,9.779632e-2,9.762765e-2,9.515325e-2,9.543990e-2,9.528469e-2,1.391400e-1,1.466453e-1,1.463365e-1,1.461459e-1,1.419020e-1,1.427234e-1,1.421096e-1,1.442070e-1,1.588068e-1,1.764103e-1,1.757824e-1,1.706283e-1,1.707936e-1,1.653081e-1,1.668544e-1,1.640449e-1,1.409523e-1,1.542517e-1,1.596492e-1,1.563859e-1,1.550627e-1,1.550439e-1,1.558821e-1,1.523192e-1,1.316094e-1,1.386123e-1,1.372536e-1,1.380016e-1,1.390244e-1,1.378197e-1,1.386688e-1,1.366254e-1,1.474843e-1,1.651370e-1,1.638156e-1,1.579381e-1,1.584414e-1,1.580517e-1,1.607723e-1,1.588405e-1]},{"variance_ratio":0.900,"d_res":2,"d_eff":55,"mean_mse":1.234217e-1,"min_mse":7.483008e-2,"max_mse":1.530294e-1,"inflation_over_baseline":1.730301,"per_block_mses":[7.483008e-2,8.354153e-2,8.577529e-2,8.501171e-2,8.490857e-2,8.280036e-2,8.269158e-2,8.293531e-2,1.209451e-1,1.271926e-1,1.265197e-1,1.262732e-1,1.228842e-1,1.231356e-1,1.230278e-1,1.245803e-1,1.377618e-1,1.530294e-1,1.521888e-1,1.476784e-1,1.479634e-1,1.433288e-1,1.446166e-1,1.420505e-1,1.220951e-1,1.338412e-1,1.380616e-1,1.350691e-1,1.336305e-1,1.339539e-1,1.350215e-1,1.320191e-1,1.137782e-1,1.195758e-1,1.181666e-1,1.185304e-1,1.196743e-1,1.181980e-1,1.185203e-1,1.166983e-1,1.268350e-1,1.420880e-1,1.402881e-1,1.353718e-1,1.357798e-1,1.357275e-1,1.383372e-1,1.373113e-1]},{"variance_ratio":0.900,"d_res":4,"d_eff":55,"mean_mse":1.104816e-1,"min_mse":6.719578e-2,"max_mse":1.373346e-1,"inflation_over_baseline":1.548888,"per_block_mses":[6.719578e-2,7.497788e-2,7.699190e-2,7.635587e-2,7.626679e-2,7.441221e-2,7.421095e-2,7.456113e-2,1.088383e-1,1.142228e-1,1.133703e-1,1.132687e-1,1.103157e-1,1.104301e-1,1.104961e-1,1.118149e-1,1.236271e-1,1.373346e-1,1.364121e-1,1.323666e-1,1.326356e-1,1.284605e-1,1.295996e-1,1.274922e-1,1.093897e-1,1.200015e-1,1.236901e-1,1.210261e-1,1.196126e-1,1.197774e-1,1.208195e-1,1.183061e-1,1.017180e-1,1.067222e-1,1.053213e-1,1.056566e-1,1.065826e-1,1.052941e-1,1.053965e-1,1.037364e-1,1.131877e-1,1.268858e-1,1.250128e-1,1.205687e-1,1.210033e-1,1.211105e-1,1.236844e-1,1.229561e-1]},{"variance_ratio":0.900,"d_res":8,"d_eff":55,"mean_mse":9.137900e-2,"min_mse":5.578573e-2,"max_mse":1.140941e-1,"inflation_over_baseline":1.281080,"per_block_mses":[5.578573e-2,6.227938e-2,6.397751e-2,6.351523e-2,6.350196e-2,6.185414e-2,6.161112e-2,6.191818e-2,9.080180e-2,9.487409e-2,9.394610e-2,9.390948e-2,9.165130e-2,9.163544e-2,9.185697e-2,9.277182e-2,1.026188e-1,1.140941e-1,1.131138e-1,1.096421e-1,1.099708e-1,1.063073e-1,1.073666e-1,1.057189e-1,9.044519e-2,9.966426e-2,1.023706e-1,1.001275e-1,9.891860e-2,9.892346e-2,9.973534e-2,9.788288e-2,8.365851e-2,8.769915e-2,8.636769e-2,8.655494e-2,8.740012e-2,8.627724e-2,8.601352e-2,8.470479e-2,9.336806e-2,1.051102e-1,1.032833e-1,9.918459e-2,9.970452e-2,9.982891e-2,1.024861e-1,1.017600e-1]},{"variance_ratio":0.850,"d_res":0,"d_eff":42,"mean_mse":2.142839e-1,"min_mse":1.290624e-1,"max_mse":2.603694e-1,"inflation_over_baseline":3.004135,"per_block_mses":[1.290624e-1,1.445760e-1,1.479970e-1,1.460965e-1,1.460998e-1,1.415595e-1,1.416355e-1,1.420494e-1,2.139817e-1,2.206989e-1,2.213271e-1,2.151354e-1,2.143920e-1,2.152733e-1,2.147636e-1,2.126065e-1,2.413527e-1,2.603694e-1,2.591710e-1,2.520771e-1,2.519042e-1,2.497911e-1,2.529633e-1,2.474991e-1,2.104527e-1,2.321191e-1,2.399500e-1,2.365787e-1,2.339223e-1,2.269309e-1,2.363440e-1,2.308114e-1,1.986526e-1,2.088609e-1,2.071907e-1,2.081788e-1,2.094790e-1,2.082383e-1,2.089574e-1,2.072678e-1,2.163907e-1,2.404216e-1,2.400953e-1,2.418021e-1,2.419808e-1,2.391558e-1,2.426881e-1,2.367752e-1]},{"variance_ratio":0.850,"d_res":2,"d_eff":42,"mean_mse":1.856720e-1,"min_mse":1.126402e-1,"max_mse":2.284654e-1,"inflation_over_baseline":2.603014,"per_block_mses":[1.126402e-1,1.264620e-1,1.289667e-1,1.273038e-1,1.276563e-1,1.233486e-1,1.232861e-1,1.236621e-1,1.862193e-1,1.919697e-1,1.918616e-1,1.865535e-1,1.856304e-1,1.866950e-1,1.861876e-1,1.841700e-1,2.103761e-1,2.284654e-1,2.264012e-1,2.200450e-1,2.199604e-1,2.183033e-1,2.209928e-1,2.156193e-1,1.835150e-1,2.021636e-1,2.091004e-1,2.051749e-1,2.026008e-1,1.962912e-1,2.048337e-1,2.007079e-1,1.712320e-1,1.789817e-1,1.774733e-1,1.791062e-1,1.796080e-1,1.788465e-1,1.796402e-1,1.780770e-1,1.854890e-1,2.060175e-1,2.054799e-1,2.079432e-1,2.086224e-1,2.061328e-1,2.084325e-1,2.040109e-1]},{"variance_ratio":0.850,"d_res":4,"d_eff":42,"mean_mse":1.665504e-1,"min_mse":1.016559e-1,"max_mse":2.060979e-1,"inflation_over_baseline":2.334940,