{"n_vecs":24576,"dim":128,"n_blocks":48,"block_size":512,"baseline_mse":7.152767e-2,"cells":[{"variance_ratio":0.950,"d_res":0,"d_eff":88,"mean_mse":7.152767e-2,"min_mse":4.230092e-2,"max_mse":1.023163e-1,"inflation_over_baseline":1.000000,"per_block_mses":[6.166002e-2,6.536806e-2,6.711648e-2,6.830659e-2,6.768539e-2,6.674205e-2,6.621286e-2,6.502659e-2,6.316198e-2,7.136251e-2,7.202528e-2,7.328316e-2,7.293763e-2,7.234901e-2,7.418807e-2,7.475750e-2,4.230092e-2,4.459376e-2,4.623598e-2,4.714011e-2,4.480637e-2,4.588746e-2,4.439827e-2,4.445820e-2,8.110837e-2,9.158912e-2,9.790007e-2,9.905408e-2,9.933198e-2,1.001882e-1,1.003013e-1,1.023163e-1,6.145128e-2,6.548017e-2,6.737659e-2,6.853404e-2,6.864298e-2,6.751951e-2,6.762721e-2,6.854998e-2,7.374204e-2,8.194673e-2,8.223835e-2,8.335662e-2,8.671460e-2,8.620049e-2,8.646902e-2,8.368507e-2]},{"variance_ratio":0.950,"d_res":2,"d_eff":88,"mean_mse":6.105546e-2,"min_mse":3.630256e-2,"max_mse":8.820847e-2,"inflation_over_baseline":0.853592,"per_block_mses":[5.301153e-2,5.549433e-2,5.717847e-2,5.780827e-2,5.715803e-2,5.666969e-2,5.626125e-2,5.530508e-2,5.416445e-2,6.090963e-2,6.158801e-2,6.258911e-2,6.211130e-2,6.155995e-2,6.339808e-2,6.405864e-2,3.630256e-2,3.818691e-2,3.947946e-2,4.033364e-2,3.840551e-2,3.917905e-2,3.787829e-2,3.796470e-2,7.007311e-2,7.870202e-2,8.373814e-2,8.509124e-2,8.559395e-2,8.619864e-2,8.635537e-2,8.820847e-2,5.242937e-2,5.596366e-2,5.752056e-2,5.840351e-2,5.850130e-2,5.752470e-2,5.765740e-2,5.852667e-2,6.314239e-2,6.915106e-2,6.975503e-2,7.023646e-2,7.351652e-2,7.299290e-2,7.343437e-2,7.094948e-2]},{"variance_ratio":0.950,"d_res":4,"d_eff":88,"mean_mse":5.412532e-2,"min_mse":3.227225e-2,"max_mse":7.848352e-2,"inflation_over_baseline":0.756705,"per_block_mses":[4.730826e-2,4.925138e-2,5.082472e-2,5.134160e-2,5.064371e-2,5.028833e-2,4.993778e-2,4.917927e-2,4.820986e-2,5.402933e-2,5.463355e-2,5.564808e-2,5.505219e-2,5.456777e-2,5.620855e-2,5.683979e-2,3.227225e-2,3.388492e-2,3.503041e-2,3.578818e-2,3.412229e-2,3.466526e-2,3.355503e-2,3.363764e-2,6.256876e-2,7.001589e-2,7.462490e-2,7.583974e-2,7.628006e-2,7.680819e-2,7.697301e-2,7.848352e-2,4.630776e-2,4.941740e-2,5.083741e-2,5.159675e-2,5.159113e-2,5.088065e-2,5.094889e-2,5.177408e-2,5.604505e-2,6.085106e-2,6.132944e-2,6.173340e-2,6.476671e-2,6.423678e-2,6.470413e-2,6.248042e-2]},{"variance_ratio":0.950,"d_res":8,"d_eff":88,"mean_mse":4.395197e-2,"min_mse":2.633475e-2,"max_mse":6.405274e-2,"inflation_over_baseline":0.614475,"per_block_mses":[3.899439e-2,4.026985e-2,4.162084e-2,4.200257e-2,4.125322e-2,4.102561e-2,4.078300e-2,4.023024e-2,3.946849e-2,4.398104e-2,4.441473e-2,4.527713e-2,4.470092e-2,4.430485e-2,4.563553e-2,4.618426e-2,2.633475e-2,2.754678e-2,2.848387e-2,2.907933e-2,2.776901e-2,2.805357e-2,2.719659e-2,2.729646e-2,5.136922e-2,5.715708e-2,6.110619e-2,6.211368e-2,6.240915e-2,6.286609e-2,6.291095e-2,6.405274e-2,3.732449e-2,3.981803e-2,4.098975e-2,4.161178e-2,4.146260e-2,4.103673e-2,4.110743e-2,4.178055e-2,4.564967e-2,4.886571e-2,4.904328e-2,4.939982e-2,5.199587e-2,5.159459e-2,5.204540e-2,5.007677e-2]},{"variance_ratio":0.900,"d_res":0,"d_eff":70,"mean_mse":1.437091e-1,"min_mse":8.553855e-2,"max_mse":2.049754e-1,"inflation_over_baseline":2.009139,"per_block_mses":[1.208273e-1,1.320797e-1,1.350316e-1,1.378148e-1,1.371606e-1,1.316804e-1,1.343973e-1,1.333383e-1,1.264132e-1,1.429720e-1,1.441677e-1,1.469675e-1,1.482117e-1,1.469326e-1,1.491417e-1,1.460922e-1,8.553855e-2,9.044346e-2,9.329087e-2,9.178218e-2,9.138578e-2,8.982256e-2,9.042147e-2,9.087107e-2,1.610042e-1,1.869591e-1,1.978068e-1,1.998625e-1,2.003316e-1,2.025167e-1,2.049754e-1,1.995471e-1,1.239360e-1,1.356164e-1,1.345221e-1,1.351519e-1,1.353065e-1,1.349869e-1,1.356695e-1,1.375132e-1,1.523257e-1,1.651596e-1,1.667326e-1,1.689319e-1,1.745425e-1,1.681356e-1,1.687206e-1,1.709960e-1]},{"variance_ratio":0.900,"d_res":2,"d_eff":70,"mean_mse":1.236398e-1,"min_mse":7.422155e-2,"max_mse":1.747351e-1,"inflation_over_baseline":1.728559,"per_block_mses":[1.044264e-1,1.138227e-1,1.164415e-1,1.188541e-1,1.180639e-1,1.134445e-1,1.155422e-1,1.147770e-1,1.094875e-1,1.231832e-1,1.245032e-1,1.264063e-1,1.272066e-1,1.266065e-1,1.286543e-1,1.256445e-1,7.422155e-2,7.823757e-2,8.043347e-2,7.899759e-2,7.876208e-2,7.740288e-2,7.795244e-2,7.797884e-2,1.392883e-1,1.608339e-1,1.701513e-1,1.713789e-1,1.718135e-1,1.734705e-1,1.747351e-1,1.702991e-1,1.070576e-1,1.171541e-1,1.159344e-1,1.167434e-1,1.170327e-1,1.165711e-1,1.171673e-1,1.189478e-1,1.315372e-1,1.411563e-1,1.432036e-1,1.450239e-1,1.497687e-1,1.443811e-1,1.439685e-1,1.460425e-1]},{"variance_ratio":0.900,"d_res":4,"d_eff":70,"mean_mse":1.103188e-1,"min_mse":6.658762e-2,"max_mse":1.554081e-1,"inflation_over_baseline":1.542323,"per_block_mses":[9.364314e-2,1.016741e-1,1.041351e-1,1.062537e-1,1.055012e-1,1.014196e-1,1.031772e-1,1.025516e-1,9.796207e-2,1.098797e-1,1.111314e-1,1.126831e-1,1.133850e-1,1.129035e-1,1.147812e-1,1.120440e-1,6.658762e-2,6.996008e-2,7.185847e-2,7.045675e-2,7.039021e-2,6.916375e-2,6.967642e-2,6.942896e-2,1.247594e-1,1.435515e-1,1.516978e-1,1.525960e-1,1.532899e-1,1.545777e-1,1.554081e-1,1.513279e-1,9.569883e-2,1.046578e-1,1.034354e-1,1.043196e-1,1.045052e-1,1.041019e-1,1.047408e-1,1.062167e-1,1.173663e-1,1.254033e-1,1.276142e-1,1.292048e-1,1.333958e-1,1.285757e-1,1.282132e-1,1.299952e-1]},{"variance_ratio":0.900,"d_res":8,"d_eff":70,"mean_mse":9.064974e-2,"min_mse":5.508792e-2,"max_mse":1.271188e-1,"inflation_over_baseline":1.267338,"per_block_mses":[7.767627e-2,8.384886e-2,8.592522e-2,8.771763e-2,8.693619e-2,8.371528e-2,8.498991e-2,8.448552e-2,8.074356e-2,9.026817e-2,9.132969e-2,9.262261e-2,9.298067e-2,9.270871e-2,9.424598e-2,9.200963e-2,5.508792e-2,5.768189e-2,5.914205e-2,5.789463e-2,5.791890e-2,5.693875e-2,5.738047e-2,5.698116e-2,1.030418e-1,1.179364e-1,1.243459e-1,1.249967e-1,1.258435e-1,1.268662e-1,1.271188e-1,1.238495e-1,7.866282e-2,8.603879e-2,8.494638e-2,8.563848e-2,8.570461e-2,8.544387e-2,8.635430e-2,8.731205e-2,9.621596e-2,1.026537e-1,1.045104e-1,1.059971e-1,1.093459e-1,1.054048e-1,1.050648e-1,1.066646e-1]},{"variance_ratio":0.850,"d_res":0,"d_eff":58,"mean_mse":2.163933e-1,"min_mse":1.265373e-1,"max_mse":3.088268e-1,"inflation_over_baseline":3.025309,"per_block_mses":[1.847464e-1,2.008759e-1,2.064031e-1,2.038137e-1,2.029579e-1,2.013623e-1,1.981027e-1,2.019247e-1,1.940513e-1,2.131568e-1,2.162407e-1,2.193420e-1,2.217168e-1,2.208522e-1,2.246358e-1,2.207402e-1,1.265373e-1,1.341924e-1,1.375723e-1,1.398058e-1,1.389746e-1,1.363211e-1,1.331687e-1,1.336815e-1,2.395985e-1,2.819336e-1,2.984746e-1,3.025290e-1,3.050964e-1,3.088268e-1,3.020017e-1,3.045795e-1,1.858585e-1,2.022945e-1,2.031528e-1,2.083805e-1,2.085600e-1,2.011820e-1,2.030606e-1,2.059442e-1,2.289051e-1,2.429103e-1,2.560811e-1,2.585882e-1,2.580185e-1,2.571360e-1,2.584105e-1,2.541787e-1]},{"variance_ratio":0.850,"d_res":2,"d_eff":58,"mean_mse":1.868799e-1,"min_mse":1.100306e-1,"max_mse":2.671970e-1,"inflation_over_baseline":2.612694,"per_block_mses":[1.599949e-1,1.745712e-1,1.797471e-1,1.768981e-1,1.760928e-1,1.746666e-1,1.720415e-1,1.751630e-1,1.684068e-1,1.841979e-1,1.867794e-1,1.894293e-1,1.920369e-1,1.911159e-1,1.944089e-1,1.910841e-1,1.100306e-1,1.159357e-1,1.190512e-1,1.211359e-1,1.199447e-1,1.176064e-1,1.146437e-1,1.150622e-1,2.071315e-1,2.429510e-1,2.579328e-1,2.613172e-1,2.642047e-1,2.671970e-1,2.606645e-1,2.634194e-1,1.614287e-1,1.758564e-1,1.759491e-1,1.805233e-1,1.808881e-1,1.742466e-1,1.760671e-1,1.786580e-1,1.969479e-1,2.073993e-1,2.191745e-1,2.212589e-1,2.204217e-1,2.192553e-1,2.204806e-1,2.168181e-1]},{"variance_ratio":0.850,"d_res":4,"d_eff":58,"mean_mse":1.671993e-1,"min_mse":9.890681e-2,"max_mse":2.391190e-1,"inflation_over_baseline":2.337546,