{"n_vecs":24576,"dim":128,"n_blocks":48,"block_size":512,"baseline_mse":7.110723e-2,"cells":[{"variance_ratio":0.950,"d_res":0,"d_eff":79,"mean_mse":7.110723e-2,"min_mse":5.273785e-2,"max_mse":1.064612e-1,"inflation_over_baseline":1.000000,"per_block_mses":[8.090064e-2,8.000162e-2,8.097631e-2,7.748035e-2,7.915272e-2,7.677460e-2,7.861257e-2,7.529470e-2,1.064612e-1,1.056255e-1,1.044724e-1,9.971329e-2,9.886930e-2,9.827046e-2,9.788537e-2,9.622092e-2,5.278180e-2,5.430731e-2,5.546178e-2,5.521400e-2,5.508890e-2,5.273785e-2,5.446085e-2,5.492421e-2,5.703033e-2,5.814493e-2,6.070377e-2,6.103096e-2,6.166409e-2,6.164149e-2,6.027933e-2,6.128944e-2,7.156168e-2,7.237087e-2,7.265300e-2,7.306529e-2,7.312695e-2,7.070630e-2,7.174813e-2,7.180976e-2,5.960820e-2,6.088145e-2,6.328125e-2,6.143653e-2,5.970525e-2,5.884163e-2,6.039999e-2,5.847762e-2]},{"variance_ratio":0.950,"d_res":2,"d_eff":79,"mean_mse":6.093808e-2,"min_mse":4.505798e-2,"max_mse":9.164767e-2,"inflation_over_baseline":0.856989,"per_block_mses":[6.942105e-2,6.854086e-2,6.910354e-2,6.632716e-2,6.773518e-2,6.575882e-2,6.761972e-2,6.470395e-2,9.164767e-2,9.075151e-2,8.952770e-2,8.530834e-2,8.458645e-2,8.445565e-2,8.400620e-2,8.262908e-2,4.577833e-2,4.687441e-2,4.752400e-2,4.740463e-2,4.721924e-2,4.505798e-2,4.639327e-2,4.670267e-2,4.882455e-2,4.968958e-2,5.159854e-2,5.208971e-2,5.243759e-2,5.244888e-2,5.122349e-2,5.215131e-2,6.168010e-2,6.190213e-2,6.228012e-2,6.244050e-2,6.259385e-2,6.048082e-2,6.113856e-2,6.152925e-2,5.137671e-2,5.223526e-2,5.455887e-2,5.280324e-2,5.151284e-2,5.059150e-2,5.206786e-2,5.029498e-2]},{"variance_ratio":0.950,"d_res":4,"d_eff":79,"mean_mse":5.429182e-2,"min_mse":4.001195e-2,"max_mse":8.188460e-2,"inflation_over_baseline":0.763520,"per_block_mses":[6.201062e-2,6.115700e-2,6.145188e-2,5.918908e-2,6.042634e-2,5.864645e-2,6.031312e-2,5.777036e-2,8.188460e-2,8.096913e-2,7.992000e-2,7.600134e-2,7.547270e-2,7.531223e-2,7.495784e-2,7.377883e-2,4.105665e-2,4.190728e-2,4.232519e-2,4.218916e-2,4.195447e-2,4.001195e-2,4.119000e-2,4.141402e-2,4.326348e-2,4.405702e-2,4.571171e-2,4.620778e-2,4.641375e-2,4.640367e-2,4.530945e-2,4.610513e-2,5.502012e-2,5.509625e-2,5.537810e-2,5.538594e-2,5.564896e-2,5.368980e-2,5.435147e-2,5.464944e-2,4.598590e-2,4.662762e-2,4.893144e-2,4.724628e-2,4.615499e-2,4.533496e-2,4.668401e-2,4.503972e-2]},{"variance_ratio":0.950,"d_res":8,"d_eff":79,"mean_mse":4.458005e-2,"min_mse":3.262061e-2,"max_mse":6.746387e-2,"inflation_over_baseline":0.626941,"per_block_mses":[5.109476e-2,5.036397e-2,5.041113e-2,4.870015e-2,4.977700e-2,4.834504e-2,4.951697e-2,4.749048e-2,6.746387e-2,6.681998e-2,6.595241e-2,6.257633e-2,6.229348e-2,6.191124e-2,6.172239e-2,6.073759e-2,3.401504e-2,3.458719e-2,3.469893e-2,3.456188e-2,3.428873e-2,3.262061e-2,3.365143e-2,3.377163e-2,3.517523e-2,3.580477e-2,3.707390e-2,3.767014e-2,3.764141e-2,3.760560e-2,3.664435e-2,3.728321e-2,4.520239e-2,4.500500e-2,4.526809e-2,4.522927e-2,4.546745e-2,4.378872e-2,4.434538e-2,4.458301e-2,3.813184e-2,3.862845e-2,4.067433e-2,3.916805e-2,3.829539e-2,3.762255e-2,3.875958e-2,3.740208e-2]},{"variance_ratio":0.900,"d_res":0,"d_eff":58,"mean_mse":1.424482e-1,"min_mse":1.071067e-1,"max_mse":2.102250e-1,"inflation_over_baseline":2.003287,"per_block_mses":[1.609444e-1,1.598923e-1,1.574315e-1,1.560759e-1,1.552220e-1,1.565579e-1,1.542692e-1,1.529970e-1,2.102250e-1,2.100945e-1,2.056403e-1,2.033763e-1,2.010339e-1,1.946409e-1,1.980284e-1,1.950706e-1,1.071067e-1,1.079393e-1,1.106859e-1,1.071195e-1,1.099893e-1,1.078594e-1,1.102853e-1,1.081934e-1,1.181801e-1,1.183245e-1,1.191756e-1,1.191522e-1,1.208742e-1,1.216841e-1,1.243872e-1,1.246218e-1,1.438645e-1,1.475029e-1,1.442041e-1,1.455026e-1,1.455433e-1,1.423318e-1,1.440142e-1,1.457379e-1,1.205871e-1,1.255168e-1,1.231915e-1,1.235679e-1,1.207323e-1,1.203088e-1,1.190186e-1,1.188115e-1]},{"variance_ratio":0.900,"d_res":2,"d_eff":58,"mean_mse":1.228776e-1,"min_mse":9.189498e-2,"max_mse":1.823994e-1,"inflation_over_baseline":1.728060,"per_block_mses":[1.390498e-1,1.378100e-1,1.351312e-1,1.337483e-1,1.339435e-1,1.345468e-1,1.322578e-1,1.311211e-1,1.820496e-1,1.823994e-1,1.789108e-1,1.768706e-1,1.750149e-1,1.686255e-1,1.724025e-1,1.690447e-1,9.302184e-2,9.279455e-2,9.525963e-2,9.189498e-2,9.459686e-2,9.225857e-2,9.444373e-2,9.275753e-2,1.015998e-1,1.015857e-1,1.021742e-1,1.019117e-1,1.030645e-1,1.037771e-1,1.058620e-1,1.062803e-1,1.240620e-1,1.267185e-1,1.243310e-1,1.250823e-1,1.253916e-1,1.220443e-1,1.234215e-1,1.255157e-1,1.050490e-1,1.091292e-1,1.069380e-1,1.073975e-1,1.048961e-1,1.046723e-1,1.037465e-1,1.035188e-1]},{"variance_ratio":0.900,"d_res":4,"d_eff":58,"mean_mse":1.098925e-1,"min_mse":8.204502e-2,"max_mse":1.638279e-1,"inflation_over_baseline":1.545448,"per_block_mses":[1.243982e-1,1.232453e-1,1.206359e-1,1.193174e-1,1.199063e-1,1.202664e-1,1.179704e-1,1.170511e-1,1.632116e-1,1.638279e-1,1.606885e-1,1.589128e-1,1.571312e-1,1.511773e-1,1.549463e-1,1.513757e-1,8.367509e-2,8.314323e-2,8.511326e-2,8.204502e-2,8.445987e-2,8.216207e-2,8.424874e-2,8.267339e-2,9.050487e-2,9.049625e-2,9.094818e-2,9.066151e-2,9.146718e-2,9.217256e-2,9.385794e-2,9.435633e-2,1.108343e-1,1.131318e-1,1.110041e-1,1.116170e-1,1.118382e-1,1.085230e-1,1.100085e-1,1.118735e-1,9.444099e-2,9.806693e-2,9.597648e-2,9.653077e-2,9.442992e-2,9.407300e-2,9.336440e-2,9.307922e-2]},{"variance_ratio":0.900,"d_res":8,"d_eff":58,"mean_mse":9.075123e-2,"min_mse":6.756314e-2,"max_mse":1.361231e-1,"inflation_over_baseline":1.276259,"per_block_mses":[1.027253e-1,1.018582e-1,9.952574e-2,9.825151e-2,9.905450e-2,9.928487e-2,9.706087e-2,9.639094e-2,1.353446e-1,1.361231e-1,1.334645e-1,1.321270e-1,1.306379e-1,1.253468e-1,1.285552e-1,1.252093e-1,6.965907e-2,6.892784e-2,7.032641e-2,6.758825e-2,6.971381e-2,6.756314e-2,6.935332e-2,6.821591e-2,7.436221e-2,7.415761e-2,7.455515e-2,7.421129e-2,7.476667e-2,7.528091e-2,7.640825e-2,7.700829e-2,9.129221e-2,9.304242e-2,9.131056e-2,9.181837e-2,9.189814e-2,8.892422e-2,9.023269e-2,9.191563e-2,7.867187e-2,8.163299e-2,7.971133e-2,8.027574e-2,7.867052e-2,7.824945e-2,7.782216e-2,7.753208e-2]},{"variance_ratio":0.850,"d_res":0,"d_eff":45,"mean_mse":2.135595e-1,"min_mse":1.604285e-1,"max_mse":3.187848e-1,"inflation_over_baseline":3.003344,"per_block_mses":[2.407740e-1,2.417796e-1,2.380200e-1,2.375254e-1,2.365645e-1,2.320552e-1,2.296786e-1,2.272440e-1,3.113612e-1,3.187848e-1,3.121886e-1,2.995975e-1,2.974628e-1,2.942250e-1,2.920031e-1,2.935463e-1,1.623527e-1,1.650311e-1,1.664937e-1,1.625472e-1,1.604285e-1,1.641124e-1,1.616623e-1,1.634871e-1,1.723093e-1,1.752148e-1,1.817656e-1,1.823190e-1,1.851855e-1,1.811359e-1,1.841323e-1,1.848660e-1,2.140731e-1,2.197751e-1,2.162415e-1,2.181068e-1,2.194597e-1,2.163951e-1,2.184603e-1,2.131539e-1,1.817803e-1,1.885708e-1,1.858410e-1,1.863880e-1,1.823722e-1,1.776811e-1,1.803534e-1,1.763486e-1]},{"variance_ratio":0.850,"d_res":2,"d_eff":45,"mean_mse":1.850928e-1,"min_mse":1.388207e-1,"max_mse":2.778915e-1,"inflation_over_baseline":2.603010,"per_block_mses":[2.098127e-1,2.103562e-1,2.060362e-1,2.048103e-1,2.043692e-1,2.007704e-1,1.985018e-1,1.960550e-1,2.719718e-1,2.778915e-1,2.726927e-1,2.613862e-1,2.604084e-1,2.561067e-1,2.550501e-1,2.561644e-1,1.414654e-1,1.427964e-1,1.438162e-1,1.405430e-1,1.388207e-1,1.418488e-1,1.402271e-1,1.418228e-1,1.484576e-1,1.513233e-1,1.555095e-1,1.565518e-1,1.587526e-1,1.548712e-1,1.571408e-1,1.583745e-1,1.849845e-1,1.898303e-1,1.864950e-1,1.869808e-1,1.879498e-1,1.858634e-1,1.876458e-1,1.833630e-1,1.594222e-1,1.651817e-1,1.625638e-1,1.624913e-1,1.595443e-1,1.550979e-1,1.579741e-1,1.543634e-1]},{"variance_ratio":0.850,"d_res":4,"d_eff":45,"mean_mse":1.659982e-1,"min_mse":1.245290e-1,"max_mse":2.499540e-1,"inflation_over_baseline":2.334478,