{"n_vecs":24576,"dim":128,"n_blocks":48,"block_size":512,"baseline_mse":6.616694e-2,"cells":[{"variance_ratio":0.950,"d_res":0,"d_eff":80,"mean_mse":6.616694e-2,"min_mse":4.720614e-2,"max_mse":8.049012e-2,"inflation_over_baseline":1.000000,"per_block_mses":[7.823000e-2,7.715488e-2,7.504561e-2,7.372619e-2,7.243579e-2,7.053185e-2,7.302375e-2,7.313810e-2,8.049012e-2,8.040975e-2,7.888708e-2,7.749596e-2,7.617391e-2,7.334920e-2,7.598373e-2,7.651912e-2,7.380619e-2,7.498550e-2,7.714507e-2,7.423940e-2,7.326932e-2,7.328042e-2,7.341056e-2,7.393002e-2,6.370865e-2,6.228619e-2,6.327710e-2,6.207393e-2,6.118930e-2,6.206260e-2,6.037193e-2,6.041825e-2,4.890113e-2,4.782717e-2,4.756299e-2,4.761307e-2,4.720614e-2,4.759333e-2,4.919142e-2,4.881881e-2,5.617149e-2,5.988606e-2,6.248265e-2,6.163455e-2,6.111511e-2,6.213526e-2,6.219342e-2,6.363099e-2]},{"variance_ratio":0.950,"d_res":2,"d_eff":80,"mean_mse":5.664145e-2,"min_mse":4.063291e-2,"max_mse":6.970893e-2,"inflation_over_baseline":0.856039,"per_block_mses":[6.779529e-2,6.635254e-2,6.412335e-2,6.303966e-2,6.161750e-2,6.027536e-2,6.245123e-2,6.250612e-2,6.970893e-2,6.896041e-2,6.738060e-2,6.623882e-2,6.506638e-2,6.261053e-2,6.502356e-2,6.543241e-2,6.427332e-2,6.473329e-2,6.640267e-2,6.370972e-2,6.271357e-2,6.279762e-2,6.265309e-2,6.304015e-2,5.499730e-2,5.342044e-2,5.402087e-2,5.286635e-2,5.210424e-2,5.277336e-2,5.152116e-2,5.146800e-2,4.202978e-2,4.093827e-2,4.068745e-2,4.083106e-2,4.063291e-2,4.087571e-2,4.225490e-2,4.197002e-2,4.821710e-2,5.087141e-2,5.324997e-2,5.236034e-2,5.190452e-2,5.285739e-2,5.296225e-2,5.406883e-2]},{"variance_ratio":0.950,"d_res":4,"d_eff":80,"mean_mse":5.039899e-2,"min_mse":3.619663e-2,"max_mse":6.258872e-2,"inflation_over_baseline":0.761694,"per_block_mses":[6.079706e-2,5.907797e-2,5.696981e-2,5.597320e-2,5.458189e-2,5.349697e-2,5.537766e-2,5.543135e-2,6.258872e-2,6.148331e-2,6.003269e-2,5.905447e-2,5.798545e-2,5.566175e-2,5.792284e-2,5.837424e-2,5.777043e-2,5.782293e-2,5.918727e-2,5.674142e-2,5.580020e-2,5.591568e-2,5.567513e-2,5.602984e-2,4.899398e-2,4.748676e-2,4.798319e-2,4.692893e-2,4.620341e-2,4.681716e-2,4.566643e-2,4.567393e-2,3.751732e-2,3.649300e-2,3.619663e-2,3.637331e-2,3.621961e-2,3.634727e-2,3.766500e-2,3.736050e-2,4.289863e-2,4.502580e-2,4.726445e-2,4.642255e-2,4.603193e-2,4.691641e-2,4.698030e-2,4.793273e-2]},{"variance_ratio":0.950,"d_res":8,"d_eff":80,"mean_mse":4.125982e-2,"min_mse":2.961649e-2,"max_mse":5.192772e-2,"inflation_over_baseline":0.623571,"per_block_mses":[5.033804e-2,4.845541e-2,4.653224e-2,4.558851e-2,4.439953e-2,4.358123e-2,4.513257e-2,4.517894e-2,5.192772e-2,5.054384e-2,4.926727e-2,4.861125e-2,4.762582e-2,4.554449e-2,4.761786e-2,4.793297e-2,4.804200e-2,4.763322e-2,4.859163e-2,4.643994e-2,4.559466e-2,4.584873e-2,4.557177e-2,4.571853e-2,4.010634e-2,3.878408e-2,3.914919e-2,3.828332e-2,3.757234e-2,3.813867e-2,3.710538e-2,3.712571e-2,3.088437e-2,2.994732e-2,2.961649e-2,2.982329e-2,2.972062e-2,2.965427e-2,3.085134e-2,3.052107e-2,3.501016e-2,3.662816e-2,3.856488e-2,3.789414e-2,3.761068e-2,3.831909e-2,3.837759e-2,3.906451e-2]},{"variance_ratio":0.900,"d_res":0,"d_eff":61,"mean_mse":1.329609e-1,"min_mse":9.445376e-2,"max_mse":1.608712e-1,"inflation_over_baseline":2.009476,"per_block_mses":[1.556546e-1,1.534163e-1,1.521852e-1,1.493174e-1,1.477980e-1,1.435714e-1,1.436015e-1,1.446316e-1,1.608712e-1,1.603986e-1,1.575248e-1,1.569318e-1,1.495640e-1,1.489398e-1,1.500960e-1,1.515048e-1,1.518043e-1,1.554681e-1,1.514319e-1,1.489953e-1,1.474977e-1,1.480810e-1,1.487729e-1,1.504504e-1,1.252876e-1,1.251119e-1,1.233430e-1,1.261208e-1,1.245360e-1,1.226009e-1,1.238238e-1,1.243383e-1,9.987865e-2,9.706463e-2,9.661430e-2,9.550523e-2,9.445376e-2,9.474676e-2,9.535718e-2,9.803470e-2,1.132213e-1,1.224034e-1,1.259038e-1,1.248849e-1,1.237170e-1,1.252983e-1,1.247610e-1,1.266051e-1]},{"variance_ratio":0.900,"d_res":2,"d_eff":61,"mean_mse":1.144623e-1,"min_mse":8.112326e-2,"max_mse":1.396944e-1,"inflation_over_baseline":1.729902,"per_block_mses":[1.354064e-1,1.339246e-1,1.318497e-1,1.287107e-1,1.274776e-1,1.230688e-1,1.232877e-1,1.245257e-1,1.396944e-1,1.379935e-1,1.356593e-1,1.348195e-1,1.285852e-1,1.281670e-1,1.291509e-1,1.304390e-1,1.323291e-1,1.346783e-1,1.311320e-1,1.289121e-1,1.274997e-1,1.278050e-1,1.284311e-1,1.300315e-1,1.080647e-1,1.075239e-1,1.058756e-1,1.079828e-1,1.066750e-1,1.046707e-1,1.056921e-1,1.062613e-1,8.696084e-2,8.421293e-2,8.358034e-2,8.203623e-2,8.112326e-2,8.172788e-2,8.208421e-2,8.475735e-2,9.722959e-2,1.048543e-1,1.073028e-1,1.062484e-1,1.054735e-1,1.064298e-1,1.063931e-1,1.074514e-1]},{"variance_ratio":0.900,"d_res":4,"d_eff":61,"mean_mse":1.022904e-1,"min_mse":7.253716e-2,"max_mse":1.256188e-1,"inflation_over_baseline":1.545944,"per_block_mses":[1.216311e-1,1.204252e-1,1.183564e-1,1.152436e-1,1.142500e-1,1.097644e-1,1.104078e-1,1.112097e-1,1.256188e-1,1.233426e-1,1.212879e-1,1.204910e-1,1.149648e-1,1.145077e-1,1.153872e-1,1.164908e-1,1.190811e-1,1.208368e-1,1.175786e-1,1.155652e-1,1.142083e-1,1.144617e-1,1.149087e-1,1.165808e-1,9.632198e-2,9.579852e-2,9.431891e-2,9.601842e-2,9.481378e-2,9.309251e-2,9.395088e-2,9.448000e-2,7.831077e-2,7.562860e-2,7.487083e-2,7.335427e-2,7.253716e-2,7.312789e-2,7.342876e-2,7.595582e-2,8.690326e-2,9.339158e-2,9.541153e-2,9.428899e-2,9.354321e-2,9.421291e-2,9.440013e-2,9.517724e-2]},{"variance_ratio":0.900,"d_res":8,"d_eff":61,"mean_mse":8.442673e-2,"min_mse":5.978730e-2,"max_mse":1.046803e-1,"inflation_over_baseline":1.275965,"per_block_mses":[1.012540e-1,1.002360e-1,9.823162e-2,9.527388e-2,9.459803e-2,9.045177e-2,9.134685e-2,9.175773e-2,1.046803e-1,1.018587e-1,1.001884e-1,9.956824e-2,9.503367e-2,9.457456e-2,9.539052e-2,9.618930e-2,9.929976e-2,1.003761e-1,9.760084e-2,9.592387e-2,9.458198e-2,9.474235e-2,9.507221e-2,9.674596e-2,7.895059e-2,7.850732e-2,7.737837e-2,7.849389e-2,7.759614e-2,7.618869e-2,7.678182e-2,7.730982e-2,6.535639e-2,6.293359e-2,6.197899e-2,6.061495e-2,5.978730e-2,6.033802e-2,6.068782e-2,6.282541e-2,7.178264e-2,7.669822e-2,7.830240e-2,7.708536e-2,7.647850e-2,7.675823e-2,7.703345e-2,7.763833e-2]},{"variance_ratio":0.850,"d_res":0,"d_eff":49,"mean_mse":1.994464e-1,"min_mse":1.418133e-1,"max_mse":2.450767e-1,"inflation_over_baseline":3.014291,"per_block_mses":[2.370625e-1,2.305767e-1,2.310096e-1,2.211215e-1,2.199533e-1,2.137099e-1,2.207760e-1,2.165467e-1,2.450767e-1,2.375723e-1,2.432325e-1,2.293118e-1,2.272687e-1,2.279036e-1,2.298628e-1,2.244909e-1,2.238740e-1,2.295858e-1,2.271481e-1,2.262019e-1,2.239809e-1,2.252607e-1,2.260364e-1,2.223015e-1,1.894104e-1,1.881647e-1,1.875630e-1,1.861025e-1,1.847331e-1,1.809830e-1,1.830487e-1,1.839509e-1,1.493281e-1,1.449518e-1,1.451478e-1,1.427713e-1,1.419806e-1,1.418133e-1,1.441082e-1,1.440085e-1,1.732468e-1,1.836114e-1,1.833343e-1,1.873881e-1,1.852555e-1,1.869483e-1,1.866458e-1,1.890663e-1]},{"variance_ratio":0.850,"d_res":2,"d_eff":49,"mean_mse":1.723055e-1,"min_mse":1.222299e-1,"max_mse":2.134162e-1,"inflation_over_baseline":2.604103,"per_block_mses":[2.059780e-1,2.000761e-1,2.002341e-1,1.911188e-1,1.899521e-1,1.847915e-1,1.909229e-1,1.872261e-1,2.134162e-1,2.060519e-1,2.112877e-1,1.991473e-1,1.980335e-1,1.976714e-1,1.986612e-1,1.940744e-1,1.945676e-1,1.985213e-1,1.965526e-1,1.954503e-1,1.932609e-1,1.938581e-1,1.953896e-1,1.921627e-1,1.630703e-1,1.625874e-1,1.620087e-1,1.601687e-1,1.587293e-1,1.551518e-1,1.571077e-1,1.579998e-1,1.304232e-1,1.257165e-1,1.256107e-1,1.229336e-1,1.222299e-1,1.228616e-1,1.252600e-1,1.248383e-1,1.497386e-1,1.581165e-1,1.571291e-1,1.607436e-1,1.584542e-1,1.606123e-1,1.594652e-1,1.613010e-1]},{"variance_ratio":0.850,"d_res":4,"d_eff":49,"mean_mse":1.543793e-1,"min_mse":1.094689e-1,"max_mse":1.919833e-1,"inflation_over_baseline":2.333179,