{"n_vecs":24576,"dim":128,"n_blocks":48,"block_size":512,"baseline_mse":7.466657e-2,"cells":[{"variance_ratio":0.950,"d_res":0,"d_eff":80,"mean_mse":7.466657e-2,"min_mse":4.962715e-2,"max_mse":9.355445e-2,"inflation_over_baseline":1.000000,"per_block_mses":[5.872416e-2,5.580178e-2,5.356161e-2,5.296186e-2,5.245857e-2,4.990264e-2,4.992934e-2,4.962715e-2,8.470109e-2,8.672898e-2,9.060472e-2,9.026285e-2,8.974600e-2,8.886177e-2,8.951263e-2,8.963164e-2,8.942877e-2,8.949218e-2,8.642347e-2,8.837014e-2,8.729453e-2,8.557776e-2,8.631127e-2,8.616043e-2,6.836340e-2,6.928873e-2,6.684063e-2,6.893568e-2,6.791914e-2,6.769974e-2,6.891679e-2,6.576762e-2,8.454171e-2,9.197205e-2,9.019805e-2,9.355445e-2,8.998593e-2,8.971861e-2,9.060467e-2,9.152665e-2,5.854970e-2,6.117616e-2,6.196078e-2,6.077061e-2,6.291208e-2,6.040357e-2,6.024729e-2,6.006619e-2]},{"variance_ratio":0.950,"d_res":2,"d_eff":80,"mean_mse":6.362424e-2,"min_mse":4.243828e-2,"max_mse":7.931446e-2,"inflation_over_baseline":0.852111,"per_block_mses":[5.040790e-2,4.790588e-2,4.593294e-2,4.531182e-2,4.485573e-2,4.270618e-2,4.269233e-2,4.243828e-2,7.239166e-2,7.414727e-2,7.758910e-2,7.717511e-2,7.654532e-2,7.555660e-2,7.604495e-2,7.641564e-2,7.618353e-2,7.594992e-2,7.312225e-2,7.497185e-2,7.407204e-2,7.275393e-2,7.318673e-2,7.302818e-2,5.893153e-2,5.952286e-2,5.710548e-2,5.908087e-2,5.799081e-2,5.779399e-2,5.893079e-2,5.628295e-2,7.136741e-2,7.759401e-2,7.635269e-2,7.931446e-2,7.606463e-2,7.583455e-2,7.649876e-2,7.761564e-2,5.019103e-2,5.241459e-2,5.297649e-2,5.201381e-2,5.405563e-2,5.178525e-2,5.141495e-2,5.144535e-2]},{"variance_ratio":0.950,"d_res":4,"d_eff":80,"mean_mse":5.644445e-2,"min_mse":3.784863e-2,"max_mse":6.999337e-2,"inflation_over_baseline":0.755953,"per_block_mses":[4.506075e-2,4.283977e-2,4.103317e-2,4.042304e-2,4.001955e-2,3.813583e-2,3.807372e-2,3.784863e-2,6.452700e-2,6.603573e-2,6.911551e-2,6.861614e-2,6.786458e-2,6.692009e-2,6.744535e-2,6.790823e-2,6.756621e-2,6.726290e-2,6.456121e-2,6.639786e-2,6.558685e-2,6.442486e-2,6.477089e-2,6.465900e-2,5.255101e-2,5.300284e-2,5.063222e-2,5.241943e-2,5.145580e-2,5.129702e-2,5.244444e-2,4.999578e-2,6.294897e-2,6.828190e-2,6.732894e-2,6.999337e-2,6.707071e-2,6.687646e-2,6.744965e-2,6.842267e-2,4.463915e-2,4.657410e-2,4.708143e-2,4.625888e-2,4.807912e-2,4.601683e-2,4.568363e-2,4.573250e-2]},{"variance_ratio":0.950,"d_res":8,"d_eff":80,"mean_mse":4.596114e-2,"min_mse":3.113232e-2,"max_mse":5.675001e-2,"inflation_over_baseline":0.615552,"per_block_mses":[3.727574e-2,3.535205e-2,3.387249e-2,3.323980e-2,3.295211e-2,3.138389e-2,3.129991e-2,3.113232e-2,5.324393e-2,5.429910e-2,5.675001e-2,5.611423e-2,5.532403e-2,5.445097e-2,5.507190e-2,5.559038e-2,5.506333e-2,5.455737e-2,5.213721e-2,5.382278e-2,5.311531e-2,5.225708e-2,5.247191e-2,5.254756e-2,4.302440e-2,4.341082e-2,4.118195e-2,4.268635e-2,4.186492e-2,4.179262e-2,4.287076e-2,4.077559e-2,5.070212e-2,5.491598e-2,5.432641e-2,5.644742e-2,5.394368e-2,5.382071e-2,5.420862e-2,5.503096e-2,3.649463e-2,3.794378e-2,3.839439e-2,3.779219e-2,3.927331e-2,3.747851e-2,3.722087e-2,3.720824e-2]},{"variance_ratio":0.900,"d_res":0,"d_eff":62,"mean_mse":1.498266e-1,"min_mse":1.016113e-1,"max_mse":1.871146e-1,"inflation_over_baseline":2.006608,"per_block_mses":[1.144692e-1,1.110189e-1,1.076146e-1,1.031045e-1,1.025619e-1,1.017612e-1,1.020019e-1,1.016113e-1,1.735502e-1,1.771175e-1,1.784368e-1,1.791805e-1,1.792807e-1,1.776234e-1,1.766390e-1,1.770675e-1,1.733385e-1,1.761568e-1,1.765022e-1,1.798893e-1,1.773311e-1,1.754410e-1,1.754660e-1,1.699410e-1,1.401887e-1,1.381525e-1,1.390553e-1,1.372996e-1,1.360685e-1,1.357828e-1,1.369190e-1,1.327779e-1,1.678303e-1,1.785821e-1,1.823365e-1,1.871146e-1,1.861813e-1,1.850140e-1,1.808070e-1,1.829737e-1,1.199791e-1,1.226579e-1,1.243363e-1,1.221545e-1,1.225284e-1,1.218292e-1,1.219182e-1,1.220830e-1]},{"variance_ratio":0.900,"d_res":2,"d_eff":62,"mean_mse":1.283277e-1,"min_mse":8.844891e-2,"max_mse":1.584025e-1,"inflation_over_baseline":1.718677,"per_block_mses":[9.965958e-2,9.693274e-2,9.383586e-2,8.952402e-2,8.910843e-2,8.865003e-2,8.898978e-2,8.844891e-2,1.496875e-1,1.532026e-1,1.546684e-1,1.551558e-1,1.554305e-1,1.537769e-1,1.526938e-1,1.529913e-1,1.480362e-1,1.490989e-1,1.489543e-1,1.521509e-1,1.496771e-1,1.479258e-1,1.486156e-1,1.431810e-1,1.213996e-1,1.194234e-1,1.197922e-1,1.181362e-1,1.169586e-1,1.166577e-1,1.180823e-1,1.149866e-1,1.419502e-1,1.514391e-1,1.546444e-1,1.584025e-1,1.574846e-1,1.566348e-1,1.532980e-1,1.560153e-1,1.030624e-1,1.048434e-1,1.060474e-1,1.042724e-1,1.041126e-1,1.035613e-1,1.037563e-1,1.043734e-1]},{"variance_ratio":0.900,"d_res":4,"d_eff":62,"mean_mse":1.143635e-1,"min_mse":7.958395e-2,"max_mse":1.397587e-1,"inflation_over_baseline":1.531656,"per_block_mses":[8.977185e-2,8.740375e-2,8.448739e-2,8.044945e-2,8.010512e-2,7.984708e-2,8.002787e-2,7.958395e-2,1.343038e-1,1.374836e-1,1.391129e-1,1.392001e-1,1.392116e-1,1.375259e-1,1.364755e-1,1.370413e-1,1.318393e-1,1.320864e-1,1.320766e-1,1.350880e-1,1.324676e-1,1.309607e-1,1.314839e-1,1.268737e-1,1.087763e-1,1.068803e-1,1.071627e-1,1.055017e-1,1.043607e-1,1.042991e-1,1.055974e-1,1.029607e-1,1.256148e-1,1.338425e-1,1.364864e-1,1.397587e-1,1.391055e-1,1.384404e-1,1.357124e-1,1.382153e-1,9.187612e-2,9.331452e-2,9.421238e-2,9.275638e-2,9.264214e-2,9.201049e-2,9.221352e-2,9.280121e-2]},{"variance_ratio":0.900,"d_res":8,"d_eff":62,"mean_mse":9.392868e-2,"min_mse":6.625814e-2,"max_mse":1.157490e-1,"inflation_over_baseline":1.257975,"per_block_mses":[7.496046e-2,7.301681e-2,7.041121e-2,6.683884e-2,6.666403e-2,6.651294e-2,6.665182e-2,6.625814e-2,1.115634e-1,1.141941e-1,1.157490e-1,1.152497e-1,1.151188e-1,1.137668e-1,1.126767e-1,1.134476e-1,1.083539e-1,1.076459e-1,1.077624e-1,1.104385e-1,1.081721e-1,1.066637e-1,1.071653e-1,1.035458e-1,9.001925e-2,8.832235e-2,8.841460e-2,8.696653e-2,8.598014e-2,8.611346e-2,8.717250e-2,8.517984e-2,1.018261e-1,1.084803e-1,1.101863e-1,1.129140e-1,1.126261e-1,1.118705e-1,1.099564e-1,1.124123e-1,7.561439e-2,7.647839e-2,7.697930e-2,7.587861e-2,7.595771e-2,7.515853e-2,7.530150e-2,7.593963e-2]},{"variance_ratio":0.850,"d_res":0,"d_eff":50,"mean_mse":2.253176e-1,"min_mse":1.522382e-1,"max_mse":2.765140e-1,"inflation_over_baseline":3.017650,"per_block_mses":[1.733839e-1,1.658779e-1,1.618754e-1,1.563247e-1,1.544563e-1,1.537594e-1,1.534258e-1,1.522382e-1,2.564445e-1,2.673120e-1,2.709036e-1,2.721769e-1,2.724684e-1,2.706624e-1,2.685896e-1,2.695973e-1,2.647285e-1,2.651720e-1,2.658076e-1,2.702637e-1,2.666726e-1,2.640304e-1,2.638644e-1,2.563160e-1,2.109914e-1,2.093386e-1,2.041311e-1,2.031402e-1,2.088164e-1,2.008893e-1,2.014269e-1,2.020588e-1,2.522121e-1,2.716961e-1,2.765140e-1,2.738521e-1,2.729290e-1,2.703496e-1,2.718328e-1,2.744428e-1,1.767937e-1,1.847012e-1,1.887711e-1,1.868855e-1,1.865539e-1,1.858714e-1,1.854360e-1,1.792602e-1]},{"variance_ratio":0.850,"d_res":2,"d_eff":50,"mean_mse":1.938854e-1,"min_mse":1.330946e-1,"max_mse":2.372665e-1,"inflation_over_baseline":2.596682,"per_block_mses":[1.515510e-1,1.448114e-1,1.409997e-1,1.362839e-1,1.347625e-1,1.342749e-1,1.341353e-1,1.330946e-1,2.224144e-1,2.320403e-1,2.354686e-1,2.361611e-1,2.372665e-1,2.354859e-1,2.339769e-1,2.352670e-1,2.249412e-1,2.256837e-1,2.267603e-1,2.291265e-1,2.267161e-1,2.237453e-1,2.239274e-1,2.177691e-1,1.832960e-1,1.815419e-1,1.770595e-1,1.760268e-1,1.809198e-1,1.734907e-1,1.748500e-1,1.754255e-1,2.153859e-1,2.333570e-1,2.364710e-1,2.336763e-1,2.331104e-1,2.302924e-1,2.308238e-1,2.341992e-1,1.520896e-1,1.585464e-1,1.611084e-1,1.597120e-1,1.586293e-1,1.583159e-1,1.580917e-1,1.534140e-1]},{"variance_ratio":0.850,"d_res":4,"d_eff":50,"mean_mse":1.732222e-1,"min_mse":1.199144e-1,"max_mse":2.134878e-1,"inflation_over_baseline":2.319944,