{"n_vecs":24576,"dim":128,"n_blocks":48,"block_size":512,"baseline_mse":8.240216e-2,"cells":[{"variance_ratio":0.950,"d_res":0,"d_eff":74,"mean_mse":8.240216e-2,"min_mse":6.530252e-2,"max_mse":1.045624e-1,"inflation_over_baseline":1.000000,"per_block_mses":[7.519843e-2,7.800262e-2,7.897064e-2,7.792858e-2,7.792599e-2,7.549089e-2,7.595577e-2,7.528057e-2,6.530252e-2,6.640369e-2,6.753562e-2,6.758205e-2,6.760468e-2,6.810370e-2,6.822730e-2,6.789176e-2,7.616347e-2,7.987478e-2,7.986369e-2,7.964973e-2,8.018608e-2,7.685691e-2,7.929094e-2,7.887976e-2,9.227465e-2,9.563202e-2,9.680383e-2,9.552046e-2,9.446936e-2,9.452140e-2,9.312214e-2,9.428392e-2,7.227336e-2,7.530937e-2,7.468193e-2,7.564983e-2,7.772836e-2,7.770869e-2,7.761584e-2,7.454768e-2,9.950638e-2,1.030518e-1,1.045624e-1,1.020103e-1,1.028156e-1,9.999177e-2,9.805630e-2,9.899635e-2]},{"variance_ratio":0.950,"d_res":2,"d_eff":74,"mean_mse":7.042203e-2,"min_mse":5.634103e-2,"max_mse":8.977621e-2,"inflation_over_baseline":0.854614,"per_block_mses":[6.467312e-2,6.714928e-2,6.795317e-2,6.714140e-2,6.719103e-2,6.516841e-2,6.530186e-2,6.481140e-2,5.634103e-2,5.721837e-2,5.841093e-2,5.834216e-2,5.850736e-2,5.877961e-2,5.890453e-2,5.850571e-2,6.462077e-2,6.780696e-2,6.770101e-2,6.699780e-2,6.758742e-2,6.507201e-2,6.717238e-2,6.680803e-2,7.877516e-2,8.115576e-2,8.211817e-2,8.074055e-2,8.000312e-2,7.968790e-2,7.872015e-2,7.983640e-2,6.183365e-2,6.447915e-2,6.367429e-2,6.480074e-2,6.622032e-2,6.640920e-2,6.624890e-2,6.356691e-2,8.517614e-2,8.813196e-2,8.977621e-2,8.738279e-2,8.847216e-2,8.590456e-2,8.407228e-2,8.490516e-2]},{"variance_ratio":0.950,"d_res":4,"d_eff":74,"mean_mse":6.258028e-2,"min_mse":5.050466e-2,"max_mse":7.994896e-2,"inflation_over_baseline":0.759449,"per_block_mses":[5.784516e-2,5.993756e-2,6.066146e-2,6.001803e-2,6.005680e-2,5.826547e-2,5.830997e-2,5.805209e-2,5.050466e-2,5.118780e-2,5.232852e-2,5.221209e-2,5.243672e-2,5.262343e-2,5.273158e-2,5.223773e-2,5.710961e-2,5.986104e-2,5.983010e-2,5.907457e-2,5.954950e-2,5.732904e-2,5.936958e-2,5.896701e-2,6.999105e-2,7.202517e-2,7.265744e-2,7.125349e-2,7.057508e-2,7.021023e-2,6.949458e-2,7.055905e-2,5.490464e-2,5.718952e-2,5.645811e-2,5.755385e-2,5.872870e-2,5.895002e-2,5.867554e-2,5.643768e-2,7.576289e-2,7.834711e-2,7.994896e-2,7.772251e-2,7.888693e-2,7.645318e-2,7.495289e-2,7.561520e-2]},{"variance_ratio":0.950,"d_res":8,"d_eff":74,"mean_mse":5.116187e-2,"min_mse":4.196107e-2,"max_mse":6.555134e-2,"inflation_over_baseline":0.620880,"per_block_mses":[4.786330e-2,4.938284e-2,4.996038e-2,4.959880e-2,4.959273e-2,4.803943e-2,4.803177e-2,4.795860e-2,4.196107e-2,4.239028e-2,4.334668e-2,4.318980e-2,4.347153e-2,4.354995e-2,4.364703e-2,4.313804e-2,4.628275e-2,4.838177e-2,4.835599e-2,4.771823e-2,4.809310e-2,4.631256e-2,4.802331e-2,4.778117e-2,5.714093e-2,5.880086e-2,5.900272e-2,5.776933e-2,5.698821e-2,5.668010e-2,5.627901e-2,5.718282e-2,4.484163e-2,4.661435e-2,4.598527e-2,4.689249e-2,4.780286e-2,4.811786e-2,4.768154e-2,4.599700e-2,6.192852e-2,6.406785e-2,6.555134e-2,6.357218e-2,6.469322e-2,6.263098e-2,6.154292e-2,6.193463e-2]},{"variance_ratio":0.900,"d_res":0,"d_eff":54,"mean_mse":1.646420e-1,"min_mse":1.294352e-1,"max_mse":2.064120e-1,"inflation_over_baseline":1.998030,"per_block_mses":[1.514975e-1,1.547181e-1,1.552080e-1,1.538589e-1,1.548785e-1,1.560227e-1,1.522636e-1,1.517853e-1,1.294352e-1,1.346010e-1,1.378510e-1,1.358793e-1,1.363005e-1,1.340342e-1,1.373506e-1,1.373460e-1,1.551013e-1,1.582257e-1,1.555717e-1,1.564089e-1,1.572415e-1,1.578826e-1,1.561055e-1,1.565291e-1,1.850001e-1,1.922959e-1,1.913214e-1,1.912499e-1,1.889906e-1,1.909841e-1,1.879781e-1,1.834504e-1,1.411757e-1,1.528518e-1,1.517237e-1,1.528625e-1,1.568119e-1,1.516514e-1,1.557206e-1,1.515560e-1,1.990277e-1,2.036508e-1,2.064120e-1,2.051676e-1,2.005038e-1,2.008492e-1,1.966931e-1,1.987919e-1]},{"variance_ratio":0.900,"d_res":2,"d_eff":54,"mean_mse":1.419451e-1,"min_mse":1.120682e-1,"max_mse":1.786360e-1,"inflation_over_baseline":1.722590,"per_block_mses":[1.306871e-1,1.329748e-1,1.335713e-1,1.321963e-1,1.330869e-1,1.340340e-1,1.305305e-1,1.297724e-1,1.120682e-1,1.171805e-1,1.196446e-1,1.179296e-1,1.185924e-1,1.162953e-1,1.194564e-1,1.189187e-1,1.328267e-1,1.374147e-1,1.345538e-1,1.348566e-1,1.359928e-1,1.363264e-1,1.338509e-1,1.343687e-1,1.599517e-1,1.651555e-1,1.638832e-1,1.641923e-1,1.621400e-1,1.636610e-1,1.616231e-1,1.573012e-1,1.212815e-1,1.317891e-1,1.304016e-1,1.310263e-1,1.344257e-1,1.300654e-1,1.328264e-1,1.295874e-1,1.729032e-1,1.769033e-1,1.786360e-1,1.773167e-1,1.735986e-1,1.745001e-1,1.706306e-1,1.724358e-1]},{"variance_ratio":0.900,"d_res":4,"d_eff":54,"mean_mse":1.268844e-1,"min_mse":1.005824e-1,"max_mse":1.603062e-1,"inflation_over_baseline":1.539819,"per_block_mses":[1.169780e-1,1.187484e-1,1.192804e-1,1.179078e-1,1.187979e-1,1.196103e-1,1.164814e-1,1.154988e-1,1.005824e-1,1.053797e-1,1.073272e-1,1.057037e-1,1.064449e-1,1.043863e-1,1.072905e-1,1.064703e-1,1.186175e-1,1.232155e-1,1.203445e-1,1.202751e-1,1.215342e-1,1.218096e-1,1.192642e-1,1.198217e-1,1.430922e-1,1.474937e-1,1.460033e-1,1.463894e-1,1.446569e-1,1.457111e-1,1.439900e-1,1.398038e-1,1.083367e-1,1.175401e-1,1.163278e-1,1.167001e-1,1.196390e-1,1.157541e-1,1.181624e-1,1.152401e-1,1.552740e-1,1.588267e-1,1.603062e-1,1.590347e-1,1.557935e-1,1.567092e-1,1.531561e-1,1.547414e-1]},{"variance_ratio":0.900,"d_res":8,"d_eff":54,"mean_mse":1.047291e-1,"min_mse":8.354224e-2,"max_mse":1.332148e-1,"inflation_over_baseline":1.270951,"per_block_mses":[9.684237e-2,9.796084e-2,9.822899e-2,9.711725e-2,9.788184e-2,9.849555e-2,9.589485e-2,9.498832e-2,8.354224e-2,8.781586e-2,8.909622e-2,8.766384e-2,8.836051e-2,8.682040e-2,8.911657e-2,8.815287e-2,9.769582e-2,1.020471e-1,9.939243e-2,9.894972e-2,1.002020e-1,1.005412e-1,9.790043e-2,9.865550e-2,1.182720e-1,1.215239e-1,1.198600e-1,1.204080e-1,1.189692e-1,1.200409e-1,1.182418e-1,1.147121e-1,8.909972e-2,9.634509e-2,9.548185e-2,9.571163e-2,9.787674e-2,9.455764e-2,9.652269e-2,9.418669e-2,1.290248e-1,1.320741e-1,1.332148e-1,1.320550e-1,1.294690e-1,1.301462e-1,1.271786e-1,1.286614e-1]},{"variance_ratio":0.850,"d_res":0,"d_eff":41,"mean_mse":2.474144e-1,"min_mse":1.942533e-1,"max_mse":3.109848e-1,"inflation_over_baseline":3.002523,"per_block_mses":[2.239838e-1,2.363500e-1,2.376072e-1,2.297859e-1,2.310317e-1,2.328593e-1,2.339906e-1,2.278870e-1,1.942533e-1,2.036418e-1,2.037605e-1,2.018933e-1,2.074818e-1,2.037518e-1,2.029196e-1,2.038121e-1,2.304808e-1,2.385508e-1,2.369787e-1,2.391803e-1,2.417645e-1,2.333234e-1,2.323759e-1,2.319453e-1,2.735795e-1,2.827969e-1,2.840611e-1,2.869745e-1,2.833370e-1,2.870774e-1,2.821303e-1,2.822251e-1,2.141520e-1,2.255083e-1,2.308090e-1,2.260088e-1,2.337086e-1,2.318867e-1,2.300109e-1,2.309282e-1,3.013667e-1,3.086777e-1,3.109848e-1,3.076044e-1,3.070370e-1,3.055104e-1,2.984763e-1,2.914277e-1]},{"variance_ratio":0.850,"d_res":2,"d_eff":41,"mean_mse":2.132206e-1,"min_mse":1.685275e-1,"max_mse":2.696903e-1,"inflation_over_baseline":2.587561,"per_block_mses":[1.918702e-1,2.030003e-1,2.046871e-1,1.976807e-1,1.994067e-1,2.003300e-1,2.011578e-1,1.956181e-1,1.685275e-1,1.766229e-1,1.770273e-1,1.752489e-1,1.797473e-1,1.766181e-1,1.763351e-1,1.765455e-1,1.968511e-1,2.033212e-1,2.021768e-1,2.042916e-1,2.055480e-1,1.993728e-1,1.974353e-1,1.968595e-1,2.382504e-1,2.455662e-1,2.451044e-1,2.477291e-1,2.448606e-1,2.475433e-1,2.435068e-1,2.427074e-1,1.846121e-1,1.936291e-1,1.987389e-1,1.941169e-1,2.004864e-1,1.983030e-1,1.965522e-1,1.971465e-1,2.601952e-1,2.668374e-1,2.696903e-1,2.672562e-1,2.661915e-1,2.659079e-1,2.597338e-1,2.536442e-1]},{"variance_ratio":0.850,"d_res":4,"d_eff":41,"mean_mse":1.907697e-1,"min_mse":1.516446e-1,"max_mse":2.426714e-1,"inflation_over_baseline":2.315106,