{"n_vecs":24576,"dim":128,"n_blocks":48,"block_size":512,"baseline_mse":6.630871e-2,"cells":[{"variance_ratio":0.950,"d_res":0,"d_eff":86,"mean_mse":6.630871e-2,"min_mse":5.310891e-2,"max_mse":8.016304e-2,"inflation_over_baseline":1.000000,"per_block_mses":[5.346856e-2,5.708041e-2,5.991100e-2,5.954129e-2,6.029447e-2,6.122746e-2,6.091153e-2,6.156001e-2,7.760587e-2,7.828726e-2,7.862538e-2,7.957613e-2,7.908428e-2,7.863328e-2,7.864297e-2,8.016304e-2,6.497900e-2,6.654679e-2,6.816223e-2,6.620547e-2,6.910896e-2,6.742189e-2,6.818413e-2,6.857236e-2,5.507404e-2,6.129649e-2,6.432587e-2,6.465300e-2,6.463875e-2,6.256937e-2,6.448160e-2,6.308237e-2,6.827761e-2,7.274983e-2,7.430498e-2,7.332233e-2,7.259096e-2,7.326912e-2,7.292347e-2,7.277110e-2,5.310891e-2,5.680108e-2,5.787120e-2,5.829763e-2,5.787140e-2,5.747718e-2,5.798212e-2,5.928394e-2]},{"variance_ratio":0.950,"d_res":2,"d_eff":86,"mean_mse":5.705067e-2,"min_mse":4.558206e-2,"max_mse":6.927718e-2,"inflation_over_baseline":0.860380,"per_block_mses":[4.558206e-2,4.861468e-2,5.138135e-2,5.090284e-2,5.159128e-2,5.259482e-2,5.194036e-2,5.261231e-2,6.752485e-2,6.769274e-2,6.778897e-2,6.877901e-2,6.845220e-2,6.789442e-2,6.785207e-2,6.927718e-2,5.556101e-2,5.731958e-2,5.869355e-2,5.700034e-2,5.939031e-2,5.822552e-2,5.872994e-2,5.913419e-2,4.764990e-2,5.292636e-2,5.522553e-2,5.553329e-2,5.544977e-2,5.385550e-2,5.539060e-2,5.430660e-2,5.858470e-2,6.265059e-2,6.405885e-2,6.292169e-2,6.238151e-2,6.313110e-2,6.258402e-2,6.260200e-2,4.587706e-2,4.910952e-2,4.991083e-2,4.996767e-2,4.969808e-2,4.950814e-2,4.982267e-2,5.075050e-2]},{"variance_ratio":0.950,"d_res":4,"d_eff":86,"mean_mse":5.093782e-2,"min_mse":4.032708e-2,"max_mse":6.219213e-2,"inflation_over_baseline":0.768192,"per_block_mses":[4.032708e-2,4.288281e-2,4.560231e-2,4.510112e-2,4.570108e-2,4.678748e-2,4.611669e-2,4.674790e-2,6.063017e-2,6.071699e-2,6.065316e-2,6.168854e-2,6.143449e-2,6.089551e-2,6.074290e-2,6.219213e-2,4.961366e-2,5.124129e-2,5.240879e-2,5.089094e-2,5.294531e-2,5.210016e-2,5.249456e-2,5.289027e-2,4.263459e-2,4.720632e-2,4.919020e-2,4.943265e-2,4.933858e-2,4.803934e-2,4.928768e-2,4.838340e-2,5.241664e-2,5.608816e-2,5.736844e-2,5.629869e-2,5.581764e-2,5.657883e-2,5.598238e-2,5.609548e-2,4.098956e-2,4.388624e-2,4.453513e-2,4.451604e-2,4.433648e-2,4.422265e-2,4.441538e-2,4.514952e-2]},{"variance_ratio":0.950,"d_res":8,"d_eff":86,"mean_mse":4.194377e-2,"min_mse":3.271340e-2,"max_mse":5.155792e-2,"inflation_over_baseline":0.632553,"per_block_mses":[3.271340e-2,3.458025e-2,3.717765e-2,3.663409e-2,3.708409e-2,3.821134e-2,3.768755e-2,3.818744e-2,5.027799e-2,5.028291e-2,5.014480e-2,5.110540e-2,5.105513e-2,5.049243e-2,5.026459e-2,5.155792e-2,4.096333e-2,4.230614e-2,4.320813e-2,4.189775e-2,4.357951e-2,4.304157e-2,4.324718e-2,4.361175e-2,3.517799e-2,3.880364e-2,4.029936e-2,4.048835e-2,4.031107e-2,3.944799e-2,4.032069e-2,3.973254e-2,4.337867e-2,4.647790e-2,4.757016e-2,4.664543e-2,4.615717e-2,4.694114e-2,4.634399e-2,4.648910e-2,3.382344e-2,3.619892e-2,3.663871e-2,3.653287e-2,3.644533e-2,3.633898e-2,3.649438e-2,3.693084e-2]},{"variance_ratio":0.900,"d_res":0,"d_eff":67,"mean_mse":1.328491e-1,"min_mse":1.077611e-1,"max_mse":1.612855e-1,"inflation_over_baseline":2.003494,"per_block_mses":[1.083525e-1,1.157623e-1,1.204955e-1,1.204272e-1,1.207878e-1,1.218977e-1,1.217423e-1,1.199496e-1,1.573690e-1,1.612855e-1,1.567224e-1,1.584102e-1,1.571601e-1,1.566393e-1,1.568582e-1,1.600037e-1,1.298062e-1,1.330659e-1,1.370505e-1,1.340964e-1,1.359103e-1,1.373396e-1,1.379820e-1,1.351799e-1,1.092707e-1,1.220669e-1,1.266578e-1,1.268862e-1,1.305381e-1,1.280149e-1,1.262874e-1,1.288101e-1,1.381501e-1,1.456879e-1,1.482220e-1,1.468310e-1,1.493371e-1,1.461704e-1,1.495914e-1,1.451907e-1,1.077611e-1,1.165074e-1,1.148986e-1,1.153624e-1,1.144127e-1,1.145990e-1,1.142309e-1,1.169768e-1]},{"variance_ratio":0.900,"d_res":2,"d_eff":67,"mean_mse":1.148155e-1,"min_mse":9.328600e-2,"max_mse":1.392098e-1,"inflation_over_baseline":1.731530,"per_block_mses":[9.394482e-2,9.980392e-2,1.040754e-1,1.043817e-1,1.048291e-1,1.059070e-1,1.052947e-1,1.034892e-1,1.362863e-1,1.392098e-1,1.358570e-1,1.373304e-1,1.358643e-1,1.360555e-1,1.358205e-1,1.391484e-1,1.123008e-1,1.147839e-1,1.178387e-1,1.155889e-1,1.172003e-1,1.181782e-1,1.189752e-1,1.164216e-1,9.521248e-2,1.051582e-1,1.087723e-1,1.088378e-1,1.121807e-1,1.106840e-1,1.088328e-1,1.112631e-1,1.196370e-1,1.263763e-1,1.286307e-1,1.272528e-1,1.296587e-1,1.267222e-1,1.292310e-1,1.258768e-1,9.328600e-2,1.001464e-1,9.904697e-2,9.932785e-2,9.830680e-2,9.879170e-2,9.863468e-2,1.006917e-1]},{"variance_ratio":0.900,"d_res":4,"d_eff":67,"mean_mse":1.028426e-1,"min_mse":8.377333e-2,"max_mse":1.249357e-1,"inflation_over_baseline":1.550967,"per_block_mses":[8.420153e-2,8.918916e-2,9.309463e-2,9.347410e-2,9.393133e-2,9.493311e-2,9.437618e-2,9.248042e-2,1.222522e-1,1.246605e-1,1.218923e-1,1.232703e-1,1.218537e-1,1.221588e-1,1.218469e-1,1.249357e-1,1.006413e-1,1.026314e-1,1.052261e-1,1.033122e-1,1.046288e-1,1.056660e-1,1.063609e-1,1.041263e-1,8.561682e-2,9.400175e-2,9.728495e-2,9.713097e-2,1.001077e-1,9.908218e-2,9.740706e-2,9.964942e-2,1.073696e-1,1.134831e-1,1.155225e-1,1.140679e-1,1.165613e-1,1.138405e-1,1.159292e-1,1.128939e-1,8.377333e-2,8.960132e-2,8.866014e-2,8.878007e-2,8.780609e-2,8.833020e-2,8.844670e-2,8.995560e-2]},{"variance_ratio":0.900,"d_res":8,"d_eff":67,"mean_mse":8.515325e-2,"min_mse":6.957416e-2,"max_mse":1.036409e-1,"inflation_over_baseline":1.284194,"per_block_mses":[6.967466e-2,7.369236e-2,7.686743e-2,7.724032e-2,7.776120e-2,7.849573e-2,7.815906e-2,7.642320e-2,1.015104e-1,1.034335e-1,1.011869e-1,1.023698e-1,1.010324e-1,1.014180e-1,1.010803e-1,1.036409e-1,8.339367e-2,8.472073e-2,8.681750e-2,8.535023e-2,8.627134e-2,8.721803e-2,8.796965e-2,8.601184e-2,7.120416e-2,7.766655e-2,8.034528e-2,7.989779e-2,8.244866e-2,8.190184e-2,8.044961e-2,8.246268e-2,8.927854e-2,9.427660e-2,9.605650e-2,9.446182e-2,9.698298e-2,9.469919e-2,9.622636e-2,9.376249e-2,6.957416e-2,7.425844e-2,7.331201e-2,7.333272e-2,7.250773e-2,7.300767e-2,7.323138e-2,7.427169e-2]},{"variance_ratio":0.850,"d_res":0,"d_eff":53,"mean_mse":1.993692e-1,"min_mse":1.605789e-1,"max_mse":2.420672e-1,"inflation_over_baseline":3.006682,"per_block_mses":[1.605789e-1,1.776213e-1,1.785769e-1,1.795677e-1,1.794890e-1,1.821250e-1,1.816155e-1,1.847977e-1,2.328504e-1,2.388382e-1,2.420672e-1,2.363937e-1,2.351198e-1,2.339918e-1,2.408668e-1,2.381558e-1,1.909800e-1,2.032029e-1,2.043209e-1,1.997632e-1,2.030045e-1,2.040470e-1,2.059104e-1,2.014226e-1,1.636202e-1,1.848154e-1,1.916152e-1,1.918356e-1,1.904704e-1,1.924191e-1,1.894670e-1,1.925416e-1,2.065688e-1,2.191115e-1,2.215789e-1,2.198329e-1,2.243674e-1,2.192288e-1,2.242985e-1,2.186817e-1,1.610195e-1,1.746221e-1,1.777638e-1,1.780301e-1,1.719192e-1,1.728760e-1,1.716851e-1,1.760446e-1]},{"variance_ratio":0.850,"d_res":2,"d_eff":53,"mean_mse":1.727505e-1,"min_mse":1.392909e-1,"max_mse":2.100057e-1,"inflation_over_baseline":2.605246,"per_block_mses":[1.392909e-1,1.538652e-1,1.543369e-1,1.554568e-1,1.557351e-1,1.578785e-1,1.571622e-1,1.603491e-1,2.018115e-1,2.063920e-1,2.100057e-1,2.044787e-1,2.029127e-1,2.021693e-1,2.078158e-1,2.058878e-1,1.658569e-1,1.767820e-1,1.774572e-1,1.732062e-1,1.762370e-1,1.767952e-1,1.779168e-1,1.743041e-1,1.428299e-1,1.595262e-1,1.650579e-1,1.655178e-1,1.640496e-1,1.670384e-1,1.639703e-1,1.667463e-1,1.789430e-1,1.904699e-1,1.926775e-1,1.911252e-1,1.951611e-1,1.906236e-1,1.954538e-1,1.901233e-1,1.398693e-1,1.512935e-1,1.536889e-1,1.540358e-1,1.487237e-1,1.497125e-1,1.487493e-1,1.525350e-1]},{"variance_ratio":0.850,"d_res":4,"d_eff":53,"mean_mse":1.549632e-1,"min_mse":1.250036e-1,"max_mse":1.886823e-1,"inflation_over_baseline":2.336996,