{"n_vecs":24576,"dim":128,"n_blocks":48,"block_size":512,"baseline_mse":8.132382e-2,"cells":[{"variance_ratio":0.950,"d_res":0,"d_eff":72,"mean_mse":8.132382e-2,"min_mse":6.250950e-2,"max_mse":1.095196e-1,"inflation_over_baseline":1.000000,"per_block_mses":[7.281718e-2,7.486757e-2,7.563313e-2,7.421152e-2,7.477283e-2,7.436876e-2,7.503515e-2,7.274590e-2,7.128312e-2,7.052622e-2,7.301058e-2,7.331092e-2,7.244564e-2,7.145059e-2,7.442906e-2,7.372110e-2,1.060813e-1,1.074456e-1,1.095196e-1,1.054348e-1,1.046400e-1,1.065689e-1,1.070458e-1,1.029580e-1,1.005184e-1,1.039172e-1,1.047464e-1,1.008618e-1,1.003897e-1,1.023468e-1,9.905274e-2,9.983476e-2,7.130482e-2,7.127002e-2,7.064833e-2,6.950543e-2,7.011430e-2,6.810203e-2,6.721224e-2,6.682526e-2,6.366569e-2,6.444883e-2,6.566812e-2,6.492822e-2,6.334230e-2,6.364684e-2,6.250950e-2,6.436067e-2]},{"variance_ratio":0.950,"d_res":2,"d_eff":72,"mean_mse":6.975938e-2,"min_mse":5.400600e-2,"max_mse":9.393831e-2,"inflation_over_baseline":0.857798,"per_block_mses":[6.235046e-2,6.401923e-2,6.511546e-2,6.360987e-2,6.410309e-2,6.378076e-2,6.416680e-2,6.245098e-2,6.017196e-2,5.926773e-2,6.113370e-2,6.143295e-2,6.096941e-2,5.985786e-2,6.253382e-2,6.194245e-2,9.073061e-2,9.236958e-2,9.393831e-2,9.043984e-2,8.961783e-2,9.170738e-2,9.198456e-2,8.813668e-2,8.595371e-2,8.947895e-2,9.022842e-2,8.681031e-2,8.629032e-2,8.791183e-2,8.526309e-2,8.616715e-2,6.216638e-2,6.190991e-2,6.108822e-2,6.039517e-2,6.078629e-2,5.876561e-2,5.829542e-2,5.781932e-2,5.511376e-2,5.580382e-2,5.672148e-2,5.632305e-2,5.465208e-2,5.484536e-2,5.400600e-2,5.582323e-2]},{"variance_ratio":0.950,"d_res":4,"d_eff":72,"mean_mse":6.210979e-2,"min_mse":4.843460e-2,"max_mse":8.362341e-2,"inflation_over_baseline":0.763734,"per_block_mses":[5.524595e-2,5.694231e-2,5.792202e-2,5.662338e-2,5.696862e-2,5.667967e-2,5.695531e-2,5.550155e-2,5.287466e-2,5.198165e-2,5.350055e-2,5.386154e-2,5.351992e-2,5.237225e-2,5.483263e-2,5.430037e-2,8.054805e-2,8.231371e-2,8.362341e-2,8.053924e-2,7.974332e-2,8.188552e-2,8.199544e-2,7.851137e-2,7.629273e-2,7.985827e-2,8.054080e-2,7.745898e-2,7.703371e-2,7.829489e-2,7.600231e-2,7.697224e-2,5.596003e-2,5.556210e-2,5.478679e-2,5.423773e-2,5.451528e-2,5.256789e-2,5.231794e-2,5.176567e-2,4.950051e-2,5.007223e-2,5.089450e-2,5.060164e-2,4.902776e-2,4.918854e-2,4.843460e-2,5.014027e-2]},{"variance_ratio":0.950,"d_res":8,"d_eff":72,"mean_mse":5.090663e-2,"min_mse":4.029788e-2,"max_mse":6.852568e-2,"inflation_over_baseline":0.625974,"per_block_mses":[4.492764e-2,4.658612e-2,4.742243e-2,4.635752e-2,4.661820e-2,4.633480e-2,4.646333e-2,4.535603e-2,4.233818e-2,4.146405e-2,4.245910e-2,4.298775e-2,4.272658e-2,4.161555e-2,4.370721e-2,4.331299e-2,6.570299e-2,6.766300e-2,6.852568e-2,6.599777e-2,6.542051e-2,6.750606e-2,6.751468e-2,6.449703e-2,6.231404e-2,6.570749e-2,6.633307e-2,6.372077e-2,6.332651e-2,6.425673e-2,6.247775e-2,6.334541e-2,4.659632e-2,4.611025e-2,4.540947e-2,4.499440e-2,4.513089e-2,4.336861e-2,4.334525e-2,4.278069e-2,4.116344e-2,4.161267e-2,4.229320e-2,4.204189e-2,4.076612e-2,4.091531e-2,4.029788e-2,4.170473e-2]},{"variance_ratio":0.900,"d_res":0,"d_eff":51,"mean_mse":1.630523e-1,"min_mse":1.275094e-1,"max_mse":2.202830e-1,"inflation_over_baseline":2.004976,"per_block_mses":[1.428623e-1,1.506480e-1,1.492573e-1,1.510068e-1,1.476445e-1,1.473729e-1,1.485558e-1,1.486492e-1,1.416634e-1,1.435186e-1,1.424781e-1,1.432010e-1,1.471258e-1,1.454288e-1,1.494203e-1,1.437722e-1,2.153885e-1,2.162815e-1,2.202830e-1,2.126291e-1,2.116270e-1,2.076575e-1,2.143984e-1,2.090420e-1,2.040470e-1,2.060144e-1,2.053564e-1,2.029554e-1,2.033999e-1,2.004109e-1,2.040409e-1,1.969151e-1,1.427301e-1,1.443598e-1,1.444954e-1,1.384231e-1,1.392875e-1,1.366849e-1,1.388115e-1,1.343266e-1,1.288633e-1,1.319131e-1,1.301511e-1,1.293828e-1,1.304272e-1,1.275474e-1,1.285472e-1,1.275094e-1]},{"variance_ratio":0.900,"d_res":2,"d_eff":51,"mean_mse":1.412444e-1,"min_mse":1.105989e-1,"max_mse":1.918425e-1,"inflation_over_baseline":1.736814,"per_block_mses":[1.243258e-1,1.308784e-1,1.294093e-1,1.313740e-1,1.284159e-1,1.279555e-1,1.289721e-1,1.291760e-1,1.199468e-1,1.216391e-1,1.207674e-1,1.211930e-1,1.248209e-1,1.230227e-1,1.268843e-1,1.215293e-1,1.874561e-1,1.883373e-1,1.918425e-1,1.850262e-1,1.840167e-1,1.804695e-1,1.863934e-1,1.815948e-1,1.778671e-1,1.794579e-1,1.794536e-1,1.768845e-1,1.771229e-1,1.740794e-1,1.778772e-1,1.719675e-1,1.239307e-1,1.251429e-1,1.252535e-1,1.203835e-1,1.212026e-1,1.183659e-1,1.207942e-1,1.171952e-1,1.113735e-1,1.145573e-1,1.130121e-1,1.123770e-1,1.130985e-1,1.106875e-1,1.115992e-1,1.105989e-1]},{"variance_ratio":0.900,"d_res":4,"d_eff":51,"mean_mse":1.266103e-1,"min_mse":9.922289e-2,"max_mse":1.724947e-1,"inflation_over_baseline":1.556866,"per_block_mses":[1.114809e-1,1.175149e-1,1.158712e-1,1.177503e-1,1.151339e-1,1.145866e-1,1.156369e-1,1.157500e-1,1.061844e-1,1.075246e-1,1.067886e-1,1.070115e-1,1.103343e-1,1.083833e-1,1.121390e-1,1.072522e-1,1.685182e-1,1.695587e-1,1.724947e-1,1.661220e-1,1.651649e-1,1.620149e-1,1.673849e-1,1.629346e-1,1.600125e-1,1.614915e-1,1.616699e-1,1.591090e-1,1.592038e-1,1.564664e-1,1.602844e-1,1.549631e-1,1.114493e-1,1.125185e-1,1.125643e-1,1.082634e-1,1.091492e-1,1.064248e-1,1.086744e-1,1.055781e-1,9.997398e-2,1.029745e-1,1.015951e-1,1.009600e-1,1.015144e-1,9.933848e-2,1.003581e-1,9.922289e-2]},{"variance_ratio":0.900,"d_res":8,"d_eff":51,"mean_mse":1.048891e-1,"min_mse":8.247337e-2,"max_mse":1.434327e-1,"inflation_over_baseline":1.289770,"per_block_mses":[9.218111e-2,9.734912e-2,9.570116e-2,9.735064e-2,9.520123e-2,9.461419e-2,9.563509e-2,9.566047e-2,8.619508e-2,8.707708e-2,8.639449e-2,8.643012e-2,8.926147e-2,8.743265e-2,9.062878e-2,8.664383e-2,1.404240e-1,1.414032e-1,1.434327e-1,1.381436e-1,1.372105e-1,1.344768e-1,1.389489e-1,1.351757e-1,1.333208e-1,1.346001e-1,1.350050e-1,1.327255e-1,1.327605e-1,1.303213e-1,1.340936e-1,1.292697e-1,9.287693e-2,9.379958e-2,9.370680e-2,9.018187e-2,9.089737e-2,8.859207e-2,9.059886e-2,8.813728e-2,8.319092e-2,8.580219e-2,8.472151e-2,8.399025e-2,8.449903e-2,8.257915e-2,8.355932e-2,8.247337e-2]},{"variance_ratio":0.850,"d_res":0,"d_eff":38,"mean_mse":2.440359e-1,"min_mse":1.895864e-1,"max_mse":3.229015e-1,"inflation_over_baseline":3.000793,"per_block_mses":[2.196376e-1,2.236498e-1,2.209211e-1,2.232927e-1,2.186277e-1,2.249024e-1,2.202825e-1,2.219790e-1,2.132077e-1,2.131977e-1,2.200142e-1,2.132390e-1,2.178267e-1,2.156428e-1,2.206391e-1,2.211899e-1,3.191856e-1,3.211301e-1,3.229015e-1,3.120525e-1,3.210164e-1,3.129979e-1,3.133152e-1,3.118151e-1,3.015309e-1,3.099074e-1,3.080078e-1,3.043196e-1,3.059289e-1,3.075370e-1,3.021182e-1,2.993472e-1,2.154028e-1,2.160426e-1,2.154417e-1,2.136711e-1,2.089404e-1,2.046735e-1,2.075730e-1,2.061193e-1,1.972069e-1,1.956354e-1,1.936587e-1,1.921282e-1,1.946933e-1,1.897925e-1,1.917982e-1,1.895864e-1]},{"variance_ratio":0.850,"d_res":2,"d_eff":38,"mean_mse":2.118094e-1,"min_mse":1.658170e-1,"max_mse":2.825245e-1,"inflation_over_baseline":2.604518,"per_block_mses":[1.918669e-1,1.953606e-1,1.928440e-1,1.949281e-1,1.908550e-1,1.964386e-1,1.925278e-1,1.940673e-1,1.806470e-1,1.816926e-1,1.879073e-1,1.811371e-1,1.848685e-1,1.832022e-1,1.884227e-1,1.879950e-1,2.785739e-1,2.818634e-1,2.825245e-1,2.736320e-1,2.816682e-1,2.746112e-1,2.738010e-1,2.720952e-1,2.608434e-1,2.677541e-1,2.670411e-1,2.640560e-1,2.662254e-1,2.663006e-1,2.622959e-1,2.601798e-1,1.862692e-1,1.871594e-1,1.860277e-1,1.852522e-1,1.808058e-1,1.773995e-1,1.797690e-1,1.782508e-1,1.721079e-1,1.706088e-1,1.683073e-1,1.675589e-1,1.702449e-1,1.659450e-1,1.670999e-1,1.658170e-1]},{"variance_ratio":0.850,"d_res":4,"d_eff":38,"mean_mse":1.902073e-1,"min_mse":1.492959e-1,"max_mse":2.550684e-1,"inflation_over_baseline":2.338887,