{"n_vecs":24576,"dim":128,"n_blocks":48,"block_size":512,"baseline_mse":7.132563e-2,"cells":[{"variance_ratio":0.950,"d_res":0,"d_eff":84,"mean_mse":7.132563e-2,"min_mse":5.936507e-2,"max_mse":9.280800e-2,"inflation_over_baseline":1.000000,"per_block_mses":[5.936507e-2,6.273440e-2,6.049230e-2,6.091037e-2,6.319184e-2,6.080124e-2,6.092515e-2,6.265254e-2,7.769091e-2,8.925608e-2,9.025433e-2,9.280558e-2,9.280800e-2,8.948739e-2,9.113953e-2,9.007213e-2,7.004281e-2,7.161037e-2,7.466530e-2,7.556807e-2,7.562071e-2,7.549771e-2,7.252062e-2,7.541394e-2,6.050778e-2,6.349716e-2,6.227148e-2,6.270216e-2,6.428234e-2,6.155859e-2,6.217140e-2,6.320870e-2,6.783975e-2,7.044967e-2,6.995982e-2,7.022697e-2,7.045492e-2,6.988994e-2,6.958173e-2,7.042419e-2,6.820396e-2,7.035443e-2,7.041610e-2,7.196244e-2,7.128865e-2,7.119015e-2,7.254393e-2,7.311773e-2]},{"variance_ratio":0.950,"d_res":2,"d_eff":84,"mean_mse":6.097302e-2,"min_mse":5.071763e-2,"max_mse":7.834900e-2,"inflation_over_baseline":0.854854,"per_block_mses":[5.071763e-2,5.338828e-2,5.120733e-2,5.200632e-2,5.379003e-2,5.186756e-2,5.208677e-2,5.352975e-2,6.565393e-2,7.519705e-2,7.610041e-2,7.817560e-2,7.834900e-2,7.546176e-2,7.667164e-2,7.597894e-2,5.998486e-2,6.153290e-2,6.370162e-2,6.502627e-2,6.500852e-2,6.476564e-2,6.221700e-2,6.466420e-2,5.158384e-2,5.427805e-2,5.326123e-2,5.363133e-2,5.512983e-2,5.281331e-2,5.313898e-2,5.417863e-2,5.901989e-2,6.080795e-2,6.029958e-2,6.085870e-2,6.077510e-2,6.042879e-2,6.027735e-2,6.087987e-2,5.828142e-2,6.029839e-2,6.019770e-2,6.182434e-2,6.130042e-2,6.115637e-2,6.251118e-2,6.268956e-2]},{"variance_ratio":0.950,"d_res":4,"d_eff":84,"mean_mse":5.414070e-2,"min_mse":4.499230e-2,"max_mse":6.878641e-2,"inflation_over_baseline":0.759064,"per_block_mses":[4.499230e-2,4.717580e-2,4.517422e-2,4.592961e-2,4.756464e-2,4.584648e-2,4.618169e-2,4.741823e-2,5.773692e-2,6.607224e-2,6.679748e-2,6.860844e-2,6.878641e-2,6.624683e-2,6.731460e-2,6.671330e-2,5.333454e-2,5.468302e-2,5.640929e-2,5.780616e-2,5.775722e-2,5.759269e-2,5.530277e-2,5.739646e-2,4.595600e-2,4.843509e-2,4.741716e-2,4.779474e-2,4.933711e-2,4.712790e-2,4.746079e-2,4.832258e-2,5.305972e-2,5.447178e-2,5.392693e-2,5.463972e-2,5.429048e-2,5.408688e-2,5.407804e-2,5.447723e-2,5.189010e-2,5.369163e-2,5.352295e-2,5.515612e-2,5.463531e-2,5.448384e-2,5.577731e-2,5.587292e-2]},{"variance_ratio":0.950,"d_res":8,"d_eff":84,"mean_mse":4.414160e-2,"min_mse":3.637608e-2,"max_mse":5.489034e-2,"inflation_over_baseline":0.618874,"per_block_mses":[3.654752e-2,3.823107e-2,3.637608e-2,3.698926e-2,3.843017e-2,3.708082e-2,3.743390e-2,3.843758e-2,4.629221e-2,5.291302e-2,5.337604e-2,5.489034e-2,5.483346e-2,5.294544e-2,5.379152e-2,5.326775e-2,4.346984e-2,4.450293e-2,4.568987e-2,4.705521e-2,4.695287e-2,4.690775e-2,4.499812e-2,4.662109e-2,3.776455e-2,3.994209e-2,3.910336e-2,3.934839e-2,4.078955e-2,3.887500e-2,3.913141e-2,3.990634e-2,4.422241e-2,4.514050e-2,4.463471e-2,4.535312e-2,4.489122e-2,4.474542e-2,4.482297e-2,4.503984e-2,4.269307e-2,4.400484e-2,4.376358e-2,4.533220e-2,4.489722e-2,4.464339e-2,4.584992e-2,4.586803e-2]},{"variance_ratio":0.900,"d_res":0,"d_eff":65,"mean_mse":1.436322e-1,"min_mse":1.201791e-1,"max_mse":1.832144e-1,"inflation_over_baseline":2.013752,"per_block_mses":[1.201791e-1,1.219966e-1,1.225091e-1,1.231959e-1,1.269204e-1,1.232391e-1,1.244469e-1,1.268382e-1,1.602946e-1,1.787622e-1,1.819661e-1,1.803769e-1,1.812096e-1,1.812818e-1,1.805000e-1,1.832144e-1,1.368455e-1,1.464981e-1,1.507476e-1,1.516216e-1,1.516485e-1,1.515169e-1,1.473601e-1,1.517174e-1,1.207398e-1,1.251150e-1,1.267836e-1,1.244533e-1,1.272586e-1,1.263237e-1,1.268749e-1,1.250684e-1,1.371537e-1,1.432271e-1,1.425411e-1,1.432627e-1,1.440351e-1,1.415211e-1,1.410521e-1,1.388181e-1,1.349318e-1,1.443933e-1,1.447814e-1,1.432864e-1,1.469431e-1,1.465542e-1,1.483736e-1,1.459653e-1]},{"variance_ratio":0.900,"d_res":2,"d_eff":65,"mean_mse":1.229468e-1,"min_mse":1.035477e-1,"max_mse":1.534470e-1,"inflation_over_baseline":1.723739,"per_block_mses":[1.035477e-1,1.047612e-1,1.054148e-1,1.058952e-1,1.095080e-1,1.062311e-1,1.069937e-1,1.093309e-1,1.357193e-1,1.500676e-1,1.525656e-1,1.500105e-1,1.515277e-1,1.518711e-1,1.511965e-1,1.534470e-1,1.173576e-1,1.250748e-1,1.290550e-1,1.299050e-1,1.297171e-1,1.294383e-1,1.260400e-1,1.296764e-1,1.042512e-1,1.082175e-1,1.096254e-1,1.077205e-1,1.103640e-1,1.093524e-1,1.101464e-1,1.088088e-1,1.189181e-1,1.237800e-1,1.230121e-1,1.240113e-1,1.242630e-1,1.226866e-1,1.221759e-1,1.200423e-1,1.152845e-1,1.234006e-1,1.241032e-1,1.228252e-1,1.259783e-1,1.258688e-1,1.270131e-1,1.252447e-1]},{"variance_ratio":0.900,"d_res":4,"d_eff":65,"mean_mse":1.094584e-1,"min_mse":9.266390e-2,"max_mse":1.348211e-1,"inflation_over_baseline":1.534629,"per_block_mses":[9.266390e-2,9.348113e-2,9.401202e-2,9.433914e-2,9.795465e-2,9.473300e-2,9.546656e-2,9.762078e-2,1.198801e-1,1.322085e-1,1.341096e-1,1.315066e-1,1.330233e-1,1.334684e-1,1.331416e-1,1.348211e-1,1.045780e-1,1.111707e-1,1.146417e-1,1.155430e-1,1.152739e-1,1.148204e-1,1.119082e-1,1.150245e-1,9.337004e-2,9.709890e-2,9.834215e-2,9.666476e-2,9.904154e-2,9.811707e-2,9.892224e-2,9.792357e-2,1.068586e-1,1.109937e-1,1.100514e-1,1.111302e-1,1.112479e-1,1.101436e-1,1.097662e-1,1.075019e-1,1.026534e-1,1.097754e-1,1.104423e-1,1.092854e-1,1.122313e-1,1.122519e-1,1.131774e-1,1.116207e-1]},{"variance_ratio":0.900,"d_res":8,"d_eff":65,"mean_mse":8.975203e-2,"min_mse":7.643658e-2,"max_mse":1.084273e-1,"inflation_over_baseline":1.258342,"per_block_mses":[7.643658e-2,7.692512e-2,7.730446e-2,7.746736e-2,8.072084e-2,7.789120e-2,7.849957e-2,8.040040e-2,9.706106e-2,1.066104e-1,1.078814e-1,1.053071e-1,1.067599e-1,1.072128e-1,1.073803e-1,1.084273e-1,8.556283e-2,9.076297e-2,9.350330e-2,9.428711e-2,9.388298e-2,9.348410e-2,9.122352e-2,9.365870e-2,7.725843e-2,8.065729e-2,8.156655e-2,8.026212e-2,8.227764e-2,8.142027e-2,8.237545e-2,8.158708e-2,8.915899e-2,9.227037e-2,9.113420e-2,9.227321e-2,9.214100e-2,9.151878e-2,9.124612e-2,8.910422e-2,8.431237e-2,9.008550e-2,9.064128e-2,8.940830e-2,9.204249e-2,9.210488e-2,9.299487e-2,9.160470e-2]},{"variance_ratio":0.850,"d_res":0,"d_eff":52,"mean_mse":2.155453e-1,"min_mse":1.834535e-1,"max_mse":2.805082e-1,"inflation_over_baseline":3.021989,"per_block_mses":[1.834535e-1,1.873847e-1,1.882690e-1,1.888985e-1,1.886381e-1,1.897139e-1,1.851589e-1,1.882891e-1,2.380534e-1,2.650580e-1,2.704106e-1,2.805082e-1,2.698452e-1,2.693085e-1,2.668756e-1,2.708407e-1,2.084321e-1,2.182129e-1,2.241634e-1,2.255914e-1,2.256359e-1,2.257057e-1,2.269831e-1,2.266775e-1,1.841948e-1,1.884240e-1,1.905182e-1,1.877613e-1,1.924682e-1,1.907388e-1,1.919285e-1,1.892539e-1,2.078880e-1,2.135174e-1,2.117889e-1,2.124341e-1,2.135686e-1,2.095763e-1,2.096403e-1,2.127079e-1,2.022620e-1,2.164896e-1,2.180008e-1,2.140570e-1,2.191285e-1,2.187059e-1,2.202759e-1,2.187368e-1]},{"variance_ratio":0.850,"d_res":2,"d_eff":52,"mean_mse":1.860426e-1,"min_mse":1.587944e-1,"max_mse":2.413226e-1,"inflation_over_baseline":2.608356,"per_block_mses":[1.587944e-1,1.620043e-1,1.632635e-1,1.635654e-1,1.634601e-1,1.646832e-1,1.605847e-1,1.634726e-1,2.027529e-1,2.270728e-1,2.318670e-1,2.413226e-1,2.312907e-1,2.314689e-1,2.285217e-1,2.318698e-1,1.796264e-1,1.879138e-1,1.927008e-1,1.942818e-1,1.922953e-1,1.923056e-1,1.944798e-1,1.931015e-1,1.593349e-1,1.635247e-1,1.647093e-1,1.625706e-1,1.667742e-1,1.655955e-1,1.665873e-1,1.646613e-1,1.814106e-1,1.856891e-1,1.840913e-1,1.847988e-1,1.854547e-1,1.825103e-1,1.820365e-1,1.852709e-1,1.740932e-1,1.865253e-1,1.882508e-1,1.847558e-1,1.895174e-1,1.892269e-1,1.908024e-1,1.891553e-1]},{"variance_ratio":0.850,"d_res":4,"d_eff":52,"mean_mse":1.663252e-1,"min_mse":1.425565e-1,"max_mse":2.148462e-1,"inflation_over_baseline":2.331914,