{"n_vecs":24576,"dim":128,"n_blocks":48,"block_size":512,"baseline_mse":7.637527e-2,"cells":[{"variance_ratio":0.950,"d_res":0,"d_eff":85,"mean_mse":7.637527e-2,"min_mse":5.664783e-2,"max_mse":9.142561e-2,"inflation_over_baseline":1.000000,"per_block_mses":[8.455721e-2,9.037929e-2,8.976586e-2,9.009528e-2,9.013510e-2,9.056963e-2,8.964529e-2,8.997376e-2,7.628425e-2,7.815927e-2,7.908227e-2,7.698675e-2,7.591239e-2,7.612439e-2,7.708929e-2,7.517690e-2,7.808086e-2,8.202692e-2,8.113497e-2,8.169584e-2,8.141717e-2,8.158128e-2,8.173577e-2,7.984299e-2,6.300342e-2,6.572377e-2,6.666128e-2,6.502383e-2,6.503229e-2,6.429937e-2,6.720129e-2,6.563832e-2,5.720572e-2,5.943713e-2,6.014412e-2,5.790842e-2,5.874827e-2,5.664783e-2,5.955208e-2,5.848790e-2,7.844774e-2,8.623332e-2,8.821730e-2,8.792568e-2,8.769305e-2,8.654893e-2,9.142561e-2,9.135374e-2]},{"variance_ratio":0.950,"d_res":2,"d_eff":85,"mean_mse":6.542563e-2,"min_mse":4.887880e-2,"max_mse":7.832349e-2,"inflation_over_baseline":0.856634,"per_block_mses":[7.217733e-2,7.708754e-2,7.641776e-2,7.661748e-2,7.655668e-2,7.671034e-2,7.604381e-2,7.623454e-2,6.576071e-2,6.740849e-2,6.798184e-2,6.642552e-2,6.514755e-2,6.549149e-2,6.622406e-2,6.432853e-2,6.628197e-2,7.034665e-2,6.944547e-2,6.990979e-2,6.976724e-2,7.014512e-2,7.017207e-2,6.837573e-2,5.421270e-2,5.639594e-2,5.733919e-2,5.599171e-2,5.584180e-2,5.510182e-2,5.750165e-2,5.643649e-2,4.956614e-2,5.132944e-2,5.197331e-2,5.011304e-2,5.074271e-2,4.887880e-2,5.148025e-2,5.041475e-2,6.721056e-2,7.384555e-2,7.534279e-2,7.490341e-2,7.463466e-2,7.365779e-2,7.832349e-2,7.813465e-2]},{"variance_ratio":0.950,"d_res":4,"d_eff":85,"mean_mse":5.826148e-2,"min_mse":4.371487e-2,"max_mse":6.948262e-2,"inflation_over_baseline":0.762832,"per_block_mses":[6.416655e-2,6.849052e-2,6.793056e-2,6.801580e-2,6.777620e-2,6.792030e-2,6.743351e-2,6.755665e-2,5.901826e-2,6.037971e-2,6.082109e-2,5.941985e-2,5.816744e-2,5.855767e-2,5.924960e-2,5.746541e-2,5.884792e-2,6.272689e-2,6.190492e-2,6.218955e-2,6.214835e-2,6.261561e-2,6.266795e-2,6.087941e-2,4.827259e-2,5.026290e-2,5.117690e-2,4.988131e-2,4.966849e-2,4.903364e-2,5.112448e-2,5.025704e-2,4.447628e-2,4.594958e-2,4.646856e-2,4.486852e-2,4.538409e-2,4.371487e-2,4.607182e-2,4.510795e-2,5.971231e-2,6.561071e-2,6.673463e-2,6.625548e-2,6.614290e-2,6.520769e-2,6.948262e-2,6.933612e-2]},{"variance_ratio":0.950,"d_res":8,"d_eff":85,"mean_mse":4.782235e-2,"min_mse":3.611696e-2,"max_mse":5.649641e-2,"inflation_over_baseline":0.626150,"per_block_mses":[5.254659e-2,5.611787e-2,5.571015e-2,5.562939e-2,5.524601e-2,5.536610e-2,5.515022e-2,5.514101e-2,4.901782e-2,5.000925e-2,5.033893e-2,4.926202e-2,4.805405e-2,4.841176e-2,4.901873e-2,4.748147e-2,4.818422e-2,5.160157e-2,5.097779e-2,5.122210e-2,5.117969e-2,5.168270e-2,5.174593e-2,5.010699e-2,3.959527e-2,4.121513e-2,4.196551e-2,4.085576e-2,4.059883e-2,4.006376e-2,4.171212e-2,4.112104e-2,3.694278e-2,3.801084e-2,3.838599e-2,3.715325e-2,3.750004e-2,3.611696e-2,3.810449e-2,3.730647e-2,4.863784e-2,5.348819e-2,5.416406e-2,5.363497e-2,5.383357e-2,5.291306e-2,5.645407e-2,5.649641e-2]},{"variance_ratio":0.900,"d_res":0,"d_eff":65,"mean_mse":1.535546e-1,"min_mse":1.127323e-1,"max_mse":1.823341e-1,"inflation_over_baseline":2.010528,"per_block_mses":[1.677773e-1,1.804774e-1,1.823341e-1,1.813815e-1,1.807949e-1,1.822674e-1,1.795830e-1,1.810024e-1,1.495423e-1,1.539200e-1,1.561680e-1,1.524049e-1,1.560118e-1,1.521128e-1,1.543687e-1,1.518629e-1,1.566427e-1,1.646827e-1,1.637294e-1,1.618959e-1,1.617263e-1,1.630564e-1,1.631587e-1,1.611461e-1,1.241397e-1,1.305329e-1,1.318670e-1,1.340470e-1,1.333468e-1,1.325023e-1,1.331600e-1,1.308555e-1,1.127323e-1,1.174516e-1,1.190648e-1,1.189207e-1,1.164881e-1,1.178367e-1,1.182682e-1,1.170537e-1,1.628854e-1,1.792564e-1,1.807777e-1,1.798659e-1,1.802922e-1,1.788185e-1,1.810478e-1,1.813621e-1]},{"variance_ratio":0.900,"d_res":2,"d_eff":65,"mean_mse":1.325063e-1,"min_mse":9.844720e-2,"max_mse":1.569193e-1,"inflation_over_baseline":1.734937,"per_block_mses":[1.442291e-1,1.548278e-1,1.565250e-1,1.553484e-1,1.553886e-1,1.569193e-1,1.540598e-1,1.552977e-1,1.296683e-1,1.338767e-1,1.356574e-1,1.322987e-1,1.358260e-1,1.321786e-1,1.339068e-1,1.312295e-1,1.349140e-1,1.425714e-1,1.415786e-1,1.395420e-1,1.402446e-1,1.407974e-1,1.411562e-1,1.393411e-1,1.074541e-1,1.130547e-1,1.136777e-1,1.157285e-1,1.153839e-1,1.148099e-1,1.153021e-1,1.133437e-1,9.844720e-2,1.016952e-1,1.026014e-1,1.027504e-1,1.006769e-1,1.015491e-1,1.025364e-1,1.012329e-1,1.405129e-1,1.539803e-1,1.558855e-1,1.541324e-1,1.546412e-1,1.526559e-1,1.549913e-1,1.558744e-1]},{"variance_ratio":0.900,"d_res":4,"d_eff":65,"mean_mse":1.185935e-1,"min_mse":8.880051e-2,"max_mse":1.401589e-1,"inflation_over_baseline":1.552774,"per_block_mses":[1.286159e-1,1.380927e-1,1.397657e-1,1.385561e-1,1.385595e-1,1.401589e-1,1.374521e-1,1.386510e-1,1.164946e-1,1.204899e-1,1.219314e-1,1.187806e-1,1.223493e-1,1.188555e-1,1.205549e-1,1.180604e-1,1.208235e-1,1.278072e-1,1.268162e-1,1.247626e-1,1.257018e-1,1.261094e-1,1.265453e-1,1.248816e-1,9.618191e-2,1.011711e-1,1.017593e-1,1.034218e-1,1.032593e-1,1.028235e-1,1.031119e-1,1.013886e-1,8.880051e-2,9.123679e-2,9.182889e-2,9.202806e-2,9.028774e-2,9.079578e-2,9.192434e-2,9.071975e-2,1.258776e-1,1.374735e-1,1.394141e-1,1.373121e-1,1.378450e-1,1.358945e-1,1.381633e-1,1.389546e-1]},{"variance_ratio":0.900,"d_res":8,"d_eff":65,"mean_mse":9.808625e-2,"min_mse":7.424630e-2,"max_mse":1.155041e-1,"inflation_over_baseline":1.284267,"per_block_mses":[1.059425e-1,1.137873e-1,1.152805e-1,1.141062e-1,1.140707e-1,1.155041e-1,1.131654e-1,1.142334e-1,9.700545e-2,1.005707e-1,1.016546e-1,9.867447e-2,1.020949e-1,9.905412e-2,1.006679e-1,9.862242e-2,9.986802e-2,1.058816e-1,1.050881e-1,1.031345e-1,1.041309e-1,1.045007e-1,1.049959e-1,1.035653e-1,7.947322e-2,8.346693e-2,8.399576e-2,8.516071e-2,8.516287e-2,8.482615e-2,8.497464e-2,8.360202e-2,7.424630e-2,7.590649e-2,7.609655e-2,7.622040e-2,7.489025e-2,7.520682e-2,7.620815e-2,7.512867e-2,1.041850e-1,1.132656e-1,1.149794e-1,1.129079e-1,1.132254e-1,1.114972e-1,1.135118e-1,1.144022e-1]},{"variance_ratio":0.850,"d_res":0,"d_eff":52,"mean_mse":2.308557e-1,"min_mse":1.706237e-1,"max_mse":2.769373e-1,"inflation_over_baseline":3.022649,"per_block_mses":[2.585073e-1,2.731211e-1,2.769373e-1,2.735842e-1,2.740788e-1,2.671153e-1,2.735278e-1,2.684866e-1,2.263268e-1,2.333702e-1,2.363307e-1,2.324884e-1,2.333260e-1,2.270997e-1,2.294012e-1,2.330678e-1,2.331064e-1,2.453725e-1,2.450845e-1,2.435131e-1,2.425552e-1,2.387690e-1,2.458700e-1,2.428053e-1,1.857768e-1,1.960357e-1,1.978051e-1,1.998406e-1,2.000253e-1,1.990031e-1,2.005157e-1,1.969776e-1,1.706237e-1,1.800280e-1,1.760517e-1,1.762879e-1,1.779824e-1,1.741311e-1,1.752002e-1,1.790886e-1,2.407525e-1,2.690685e-1,2.707085e-1,2.703614e-1,2.716277e-1,2.699640e-1,2.739744e-1,2.753963e-1]},{"variance_ratio":0.850,"d_res":2,"d_eff":52,"mean_mse":1.996751e-1,"min_mse":1.488168e-1,"max_mse":2.394446e-1,"inflation_over_baseline":2.614394,"per_block_mses":[2.235045e-1,2.359089e-1,2.394446e-1,2.365569e-1,2.367760e-1,2.309433e-1,2.360209e-1,2.323566e-1,1.965927e-1,2.032021e-1,2.055948e-1,2.022765e-1,2.033935e-1,1.976782e-1,1.992707e-1,2.026333e-1,2.011656e-1,2.127374e-1,2.116046e-1,2.100650e-1,2.095126e-1,2.064689e-1,2.126840e-1,2.100858e-1,1.605100e-1,1.696197e-1,1.707900e-1,1.731077e-1,1.725858e-1,1.721394e-1,1.733719e-1,1.702565e-1,1.488168e-1,1.566579e-1,1.528555e-1,1.528525e-1,1.541010e-1,1.509586e-1,1.520822e-1,1.553127e-1,2.080303e-1,2.316799e-1,2.334756e-1,2.327858e-1,2.327297e-1,2.315168e-1,2.349807e-1,2.367100e-1]},{"variance_ratio":0.850,"d_res":4,"d_eff":52,"mean_mse":1.790038e-1,"min_mse":1.342660e-1,"max_mse":2.143822e-1,"inflation_over_baseline":2.343740,