{"metric":"MSE","block_size":512,"variance_ratio":0.95,"k":16,"bit_width":3,"dim":128,"num_vecs_encoded":65536,"num_blocks":128,"skeleton_bytes":3890752,"codes_bytes":2277376,"compressed_bytes":6168128,"baseline_bytes_f32":33554432,"baseline_bytes_bf16":16777216,"ratio_vs_f32":5.439970,"ratio_vs_bf16":2.719985,"encode_seconds":1.503680,"decode_seconds":0.080343,"verify":true,"mean_block_mse":2.9645515012}