{"metric":"MSE","block_size":512,"variance_ratio":0.95,"k":16,"bit_width":3,"dim":128,"num_vecs_encoded":49152,"num_blocks":96,"skeleton_bytes":3227520,"codes_bytes":1744896,"compressed_bytes":4972416,"baseline_bytes_f32":25165824,"baseline_bytes_bf16":12582912,"ratio_vs_f32":5.061086,"ratio_vs_bf16":2.530543,"encode_seconds":1.149269,"decode_seconds":0.064615,"verify":true,"mean_block_mse":0.1699712513}