{"metric":"MSE","block_size":512,"variance_ratio":0.95,"k":16,"bit_width":3,"dim":128,"num_vecs_encoded":24576,"num_blocks":48,"skeleton_bytes":1810752,"codes_bytes":1105920,"compressed_bytes":2916672,"baseline_bytes_f32":12582912,"baseline_bytes_bf16":6291456,"ratio_vs_f32":4.314133,"ratio_vs_bf16":2.157067,"encode_seconds":0.644054,"decode_seconds":0.038522,"verify":true,"mean_block_mse":1.3838850726}