{"metric":"MSE","block_size":512,"variance_ratio":0.95,"k":16,"bit_width":3,"dim":128,"num_vecs_encoded":32768,"num_blocks":64,"skeleton_bytes":1734848,"codes_bytes":1138688,"compressed_bytes":2873536,"baseline_bytes_f32":16777216,"baseline_bytes_bf16":8388608,"ratio_vs_f32":5.838526,"ratio_vs_bf16":2.919263,"encode_seconds":0.695204,"decode_seconds":0.037648,"verify":true,"mean_block_mse":0.1492714445}