{"metric":"MSE","block_size":512,"variance_ratio":0.95,"k":16,"bit_width":3,"dim":128,"num_vecs_encoded":65536,"num_blocks":128,"skeleton_bytes":3102208,"codes_bytes":2222080,"compressed_bytes":5324288,"baseline_bytes_f32":33554432,"baseline_bytes_bf16":16777216,"ratio_vs_f32":6.302144,"ratio_vs_bf16":3.151072,"encode_seconds":1.504969,"decode_seconds":0.069532,"verify":true,"mean_block_mse":0.1618441061}