{
  "source_report": "reports/smollm2_1_7b/bench_8192.json",
  "projections": [
    {
      "context_tokens": 16384,
      "N_blocks_per_full_layer": 31,
      "exact_tail_tokens_per_full_layer": 512,
      "baseline_full_bytes": 3221225472,
      "baseline_sliding_bytes": 0,
      "baseline_total_bytes": 3221225472,
      "kakeya_full_bytes": 2857523304,
      "kakeya_sliding_bytes": 0,
      "kakeya_total_bytes": 2857523304,
      "kakeya_full_bytes_dtype_matched": 1479093300,
      "kakeya_total_bytes_dtype_matched": 1479093300,
      "full_ratio_f32_store": 1.127278810811756,
      "full_ratio_bf16_store": 2.1778379173240796,
      "total_ratio_f32_store": 1.127278810811756,
      "total_ratio_bf16_store": 2.1778379173240796
    },
    {
      "context_tokens": 32768,
      "N_blocks_per_full_layer": 63,
      "exact_tail_tokens_per_full_layer": 512,
      "baseline_full_bytes": 6442450944,
      "baseline_sliding_bytes": 0,
      "baseline_total_bytes": 6442450944,
      "kakeya_full_bytes": 5703314280,
      "kakeya_sliding_bytes": 0,
      "kakeya_total_bytes": 5703314280,
      "kakeya_full_bytes_dtype_matched": 2901988788,
      "kakeya_total_bytes_dtype_matched": 2901988788,
      "full_ratio_f32_store": 1.129597743998074,
      "full_ratio_bf16_store": 2.220012348304083,
      "total_ratio_f32_store": 1.129597743998074,
      "total_ratio_bf16_store": 2.220012348304083
    },
    {
      "context_tokens": 65536,
      "N_blocks_per_full_layer": 127,
      "exact_tail_tokens_per_full_layer": 512,
      "baseline_full_bytes": 12884901888,
      "baseline_sliding_bytes": 0,
      "baseline_total_bytes": 12884901888,
      "kakeya_full_bytes": 11394896232,
      "kakeya_sliding_bytes": 0,
      "kakeya_total_bytes": 11394896232,
      "kakeya_full_bytes_dtype_matched": 5747779764,
      "kakeya_total_bytes_dtype_matched": 5747779764,
      "full_ratio_f32_store": 1.1307607919952491,
      "full_ratio_bf16_store": 2.241718092384446,
      "total_ratio_f32_store": 1.1307607919952491,
      "total_ratio_bf16_store": 2.241718092384446
    },
    {
      "context_tokens": 131072,
      "N_blocks_per_full_layer": 255,
      "exact_tail_tokens_per_full_layer": 512,
      "baseline_full_bytes": 25769803776,
      "baseline_sliding_bytes": 0,
      "baseline_total_bytes": 25769803776,
      "kakeya_full_bytes": 22778060136,
      "kakeya_sliding_bytes": 0,
      "kakeya_total_bytes": 22778060136,
      "kakeya_full_bytes_dtype_matched": 11439361716,
      "kakeya_total_bytes_dtype_matched": 11439361716,
      "full_ratio_f32_store": 1.1313432145730287,
      "full_ratio_bf16_store": 2.252730914169477,
      "total_ratio_f32_store": 1.1313432145730287,
      "total_ratio_bf16_store": 2.252730914169477
    },
    {
      "context_tokens": 262144,
      "N_blocks_per_full_layer": 511,
      "exact_tail_tokens_per_full_layer": 512,
      "baseline_full_bytes": 51539607552,
      "baseline_sliding_bytes": 0,
      "baseline_total_bytes": 51539607552,
      "kakeya_full_bytes": 45544387944,
      "kakeya_sliding_bytes": 0,
      "kakeya_total_bytes": 45544387944,
      "kakeya_full_bytes_dtype_matched": 22822525620,
      "kakeya_total_bytes_dtype_matched": 22822525620,
      "full_ratio_f32_store": 1.1316346509117994,
      "full_ratio_bf16_store": 2.2582780017490456,
      "total_ratio_f32_store": 1.1316346509117994,
      "total_ratio_bf16_store": 2.2582780017490456
    }
  ]
}