{
  "model": "deepseek-ai/DeepSeek-R1-Distill-Qwen-1.5B",
  "model_name": "deepseek_1p5b",
  "num_layers": 28,
  "head_dim": 128,
  "num_kv_heads": 2,
  "boundary_skip_layers": [
    0,
    1,
    26,
    27
  ],
  "raw_bits_per_token_per_head": 2048,
  "report_ctx_tokens": 131072,
  "ctx_len": 2048,
  "n_eval": 64,
  "n_passages": 4,
  "q_values": [
    10,
    38,
    152
  ],
  "per_passage": [
    {
      "passage": 0,
      "channel": "bf16_pass",
      "kind": "bf16",
      "q_range": null,
      "k_bits_per_tok_per_head": 2048,
      "v_bits_per_tok_per_head": 2048,
      "baseline_bytes_128k": 3758096384,
      "kakeya_bytes_128k": 3758096384,
      "total_ratio_128k": 1.0,
      "ppl_ref": 130.42703596562086,
      "ppl_alt": 130.42703596562086,
      "delta_ppl": 0.0,
      "top1_pair": 1.0,
      "k_mse_rel": 0.0,
      "v_mse_rel": 0.0,
      "k_cos_mean": 1.0,
      "v_cos_mean": 1.0,
      "t_codec": 0.040849436074495316,
      "t_alt": 0.03498654626309872,
      "fire_count": 28,
      "mismatch_count": 0,
      "missing_count": 0
    },
    {
      "passage": 0,
      "channel": "v14_Q10_K+V",
      "kind": "v14_kv",
      "q_range": 10,
      "k_bits_per_tok_per_head": 576,
      "v_bits_per_tok_per_head": 576,
      "baseline_bytes_128k": 3758096384,
      "kakeya_bytes_128k": 1442840576,
      "total_ratio_128k": 2.604651162790698,
      "ppl_ref": 130.42703596562086,
      "ppl_alt": 133.3266721499329,
      "delta_ppl": 0.022231864450836376,
      "top1_pair": 0.9375,
      "k_mse_rel": 0.008338400046341121,
      "v_mse_rel": 0.008721409016288817,
      "k_cos_mean": 0.9958604152003924,
      "v_cos_mean": 0.9957070052623749,
      "t_codec": 0.19288603775203228,
      "t_alt": 0.03590400330722332,
      "fire_count": 28,
      "mismatch_count": 0,
      "missing_count": 0
    },
    {
      "passage": 0,
      "channel": "v14_Q38_K+V",
      "kind": "v14_kv",
      "q_range": 38,
      "k_bits_per_tok_per_head": 832,
      "v_bits_per_tok_per_head": 832,
      "baseline_bytes_128k": 3758096384,
      "kakeya_bytes_128k": 1845493760,
      "total_ratio_128k": 2.036363636363636,
      "ppl_ref": 130.42703596562086,
      "ppl_alt": 129.30486418060966,
      "delta_ppl": -0.00860382800776824,
      "top1_pair": 1.0,
      "k_mse_rel": 0.0005773879529442638,
      "v_mse_rel": 0.0006040721976508697,
      "k_cos_mean": 0.9997116401791573,
      "v_cos_mean": 0.9997007002433141,
      "t_codec": 0.03610512241721153,
      "t_alt": 0.08294257521629333,
      "fire_count": 28,
      "mismatch_count": 0,
      "missing_count": 0
    },
    {
      "passage": 0,
      "channel": "v14_Q152_K+V",
      "kind": "v14_kv",
      "q_range": 152,
      "k_bits_per_tok_per_head": 1088,
      "v_bits_per_tok_per_head": 1088,
      "baseline_bytes_128k": 3758096384,
      "kakeya_bytes_128k": 2248146944,
      "total_ratio_128k": 1.671641791044776,
      "ppl_ref": 130.42703596562086,
      "ppl_alt": 130.38083966831525,
      "delta_ppl": -0.00035419264850724647,
      "top1_pair": 0.984375,
      "k_mse_rel": 3.614550443368595e-05,
      "v_mse_rel": 3.7788035418392006e-05,
      "k_cos_mean": 0.9999819944302241,
      "v_cos_mean": 0.9999813040097555,
      "t_codec": 0.03517758287489414,
      "t_alt": 0.03575683943927288,
      "fire_count": 28,
      "mismatch_count": 0,
      "missing_count": 0
    },
    {
      "passage": 1,
      "channel": "bf16_pass",
      "kind": "bf16",
      "q_range": null,
      "k_bits_per_tok_per_head": 2048,
      "v_bits_per_tok_per_head": 2048,
      "baseline_bytes_128k": 3758096384,
      "kakeya_bytes_128k": 3758096384,
      "total_ratio_128k": 1.0,
      "ppl_ref": 33.12187938881144,
      "ppl_alt": 33.12187938881144,
      "delta_ppl": 0.0,
      "top1_pair": 1.0,
      "k_mse_rel": 0.0,
      "v_mse_rel": 0.0,
      "k_cos_mean": 1.0,
      "v_cos_mean": 1.0,
      "t_codec": 0.007149487733840942,
      "t_alt": 0.03396436758339405,
      "fire_count": 28,
      "mismatch_count": 0,
      "missing_count": 0
    },
    {
      "passage": 1,
      "channel": "v14_Q10_K+V",
      "kind": "v14_kv",
      "q_range": 10,
      "k_bits_per_tok_per_head": 576,
      "v_bits_per_tok_per_head": 576,
      "baseline_bytes_128k": 3758096384,
      "kakeya_bytes_128k": 1442840576,
      "total_ratio_128k": 2.604651162790698,
      "ppl_ref": 33.12187938881144,
      "ppl_alt": 32.76687327510873,
      "delta_ppl": -0.010718175425233727,
      "top1_pair": 0.828125,
      "k_mse_rel": 0.008391089019520829,
      "v_mse_rel": 0.008734370737026135,
      "k_cos_mean": 0.9958405693372091,
      "v_cos_mean": 0.9956990281740824,
      "t_codec": 0.03404413163661957,
      "t_alt": 0.03507163189351559,
      "fire_count": 28,
      "mismatch_count": 0,
      "missing_count": 0
    },
    {
      "passage": 1,
      "channel": "v14_Q38_K+V",
      "kind": "v14_kv",
      "q_range": 38,
      "k_bits_per_tok_per_head": 832,
      "v_bits_per_tok_per_head": 832,
      "baseline_bytes_128k": 3758096384,
      "kakeya_bytes_128k": 1845493760,
      "total_ratio_128k": 2.036363636363636,
      "ppl_ref": 33.12187938881144,
      "ppl_alt": 33.07561811801906,
      "delta_ppl": -0.0013966982443638848,
      "top1_pair": 0.921875,
      "k_mse_rel": 0.000581024823380479,
      "v_mse_rel": 0.0006047284720504346,
      "k_cos_mean": 0.9997102270523707,
      "v_cos_mean": 0.9997003972530365,
      "t_codec": 0.03371393121778965,
      "t_alt": 0.034365011379122734,
      "fire_count": 28,
      "mismatch_count": 0,
      "missing_count": 0
    },
    {
      "passage": 1,
      "channel": "v14_Q152_K+V",
      "kind": "v14_kv",
      "q_range": 152,
      "k_bits_per_tok_per_head": 1088,
      "v_bits_per_tok_per_head": 1088,
      "baseline_bytes_128k": 3758096384,
      "kakeya_bytes_128k": 2248146944,
      "total_ratio_128k": 1.671641791044776,
      "ppl_ref": 33.12187938881144,
      "ppl_alt": 33.370163646637344,
      "delta_ppl": 0.007496080005344483,
      "top1_pair": 0.96875,
      "k_mse_rel": 3.6357869097021954e-05,
      "v_mse_rel": 3.783070557498528e-05,
      "k_cos_mean": 0.999981922407945,
      "v_cos_mean": 0.9999812791744868,
      "t_codec": 0.036001598462462425,
      "t_alt": 0.033563582226634026,
      "fire_count": 28,
      "mismatch_count": 0,
      "missing_count": 0
    },
    {
      "passage": 2,
      "channel": "bf16_pass",
      "kind": "bf16",
      "q_range": null,
      "k_bits_per_tok_per_head": 2048,
      "v_bits_per_tok_per_head": 2048,
      "baseline_bytes_128k": 3758096384,
      "kakeya_bytes_128k": 3758096384,
      "total_ratio_128k": 1.0,
      "ppl_ref": 8.558455154715979,
      "ppl_alt": 8.558455154715979,
      "delta_ppl": 0.0,
      "top1_pair": 1.0,
      "k_mse_rel": 0.0,
      "v_mse_rel": 0.0,
      "k_cos_mean": 1.0,
      "v_cos_mean": 1.0,
      "t_codec": 0.007108444347977638,
      "t_alt": 0.033999839797616005,
      "fire_count": 28,
      "mismatch_count": 0,
      "missing_count": 0
    },
    {
      "passage": 2,
      "channel": "v14_Q10_K+V",
      "kind": "v14_kv",
      "q_range": 10,
      "k_bits_per_tok_per_head": 576,
      "v_bits_per_tok_per_head": 576,
      "baseline_bytes_128k": 3758096384,
      "kakeya_bytes_128k": 1442840576,
      "total_ratio_128k": 2.604651162790698,
      "ppl_ref": 8.558455154715979,
      "ppl_alt": 8.155279540191888,
      "delta_ppl": -0.04710845675249332,
      "top1_pair": 0.921875,
      "k_mse_rel": 0.008350400680986544,
      "v_mse_rel": 0.008724188975368937,
      "k_cos_mean": 0.9958518470327059,
      "v_cos_mean": 0.9957015961408615,
      "t_codec": 0.033619534224271774,
      "t_alt": 0.03407699801027775,
      "fire_count": 28,
      "mismatch_count": 0,
      "missing_count": 0
    },
    {
      "passage": 2,
      "channel": "v14_Q38_K+V",
      "kind": "v14_kv",
      "q_range": 38,
      "k_bits_per_tok_per_head": 832,
      "v_bits_per_tok_per_head": 832,
      "baseline_bytes_128k": 3758096384,