{
  "model": "google/gemma-4-E4B",
  "model_name": "gemma4_e4b",
  "num_layers": 24,
  "head_dim": 256,
  "num_kv_heads": 2,
  "boundary_skip_layers": [
    0,
    1,
    22,
    23
  ],
  "raw_bits_per_token_per_head": 4096,
  "report_ctx_tokens": 131072,
  "ctx_len": 2048,
  "n_eval": 64,
  "n_passages": 4,
  "q_values": [
    10,
    38,
    152
  ],
  "per_passage": [
    {
      "passage": 0,
      "channel": "bf16_pass",
      "kind": "bf16",
      "q_range": null,
      "k_bits_per_tok_per_head": 4096,
      "v_bits_per_tok_per_head": 4096,
      "baseline_bytes_128k": 6442450944,
      "kakeya_bytes_128k": 6442450944,
      "total_ratio_128k": 1.0,
      "ppl_ref": 6.720294808690733,
      "ppl_alt": 6.720294808690733,
      "delta_ppl": 0.0,
      "top1_pair": 1.0,
      "k_mse_rel": 0.0,
      "v_mse_rel": 0.0,
      "k_cos_mean": 1.0,
      "v_cos_mean": 1.0,
      "t_codec": 0.0062164366245269775,
      "t_alt": 0.07472786866128445,
      "fire_count": 24,
      "mismatch_count": 0,
      "missing_count": 0
    },
    {
      "passage": 0,
      "channel": "v14_Q10_K+V",
      "kind": "v14_kv",
      "q_range": 10,
      "k_bits_per_tok_per_head": 1120,
      "v_bits_per_tok_per_head": 1120,
      "baseline_bytes_128k": 6442450944,
      "kakeya_bytes_128k": 2541748224,
      "total_ratio_128k": 2.5346534653465347,
      "ppl_ref": 6.720294808690733,
      "ppl_alt": 6.687981484935473,
      "delta_ppl": -0.004808319378113051,
      "top1_pair": 0.96875,
      "k_mse_rel": 0.010344773204997182,
      "v_mse_rel": 0.010496569890528917,
      "k_cos_mean": 0.994888174533844,
      "v_cos_mean": 0.9948123097419739,
      "t_codec": 0.07914741523563862,
      "t_alt": 0.0778583213686943,
      "fire_count": 24,
      "mismatch_count": 0,
      "missing_count": 0
    },
    {
      "passage": 0,
      "channel": "v14_Q38_K+V",
      "kind": "v14_kv",
      "q_range": 38,
      "k_bits_per_tok_per_head": 1632,
      "v_bits_per_tok_per_head": 1632,
      "baseline_bytes_128k": 6442450944,
      "kakeya_bytes_128k": 3212836864,
      "total_ratio_128k": 2.0052219321148823,
      "ppl_ref": 6.720294808690733,
      "ppl_alt": 6.71114326265263,
      "delta_ppl": -0.0013617774664093636,
      "top1_pair": 0.984375,
      "k_mse_rel": 0.0007164350419770927,
      "v_mse_rel": 0.0007270424597663805,
      "k_cos_mean": 0.9996432900428772,
      "v_cos_mean": 0.9996379733085632,
      "t_codec": 0.0311368890106678,
      "t_alt": 0.07447860948741436,
      "fire_count": 24,
      "mismatch_count": 0,
      "missing_count": 0
    },
    {
      "passage": 0,
      "channel": "v14_Q152_K+V",
      "kind": "v14_kv",
      "q_range": 152,
      "k_bits_per_tok_per_head": 2144,
      "v_bits_per_tok_per_head": 2144,
      "baseline_bytes_128k": 6442450944,
      "kakeya_bytes_128k": 3883925504,
      "total_ratio_128k": 1.6587473002159827,
      "ppl_ref": 6.720294808690733,
      "ppl_alt": 6.762303665219036,
      "delta_ppl": 0.0062510437003413,
      "top1_pair": 0.96875,
      "k_mse_rel": 4.48293763838592e-05,
      "v_mse_rel": 4.545918927760795e-05,
      "k_cos_mean": 0.9999777019023895,
      "v_cos_mean": 0.9999774128198624,
      "t_codec": 0.03005354292690754,
      "t_alt": 0.075218565762043,
      "fire_count": 24,
      "mismatch_count": 0,
      "missing_count": 0
    },
    {
      "passage": 1,
      "channel": "bf16_pass",
      "kind": "bf16",
      "q_range": null,
      "k_bits_per_tok_per_head": 4096,
      "v_bits_per_tok_per_head": 4096,
      "baseline_bytes_128k": 6442450944,
      "kakeya_bytes_128k": 6442450944,
      "total_ratio_128k": 1.0,
      "ppl_ref": 4.205202131236378,
      "ppl_alt": 4.205202131236378,
      "delta_ppl": 0.0,
      "top1_pair": 1.0,
      "k_mse_rel": 0.0,
      "v_mse_rel": 0.0,
      "k_cos_mean": 1.0,
      "v_cos_mean": 1.0,
      "t_codec": 0.00585155189037323,
      "t_alt": 0.07833902537822723,
      "fire_count": 24,
      "mismatch_count": 0,
      "missing_count": 0
    },
    {
      "passage": 1,
      "channel": "v14_Q10_K+V",
      "kind": "v14_kv",
      "q_range": 10,
      "k_bits_per_tok_per_head": 1120,
      "v_bits_per_tok_per_head": 1120,
      "baseline_bytes_128k": 6442450944,
      "kakeya_bytes_128k": 2541748224,
      "total_ratio_128k": 2.5346534653465347,
      "ppl_ref": 4.205202131236378,
      "ppl_alt": 4.194824920885034,
      "delta_ppl": -0.0024677078598106302,
      "top1_pair": 1.0,
      "k_mse_rel": 0.010327673330903054,
      "v_mse_rel": 0.010558405984193086,
      "k_cos_mean": 0.9948957562446594,
      "v_cos_mean": 0.9947822600603103,
      "t_codec": 0.03452631086111069,
      "t_alt": 0.07539558038115501,
      "fire_count": 24,
      "mismatch_count": 0,
      "missing_count": 0
    },
    {
      "passage": 1,
      "channel": "v14_Q38_K+V",
      "kind": "v14_kv",
      "q_range": 38,
      "k_bits_per_tok_per_head": 1632,
      "v_bits_per_tok_per_head": 1632,
      "baseline_bytes_128k": 6442450944,
      "kakeya_bytes_128k": 3212836864,
      "total_ratio_128k": 2.0052219321148823,
      "ppl_ref": 4.205202131236378,
      "ppl_alt": 4.2123456603974905,
      "delta_ppl": 0.001698736217231989,
      "top1_pair": 1.0,
      "k_mse_rel": 0.0007148614502511918,
      "v_mse_rel": 0.0007307118590688333,
      "k_cos_mean": 0.9996440201997757,
      "v_cos_mean": 0.9996361434459686,
      "t_codec": 0.037110162898898125,
      "t_alt": 0.07754032872617245,
      "fire_count": 24,
      "mismatch_count": 0,
      "missing_count": 0
    },
    {
      "passage": 1,
      "channel": "v14_Q152_K+V",
      "kind": "v14_kv",
      "q_range": 152,
      "k_bits_per_tok_per_head": 2144,
      "v_bits_per_tok_per_head": 2144,
      "baseline_bytes_128k": 6442450944,
      "kakeya_bytes_128k": 3883925504,
      "total_ratio_128k": 1.6587473002159827,
      "ppl_ref": 4.205202131236378,
      "ppl_alt": 4.1993154498686955,
      "delta_ppl": -0.0013998569352840606,
      "top1_pair": 1.0,
      "k_mse_rel": 4.473588614928303e-05,
      "v_mse_rel": 4.5703597606916446e-05,
      "k_cos_mean": 0.9999777704477311,
      "v_cos_mean": 0.9999773025512695,
      "t_codec": 0.03125104121863842,
      "t_alt": 0.07900536246597767,
      "fire_count": 24,
      "mismatch_count": 0,
      "missing_count": 0
    },
    {
      "passage": 2,
      "channel": "bf16_pass",
      "kind": "bf16",
      "q_range": null,
      "k_bits_per_tok_per_head": 4096,
      "v_bits_per_tok_per_head": 4096,
      "baseline_bytes_128k": 6442450944,
      "kakeya_bytes_128k": 6442450944,
      "total_ratio_128k": 1.0,
      "ppl_ref": 4.429251051835321,
      "ppl_alt": 4.429251051835321,
      "delta_ppl": 0.0,
      "top1_pair": 1.0,
      "k_mse_rel": 0.0,
      "v_mse_rel": 0.0,
      "k_cos_mean": 1.0,
      "v_cos_mean": 1.0,
      "t_codec": 0.0061026886105537415,
      "t_alt": 0.07531552948057652,
      "fire_count": 24,
      "mismatch_count": 0,
      "missing_count": 0
    },
    {
      "passage": 2,
      "channel": "v14_Q10_K+V",
      "kind": "v14_kv",
      "q_range": 10,
      "k_bits_per_tok_per_head": 1120,
      "v_bits_per_tok_per_head": 1120,
      "baseline_bytes_128k": 6442450944,
      "kakeya_bytes_128k": 2541748224,
      "total_ratio_128k": 2.5346534653465347,
      "ppl_ref": 4.429251051835321,
      "ppl_alt": 4.453693672383865,
      "delta_ppl": 0.005518454533846414,
      "top1_pair": 0.984375,
      "k_mse_rel": 0.010312422784045339,
      "v_mse_rel": 0.010463518323376775,
      "k_cos_mean": 0.9949033081531524,
      "v_cos_mean": 0.9948285728693008,
      "t_codec": 0.032058196142315865,
      "t_alt": 0.07728333584964275,
      "fire_count": 24,
      "mismatch_count": 0,
      "missing_count": 0
    },
    {
      "passage": 2,
      "channel": "v14_Q38_K+V",
      "kind": "v14_kv",
      "q_range": 38,
      "k_bits_per_tok_per_head": 1632,
      "v_bits_per_tok_per_head": 1632,
      "baseline_bytes_128k": 6442450944,