{
  "model": "zai-org/GLM-4-9B-Chat",
  "model_name": "glm4_9b",
  "num_layers": 40,
  "head_dim": 128,
  "num_kv_heads": 2,
  "boundary_skip_layers": [
    0,
    1,
    38,
    39
  ],
  "raw_bits_per_token_per_head": 2048,
  "report_ctx_tokens": 131072,
  "ctx_len": 2048,
  "n_eval": 64,
  "n_passages": 4,
  "q_values": [
    10,
    38,
    152
  ],
  "per_passage": [
    {
      "passage": 0,
      "channel": "bf16_pass",
      "kind": "bf16",
      "q_range": null,
      "k_bits_per_tok_per_head": 2048,
      "v_bits_per_tok_per_head": 2048,
      "baseline_bytes_128k": 5368709120,
      "kakeya_bytes_128k": 5368709120,
      "total_ratio_128k": 1.0,
      "ppl_ref": 18.87929649405846,
      "ppl_alt": 18.87929649405846,
      "delta_ppl": 0.0,
      "top1_pair": 1.0,
      "k_mse_rel": 0.0,
      "v_mse_rel": 0.0,
      "k_cos_mean": 1.0,
      "v_cos_mean": 1.0,
      "t_codec": 0.042243825271725655,
      "t_alt": 0.07683461345732212,
      "fire_count": 40,
      "mismatch_count": 0,
      "missing_count": 0
    },
    {
      "passage": 0,
      "channel": "v14_Q10_K+V",
      "kind": "v14_kv",
      "q_range": 10,
      "k_bits_per_tok_per_head": 576,
      "v_bits_per_tok_per_head": 576,
      "baseline_bytes_128k": 5368709120,
      "kakeya_bytes_128k": 1895825408,
      "total_ratio_128k": 2.831858407079646,
      "ppl_ref": 18.87929649405846,
      "ppl_alt": 21.618587697347674,
      "delta_ppl": 0.1450949829699057,
      "top1_pair": 0.796875,
      "k_mse_rel": 0.007954948193704089,
      "v_mse_rel": 0.008755585411563516,
      "k_cos_mean": 0.9961068762673272,
      "v_cos_mean": 0.9956849465767542,
      "t_codec": 0.20024473406374454,
      "t_alt": 0.0787285715341568,
      "fire_count": 40,
      "mismatch_count": 0,
      "missing_count": 0
    },
    {
      "passage": 0,
      "channel": "v14_Q38_K+V",
      "kind": "v14_kv",
      "q_range": 38,
      "k_bits_per_tok_per_head": 832,
      "v_bits_per_tok_per_head": 832,
      "baseline_bytes_128k": 5368709120,
      "kakeya_bytes_128k": 2499805184,
      "total_ratio_128k": 2.1476510067114094,
      "ppl_ref": 18.87929649405846,
      "ppl_alt": 19.248248675485417,
      "delta_ppl": 0.019542686960982315,
      "top1_pair": 0.9375,
      "k_mse_rel": 0.0005505742075102818,
      "v_mse_rel": 0.0006064686248363513,
      "k_cos_mean": 0.9997289263539844,
      "v_cos_mean": 0.9996992879443698,
      "t_codec": 0.04862211272120476,
      "t_alt": 0.077175572514534,
      "fire_count": 40,
      "mismatch_count": 0,
      "missing_count": 0
    },
    {
      "passage": 0,
      "channel": "v14_Q152_K+V",
      "kind": "v14_kv",
      "q_range": 152,
      "k_bits_per_tok_per_head": 1088,
      "v_bits_per_tok_per_head": 1088,
      "baseline_bytes_128k": 5368709120,
      "kakeya_bytes_128k": 3103784960,
      "total_ratio_128k": 1.7297297297297298,
      "ppl_ref": 18.87929649405846,
      "ppl_alt": 18.910170710951316,
      "delta_ppl": 0.0016353478479757503,
      "top1_pair": 0.953125,
      "k_mse_rel": 3.4465490848055604e-05,
      "v_mse_rel": 3.793066975453662e-05,
      "k_cos_mean": 0.9999830739365684,
      "v_cos_mean": 0.9999812112914191,
      "t_codec": 0.05208193510770798,
      "t_alt": 0.07753470540046692,
      "fire_count": 40,
      "mismatch_count": 0,
      "missing_count": 0
    },
    {
      "passage": 1,
      "channel": "bf16_pass",
      "kind": "bf16",
      "q_range": null,
      "k_bits_per_tok_per_head": 2048,
      "v_bits_per_tok_per_head": 2048,
      "baseline_bytes_128k": 5368709120,
      "kakeya_bytes_128k": 5368709120,
      "total_ratio_128k": 1.0,
      "ppl_ref": 22.325185584605194,
      "ppl_alt": 22.325185584605194,
      "delta_ppl": 0.0,
      "top1_pair": 1.0,
      "k_mse_rel": 0.0,
      "v_mse_rel": 0.0,
      "k_cos_mean": 1.0,
      "v_cos_mean": 1.0,
      "t_codec": 0.010151248425245285,
      "t_alt": 0.07755415327847004,
      "fire_count": 40,
      "mismatch_count": 0,
      "missing_count": 0
    },
    {
      "passage": 1,
      "channel": "v14_Q10_K+V",
      "kind": "v14_kv",
      "q_range": 10,
      "k_bits_per_tok_per_head": 576,
      "v_bits_per_tok_per_head": 576,
      "baseline_bytes_128k": 5368709120,
      "kakeya_bytes_128k": 1895825408,
      "total_ratio_128k": 2.831858407079646,
      "ppl_ref": 22.325185584605194,
      "ppl_alt": 21.85321888411457,
      "delta_ppl": -0.021140549927436227,
      "top1_pair": 0.859375,
      "k_mse_rel": 0.007930501299496327,
      "v_mse_rel": 0.00874893287093275,
      "k_cos_mean": 0.9961163053909937,
      "v_cos_mean": 0.9956881817844179,
      "t_codec": 0.0503196157515049,
      "t_alt": 0.07853428460657597,
      "fire_count": 40,
      "mismatch_count": 0,
      "missing_count": 0
    },
    {
      "passage": 1,
      "channel": "v14_Q38_K+V",
      "kind": "v14_kv",
      "q_range": 38,
      "k_bits_per_tok_per_head": 832,
      "v_bits_per_tok_per_head": 832,
      "baseline_bytes_128k": 5368709120,
      "kakeya_bytes_128k": 2499805184,
      "total_ratio_128k": 2.1476510067114094,
      "ppl_ref": 22.325185584605194,
      "ppl_alt": 23.163529402809516,
      "delta_ppl": 0.0375514826081634,
      "top1_pair": 0.9375,
      "k_mse_rel": 0.0005486225426365207,
      "v_mse_rel": 0.0006061102176317945,
      "k_cos_mean": 0.9997297194268968,
      "v_cos_mean": 0.9996994551685121,
      "t_codec": 0.05017555505037308,
      "t_alt": 0.0791704673320055,
      "fire_count": 40,
      "mismatch_count": 0,
      "missing_count": 0
    },
    {
      "passage": 1,
      "channel": "v14_Q152_K+V",
      "kind": "v14_kv",
      "q_range": 152,
      "k_bits_per_tok_per_head": 1088,
      "v_bits_per_tok_per_head": 1088,
      "baseline_bytes_128k": 5368709120,
      "kakeya_bytes_128k": 3103784960,
      "total_ratio_128k": 1.7297297297297298,
      "ppl_ref": 22.325185584605194,
      "ppl_alt": 22.79855811363049,
      "delta_ppl": 0.02120352044695753,
      "top1_pair": 0.984375,
      "k_mse_rel": 3.434586374674432e-05,
      "v_mse_rel": 3.792347767254493e-05,
      "k_cos_mean": 0.9999831202957365,
      "v_cos_mean": 0.9999812278482649,
      "t_codec": 0.0511794313788414,
      "t_alt": 0.07963050901889801,
      "fire_count": 40,
      "mismatch_count": 0,
      "missing_count": 0
    },
    {
      "passage": 2,
      "channel": "bf16_pass",
      "kind": "bf16",
      "q_range": null,
      "k_bits_per_tok_per_head": 2048,
      "v_bits_per_tok_per_head": 2048,
      "baseline_bytes_128k": 5368709120,
      "kakeya_bytes_128k": 5368709120,
      "total_ratio_128k": 1.0,
      "ppl_ref": 3.1899201000666815,
      "ppl_alt": 3.1899201000666815,
      "delta_ppl": 0.0,
      "top1_pair": 1.0,
      "k_mse_rel": 0.0,
      "v_mse_rel": 0.0,
      "k_cos_mean": 1.0,
      "v_cos_mean": 1.0,
      "t_codec": 0.010182112455368042,
      "t_alt": 0.07756526581943035,
      "fire_count": 40,
      "mismatch_count": 0,
      "missing_count": 0
    },
    {
      "passage": 2,
      "channel": "v14_Q10_K+V",
      "kind": "v14_kv",
      "q_range": 10,
      "k_bits_per_tok_per_head": 576,
      "v_bits_per_tok_per_head": 576,
      "baseline_bytes_128k": 5368709120,
      "kakeya_bytes_128k": 1895825408,
      "total_ratio_128k": 2.831858407079646,
      "ppl_ref": 3.1899201000666815,
      "ppl_alt": 3.2423587994515426,
      "delta_ppl": 0.016438875501541543,
      "top1_pair": 0.890625,
      "k_mse_rel": 0.007928390909607211,
      "v_mse_rel": 0.008704905449930165,
      "k_cos_mean": 0.9961123565832773,
      "v_cos_mean": 0.9957077238294814,
      "t_codec": 0.048640355467796326,
      "t_alt": 0.07834292948246002,
      "fire_count": 40,
      "mismatch_count": 0,
      "missing_count": 0
    },
    {
      "passage": 2,
      "channel": "v14_Q38_K+V",
      "kind": "v14_kv",
      "q_range": 38,
      "k_bits_per_tok_per_head": 832,
      "v_bits_per_tok_per_head": 832,
      "baseline_bytes_128k": 5368709120,