{
  "model": "Qwen/Qwen3-4B",
  "model_name": "qwen3_4b",
  "num_layers": 36,
  "head_dim": 128,
  "num_kv_heads": 8,
  "boundary_skip_layers": [
    0,
    1,
    34,
    35
  ],
  "raw_bits_per_token_per_head": 2048,
  "report_ctx_tokens": 131072,
  "ctx_len": 2048,
  "n_eval": 64,
  "n_passages": 4,
  "q_values": [
    10,
    38,
    152
  ],
  "per_passage": [
    {
      "passage": 0,
      "channel": "bf16_pass",
      "kind": "bf16",
      "q_range": null,
      "k_bits_per_tok_per_head": 2048,
      "v_bits_per_tok_per_head": 2048,
      "baseline_bytes_128k": 19327352832,
      "kakeya_bytes_128k": 19327352832,
      "total_ratio_128k": 1.0,
      "ppl_ref": 27.69810560312822,
      "ppl_alt": 27.69810560312822,
      "delta_ppl": 0.0,
      "top1_pair": 1.0,
      "k_mse_rel": 0.0,
      "v_mse_rel": 0.0,
      "k_cos_mean": 1.0,
      "v_cos_mean": 1.0,
      "t_codec": 0.04233420453965664,
      "t_alt": 0.0538417287170887,
      "fire_count": 36,
      "mismatch_count": 0,
      "missing_count": 0
    },
    {
      "passage": 0,
      "channel": "v14_Q10_K+V",
      "kind": "v14_kv",
      "q_range": 10,
      "k_bits_per_tok_per_head": 576,
      "v_bits_per_tok_per_head": 576,
      "baseline_bytes_128k": 19327352832,
      "kakeya_bytes_128k": 6979321856,
      "total_ratio_128k": 2.769230769230769,
      "ppl_ref": 27.69810560312822,
      "ppl_alt": 27.658910965775515,
      "delta_ppl": -0.0014150656335239578,
      "top1_pair": 0.9375,
      "k_mse_rel": 0.007668801074032672,
      "v_mse_rel": 0.008717390679521486,
      "k_cos_mean": 0.9961790181696415,
      "v_cos_mean": 0.9956970997154713,
      "t_codec": 0.19609412364661694,
      "t_alt": 0.05492742918431759,
      "fire_count": 36,
      "mismatch_count": 0,
      "missing_count": 0
    },
    {
      "passage": 0,
      "channel": "v14_Q38_K+V",
      "kind": "v14_kv",
      "q_range": 38,
      "k_bits_per_tok_per_head": 832,
      "v_bits_per_tok_per_head": 832,
      "baseline_bytes_128k": 19327352832,
      "kakeya_bytes_128k": 9126805504,
      "total_ratio_128k": 2.1176470588235294,
      "ppl_ref": 27.69810560312822,
      "ppl_alt": 28.0348958209037,
      "delta_ppl": 0.012159323189866204,
      "top1_pair": 1.0,
      "k_mse_rel": 0.0005309452244546264,
      "v_mse_rel": 0.0006037440107320435,
      "k_cos_mean": 0.999733978882432,
      "v_cos_mean": 0.9997001327574253,
      "t_codec": 0.04768367111682892,
      "t_alt": 0.05294490419328213,
      "fire_count": 36,
      "mismatch_count": 0,
      "missing_count": 0
    },
    {
      "passage": 0,
      "channel": "v14_Q152_K+V",
      "kind": "v14_kv",
      "q_range": 152,
      "k_bits_per_tok_per_head": 1088,
      "v_bits_per_tok_per_head": 1088,
      "baseline_bytes_128k": 19327352832,
      "kakeya_bytes_128k": 11274289152,
      "total_ratio_128k": 1.7142857142857142,
      "ppl_ref": 27.69810560312822,
      "ppl_alt": 27.629541078664452,
      "delta_ppl": -0.00247542288437312,
      "top1_pair": 0.984375,
      "k_mse_rel": 3.322780872849762e-05,
      "v_mse_rel": 3.777894926315639e-05,
      "k_cos_mean": 0.9999833926558495,
      "v_cos_mean": 0.9999812692403793,
      "t_codec": 0.05361822247505188,
      "t_alt": 0.0527378898113966,
      "fire_count": 36,
      "mismatch_count": 0,
      "missing_count": 0
    },
    {
      "passage": 1,
      "channel": "bf16_pass",
      "kind": "bf16",
      "q_range": null,
      "k_bits_per_tok_per_head": 2048,
      "v_bits_per_tok_per_head": 2048,
      "baseline_bytes_128k": 19327352832,
      "kakeya_bytes_128k": 19327352832,
      "total_ratio_128k": 1.0,
      "ppl_ref": 8.358697138917835,
      "ppl_alt": 8.358697138917835,
      "delta_ppl": 0.0,
      "top1_pair": 1.0,
      "k_mse_rel": 0.0,
      "v_mse_rel": 0.0,
      "k_cos_mean": 1.0,
      "v_cos_mean": 1.0,
      "t_codec": 0.009849613532423973,
      "t_alt": 0.05300428532063961,
      "fire_count": 36,
      "mismatch_count": 0,
      "missing_count": 0
    },
    {
      "passage": 1,
      "channel": "v14_Q10_K+V",
      "kind": "v14_kv",
      "q_range": 10,
      "k_bits_per_tok_per_head": 576,
      "v_bits_per_tok_per_head": 576,
      "baseline_bytes_128k": 19327352832,
      "kakeya_bytes_128k": 6979321856,
      "total_ratio_128k": 2.769230769230769,
      "ppl_ref": 8.358697138917835,
      "ppl_alt": 8.336175752804822,
      "delta_ppl": -0.002694365609701784,
      "top1_pair": 0.9375,
      "k_mse_rel": 0.007668237769394182,
      "v_mse_rel": 0.008727895678021014,
      "k_cos_mean": 0.9961778372526169,
      "v_cos_mean": 0.9956927672028542,
      "t_codec": 0.04346409998834133,
      "t_alt": 0.053133649751544,
      "fire_count": 36,
      "mismatch_count": 0,
      "missing_count": 0
    },
    {
      "passage": 1,
      "channel": "v14_Q38_K+V",
      "kind": "v14_kv",
      "q_range": 38,
      "k_bits_per_tok_per_head": 832,
      "v_bits_per_tok_per_head": 832,
      "baseline_bytes_128k": 19327352832,
      "kakeya_bytes_128k": 9126805504,
      "total_ratio_128k": 2.1176470588235294,
      "ppl_ref": 8.358697138917835,
      "ppl_alt": 8.33573814802668,
      "delta_ppl": -0.0027467188378268413,
      "top1_pair": 1.0,
      "k_mse_rel": 0.0005310011656547431,
      "v_mse_rel": 0.0006046161561243935,
      "k_cos_mean": 0.9997338484972715,
      "v_cos_mean": 0.9996998105198145,
      "t_codec": 0.04383143037557602,
      "t_alt": 0.054899172857403755,
      "fire_count": 36,
      "mismatch_count": 0,
      "missing_count": 0
    },
    {
      "passage": 1,
      "channel": "v14_Q152_K+V",
      "kind": "v14_kv",
      "q_range": 152,
      "k_bits_per_tok_per_head": 1088,
      "v_bits_per_tok_per_head": 1088,
      "baseline_bytes_128k": 19327352832,
      "kakeya_bytes_128k": 11274289152,
      "total_ratio_128k": 1.7142857142857142,
      "ppl_ref": 8.358697138917835,
      "ppl_alt": 8.30108016733199,
      "delta_ppl": -0.006893056492928937,
      "top1_pair": 1.0,
      "k_mse_rel": 3.323233016772065e-05,
      "v_mse_rel": 3.782741066515882e-05,
      "k_cos_mean": 0.9999833982437849,
      "v_cos_mean": 0.9999812506139278,
      "t_codec": 0.04357301630079746,
      "t_alt": 0.05453408136963844,
      "fire_count": 36,
      "mismatch_count": 0,
      "missing_count": 0
    },
    {
      "passage": 2,
      "channel": "bf16_pass",
      "kind": "bf16",
      "q_range": null,
      "k_bits_per_tok_per_head": 2048,
      "v_bits_per_tok_per_head": 2048,
      "baseline_bytes_128k": 19327352832,
      "kakeya_bytes_128k": 19327352832,
      "total_ratio_128k": 1.0,
      "ppl_ref": 3.779843060079098,
      "ppl_alt": 3.779843060079098,
      "delta_ppl": 0.0,
      "top1_pair": 1.0,
      "k_mse_rel": 0.0,
      "v_mse_rel": 0.0,
      "k_cos_mean": 1.0,
      "v_cos_mean": 1.0,
      "t_codec": 0.009835325181484222,
      "t_alt": 0.05248235538601875,
      "fire_count": 36,
      "mismatch_count": 0,
      "missing_count": 0
    },
    {
      "passage": 2,
      "channel": "v14_Q10_K+V",
      "kind": "v14_kv",
      "q_range": 10,
      "k_bits_per_tok_per_head": 576,
      "v_bits_per_tok_per_head": 576,
      "baseline_bytes_128k": 19327352832,
      "kakeya_bytes_128k": 6979321856,
      "total_ratio_128k": 2.769230769230769,
      "ppl_ref": 3.779843060079098,
      "ppl_alt": 3.913522344657755,
      "delta_ppl": 0.03536635845824233,
      "top1_pair": 0.953125,
      "k_mse_rel": 0.007652801155927591,
      "v_mse_rel": 0.00870202630176209,
      "k_cos_mean": 0.9961856696754694,
      "v_cos_mean": 0.9957028813660145,
      "t_codec": 0.04408879391849041,
      "t_alt": 0.052668372169137,
      "fire_count": 36,
      "mismatch_count": 0,
      "missing_count": 0
    },
    {
      "passage": 2,
      "channel": "v14_Q38_K+V",
      "kind": "v14_kv",
      "q_range": 38,
      "k_bits_per_tok_per_head": 832,
      "v_bits_per_tok_per_head": 832,
      "baseline_bytes_128k": 19327352832,
      "kakeya_bytes_128k": 9126805504,