{"metric":"MSE","block_size":512,"variance_ratio":0.95,"k":16,"bit_width":3,"dim":128,"num_vecs_encoded":32768,"num_blocks":64,"skeleton_bytes":2078720,"codes_bytes":1212416,"compressed_bytes":3291136,"baseline_bytes_f32":16777216,"baseline_bytes_bf16":8388608,"ratio_vs_f32":5.097698,"ratio_vs_bf16":2.548849,"encode_seconds":0.810593,"decode_seconds":0.043144,"verify":true,"mean_block_mse":10.4293237103}