{"metric":"MSE","block_size":512,"variance_ratio":0.95,"k":16,"bit_width":3,"dim":128,"num_vecs_encoded":32768,"num_blocks":64,"skeleton_bytes":1989440,"codes_bytes":1114112,"compressed_bytes":3103552,"baseline_bytes_f32":16777216,"baseline_bytes_bf16":8388608,"ratio_vs_f32":5.405811,"ratio_vs_bf16":2.702906,"encode_seconds":0.755272,"decode_seconds":0.040268,"verify":true,"mean_block_mse":0.0039201199}