{"metric":"MSE","block_size":512,"variance_ratio":0.95,"k":16,"bit_width":3,"dim":128,"num_vecs_encoded":65536,"num_blocks":128,"skeleton_bytes":3466816,"codes_bytes":2289664,"compressed_bytes":5756480,"baseline_bytes_f32":33554432,"baseline_bytes_bf16":16777216,"ratio_vs_f32":5.828984,"ratio_vs_bf16":2.914492,"encode_seconds":1.549472,"decode_seconds":0.079046,"verify":true,"mean_block_mse":0.0846582246}