{"metric":"MSE","block_size":512,"variance_ratio":0.95,"k":16,"bit_width":3,"dim":128,"num_vecs_encoded":32768,"num_blocks":64,"skeleton_bytes":2040128,"codes_bytes":1126400,"compressed_bytes":3166528,"baseline_bytes_f32":16777216,"baseline_bytes_bf16":8388608,"ratio_vs_f32":5.298300,"ratio_vs_bf16":2.649150,"encode_seconds":0.792211,"decode_seconds":0.041289,"verify":true,"mean_block_mse":23.2024997871}