{"metric":"MSE","block_size":512,"variance_ratio":0.95,"k":16,"bit_width":3,"dim":128,"num_vecs_encoded":32768,"num_blocks":64,"skeleton_bytes":2272256,"codes_bytes":1163264,"compressed_bytes":3435520,"baseline_bytes_f32":16777216,"baseline_bytes_bf16":8388608,"ratio_vs_f32":4.883458,"ratio_vs_bf16":2.441729,"encode_seconds":0.789769,"decode_seconds":0.044534,"verify":true,"mean_block_mse":0.5036800113}