{"metric":"MSE","block_size":512,"variance_ratio":0.95,"k":16,"bit_width":3,"dim":128,"num_vecs_encoded":65536,"num_blocks":128,"skeleton_bytes":3980608,"codes_bytes":2265088,"compressed_bytes":6245696,"baseline_bytes_f32":33554432,"baseline_bytes_bf16":16777216,"ratio_vs_f32":5.372409,"ratio_vs_bf16":2.686204,"encode_seconds":1.529686,"decode_seconds":0.081496,"verify":true,"mean_block_mse":6.4603008564}