{"n_vecs":131072,"dim":64,"block_size":512,"n_blocks":256,"variance_ratio":0.95,"per_block_mean_mse":4.075382e-2,"layer_pooled_mean_mse":5.455206e-2,"first_block_mean_mse":4.583752e-1,"pooled_over_per_block_mean":1.3386,"pooled_over_per_block_median":1.5576,"pooled_over_per_block_max":2.0921,"first_over_per_block_mean":11.2474,"first_over_per_block_median":12.2204,"first_over_per_block_max":28.3225,"pooled_d_eff":58,"first_d_eff":41,"per_block_d_eff":[41,33,33,33,33,33,33,33,42,36,36,36,36,36,36,37,45,39,39,40,40,40,40,41,46,39,39,39,39,39,39,40,43,40,40,40,40,40,40,40,47,41,41,41,41,41,41,42,44,38,38,38,38,38,38,38,47,41,41,41,41,41,41,42,46,39,39,40,40,40,40,41,45,40,39,39,39,39,39,40,42,39,39,39,39,39,39,39,41,38,38,38,38,38,38,39,40,34,34,34,34,34,34,35,43,41,41,41,41,41,41,41,48,43,42,42,42,42,42,43,41,34,34,34,35,35,35,35,33,25,24,24,24,24,24,25,42,35,35,35,35,35,35,36,39,32,32,32,32,32,32,33,40,34,34,34,33,33,33,34,45,37,37,37,37,37,38,39,41,36,36,36,36,36,36,37,42,35,35,35,35,35,35,36,42,37,37,37,37,37,38,38,36,31,31,31,31,31,31,31,45,40,40,40,40,40,40,41,42,39,39,39,39,39,39,39,46,42,42,42,42,42,42,42,45,38,37,37,37,37,37,39,45,40,40,40,40,40,40,40,46,41,41,41,41,41,41,41,36,30,30,29,29,29,29,30],"per_block_mses":[3.514380e-2,2.948302e-2,2.769474e-2,2.644831e-2,2.661529e-2,2.630907e-2,2.645655e-2,2.802571e-2,3.927029e-2,3.350336e-2,3.220279e-2,3.159375e-2,3.218762e-2,3.207185e-2,3.235072e-2,3.131767e-2,2.015432e-2,1.449947e-2,1.346330e-2,1.181023e-2,1.178663e-2,1.146907e-2,1.120479e-2,1.150561e-2,2.246641e-2,2.124699e-2,2.094057e-2,2.025937e-2,2.043122e-2,2.008496e-2,1.970061e-2,1.924711e-2,8.456337e-2,8.476602e-2,8.397222e-2,8.280792e-2,8.296961e-2,8.300965e-2,8.347322e-2,8.574737e-2,1.848003e-2,1.800115e-2,1.740994e-2,1.697238e-2,1.695937e-2,1.709415e-2,1.706687e-2,1.648800e-2,3.074291e-2,2.457884e-2,2.371724e-2,2.335303e-2,2.362943e-2,2.329161e-2,2.305701e-2,2.521445e-2,2.502303e-2,2.286755e-2,2.211851e-2,2.202571e-2,2.226467e-2,2.197741e-2,2.191841e-2,2.124786e-2,1.692829e-2,1.530216e-2,1.517765e-2,1.390823e-2,1.399848e-2,1.401396e-2,1.399404e-2,1.362775e-2,2.864025e-2,2.313198e-2,2.456975e-2,2.393277e-2,2.419682e-2,2.424787e-2,2.427121e-2,2.337135e-2,6.225534e-2,6.305218e-2,6.407795e-2,6.441107e-2,6.505117e-2,6.545823e-2,6.580666e-2,6.785094e-2,2.328476e-2,1.460303e-2,1.391766e-2,1.361282e-2,1.395687e-2,1.384227e-2,1.372459e-2,1.373929e-2,3.531718e-2,3.198697e-2,3.100928e-2,3.037251e-2,3.053189e-2,3.021651e-2,3.042008e-2,2.866329e-2,1.073306e-1,1.054505e-1,1.076821e-1,1.083863e-1,1.091936e-1,1.097844e-1,1.097471e-1,1.120390e-1,3.177100e-2,2.825283e-2,3.055420e-2,3.036703e-2,3.027110e-2,3.040660e-2,3.021295e-2,2.847928e-2,3.690984e-2,3.574614e-2,3.474063e-2,3.410896e-2,3.177596e-2,3.136430e-2,3.131755e-2,3.328897e-2,5.170317e-2,5.125653e-2,5.115371e-2,4.947578e-2,5.025264e-2,4.975423e-2,4.955958e-2,5.043790e-2,3.998530e-2,3.129541e-2,3.009267e-2,2.934928e-2,2.939569e-2,2.922058e-2,2.911348e-2,2.892313e-2,4.942402e-2,4.861935e-2,4.710841e-2,4.642165e-2,4.681467e-2,4.626784e-2,4.639745e-2,4.546520e-2,5.041809e-2,4.160418e-2,3.989029e-2,3.943617e-2,4.304422e-2,4.289611e-2,4.304608e-2,4.216175e-2,1.492188e-2,1.217225e-2,1.155051e-2,1.143296e-2,1.150402e-2,1.149805e-2,1.055925e-2,1.038807e-2,4.392221e-2,4.199397e-2,4.073811e-2,3.997377e-2,4.090510e-2,4.049263e-2,4.098485e-2,3.891731e-2,2.522903e-2,1.920659e-2,1.819737e-2,1.767368e-2,1.783520e-2,1.760704e-2,1.739332e-2,1.706895e-2,4.446986e-2,3.840272e-2,3.731274e-2,3.662727e-2,3.654086e-2,3.604946e-2,3.277848e-2,3.363248e-2,1.351264e-1,1.284126e-1,1.271672e-1,1.265738e-1,1.271675e-1,1.269401e-1,1.276973e-1,1.327030e-1,3.416207e-2,2.971600e-2,2.935284e-2,2.898254e-2,2.884984e-2,2.907404e-2,2.945547e-2,2.806390e-2,1.023024e-1,1.029312e-1,1.041314e-1,1.027351e-1,1.029773e-1,1.039615e-1,1.031700e-1,1.053895e-1,4.828550e-2,4.839519e-2,4.929658e-2,4.845302e-2,4.807451e-2,4.834518e-2,4.829881e-2,4.942992e-2,2.168527e-2,1.672973e-2,1.693830e-2,1.646441e-2,1.647315e-2,1.617998e-2,1.603878e-2,1.548350e-2,3.061082e-2,2.498191e-2,2.417949e-2,2.363863e-2,2.374245e-2,2.354168e-2,2.342687e-2,2.470878e-2,3.249551e-2,2.846061e-2,2.714663e-2,2.662234e-2,2.681913e-2,2.657977e-2,2.694329e-2,2.849466e-2,7.643955e-2,7.612578e-2,7.401099e-2,7.938148e-2,8.058878e-2,8.018215e-2,7.985522e-2,7.701079e-2],"layer_pooled_mses":[5.813171e-2,4.698536e-2,4.522842e-2,4.388920e-2,4.421590e-2,4.420443e-2,4.400805e-2,4.444418e-2,6.410991e-2,5.668891e-2,5.339547e-2,5.157757e-2,5.155634e-2,5.011793e-2,5.038963e-2,5.027700e-2,3.560399e-2,2.342640e-2,2.182423e-2,2.078323e-2,2.027938e-2,1.990140e-2,1.982554e-2,2.046656e-2,3.817979e-2,3.444289e-2,3.305111e-2,3.182659e-2,3.144505e-2,3.122926e-2,3.117648e-2,3.160309e-2,1.061064e-1,1.013633e-1,1.046991e-1,1.031109e-1,1.038818e-1,1.047062e-1,1.045535e-1,1.045031e-1,3.512370e-2,3.322768e-2,3.346674e-2,3.331086e-2,3.323797e-2,3.321110e-2,3.275525e-2,3.272614e-2,5.866747e-2,4.270060e-2,4.142346e-2,4.127483e-2,4.236468e-2,4.374308e-2,4.470159e-2,4.627184e-2,4.711105e-2,4.456765e-2,4.303391e-2,4.115914e-2,4.036599e-2,3.872002e-2,3.826973e-2,3.782427e-2,3.437786e-2,2.988153e-2,2.776699e-2,2.676885e-2,2.691775e-2,2.655384e-2,2.590280e-2,2.582984e-2,4.704101e-2,4.230068e-2,4.256958e-2,4.251063e-2,4.322044e-2,4.321309e-2,4.318367e-2,4.324867e-2,9.160015e-2,8.719833e-2,8.861034e-2,8.866885e-2,8.983456e-2,9.015275e-2,9.020570e-2,9.074362e-2,3.155954e-2,2.491067e-2,2.412553e-2,2.423113e-2,2.499737e-2,2.514641e-2,2.480842e-2,2.514214e-2,4.706680e-2,4.100599e-2,3.999224e-2,3.956402e-2,3.971617e-2,3.896039e-2,3.915364e-2,3.907985e-2,1.193724e-1,1.248296e-1,1.279126e-1,1.298654e-1,1.310495e-1,1.309187e-1,1.322698e-1,1.332325e-1,6.516652e-2,5.910750e-2,5.790805e-2,5.781277e-2,5.870651e-2,5.838541e-2,5.934366e-2,5.834504e-2,6.963816e-2,5.495537e-2,5.181025e-2,5.080633e-2,5.139070e-2,5.073084e-2,5.125464e-2,5.059299e-2,6.144444e-2,6.180121e-2,6.029159e-2,5.672491e-2,5.886735e-2,5.813624e-2,5.733250e-2,5.996425e-2,5.401094e-2,3.886328e-2,3.726468e-2,3.569714e-2,3.657409e-2,3.658202e-2,3.654895e-2,3.786994e-2,5.517426e-2,4.768900e-2,4.489453e-2,4.423634e-2,4.436507e-2,4.334013e-2,4.349780e-2,4.391389e-2,6.959943e-2,5.419913e-2,5.136856e-2,5.032476e-2,5.190772e-2,5.084881e-2,5.167620e-2,5.299840e-2,2.474544e-2,1.791187e-2,1.671207e-2,1.631904e-2,1.651720e-2,1.652827e-2,1.666975e-2,1.664219e-2,6.815386e-2,5.809335e-2,5.424830e-2,5.309924e-2,5.344586e-2,5.260983e-2,5.300656e-2,5.361094e-2,3.937858e-2,2.603058e-2,2.418504e-2,2.396938e-2,2.401396e-2,2.331055e-2,2.284984e-2,2.384454e-2,7.420852e-2,5.630317e-2,5.401216e-2,5.254275e-2,5.237719e-2,5.189662e-2,5.036328e-2,5.037040e-2,1.235597e-1,9.883000e-2,9.432134e-2,9.155711e-2,9.161699e-2,8.985648e-2,9.177150e-2,9.298864e-2,6.249385e-2,5.098374e-2,5.001335e-2,4.915837e-2,4.985241e-2,4.906432e-2,4.969700e-2,4.922169e-2,1.210317e-1,1.218788e-1,1.239702e-1,1.227071e-1,1.234362e-1,1.239019e-1,1.253710e-1,1.244279e-1,8.551116e-2,7.954811e-2,8.103028e-2,8.064872e-2,7.946970e-2,8.050537e-2,8.129461e-2,8.178633e-2,3.588505e-2,2.813708e-2,2.509581e-2,2.348586e-2,2.317091e-2,2.261467e-2,2.297218e-2,2.292085e-2,5.065105e-2,4.197089e-2,4.204007e-2,4.073420e-2,4.053869e-2,4.098617e-2,4.114883e-2,4.138769e-2,6.577454e-2,5.582732e-2,5.361231e-2,5.158495e-2,5.070534e-2,5.103703e-2,5.037300e-2,5.178052e-2,7.879586e-2,6.571024e-2,6.582401e-2,6.677388e-2,6.757521e-2,6.850394e-2,6.912941e-2,7.146057e-2],