{"n_vecs":131072,"dim":64,"block_size":512,"n_blocks":256,"variance_ratio":0.95,"per_block_mean_mse":9.097153e-2,"layer_pooled_mean_mse":2.871324e-1,"first_block_mean_mse":2.803674e0,"pooled_over_per_block_mean":3.1563,"pooled_over_per_block_median":2.9972,"pooled_over_per_block_max":8.8075,"first_over_per_block_mean":30.8192,"first_over_per_block_median":30.7427,"first_over_per_block_max":81.3092,"pooled_d_eff":54,"first_d_eff":43,"per_block_d_eff":[43,40,40,40,40,40,40,40,38,36,36,36,36,35,35,35,45,43,43,43,43,43,43,43,41,39,39,38,38,38,38,38,44,42,42,41,41,41,41,41,42,39,39,38,38,38,38,39,40,38,37,37,37,37,37,37,39,37,37,37,37,37,37,37,36,35,35,36,36,35,35,35,45,42,42,42,42,42,42,42,40,37,37,37,37,37,37,37,21,20,20,20,20,20,20,21,38,38,38,38,38,38,38,38,43,41,41,41,41,41,41,41,43,41,41,41,41,41,41,41,42,40,39,39,39,39,39,39,41,38,38,38,38,38,38,38,47,45,45,44,44,44,44,44,42,39,39,39,38,38,38,38,42,41,41,41,41,41,41,41,42,41,40,40,40,40,40,40,43,41,40,40,40,40,40,40,42,40,39,39,39,39,39,39,43,41,40,40,40,39,39,39,44,41,40,40,40,40,40,40,40,37,37,37,36,36,36,36,38,36,35,35,35,35,35,35,38,38,38,38,38,38,38,38,39,37,37,37,37,37,36,36,37,35,35,34,35,34,34,34,40,39,38,38,38,39,38,39,42,39,38,38,38,38,38,38],"per_block_mses":[6.987215e-2,7.471713e-2,7.070707e-2,7.011420e-2,7.032015e-2,7.088963e-2,7.140211e-2,7.164073e-2,9.274679e-2,9.074606e-2,8.679787e-2,8.612920e-2,8.435013e-2,9.110279e-2,8.962602e-2,8.940474e-2,8.304306e-2,8.452388e-2,8.251058e-2,8.216742e-2,8.252395e-2,8.265295e-2,8.225809e-2,8.318363e-2,8.704074e-2,8.475814e-2,8.201688e-2,8.722467e-2,8.670673e-2,8.657146e-2,8.569162e-2,8.552252e-2,9.605701e-2,9.884701e-2,9.546036e-2,1.028252e-1,9.954770e-2,9.746581e-2,9.624826e-2,9.475383e-2,1.284371e-1,1.342359e-1,1.265153e-1,1.367640e-1,1.355640e-1,1.356162e-1,1.344526e-1,1.230020e-1,1.066853e-1,1.042772e-1,1.084130e-1,1.054263e-1,1.030968e-1,1.007035e-1,1.000398e-1,9.953047e-2,1.137344e-1,1.087615e-1,1.029759e-1,1.012410e-1,9.968028e-2,9.851646e-2,9.720316e-2,9.585148e-2,1.322793e-1,1.258662e-1,1.228316e-1,1.119048e-1,1.107462e-1,1.186542e-1,1.177139e-1,1.183039e-1,5.107855e-2,5.653669e-2,5.415971e-2,5.452960e-2,5.527069e-2,5.495598e-2,5.443304e-2,5.379330e-2,7.650559e-2,7.951941e-2,7.775546e-2,7.760852e-2,7.678834e-2,7.669567e-2,7.605324e-2,7.616754e-2,1.615091e-1,1.705798e-1,1.674090e-1,1.676838e-1,1.690193e-1,1.705046e-1,1.705380e-1,1.544582e-1,7.782416e-2,6.736476e-2,6.469438e-2,6.393779e-2,6.315529e-2,6.225052e-2,6.105259e-2,6.182068e-2,1.395212e-1,1.379397e-1,1.349069e-1,1.340858e-1,1.325467e-1,1.311049e-1,1.302820e-1,1.303437e-1,1.278507e-1,1.309190e-1,1.271991e-1,1.246772e-1,1.232118e-1,1.230002e-1,1.219365e-1,1.205209e-1,1.125193e-1,1.065068e-1,1.120346e-1,1.093082e-1,1.075165e-1,1.064687e-1,1.052279e-1,1.056662e-1,1.127162e-1,1.196587e-1,1.139156e-1,1.125671e-1,1.103701e-1,1.089114e-1,1.064704e-1,1.061733e-1,3.496665e-2,3.575725e-2,3.466697e-2,3.718833e-2,3.685338e-2,3.613871e-2,3.590703e-2,3.567254e-2,9.042189e-2,9.328921e-2,8.968106e-2,8.581407e-2,8.983740e-2,8.897398e-2,8.784984e-2,8.689830e-2,5.499504e-2,6.177876e-2,6.394434e-2,6.564488e-2,6.575371e-2,6.759137e-2,6.752579e-2,6.896667e-2,7.025063e-2,6.443646e-2,6.836519e-2,6.659224e-2,6.463733e-2,6.415077e-2,6.310933e-2,6.314395e-2,3.988132e-2,3.681393e-2,3.835139e-2,3.772096e-2,3.721024e-2,3.696106e-2,3.700338e-2,3.707439e-2,8.104722e-2,7.925260e-2,8.222442e-2,8.035610e-2,7.856069e-2,7.889109e-2,7.829864e-2,7.892574e-2,8.640974e-2,8.315360e-2,8.479078e-2,8.094128e-2,7.784689e-2,8.354091e-2,8.264368e-2,8.157027e-2,9.486125e-2,9.464830e-2,9.665021e-2,9.341814e-2,9.176279e-2,8.996363e-2,8.836754e-2,8.844533e-2,9.042875e-2,9.060155e-2,8.543247e-2,8.416566e-2,8.906151e-2,8.710272e-2,8.583835e-2,8.617907e-2,7.100488e-2,7.098523e-2,7.415227e-2,7.315784e-2,7.298305e-2,7.333141e-2,7.216738e-2,7.216074e-2,1.086995e-1,1.203519e-1,1.246545e-1,1.271867e-1,1.286835e-1,1.304342e-1,1.299113e-1,1.328568e-1,8.382011e-2,8.002959e-2,7.655647e-2,7.503170e-2,7.381850e-2,7.257366e-2,7.789070e-2,7.690268e-2,9.405182e-2,9.323477e-2,8.715241e-2,9.280495e-2,8.522106e-2,9.258939e-2,9.207128e-2,9.223117e-2,8.996949e-2,8.094810e-2,8.393364e-2,8.327024e-2,8.298396e-2,7.592204e-2,8.175004e-2,7.584416e-2,9.676135e-2,9.996327e-2,1.072614e-1,1.066827e-1,1.056557e-1,1.041087e-1,1.035235e-1,1.033091e-1],"layer_pooled_mses":[2.689176e-1,2.699566e-1,2.024064e-1,2.461329e-1,2.056642e-1,2.209101e-1,2.174399e-1,2.963707e-1,4.299250e-1,5.855460e-1,3.213017e-1,4.436042e-1,4.354021e-1,4.325826e-1,3.236753e-1,5.726213e-1,3.405376e-1,3.538213e-1,3.061398e-1,2.642570e-1,3.124982e-1,2.981706e-1,2.804911e-1,3.487188e-1,2.421442e-1,1.978703e-1,2.509727e-1,2.998406e-1,1.739215e-1,1.991345e-1,1.663079e-1,2.022243e-1,2.398687e-1,2.286819e-1,2.252478e-1,2.157594e-1,2.322440e-1,2.365784e-1,2.228799e-1,2.259297e-1,5.734366e-1,4.072547e-1,6.497163e-1,5.637054e-1,3.517360e-1,5.199720e-1,6.182604e-1,2.723031e-1,3.588861e-1,3.295910e-1,3.119210e-1,3.265366e-1,3.468931e-1,3.031851e-1,3.382334e-1,2.971325e-1,3.322629e-1,3.293944e-1,2.861404e-1,2.801398e-1,2.826493e-1,2.776234e-1,3.069594e-1,3.093563e-1,4.094980e-1,2.758533e-1,3.843553e-1,3.079662e-1,3.286612e-1,4.525886e-1,4.861820e-1,2.928889e-1,1.301617e-1,1.220248e-1,1.408616e-1,1.281067e-1,1.140783e-1,1.081671e-1,1.257552e-1,1.099759e-1,1.886043e-1,2.519617e-1,2.572431e-1,2.304764e-1,2.301501e-1,2.632550e-1,3.209796e-1,2.713618e-1,7.616616e-1,6.364783e-1,6.069731e-1,5.754136e-1,6.005456e-1,5.727426e-1,5.814525e-1,5.793651e-1,6.174520e-1,5.157235e-1,3.505698e-1,3.199281e-1,5.562412e-1,3.743389e-1,2.735912e-1,5.174163e-1,3.603258e-1,3.064544e-1,2.876139e-1,2.821082e-1,2.858973e-1,2.545239e-1,2.556921e-1,2.502214e-1,2.643366e-1,2.501379e-1,2.523304e-1,2.533945e-1,2.528243e-1,2.504193e-1,2.491532e-1,2.342411e-1,2.883689e-1,2.575654e-1,2.225378e-1,2.118556e-1,2.150163e-1,2.097720e-1,2.170245e-1,2.496610e-1,2.883581e-1,3.660158e-1,3.007810e-1,3.460048e-1,3.203672e-1,4.004462e-1,3.576914e-1,2.903092e-1,9.989563e-2,1.225550e-1,1.352467e-1,1.353141e-1,1.215294e-1,1.248212e-1,1.151195e-1,1.278327e-1,3.988689e-1,3.272210e-1,2.720735e-1,1.994922e-1,2.376993e-1,2.159361e-1,3.126842e-1,3.011351e-1,1.507966e-1,1.976651e-1,2.959109e-1,3.859578e-1,2.624258e-1,1.856523e-1,2.367509e-1,1.787907e-1,2.088639e-1,2.199317e-1,2.251125e-1,1.862480e-1,1.949374e-1,2.001549e-1,1.885521e-1,1.993914e-1,1.833522e-1,1.552286e-1,1.026203e-1,8.859961e-2,1.037660e-1,1.060845e-1,1.695213e-1,1.990014e-1,2.363765e-1,2.439784e-1,2.855341e-1,3.235149e-1,1.977741e-1,2.821650e-1,2.837888e-1,2.950129e-1,2.864312e-1,2.686957e-1,2.384631e-1,2.496606e-1,2.387191e-1,2.302848e-1,2.452849e-1,2.202922e-1,2.513228e-1,2.509321e-1,2.653270e-1,2.680437e-1,2.755665e-1,2.554764e-1,2.370187e-1,2.596465e-1,2.541652e-1,3.024653e-1,2.140349e-1,2.463525e-1,2.249692e-1,2.334118e-1,2.197493e-1,3.090514e-1,2.080219e-1,1.861035e-1,2.136253e-1,2.202812e-1,1.837472e-1,1.949294e-1,2.084336e-1,2.064472e-1,4.609156e-1,3.183358e-1,2.657822e-1,2.930983e-1,2.665778e-1,3.218033e-1,3.382130e-1,3.874980e-1,3.491081e-1,3.267380e-1,2.696553e-1,3.029281e-1,3.363006e-1,2.978648e-1,3.354624e-1,3.434287e-1,4.349878e-1,5.025607e-1,2.472930e-1,3.828467e-1,4.431156e-1,2.773009e-1,3.603562e-1,5.142689e-1,2.848970e-1,1.824234e-1,2.794400e-1,2.306692e-1,2.244560e-1,2.550044e-1,3.303159e-1,1.889290e-1,2.280063e-1,2.376246e-1,2.111789e-1,2.652993e-1,2.094840e-1,1.721763e-1,1.892919e-1,2.399446e-1],