{"n_vecs":131072,"dim":64,"block_size":512,"n_blocks":256,"variance_ratio":0.95,"per_block_mean_mse":9.838176e-2,"layer_pooled_mean_mse":2.708197e-1,"first_block_mean_mse":2.932405e0,"pooled_over_per_block_mean":2.7527,"pooled_over_per_block_median":2.2656,"pooled_over_per_block_max":13.5740,"first_over_per_block_mean":29.8064,"first_over_per_block_median":29.8481,"first_over_per_block_max":98.6006,"pooled_d_eff":51,"first_d_eff":41,"per_block_d_eff":[41,39,39,39,39,39,38,39,46,44,44,44,44,43,43,43,38,37,37,37,37,37,37,37,40,39,39,40,39,40,40,40,32,30,30,30,30,30,30,30,41,39,39,39,39,39,39,39,47,45,44,44,44,44,44,44,40,38,38,38,38,38,38,38,47,46,46,46,46,46,46,46,44,41,41,41,41,41,41,41,40,38,38,38,38,38,38,38,45,42,42,42,42,42,42,42,38,36,35,35,35,35,35,35,46,44,44,44,44,44,44,44,45,43,43,43,43,43,43,43,42,40,40,40,40,40,40,40,39,38,38,37,37,37,37,37,42,40,40,40,39,39,39,40,36,34,34,34,34,34,34,34,39,37,37,37,36,36,36,36,47,46,45,45,45,45,45,45,36,34,34,33,33,33,33,33,27,26,26,26,26,26,26,26,41,39,39,39,39,39,39,39,43,41,41,41,41,41,41,41,43,42,41,41,41,41,41,42,47,45,45,44,44,44,44,44,46,44,44,44,44,44,44,44,41,39,39,39,39,39,39,39,41,39,39,39,39,39,39,38,44,42,41,41,41,41,41,41,42,40,40,40,40,40,40,40],"per_block_mses":[1.219386e-1,1.274387e-1,1.253446e-1,1.250485e-1,1.241950e-1,1.236022e-1,1.323973e-1,1.230355e-1,6.260914e-2,6.519776e-2,6.390869e-2,6.301613e-2,6.328361e-2,6.959006e-2,6.933812e-2,6.916107e-2,8.399971e-2,8.509927e-2,8.357999e-2,8.485593e-2,8.564881e-2,8.745656e-2,8.831579e-2,8.743109e-2,6.802257e-2,6.625681e-2,6.527730e-2,5.953322e-2,6.441401e-2,5.913592e-2,5.891983e-2,5.908468e-2,1.774312e-1,1.832686e-1,1.785740e-1,1.786461e-1,1.774214e-1,1.773469e-1,1.763523e-1,1.751375e-1,6.750362e-2,6.724087e-2,6.503414e-2,6.383078e-2,6.316563e-2,6.289730e-2,6.282930e-2,6.299565e-2,6.229353e-2,6.491177e-2,6.781661e-2,6.789461e-2,6.692871e-2,6.659793e-2,6.614454e-2,6.622526e-2,8.259714e-2,8.580884e-2,8.411054e-2,8.357380e-2,8.340563e-2,8.312458e-2,8.293360e-2,8.307005e-2,1.335469e-1,1.300389e-1,1.273104e-1,1.272177e-1,1.272596e-1,1.271810e-1,1.271162e-1,1.276886e-1,8.847834e-2,9.627131e-2,9.401988e-2,9.284233e-2,9.205333e-2,9.140430e-2,9.107318e-2,9.095788e-2,1.038542e-1,1.036632e-1,1.011125e-1,1.003320e-1,9.982941e-2,1.000044e-1,9.904468e-2,9.887304e-2,6.923835e-2,7.108258e-2,6.905614e-2,6.823943e-2,6.756112e-2,6.692499e-2,6.668939e-2,6.664960e-2,1.137394e-1,1.144280e-1,1.209062e-1,1.188256e-1,1.182806e-1,1.185519e-1,1.176009e-1,1.172342e-1,3.480173e-2,3.388970e-2,3.321809e-2,3.307385e-2,3.303259e-2,3.316284e-2,3.285077e-2,3.254074e-2,1.038090e-1,1.065979e-1,1.028363e-1,1.014359e-1,1.003119e-1,9.961621e-2,9.909351e-2,9.902172e-2,8.395040e-2,8.855718e-2,8.654073e-2,8.548441e-2,8.493396e-2,8.519409e-2,8.450725e-2,8.472377e-2,1.127476e-1,1.074108e-1,1.059811e-1,1.148028e-1,1.144178e-1,1.154224e-1,1.154289e-1,1.150869e-1,8.042579e-2,8.031152e-2,7.863553e-2,7.775456e-2,8.338200e-2,8.314244e-2,8.267490e-2,7.588121e-2,1.295940e-1,1.376627e-1,1.355490e-1,1.346431e-1,1.339924e-1,1.351567e-1,1.352980e-1,1.355165e-1,1.281017e-1,1.332023e-1,1.298019e-1,1.286386e-1,1.385822e-1,1.382597e-1,1.379184e-1,1.377988e-1,7.398967e-2,7.340282e-2,7.937029e-2,7.861818e-2,7.824415e-2,7.823197e-2,7.812066e-2,7.804196e-2,1.577402e-1,1.499078e-1,1.462858e-1,1.545196e-1,1.530710e-1,1.532316e-1,1.522465e-1,1.525945e-1,9.883912e-2,1.022111e-1,1.002244e-1,9.878456e-2,9.857139e-2,9.803954e-2,9.787309e-2,9.816710e-2,1.009128e-1,1.004552e-1,9.887449e-2,9.770993e-2,9.776543e-2,9.835475e-2,9.850946e-2,9.796608e-2,9.984971e-2,1.043612e-1,1.025252e-1,1.023833e-1,1.014873e-1,1.020119e-1,1.013665e-1,1.018172e-1,1.073919e-1,1.001031e-1,1.074006e-1,1.074607e-1,1.077096e-1,1.074516e-1,1.075520e-1,9.796455e-2,8.869096e-2,9.235584e-2,8.960514e-2,9.668991e-2,9.572371e-2,9.542678e-2,9.578423e-2,9.635009e-2,6.344355e-2,6.398260e-2,6.266448e-2,6.288025e-2,6.286462e-2,6.283945e-2,6.253549e-2,6.218234e-2,1.069341e-1,1.076077e-1,1.044090e-1,1.032426e-1,1.026977e-1,1.027221e-1,1.032176e-1,1.029608e-1,5.042902e-2,4.971667e-2,5.008426e-2,5.038241e-2,5.170182e-2,5.233750e-2,5.201370e-2,5.590288e-2,1.347128e-1,1.423722e-1,1.514836e-1,1.507441e-1,1.494239e-1,1.489972e-1,1.479024e-1,1.487912e-1,1.325705e-1,1.373778e-1,1.343141e-1,1.349290e-1,1.325792e-1,1.310154e-1,1.316499e-1,1.309394e-1],"layer_pooled_mses":[2.123604e-1,2.037971e-1,2.023331e-1,2.014669e-1,2.011386e-1,1.973220e-1,1.976574e-1,1.978369e-1,2.249896e-1,2.166760e-1,2.252815e-1,2.284487e-1,2.390343e-1,2.341499e-1,2.378619e-1,2.408272e-1,5.584845e-1,5.323096e-1,5.316797e-1,5.601060e-1,5.657217e-1,5.475406e-1,5.744322e-1,5.782039e-1,1.223602e-1,1.294029e-1,1.293974e-1,1.265729e-1,1.257143e-1,1.357639e-1,1.248587e-1,1.256150e-1,2.111399e-1,1.765817e-1,1.530796e-1,1.441085e-1,1.407693e-1,1.430313e-1,1.572297e-1,1.794584e-1,1.262680e-1,1.029528e-1,9.419869e-2,9.975114e-2,9.242484e-2,9.634772e-2,1.035750e-1,1.108032e-1,3.433079e-1,3.456564e-1,3.243173e-1,3.214244e-1,3.127005e-1,3.046330e-1,3.190056e-1,3.447751e-1,1.233802e-1,1.107143e-1,1.065916e-1,1.079543e-1,1.126869e-1,1.224541e-1,1.228617e-1,1.202747e-1,3.702778e-1,3.792585e-1,3.775745e-1,3.826771e-1,3.820093e-1,3.844887e-1,3.896166e-1,3.925484e-1,4.715641e-1,4.413199e-1,4.274158e-1,4.252997e-1,4.082010e-1,3.853654e-1,3.723572e-1,3.804775e-1,9.274411e-1,8.794968e-1,6.958467e-1,6.486263e-1,5.733802e-1,5.761163e-1,6.377705e-1,6.782332e-1,1.496239e-1,1.443998e-1,1.405323e-1,1.349835e-1,1.368409e-1,1.394894e-1,1.553890e-1,1.658487e-1,2.027271e-1,1.939462e-1,1.995311e-1,1.908912e-1,1.756943e-1,1.682651e-1,1.576665e-1,1.517682e-1,4.614686e-1,4.522733e-1,4.361164e-1,4.489441e-1,4.330962e-1,4.348096e-1,4.290900e-1,4.354003e-1,2.889915e-1,2.610983e-1,2.547550e-1,2.389417e-1,2.338805e-1,2.272369e-1,2.229139e-1,2.243448e-1,1.861279e-1,1.825040e-1,1.722043e-1,1.699070e-1,1.672170e-1,1.669653e-1,1.625620e-1,1.643848e-1,3.621589e-1,3.090430e-1,2.507216e-1,2.388708e-1,2.688668e-1,2.772867e-1,2.991572e-1,3.672450e-1,1.470445e-1,1.387185e-1,1.300067e-1,1.296400e-1,1.305455e-1,1.398382e-1,1.507290e-1,1.699279e-1,1.976401e-1,1.807363e-1,1.880349e-1,1.926276e-1,1.949674e-1,1.761218e-1,1.699904e-1,1.659674e-1,2.649919e-1,2.441780e-1,2.317145e-1,2.206542e-1,2.245807e-1,2.555596e-1,2.986472e-1,3.609436e-1,2.500025e-1,2.448394e-1,2.363432e-1,2.353296e-1,2.332006e-1,2.346304e-1,2.299932e-1,2.386722e-1,1.498046e-1,1.558187e-1,1.619338e-1,1.642022e-1,1.685489e-1,1.748801e-1,1.838545e-1,1.835180e-1,8.747083e-2,7.873712e-2,1.019324e-1,1.034778e-1,9.470441e-2,1.090888e-1,1.209182e-1,1.394742e-1,2.390738e-1,2.132046e-1,2.011094e-1,2.077899e-1,2.008660e-1,2.022383e-1,1.962441e-1,2.109226e-1,2.315734e-1,2.176025e-1,2.147754e-1,2.230008e-1,2.218903e-1,2.299213e-1,2.281930e-1,2.439354e-1,2.317893e-1,2.041738e-1,1.906207e-1,2.009088e-1,2.237845e-1,2.376137e-1,2.613099e-1,2.924574e-1,2.804091e-1,2.763658e-1,2.611909e-1,2.717404e-1,2.703420e-1,2.692498e-1,2.612417e-1,2.657867e-1,2.002111e-1,1.904919e-1,1.872014e-1,1.795287e-1,1.687590e-1,1.682511e-1,1.712927e-1,1.930776e-1,3.979814e-1,2.895624e-1,1.990540e-1,1.514397e-1,1.451447e-1,1.669223e-1,2.477899e-1,3.328681e-1,6.040682e-1,4.907357e-1,4.290859e-1,4.241014e-1,4.497752e-1,4.421873e-1,5.008349e-1,5.594414e-1,3.635721e-1,3.633551e-1,3.487108e-1,3.430839e-1,3.398956e-1,3.364633e-1,3.341241e-1,3.307063e-1,6.236739e-1,6.370970e-1,5.483829e-1,4.863073e-1,4.575743e-1,5.518971e-1,6.590749e-1,6.222739e-1],