{"n_vecs":131072,"dim":64,"block_size":512,"n_blocks":256,"variance_ratio":0.95,"per_block_mean_mse":2.582616e-2,"layer_pooled_mean_mse":3.393281e-2,"first_block_mean_mse":4.848879e-1,"pooled_over_per_block_mean":1.3139,"pooled_over_per_block_median":1.3992,"pooled_over_per_block_max":2.2617,"first_over_per_block_mean":18.7751,"first_over_per_block_median":19.4612,"first_over_per_block_max":45.9074,"pooled_d_eff":58,"first_d_eff":38,"per_block_d_eff":[38,31,31,31,31,31,31,32,46,40,40,39,39,39,39,40,40,31,30,30,31,30,30,31,45,39,39,39,40,39,39,40,45,38,38,38,38,38,38,39,42,35,35,35,35,35,35,35,46,39,39,39,40,40,40,41,44,38,38,38,38,38,38,39,42,36,35,36,36,36,35,36,46,39,39,40,40,40,40,41,42,35,35,35,35,35,35,35,43,36,36,36,36,36,36,37,46,39,38,38,38,38,38,39,42,35,35,35,35,35,35,36,45,37,37,37,38,38,38,39,39,33,33,33,33,32,32,33,45,39,39,39,39,39,39,40,42,36,35,35,35,35,35,36,40,32,32,32,32,32,32,33,41,33,33,33,34,34,34,35,46,39,40,40,40,40,40,41,38,31,31,31,31,31,31,32,45,37,37,37,37,37,37,38,40,33,33,33,33,33,33,34,38,31,31,31,31,31,31,32,41,33,33,33,33,33,33,33,39,34,34,34,34,34,34,35,42,35,35,34,34,34,34,35,40,30,30,30,30,30,30,31,46,38,38,38,38,39,39,39,48,41,41,41,42,42,42,43,44,38,38,38,38,38,38,39],"per_block_mses":[4.922142e-2,4.455646e-2,4.339497e-2,4.293160e-2,4.369275e-2,4.350359e-2,4.325890e-2,4.302532e-2,1.419694e-2,1.174016e-2,1.126089e-2,1.209939e-2,1.212788e-2,1.178328e-2,1.160608e-2,1.170149e-2,3.660480e-2,3.832823e-2,3.956140e-2,3.880960e-2,3.640017e-2,3.871185e-2,3.854594e-2,3.920035e-2,4.206797e-2,3.483556e-2,3.431240e-2,3.357390e-2,3.123620e-2,3.405803e-2,3.364201e-2,3.370580e-2,1.850490e-2,1.459054e-2,1.346047e-2,1.299413e-2,1.327431e-2,1.314654e-2,1.290732e-2,1.332632e-2,2.697204e-2,2.473362e-2,2.355015e-2,2.276701e-2,2.337113e-2,2.307668e-2,2.276333e-2,2.411368e-2,1.782945e-2,1.573619e-2,1.492613e-2,1.468364e-2,1.366503e-2,1.359788e-2,1.354774e-2,1.354961e-2,2.567653e-2,2.211978e-2,2.158596e-2,2.114952e-2,2.107148e-2,2.120790e-2,2.106197e-2,2.176187e-2,3.916187e-2,3.037543e-2,3.071260e-2,2.741886e-2,2.819040e-2,2.805708e-2,2.961489e-2,3.018317e-2,1.866848e-2,1.604109e-2,1.587779e-2,1.434165e-2,1.449474e-2,1.449179e-2,1.424838e-2,1.402952e-2,2.266116e-2,2.093595e-2,2.031036e-2,1.998790e-2,2.027023e-2,2.021092e-2,1.977326e-2,2.091895e-2,3.187803e-2,2.686750e-2,2.565206e-2,2.502347e-2,2.557696e-2,2.526492e-2,2.510305e-2,2.562950e-2,2.350660e-2,2.102657e-2,2.178661e-2,2.150680e-2,2.160112e-2,2.125830e-2,2.120500e-2,2.084597e-2,2.422365e-2,2.096738e-2,1.960408e-2,1.907111e-2,1.947079e-2,1.924421e-2,1.926487e-2,1.948273e-2,1.534130e-2,1.374342e-2,1.297801e-2,1.280004e-2,1.190746e-2,1.159508e-2,1.137284e-2,1.133704e-2,3.674862e-2,2.752947e-2,2.653398e-2,2.591649e-2,2.640217e-2,2.838641e-2,2.793057e-2,2.840535e-2,3.028907e-2,2.907706e-2,2.807946e-2,2.754636e-2,2.820653e-2,2.795816e-2,2.777165e-2,2.686283e-2,2.669677e-2,2.267655e-2,2.343892e-2,2.294841e-2,2.321766e-2,2.308901e-2,2.296055e-2,2.293136e-2,2.340939e-2,2.279264e-2,2.185113e-2,2.145270e-2,2.200453e-2,2.207872e-2,2.167572e-2,2.135614e-2,2.595902e-2,2.311627e-2,2.173584e-2,2.118655e-2,1.996365e-2,1.968331e-2,1.946790e-2,1.921801e-2,1.266003e-2,1.090188e-2,1.008374e-2,9.926121e-3,9.978144e-3,1.004279e-2,1.003761e-2,9.675070e-3,4.737400e-2,4.546795e-2,4.438007e-2,4.330742e-2,4.370031e-2,4.358380e-2,4.375490e-2,4.343692e-2,2.466810e-2,2.356741e-2,2.222559e-2,2.173604e-2,2.227068e-2,2.166003e-2,2.161889e-2,2.170797e-2,5.363393e-2,5.616181e-2,5.509645e-2,5.425322e-2,5.585334e-2,5.481936e-2,5.454934e-2,5.365419e-2,5.023989e-2,4.593044e-2,4.415376e-2,4.325275e-2,4.407743e-2,4.353024e-2,4.317607e-2,4.322961e-2,2.654406e-2,2.597407e-2,2.403242e-2,2.352079e-2,2.408878e-2,2.383372e-2,2.362499e-2,2.611853e-2,4.654768e-2,4.484497e-2,4.429393e-2,4.408057e-2,4.451040e-2,4.395117e-2,4.393171e-2,4.314683e-2,2.741692e-2,2.449629e-2,2.318287e-2,2.447061e-2,2.468431e-2,2.443480e-2,2.443611e-2,2.441421e-2,3.096870e-2,3.170841e-2,3.068293e-2,2.975733e-2,3.061680e-2,3.021718e-2,2.990164e-2,2.959986e-2,2.183361e-2,1.985112e-2,1.977676e-2,1.943366e-2,1.989948e-2,1.823328e-2,1.799717e-2,1.947129e-2,1.457737e-2,1.236833e-2,1.183593e-2,1.183624e-2,1.088386e-2,1.073898e-2,1.088486e-2,1.080802e-2,2.345066e-2,1.941262e-2,1.862443e-2,1.863816e-2,1.941293e-2,1.937138e-2,1.921646e-2,1.944420e-2],"layer_pooled_mses":[6.200293e-2,4.974779e-2,4.799585e-2,4.728769e-2,4.683294e-2,4.702872e-2,4.639249e-2,4.845646e-2,3.210981e-2,2.201181e-2,2.017790e-2,1.977096e-2,2.068599e-2,2.104862e-2,2.087850e-2,2.160948e-2,4.187595e-2,3.716582e-2,3.399801e-2,3.442907e-2,3.467261e-2,3.466053e-2,3.524797e-2,3.654064e-2,6.977786e-2,5.593211e-2,5.041717e-2,4.812253e-2,4.700343e-2,4.675858e-2,4.526651e-2,4.612575e-2,2.933366e-2,2.486533e-2,2.345883e-2,2.209063e-2,2.175759e-2,2.199482e-2,2.208158e-2,2.272848e-2,4.097843e-2,3.505912e-2,3.264561e-2,3.143774e-2,3.190275e-2,3.225324e-2,3.196059e-2,3.232580e-2,3.474404e-2,2.727019e-2,2.557115e-2,2.486257e-2,2.415899e-2,2.411827e-2,2.428077e-2,2.446461e-2,4.008164e-2,3.111854e-2,2.949292e-2,2.915054e-2,2.924143e-2,2.984760e-2,2.931724e-2,3.015829e-2,5.926597e-2,3.838802e-2,3.676618e-2,3.591658e-2,3.682569e-2,3.828872e-2,3.954615e-2,4.118418e-2,3.188776e-2,2.574237e-2,2.449723e-2,2.442793e-2,2.304233e-2,2.221800e-2,2.205127e-2,2.224451e-2,3.448553e-2,2.720358e-2,2.657385e-2,2.600326e-2,2.634901e-2,2.610218e-2,2.644730e-2,2.642346e-2,4.770640e-2,3.674016e-2,3.485730e-2,3.452502e-2,3.562543e-2,3.610733e-2,3.708355e-2,3.800040e-2,4.128974e-2,3.469432e-2,3.317524e-2,3.277478e-2,3.331633e-2,3.343174e-2,3.249294e-2,3.351285e-2,3.541164e-2,3.087729e-2,3.027005e-2,3.029810e-2,2.989977e-2,3.014915e-2,3.013246e-2,3.075376e-2,2.864289e-2,2.196177e-2,2.102391e-2,2.048841e-2,2.008905e-2,1.996762e-2,1.942610e-2,1.933007e-2,4.999194e-2,3.549648e-2,3.362656e-2,3.338635e-2,3.398174e-2,3.502979e-2,3.567121e-2,3.617328e-2,5.477966e-2,4.436234e-2,4.320658e-2,4.230677e-2,4.200983e-2,4.188079e-2,4.157947e-2,4.275674e-2,3.604132e-2,3.192003e-2,3.053253e-2,2.951240e-2,2.910631e-2,2.932847e-2,3.017995e-2,3.074421e-2,3.110880e-2,2.716082e-2,2.625650e-2,2.559556e-2,2.571934e-2,2.572085e-2,2.614720e-2,2.588258e-2,3.649415e-2,2.899639e-2,2.723217e-2,2.670669e-2,2.671515e-2,2.613432e-2,2.672765e-2,2.688973e-2,2.353194e-2,1.718402e-2,1.635396e-2,1.587264e-2,1.587841e-2,1.611374e-2,1.661785e-2,1.740606e-2,5.160840e-2,4.372028e-2,4.063391e-2,3.900688e-2,3.850398e-2,3.873354e-2,3.818575e-2,3.838732e-2,3.831650e-2,3.146223e-2,3.102198e-2,3.048155e-2,3.022866e-2,3.007563e-2,3.056254e-2,3.018020e-2,6.775832e-2,5.479564e-2,5.308703e-2,5.278618e-2,5.455120e-2,5.456824e-2,5.590436e-2,5.740102e-2,5.057556e-2,4.269535e-2,4.315800e-2,4.288472e-2,4.362940e-2,4.383472e-2,4.437998e-2,4.667805e-2,4.283779e-2,3.597512e-2,3.426467e-2,3.479479e-2,3.572766e-2,3.580778e-2,3.628647e-2,3.738230e-2,6.597515e-2,5.611588e-2,5.393389e-2,5.282288e-2,5.261630e-2,5.326675e-2,5.380840e-2,5.477401e-2,3.857040e-2,3.523886e-2,3.378282e-2,3.369813e-2,3.412214e-2,3.379717e-2,3.417433e-2,3.495971e-2,4.055077e-2,3.397912e-2,3.254440e-2,3.301792e-2,3.324029e-2,3.366628e-2,3.488052e-2,3.599362e-2,3.223230e-2,2.924561e-2,2.847175e-2,2.804615e-2,2.789256e-2,2.760230e-2,2.753281e-2,2.773523e-2,2.413799e-2,1.892172e-2,1.893723e-2,1.912299e-2,1.902513e-2,1.898086e-2,1.896683e-2,1.933139e-2,3.437245e-2,2.826634e-2,2.681622e-2,2.673602e-2,2.656414e-2,2.649641e-2,2.706104e-2,2.712797e-2],