{"n_vecs":131072,"dim":64,"block_size":512,"n_blocks":256,"variance_ratio":0.95,"per_block_mean_mse":1.022765e-2,"layer_pooled_mean_mse":1.177423e-2,"first_block_mean_mse":9.126403e-2,"pooled_over_per_block_mean":1.1512,"pooled_over_per_block_median":1.2001,"pooled_over_per_block_max":1.6426,"first_over_per_block_mean":8.9233,"first_over_per_block_median":8.9604,"first_over_per_block_max":12.5027,"pooled_d_eff":59,"first_d_eff":43,"per_block_d_eff":[43,41,41,41,41,41,41,41,40,38,38,38,38,38,38,38,43,41,41,41,41,42,42,41,43,42,42,42,42,42,42,42,41,38,38,38,38,39,39,38,43,41,41,41,41,41,41,40,43,42,42,42,42,42,42,42,42,41,41,41,41,41,41,41,43,42,42,42,42,42,42,42,41,40,40,40,40,40,40,40,40,38,38,38,38,38,38,38,44,41,42,42,42,42,42,42,42,40,40,40,40,40,40,40,39,37,37,37,37,37,37,37,41,39,40,39,40,40,40,40,40,38,38,38,38,38,38,38,44,42,42,42,42,42,42,42,42,40,40,40,40,40,40,40,39,35,35,35,35,35,35,35,40,38,38,38,38,38,39,39,40,38,39,39,39,39,39,39,38,36,36,36,35,36,35,35,42,41,41,41,41,41,41,41,44,42,42,42,42,42,42,42,42,41,41,41,41,41,41,41,44,43,43,43,43,43,43,43,40,38,38,37,38,38,38,38,44,42,42,43,42,43,42,42,44,43,43,43,43,43,43,43,43,41,41,41,41,41,41,41,44,42,42,42,42,42,42,42,42,40,40,40,40,40,40,40],"per_block_mses":[1.396964e-2,1.233988e-2,1.206093e-2,1.189290e-2,1.186360e-2,1.189152e-2,1.176107e-2,1.170467e-2,9.258739e-3,8.636702e-3,8.516307e-3,8.370610e-3,8.302920e-3,8.300766e-3,8.261829e-3,8.182427e-3,1.002200e-2,9.636882e-3,9.525242e-3,9.407713e-3,9.344419e-3,8.581308e-3,8.511333e-3,9.285433e-3,1.345815e-2,1.187381e-2,1.158186e-2,1.141015e-2,1.135602e-2,1.145581e-2,1.128173e-2,1.127528e-2,1.050299e-2,9.973886e-3,9.690911e-3,9.587294e-3,9.508959e-3,8.783957e-3,8.692927e-3,9.507322e-3,6.358824e-3,6.004608e-3,5.828286e-3,5.730338e-3,5.705169e-3,5.710333e-3,5.698197e-3,6.227397e-3,1.223344e-2,1.037759e-2,1.021884e-2,1.007611e-2,1.005118e-2,1.017582e-2,1.006276e-2,1.005412e-2,1.100883e-2,1.028777e-2,1.009026e-2,1.003032e-2,9.974740e-3,1.003151e-2,9.911353e-3,9.903459e-3,1.081862e-2,9.508560e-3,9.349915e-3,9.307899e-3,9.275676e-3,9.389397e-3,9.325621e-3,9.330778e-3,8.315972e-3,7.642491e-3,7.530884e-3,7.521731e-3,7.547549e-3,7.546302e-3,7.496410e-3,7.488398e-3,1.082879e-2,9.220585e-3,8.907618e-3,8.702848e-3,8.616158e-3,8.657523e-3,8.572637e-3,8.567402e-3,1.290435e-2,1.280866e-2,1.138248e-2,1.123776e-2,1.120384e-2,1.126475e-2,1.111227e-2,1.109843e-2,1.136526e-2,1.076333e-2,1.057149e-2,1.043553e-2,1.036862e-2,1.043018e-2,1.034400e-2,1.029678e-2,9.748294e-3,9.222205e-3,8.975781e-3,8.834113e-3,8.781613e-3,8.804099e-3,8.713435e-3,8.633033e-3,1.457936e-2,1.361659e-2,1.212848e-2,1.298704e-2,1.178276e-2,1.188572e-2,1.180135e-2,1.170566e-2,1.725881e-2,1.493200e-2,1.493160e-2,1.496100e-2,1.489340e-2,1.509693e-2,1.499304e-2,1.492667e-2,7.060291e-3,6.859081e-3,6.635082e-3,6.559106e-3,6.520208e-3,6.529958e-3,6.419674e-3,6.438949e-3,1.351698e-2,1.251278e-2,1.226886e-2,1.218647e-2,1.207785e-2,1.222183e-2,1.214708e-2,1.216319e-2,1.591339e-2,1.555152e-2,1.574011e-2,1.553549e-2,1.556129e-2,1.570327e-2,1.573240e-2,1.568175e-2,1.164255e-2,1.134395e-2,1.100057e-2,1.087366e-2,1.082784e-2,1.086946e-2,9.818904e-3,9.839100e-3,1.339598e-2,1.268223e-2,1.144559e-2,1.139276e-2,1.131937e-2,1.159410e-2,1.131960e-2,1.136413e-2,1.203175e-2,1.104640e-2,1.095052e-2,1.090413e-2,1.184646e-2,1.103811e-2,1.178753e-2,1.177462e-2,8.491055e-3,7.964234e-3,7.807898e-3,7.794564e-3,7.726744e-3,7.775856e-3,7.683068e-3,7.669878e-3,1.161138e-2,1.131560e-2,1.110146e-2,1.089476e-2,1.088134e-2,1.098262e-2,1.078384e-2,1.077381e-2,1.126590e-2,9.976290e-3,9.747655e-3,9.608982e-3,9.534760e-3,9.512946e-3,9.442228e-3,9.401927e-3,1.233464e-2,1.069168e-2,1.059033e-2,1.047085e-2,1.047259e-2,1.062568e-2,1.049664e-2,1.047392e-2,1.232897e-2,1.093923e-2,1.075578e-2,1.157527e-2,1.063432e-2,1.073350e-2,1.069104e-2,1.063171e-2,9.415452e-3,8.869105e-3,8.680901e-3,7.767694e-3,8.498283e-3,7.790732e-3,8.408250e-3,8.407096e-3,1.084979e-2,9.201284e-3,8.965765e-3,8.816308e-3,8.816187e-3,8.878417e-3,8.715643e-3,8.667051e-3,1.095379e-2,1.048553e-2,1.017267e-2,1.001501e-2,1.000020e-2,1.006542e-2,9.854348e-3,9.876537e-3,1.068143e-2,9.818646e-3,9.651252e-3,9.514647e-3,9.443086e-3,9.558646e-3,9.410941e-3,9.345421e-3,8.543798e-3,7.901855e-3,7.703001e-3,7.647097e-3,7.626967e-3,7.655398e-3,7.580262e-3,7.611769e-3],"layer_pooled_mses":[1.487287e-2,1.288837e-2,1.280606e-2,1.296294e-2,1.287979e-2,1.304414e-2,1.295201e-2,1.305432e-2,1.331515e-2,1.106766e-2,1.073236e-2,1.041108e-2,1.039823e-2,1.046373e-2,1.030230e-2,1.021913e-2,1.265711e-2,1.148785e-2,1.116986e-2,1.105256e-2,1.104453e-2,1.115268e-2,1.092080e-2,1.097528e-2,1.499514e-2,1.315794e-2,1.277046e-2,1.260004e-2,1.252020e-2,1.264698e-2,1.248328e-2,1.256689e-2,1.232907e-2,1.054092e-2,1.034014e-2,1.031024e-2,1.037486e-2,1.045468e-2,1.032807e-2,1.032102e-2,8.822127e-3,7.734047e-3,7.640373e-3,7.550546e-3,7.540251e-3,7.644818e-3,7.571225e-3,7.627781e-3,1.510484e-2,1.344482e-2,1.331234e-2,1.317543e-2,1.309748e-2,1.315365e-2,1.317564e-2,1.311618e-2,1.502986e-2,1.335080e-2,1.297998e-2,1.282828e-2,1.281482e-2,1.277857e-2,1.298469e-2,1.271866e-2,1.425513e-2,1.269494e-2,1.249141e-2,1.241834e-2,1.236566e-2,1.227419e-2,1.229146e-2,1.220159e-2,1.070867e-2,1.020944e-2,9.997342e-3,1.000102e-2,9.946151e-3,1.009116e-2,1.002293e-2,9.933384e-3,1.121946e-2,9.419101e-3,8.913365e-3,8.816283e-3,8.656262e-3,8.856854e-3,8.719812e-3,8.823023e-3,1.487555e-2,1.295068e-2,1.271238e-2,1.253292e-2,1.243091e-2,1.244883e-2,1.238899e-2,1.242611e-2,1.552804e-2,1.361598e-2,1.339087e-2,1.326833e-2,1.337921e-2,1.337458e-2,1.328530e-2,1.325939e-2,1.113479e-2,1.063864e-2,1.049365e-2,1.058156e-2,1.058081e-2,1.062728e-2,1.063733e-2,1.058291e-2,1.508668e-2,1.277993e-2,1.220338e-2,1.187195e-2,1.174142e-2,1.191379e-2,1.154259e-2,1.157589e-2,1.636456e-2,1.426652e-2,1.389894e-2,1.408778e-2,1.385276e-2,1.392456e-2,1.378279e-2,1.362109e-2,1.159705e-2,1.076493e-2,1.050502e-2,1.014663e-2,1.007248e-2,1.007007e-2,1.015191e-2,1.010005e-2,1.679030e-2,1.481160e-2,1.461810e-2,1.466917e-2,1.457629e-2,1.485064e-2,1.470889e-2,1.486641e-2,1.776634e-2,1.540031e-2,1.474471e-2,1.475724e-2,1.454931e-2,1.500195e-2,1.482770e-2,1.471474e-2,1.284699e-2,1.174966e-2,1.141479e-2,1.138702e-2,1.123836e-2,1.135093e-2,1.124611e-2,1.115856e-2,1.318032e-2,1.211631e-2,1.179082e-2,1.169139e-2,1.180075e-2,1.174613e-2,1.165144e-2,1.158589e-2,1.022878e-2,9.107374e-3,8.902952e-3,8.875354e-3,8.907434e-3,8.997600e-3,8.868937e-3,8.841575e-3,1.071072e-2,1.001567e-2,9.862815e-3,9.847361e-3,9.795790e-3,9.781746e-3,9.854613e-3,9.843480e-3,1.561952e-2,1.360482e-2,1.319237e-2,1.296352e-2,1.305861e-2,1.293329e-2,1.285319e-2,1.279579e-2,1.131578e-2,1.019783e-2,9.867533e-3,9.802922e-3,9.881658e-3,9.814925e-3,9.846839e-3,9.830482e-3,1.534090e-2,1.340900e-2,1.317202e-2,1.309708e-2,1.293678e-2,1.305755e-2,1.298142e-2,1.304621e-2,1.231459e-2,1.076118e-2,1.025000e-2,9.974529e-3,9.888254e-3,9.951409e-3,9.886664e-3,9.795825e-3,1.438899e-2,1.251850e-2,1.226024e-2,1.216173e-2,1.226105e-2,1.234679e-2,1.215195e-2,1.221013e-2,1.355243e-2,1.213222e-2,1.187118e-2,1.165027e-2,1.144423e-2,1.142895e-2,1.135250e-2,1.126609e-2,1.261324e-2,1.088177e-2,1.064580e-2,1.058959e-2,1.052026e-2,1.065430e-2,1.056209e-2,1.052275e-2,1.372193e-2,1.255397e-2,1.202064e-2,1.213435e-2,1.199315e-2,1.210105e-2,1.189976e-2,1.214025e-2,1.092058e-2,9.824297e-3,9.795499e-3,9.739947e-3,9.660526e-3,9.664201e-3,9.633842e-3,9.754871e-3],