{"n_vecs":131072,"dim":64,"block_size":512,"n_blocks":256,"variance_ratio":0.95,"per_block_mean_mse":8.055707e-2,"layer_pooled_mean_mse":2.522232e-1,"first_block_mean_mse":2.489950e0,"pooled_over_per_block_mean":3.1310,"pooled_over_per_block_median":2.8864,"pooled_over_per_block_max":9.5919,"first_over_per_block_mean":30.9091,"first_over_per_block_median":29.5535,"first_over_per_block_max":65.6948,"pooled_d_eff":52,"first_d_eff":41,"per_block_d_eff":[41,39,39,39,40,40,40,40,44,42,41,41,41,41,41,41,40,38,38,38,38,38,38,39,44,42,42,42,42,42,42,42,45,44,44,43,44,44,44,44,42,40,40,40,40,40,40,40,42,40,40,40,40,40,40,40,42,39,39,39,39,39,39,40,44,42,42,42,42,42,42,42,42,40,40,40,40,40,40,40,40,38,38,38,38,38,37,37,37,35,35,35,35,35,35,35,45,43,42,42,43,43,43,43,41,39,39,38,38,38,38,38,39,37,37,37,37,37,37,37,41,38,38,37,37,37,37,38,47,46,46,46,46,46,46,46,44,42,42,42,42,42,42,42,43,41,41,41,41,41,41,42,36,34,34,34,34,34,34,34,41,39,38,39,39,39,39,39,44,42,42,42,42,42,42,42,39,38,38,38,38,38,37,37,40,38,37,37,36,36,36,36,32,30,30,30,30,30,30,29,45,42,42,42,42,42,42,42,45,43,43,43,43,43,43,43,41,38,38,38,38,38,38,39,44,42,42,42,42,43,42,43,42,40,40,40,40,40,40,41,40,38,38,37,37,38,38,38,33,33,33,33,33,33,33,33],"per_block_mses":[8.103946e-2,8.168955e-2,8.061547e-2,8.077196e-2,7.383219e-2,7.390444e-2,7.388813e-2,7.379855e-2,7.986932e-2,8.408127e-2,8.875997e-2,8.637056e-2,8.599075e-2,8.574304e-2,8.520259e-2,8.627313e-2,9.212075e-2,9.173067e-2,9.029229e-2,8.820839e-2,8.770229e-2,8.828122e-2,8.884775e-2,8.208857e-2,7.531846e-2,7.566642e-2,7.473915e-2,7.277642e-2,7.272093e-2,7.212681e-2,7.227638e-2,7.317883e-2,7.967825e-2,7.825067e-2,7.796754e-2,8.513795e-2,7.710404e-2,7.659027e-2,7.673497e-2,7.654722e-2,7.976176e-2,7.792763e-2,7.667512e-2,7.567539e-2,7.506303e-2,7.552517e-2,7.540875e-2,7.588763e-2,8.053213e-2,8.209796e-2,8.084885e-2,7.803429e-2,7.712505e-2,7.749514e-2,7.828717e-2,7.979480e-2,9.820919e-2,9.857362e-2,9.709816e-2,9.466792e-2,9.465640e-2,9.454347e-2,9.494071e-2,8.982729e-2,5.923386e-2,5.710419e-2,5.596274e-2,5.456080e-2,5.431770e-2,5.425990e-2,5.511319e-2,5.557941e-2,9.544651e-2,9.611939e-2,9.476178e-2,9.452935e-2,9.389264e-2,9.281319e-2,9.155013e-2,9.106015e-2,7.691190e-2,8.269207e-2,8.162486e-2,7.995767e-2,7.914563e-2,7.853642e-2,8.429866e-2,8.412671e-2,1.100947e-1,1.049002e-1,1.025050e-1,1.005141e-1,9.959837e-2,9.982740e-2,9.993996e-2,1.018218e-1,5.503359e-2,5.917804e-2,6.479630e-2,6.459218e-2,5.913874e-2,5.897889e-2,5.962820e-2,6.003701e-2,9.868994e-2,1.007117e-1,9.701509e-2,1.012880e-1,1.003867e-1,9.832010e-2,9.858286e-2,9.844527e-2,1.138952e-1,1.050959e-1,1.025170e-1,1.006130e-1,1.012135e-1,1.005792e-1,1.011958e-1,1.031959e-1,9.731914e-2,9.435500e-2,9.276245e-2,9.753516e-2,9.694673e-2,9.667542e-2,9.650280e-2,9.114057e-2,5.923166e-2,5.345673e-2,5.218643e-2,5.085140e-2,5.093832e-2,5.178949e-2,5.202710e-2,5.186444e-2,5.931031e-2,5.808236e-2,5.722378e-2,5.599438e-2,5.484362e-2,5.481941e-2,5.530912e-2,5.529257e-2,6.144627e-2,6.131589e-2,5.978772e-2,5.839693e-2,5.795511e-2,5.782273e-2,5.752599e-2,5.347206e-2,8.600546e-2,9.383289e-2,9.405726e-2,9.248336e-2,9.158357e-2,9.101986e-2,9.311027e-2,9.178849e-2,8.232102e-2,8.527599e-2,9.137662e-2,8.495371e-2,8.411371e-2,8.380683e-2,8.414284e-2,8.467832e-2,6.954783e-2,7.558310e-2,7.424455e-2,7.306349e-2,7.346929e-2,7.368101e-2,7.427310e-2,7.435832e-2,8.683924e-2,8.854035e-2,8.883983e-2,8.846704e-2,8.728273e-2,8.653622e-2,9.262398e-2,9.265557e-2,4.989794e-2,5.322639e-2,5.605569e-2,5.547011e-2,5.808371e-2,5.744390e-2,5.736626e-2,5.817810e-2,9.662228e-2,1.054909e-1,1.053441e-1,1.041415e-1,1.020145e-1,1.008077e-1,1.022064e-1,1.089992e-1,7.888536e-2,8.472976e-2,8.366684e-2,8.116938e-2,8.109036e-2,8.084814e-2,8.055024e-2,8.139616e-2,6.017011e-2,6.422743e-2,6.270580e-2,6.224885e-2,6.195039e-2,6.240662e-2,6.274979e-2,6.347840e-2,7.718414e-2,8.205120e-2,8.018556e-2,7.850889e-2,7.669578e-2,7.556435e-2,7.670000e-2,7.064462e-2,6.564748e-2,6.511889e-2,6.404891e-2,6.260571e-2,6.224415e-2,5.669442e-2,6.190756e-2,5.637712e-2,8.206853e-2,8.169271e-2,8.042603e-2,7.880108e-2,7.924148e-2,7.973738e-2,7.966354e-2,7.376405e-2,1.007784e-1,9.632568e-2,9.381388e-2,1.004780e-1,1.004021e-1,9.238435e-2,9.232942e-2,9.340112e-2,1.019217e-1,1.080250e-1,1.094306e-1,1.090394e-1,1.086825e-1,1.075458e-1,1.084296e-1,1.071865e-1],"layer_pooled_mses":[2.063780e-1,2.373340e-1,2.338739e-1,2.351038e-1,2.241097e-1,2.176940e-1,2.187401e-1,2.130118e-1,1.265736e-1,1.198370e-1,1.164659e-1,1.128731e-1,1.122659e-1,1.101695e-1,1.096451e-1,1.121177e-1,3.275915e-1,3.698686e-1,3.695326e-1,3.664297e-1,3.518235e-1,3.410258e-1,3.410896e-1,3.283197e-1,2.200311e-1,2.207297e-1,2.202496e-1,2.173572e-1,2.102155e-1,2.067480e-1,2.055423e-1,2.020466e-1,3.105633e-1,3.350321e-1,3.319894e-1,3.272942e-1,3.194300e-1,3.180014e-1,3.188226e-1,3.127637e-1,3.240892e-1,3.603704e-1,3.621029e-1,3.622182e-1,3.559359e-1,3.527982e-1,3.519016e-1,3.372959e-1,2.051777e-1,2.066676e-1,2.001968e-1,1.983383e-1,1.938751e-1,1.915144e-1,1.916985e-1,1.885103e-1,5.285538e-1,5.586438e-1,5.506815e-1,5.439124e-1,5.402780e-1,5.384337e-1,5.397598e-1,5.276607e-1,1.981153e-1,1.959028e-1,1.962952e-1,1.901961e-1,1.851328e-1,1.794717e-1,1.764015e-1,1.731923e-1,2.322611e-1,2.605428e-1,2.674658e-1,2.683264e-1,2.625080e-1,2.582754e-1,2.595221e-1,2.555784e-1,6.171679e-2,6.270799e-2,6.050576e-2,5.892159e-2,5.721700e-2,5.621407e-2,5.671987e-2,5.525420e-2,7.684464e-1,8.192030e-1,8.131453e-1,8.123606e-1,8.061055e-1,7.980012e-1,7.983052e-1,7.784052e-1,9.999330e-2,1.144279e-1,1.129932e-1,1.151736e-1,1.155507e-1,1.132065e-1,1.159418e-1,1.126088e-1,1.042392e-1,1.038546e-1,1.030966e-1,1.010699e-1,9.866904e-2,9.400855e-2,9.341557e-2,9.204582e-2,5.013034e-1,5.050453e-1,4.912532e-1,4.811081e-1,4.782224e-1,4.668700e-1,4.612529e-1,4.493368e-1,6.291832e-1,6.644647e-1,6.718798e-1,6.777633e-1,6.719812e-1,6.745111e-1,6.761678e-1,6.670669e-1,1.632208e-1,1.769969e-1,1.728958e-1,1.683392e-1,1.657695e-1,1.653229e-1,1.656815e-1,1.608274e-1,1.401901e-1,1.468172e-1,1.445906e-1,1.429995e-1,1.366642e-1,1.331277e-1,1.341354e-1,1.290221e-1,2.240315e-1,2.287054e-1,2.190672e-1,2.136309e-1,2.070428e-1,2.007348e-1,2.011525e-1,1.943360e-1,4.680179e-2,5.122353e-2,5.054059e-2,4.973080e-2,4.765876e-2,4.642695e-2,4.776977e-2,4.640438e-2,1.042068e-1,1.030343e-1,1.033260e-1,1.025508e-1,9.882800e-2,9.639697e-2,9.582632e-2,9.530543e-2,1.696483e-1,2.171138e-1,2.173616e-1,2.159158e-1,2.130521e-1,2.128640e-1,2.169694e-1,2.075807e-1,5.880295e-2,6.294967e-2,6.395586e-2,6.488655e-2,6.360118e-2,6.243433e-2,6.299626e-2,6.292327e-2,4.158951e-2,4.070244e-2,3.990685e-2,3.908513e-2,3.734175e-2,3.649931e-2,3.610371e-2,3.616742e-2,3.633100e-2,3.728045e-2,3.700842e-2,3.669272e-2,3.560156e-2,3.526151e-2,3.497884e-2,3.464325e-2,2.156177e-1,2.160611e-1,2.149633e-1,2.127698e-1,2.082527e-1,2.083307e-1,2.069537e-1,2.042439e-1,8.613361e-2,8.494467e-2,8.187272e-2,8.066169e-2,7.983599e-2,7.838936e-2,7.889284e-2,7.784716e-2,3.476894e-1,3.973543e-1,3.904839e-1,3.835861e-1,3.690557e-1,3.575911e-1,3.597275e-1,3.436740e-1,1.907499e-1,2.044490e-1,1.972694e-1,1.956595e-1,1.875738e-1,1.832783e-1,1.847387e-1,1.782067e-1,2.606230e-1,2.844555e-1,2.870781e-1,2.858059e-1,2.771195e-1,2.714359e-1,2.748505e-1,2.662657e-1,8.595696e-1,9.039592e-1,8.998528e-1,8.975571e-1,8.914529e-1,8.833872e-1,8.756345e-1,8.603084e-1,6.820975e-2,8.316070e-2,8.248235e-2,8.155714e-2,7.825819e-2,7.659246e-2,7.770152e-2,7.595108e-2],