{"n_vecs":131072,"dim":64,"block_size":512,"n_blocks":256,"variance_ratio":0.95,"per_block_mean_mse":8.979978e-2,"layer_pooled_mean_mse":2.733998e-1,"first_block_mean_mse":1.788832e0,"pooled_over_per_block_mean":3.0445,"pooled_over_per_block_median":2.5267,"pooled_over_per_block_max":9.5341,"first_over_per_block_mean":19.9202,"first_over_per_block_median":17.7895,"first_over_per_block_max":45.7296,"pooled_d_eff":53,"first_d_eff":45,"per_block_d_eff":[45,44,44,44,44,44,44,44,47,45,44,44,44,44,44,44,47,45,45,44,44,44,44,44,44,42,41,41,41,41,40,40,46,44,44,44,44,44,44,44,45,43,43,42,42,42,42,42,42,41,41,41,41,41,41,41,31,29,29,29,29,29,29,29,41,39,39,39,39,39,39,39,42,40,40,40,40,40,40,40,37,36,35,35,35,35,35,36,43,41,41,41,41,41,41,41,41,40,40,39,39,39,40,40,43,41,40,40,40,40,40,40,46,45,44,44,44,44,44,44,43,42,42,42,42,42,42,42,40,38,38,38,37,37,38,38,39,37,37,36,36,36,36,36,43,41,41,41,41,41,41,41,42,40,40,40,40,40,40,40,44,42,42,42,41,41,41,41,42,41,41,41,41,41,41,41,42,40,40,40,40,40,40,40,44,43,42,42,42,42,42,42,44,42,42,41,41,41,41,41,43,42,42,42,42,42,42,42,45,43,43,42,42,42,42,42,41,39,39,39,39,39,39,39,47,45,45,45,44,44,44,44,47,45,45,45,44,44,44,44,45,44,44,44,44,44,44,44,29,30,31,31,31,31,31,31],"per_block_mses":[4.098626e-2,4.236943e-2,4.214273e-2,4.211983e-2,4.193423e-2,4.216467e-2,4.191629e-2,4.236577e-2,4.363566e-2,4.923347e-2,5.412975e-2,5.402263e-2,5.433296e-2,5.466828e-2,5.490045e-2,5.545263e-2,5.618788e-2,6.130925e-2,6.088192e-2,6.647988e-2,6.666191e-2,6.689715e-2,6.681250e-2,6.726518e-2,4.652659e-2,4.890622e-2,5.271654e-2,5.262361e-2,5.270362e-2,5.257682e-2,5.750189e-2,5.780542e-2,9.199442e-2,1.020989e-1,1.018072e-1,1.013814e-1,1.016230e-1,1.012082e-1,1.013628e-1,1.015231e-1,5.350994e-2,5.640675e-2,5.639184e-2,6.132822e-2,6.153091e-2,6.190905e-2,6.164989e-2,6.155267e-2,1.302457e-1,1.325743e-1,1.317508e-1,1.314168e-1,1.312204e-1,1.313098e-1,1.309865e-1,1.321908e-1,1.184626e-1,1.262184e-1,1.249608e-1,1.255086e-1,1.253810e-1,1.256205e-1,1.256308e-1,1.255591e-1,7.398896e-2,7.809416e-2,7.745549e-2,7.790251e-2,7.743158e-2,7.740719e-2,7.780412e-2,7.755825e-2,1.026708e-1,1.114873e-1,1.114499e-1,1.109389e-1,1.111893e-1,1.102665e-1,1.107625e-1,1.106422e-1,1.098949e-1,1.089183e-1,1.176889e-1,1.173886e-1,1.168422e-1,1.172663e-1,1.178705e-1,1.092397e-1,8.474051e-2,9.435298e-2,9.484101e-2,9.501594e-2,9.460569e-2,9.509253e-2,9.656630e-2,9.661221e-2,9.464603e-2,9.351396e-2,9.191945e-2,9.997902e-2,1.001810e-1,1.005450e-1,9.240024e-2,9.211928e-2,7.340665e-2,8.081551e-2,8.675782e-2,8.656885e-2,8.672742e-2,8.663753e-2,8.572929e-2,8.670702e-2,6.981780e-2,7.076304e-2,7.722905e-2,7.781167e-2,7.759631e-2,7.821216e-2,7.790821e-2,7.834545e-2,9.743496e-2,9.836517e-2,9.749339e-2,9.761129e-2,9.723367e-2,9.734044e-2,9.745715e-2,9.788652e-2,9.059728e-2,9.704347e-2,9.604870e-2,9.488358e-2,1.023907e-1,1.023053e-1,9.553001e-2,9.545382e-2,8.392517e-2,9.125196e-2,9.124382e-2,1.003697e-1,1.005981e-1,1.004486e-1,1.011077e-1,1.019032e-1,6.244432e-2,6.740940e-2,6.738019e-2,6.691933e-2,6.673374e-2,6.671371e-2,6.704391e-2,6.728701e-2,6.399869e-2,6.824587e-2,6.713699e-2,6.672000e-2,6.635558e-2,6.579825e-2,6.569497e-2,6.631116e-2,7.263071e-2,7.928382e-2,7.804505e-2,7.787469e-2,8.518461e-2,8.497402e-2,8.500245e-2,8.520984e-2,1.283914e-1,1.290273e-1,1.284742e-1,1.292406e-1,1.302691e-1,1.293612e-1,1.292756e-1,1.289895e-1,6.118700e-2,6.526561e-2,6.474554e-2,6.453341e-2,6.462875e-2,6.459290e-2,6.485798e-2,6.471179e-2,1.095959e-1,1.069696e-1,1.153757e-1,1.155635e-1,1.157945e-1,1.155325e-1,1.158011e-1,1.164556e-1,6.755946e-2,7.319915e-2,7.306499e-2,7.843553e-2,7.878771e-2,7.922427e-2,7.937724e-2,8.016326e-2,9.211502e-2,9.129870e-2,9.020341e-2,9.009445e-2,9.045232e-2,9.103703e-2,9.175893e-2,9.199685e-2,6.608618e-2,7.120412e-2,7.072119e-2,7.696503e-2,7.684154e-2,7.698072e-2,7.738448e-2,7.769208e-2,1.086932e-1,1.162604e-1,1.153466e-1,1.155014e-1,1.154684e-1,1.157587e-1,1.154734e-1,1.152125e-1,6.988642e-2,7.713846e-2,7.659167e-2,7.677058e-2,8.341348e-2,8.320666e-2,8.334814e-2,8.333685e-2,7.356719e-2,8.161250e-2,8.107953e-2,8.102127e-2,8.815942e-2,8.890431e-2,8.891054e-2,8.941368e-2,9.118647e-2,9.097117e-2,9.038813e-2,9.069007e-2,9.054876e-2,9.027689e-2,8.969668e-2,9.022788e-2,1.586752e-1,1.798191e-1,1.646058e-1,1.721935e-1,1.751149e-1,1.772948e-1,1.780334e-1,1.804684e-1],"layer_pooled_mses":[3.127523e-1,2.768858e-1,2.551578e-1,2.471444e-1,3.158006e-1,3.242768e-1,3.653103e-1,4.039198e-1,3.901574e-1,2.905855e-1,2.601311e-1,2.298019e-1,2.182329e-1,2.625094e-1,3.321862e-1,4.703307e-1,3.608574e-1,3.203949e-1,4.972327e-1,6.179601e-1,6.130144e-1,4.222894e-1,4.523273e-1,6.073286e-1,2.205386e-1,1.833789e-1,1.924508e-1,2.014310e-1,2.140857e-1,1.597291e-1,1.553528e-1,1.712371e-1,4.263154e-1,4.315982e-1,3.880704e-1,4.273367e-1,4.401386e-1,4.153070e-1,3.754951e-1,3.615096e-1,1.466239e-1,1.359226e-1,1.405979e-1,1.438368e-1,1.554715e-1,1.450050e-1,1.370468e-1,1.446616e-1,1.953610e-1,2.214821e-1,2.473554e-1,2.557487e-1,2.342498e-1,2.121441e-1,2.088608e-1,2.299640e-1,7.275355e-2,7.348893e-2,7.418080e-2,7.532828e-2,7.845646e-2,7.579312e-2,8.129086e-2,8.758283e-2,1.241187e-1,1.196636e-1,1.629170e-1,2.047766e-1,2.033588e-1,1.678886e-1,1.281526e-1,1.030249e-1,1.561874e-1,1.469273e-1,1.422711e-1,1.450332e-1,1.395198e-1,1.356280e-1,1.375525e-1,1.418526e-1,1.199289e-1,1.320888e-1,1.254370e-1,1.128958e-1,1.128426e-1,1.149736e-1,1.080968e-1,1.029464e-1,3.935031e-1,4.439220e-1,4.341791e-1,4.190065e-1,4.137637e-1,4.498118e-1,4.479142e-1,5.180208e-1,3.613936e-1,3.217954e-1,2.227167e-1,1.782206e-1,1.727124e-1,2.197572e-1,3.232796e-1,4.029758e-1,4.433893e-1,3.933639e-1,3.544399e-1,4.374211e-1,4.357970e-1,4.342688e-1,3.562399e-1,3.969105e-1,1.862066e-1,1.853501e-1,1.791381e-1,1.684547e-1,1.886322e-1,2.014562e-1,2.196363e-1,2.545087e-1,2.011518e-1,1.613912e-1,1.604765e-1,2.035771e-1,2.011129e-1,1.660475e-1,1.685630e-1,2.344805e-1,3.609753e-1,4.854807e-1,5.301526e-1,4.871814e-1,4.554784e-1,5.602614e-1,4.866092e-1,3.731102e-1,4.735181e-1,4.599767e-1,5.065448e-1,4.056248e-1,3.969056e-1,5.037065e-1,5.466351e-1,6.524211e-1,1.448118e-1,1.148252e-1,1.149829e-1,1.418878e-1,1.441806e-1,1.399096e-1,1.402485e-1,1.577112e-1,1.641539e-1,1.221410e-1,1.230211e-1,1.373632e-1,1.345127e-1,1.239864e-1,1.010452e-1,1.322581e-1,2.204684e-1,2.252562e-1,2.077289e-1,1.877773e-1,1.777166e-1,1.701567e-1,1.678754e-1,1.609102e-1,1.622440e-1,1.424233e-1,1.499043e-1,1.588105e-1,1.454413e-1,1.456601e-1,1.471643e-1,1.494170e-1,1.337804e-1,1.369347e-1,1.307827e-1,1.179222e-1,1.333375e-1,1.427117e-1,1.409975e-1,1.289087e-1,2.743236e-1,3.121227e-1,3.388791e-1,2.754590e-1,2.934242e-1,3.358890e-1,2.847749e-1,2.862579e-1,3.583434e-1,2.393496e-1,2.632872e-1,2.398511e-1,2.749723e-1,2.377382e-1,2.318371e-1,3.144230e-1,2.292763e-1,2.054939e-1,1.875544e-1,2.102396e-1,2.455692e-1,2.081498e-1,2.238352e-1,2.211289e-1,1.813037e-1,1.893546e-1,1.607480e-1,1.528856e-1,1.430898e-1,1.513169e-1,1.473316e-1,2.037732e-1,1.561707e-1,1.471226e-1,1.555314e-1,1.638198e-1,1.563687e-1,1.572260e-1,1.731258e-1,1.819664e-1,2.050878e-1,1.825172e-1,1.995422e-1,2.132649e-1,2.162137e-1,2.158533e-1,1.980977e-1,1.778062e-1,3.018721e-1,3.946934e-1,3.773413e-1,3.733453e-1,3.935561e-1,4.695085e-1,4.792453e-1,3.972053e-1,2.026934e-1,1.892806e-1,1.995702e-1,2.234128e-1,2.342806e-1,2.223937e-1,2.147756e-1,2.351971e-1,1.275515e0,1.028052e0,1.027212e0,1.086942e0,1.069647e0,1.020964e0,9.486530e-1,9.705119e-1],