{"n_vecs":131072,"dim":64,"block_size":512,"n_blocks":256,"variance_ratio":0.95,"per_block_mean_mse":8.217871e-2,"layer_pooled_mean_mse":2.108090e-1,"first_block_mean_mse":2.214370e0,"pooled_over_per_block_mean":2.5653,"pooled_over_per_block_median":2.4659,"pooled_over_per_block_max":8.1837,"first_over_per_block_mean":26.9458,"first_over_per_block_median":27.3419,"first_over_per_block_max":59.2531,"pooled_d_eff":53,"first_d_eff":41,"per_block_d_eff":[41,40,39,39,39,39,39,39,44,42,41,41,41,41,41,41,44,43,42,42,42,42,42,42,42,40,39,39,39,39,39,39,39,35,35,34,34,34,34,34,39,37,37,37,37,37,37,37,46,45,45,44,44,44,44,44,19,18,18,18,18,18,18,18,46,43,43,43,43,43,43,42,47,46,45,45,45,45,45,44,44,42,42,42,42,41,41,41,37,36,36,35,35,35,35,35,42,40,39,39,39,39,38,38,41,39,38,38,38,37,37,37,40,39,38,38,38,38,38,38,43,41,41,41,41,41,41,40,42,41,41,41,41,41,41,41,47,45,44,44,44,44,44,43,40,38,38,38,38,38,38,38,47,46,45,45,45,45,45,45,47,44,43,43,43,43,43,43,42,39,39,38,38,38,38,38,40,37,37,37,37,37,37,37,45,44,44,44,43,43,43,43,33,31,31,31,31,31,30,30,43,41,41,41,41,41,41,41,41,39,39,39,39,39,39,39,39,37,37,37,37,37,37,37,42,39,39,38,38,38,38,38,41,38,38,38,38,38,38,38,40,37,36,36,36,36,35,35,42,40,39,39,39,39,39,39],"per_block_mses":[5.304108e-2,4.765237e-2,4.953850e-2,4.867094e-2,4.783725e-2,4.756260e-2,4.712500e-2,4.728458e-2,6.535984e-2,6.304245e-2,6.521009e-2,6.364081e-2,6.224741e-2,6.257835e-2,6.176276e-2,6.098834e-2,9.517514e-2,8.780284e-2,9.031246e-2,8.869325e-2,8.672800e-2,8.579276e-2,8.391302e-2,8.229123e-2,1.060098e-1,1.030665e-1,1.072795e-1,1.053055e-1,1.037394e-1,1.033610e-1,1.023306e-1,1.014223e-1,5.165825e-2,5.834744e-2,5.727386e-2,6.021986e-2,6.011029e-2,6.027140e-2,6.062769e-2,6.042363e-2,1.130966e-1,1.114431e-1,1.082488e-1,1.064193e-1,1.049183e-1,1.047980e-1,1.044687e-1,1.030244e-1,4.618438e-2,4.026921e-2,3.812318e-2,4.058732e-2,3.967710e-2,3.939893e-2,3.882409e-2,3.825377e-2,1.623382e-1,1.624898e-1,1.635234e-1,1.655257e-1,1.651747e-1,1.649195e-1,1.645043e-1,1.653312e-1,4.522757e-2,4.893393e-2,4.747169e-2,4.725396e-2,4.687856e-2,4.655078e-2,4.610294e-2,4.997327e-2,5.111618e-2,4.904884e-2,5.239781e-2,5.217460e-2,5.242519e-2,5.249954e-2,5.206646e-2,5.605997e-2,8.256705e-2,8.377749e-2,8.027875e-2,7.911699e-2,7.812678e-2,8.373637e-2,8.177885e-2,8.048664e-2,1.295172e-1,1.212878e-1,1.193270e-1,1.276508e-1,1.262638e-1,1.261714e-1,1.242503e-1,1.244090e-1,9.065251e-2,9.386447e-2,9.756316e-2,9.543339e-2,9.336385e-2,9.187134e-2,9.746772e-2,9.654013e-2,8.687356e-2,8.662875e-2,8.918867e-2,8.695208e-2,8.428154e-2,8.916825e-2,8.776177e-2,8.722013e-2,1.205314e-1,1.081656e-1,1.120918e-1,1.113323e-1,1.110950e-1,1.115954e-1,1.110673e-1,1.105592e-1,6.764604e-2,6.824145e-2,6.473843e-2,6.391608e-2,6.325256e-2,6.239677e-2,6.193856e-2,6.804796e-2,4.264561e-2,3.881628e-2,3.819459e-2,3.776744e-2,3.736136e-2,3.749278e-2,3.715090e-2,3.652240e-2,5.778836e-2,5.703796e-2,6.075467e-2,5.985245e-2,5.862349e-2,5.861031e-2,5.724550e-2,6.302598e-2,1.243563e-1,1.226178e-1,1.180502e-1,1.187247e-1,1.163907e-1,1.164754e-1,1.154698e-1,1.141750e-1,6.631906e-2,6.402972e-2,6.876948e-2,6.804084e-2,6.766453e-2,6.700594e-2,6.680509e-2,6.606424e-2,5.466707e-2,6.003179e-2,6.358956e-2,6.379577e-2,6.330295e-2,6.279782e-2,6.252021e-2,6.249539e-2,7.216552e-2,7.349041e-2,7.051417e-2,7.440790e-2,7.295845e-2,7.264689e-2,7.152427e-2,7.085373e-2,7.608530e-2,7.963261e-2,7.740125e-2,7.694376e-2,7.662187e-2,7.635855e-2,7.600969e-2,7.603124e-2,8.362967e-2,7.715925e-2,7.434614e-2,7.330908e-2,7.937783e-2,7.821371e-2,7.654859e-2,7.607875e-2,6.551353e-2,6.317923e-2,6.163746e-2,6.032091e-2,5.946035e-2,5.933548e-2,6.399925e-2,6.353365e-2,1.105850e-1,1.144581e-1,1.091120e-1,1.087569e-1,1.064140e-1,1.059512e-1,1.050111e-1,1.035585e-1,1.181717e-1,1.185254e-1,1.123125e-1,1.107292e-1,1.091181e-1,1.086524e-1,1.079099e-1,1.070289e-1,1.176537e-1,1.152797e-1,1.121811e-1,1.122420e-1,1.125636e-1,1.126936e-1,1.126719e-1,1.123739e-1,7.083281e-2,7.387475e-2,7.151254e-2,7.603249e-2,7.550258e-2,7.482030e-2,7.480918e-2,7.392087e-2,9.225800e-2,9.407992e-2,8.964743e-2,8.733002e-2,8.619432e-2,8.651871e-2,8.580894e-2,8.470940e-2,6.217696e-2,6.452409e-2,6.655563e-2,6.482729e-2,6.355440e-2,6.270330e-2,6.652645e-2,6.504027e-2,1.003372e-1,9.780798e-2,1.023442e-1,1.002840e-1,9.884572e-2,9.887993e-2,9.798162e-2,9.760088e-2],"layer_pooled_mses":[4.340711e-1,3.236218e-1,2.308331e-1,1.970161e-1,1.868431e-1,2.207045e-1,2.742693e-1,3.406485e-1,1.912984e-1,1.474863e-1,1.494013e-1,1.151758e-1,1.380654e-1,1.289904e-1,1.301091e-1,1.550800e-1,2.837551e-1,2.640509e-1,2.373723e-1,2.332525e-1,2.236686e-1,2.016136e-1,1.933061e-1,1.989330e-1,2.016487e-1,1.966198e-1,2.001490e-1,1.903418e-1,1.904888e-1,1.878587e-1,1.950672e-1,2.020272e-1,2.936452e-1,2.764371e-1,2.197792e-1,1.968537e-1,1.844962e-1,1.917814e-1,2.261667e-1,2.977657e-1,4.014520e-1,4.476576e-1,3.912382e-1,4.355928e-1,5.690757e-1,4.438052e-1,5.364308e-1,3.617869e-1,1.528605e-1,1.355559e-1,1.312258e-1,1.346992e-1,1.215766e-1,1.308828e-1,1.413953e-1,1.723995e-1,6.697099e-2,6.338434e-2,6.049443e-2,6.007118e-2,6.514923e-2,7.263973e-2,7.736121e-2,7.763976e-2,1.820050e-1,1.769717e-1,1.733415e-1,1.800602e-1,1.822515e-1,1.809394e-1,1.830945e-1,1.951553e-1,2.024531e-1,2.140225e-1,2.138053e-1,2.181243e-1,2.013150e-1,2.105207e-1,2.137344e-1,2.407422e-1,2.149843e-1,2.015540e-1,1.956065e-1,2.016045e-1,1.944857e-1,2.038198e-1,1.983720e-1,1.921567e-1,1.273812e-1,1.239119e-1,1.111526e-1,1.058807e-1,1.005280e-1,1.049999e-1,1.013110e-1,9.989553e-2,1.507482e-1,1.418396e-1,1.331993e-1,1.232440e-1,1.212711e-1,1.229526e-1,1.233773e-1,1.265182e-1,5.608148e-1,3.803352e-1,3.968564e-1,5.656160e-1,5.124724e-1,5.517195e-1,2.689640e-1,5.980769e-1,2.296902e-1,1.989787e-1,1.928207e-1,1.817106e-1,1.896923e-1,1.899276e-1,1.865346e-1,1.975645e-1,1.668074e-1,1.544549e-1,1.590154e-1,1.622180e-1,1.559630e-1,1.439761e-1,1.233429e-1,1.296874e-1,2.453893e-1,2.481000e-1,2.354103e-1,2.247312e-1,2.215593e-1,2.261422e-1,2.161842e-1,1.960171e-1,3.046597e-1,2.738173e-1,2.162923e-1,2.085865e-1,2.449814e-1,2.448151e-1,2.555158e-1,2.563042e-1,2.846935e-1,2.516907e-1,2.202975e-1,2.066276e-1,2.160124e-1,2.135431e-1,2.212572e-1,2.224850e-1,2.560960e-1,3.375911e-1,2.965472e-1,3.256954e-1,3.768922e-1,2.813852e-1,3.943848e-1,2.645155e-1,3.250201e-1,3.513281e-1,3.421132e-1,3.290837e-1,3.005963e-1,3.230711e-1,3.030122e-1,2.930274e-1,1.028728e-1,9.597397e-2,9.295920e-2,9.278224e-2,9.146082e-2,1.000728e-1,1.042193e-1,1.137505e-1,2.199214e-1,2.678629e-1,1.835543e-1,2.934656e-1,2.340760e-1,2.393826e-1,2.281944e-1,2.102698e-1,2.236398e-1,2.171640e-1,2.441699e-1,2.766348e-1,2.608180e-1,2.363213e-1,2.357304e-1,2.623191e-1,1.627362e-1,1.624056e-1,1.577998e-1,1.524429e-1,1.587593e-1,1.662697e-1,1.789636e-1,1.819276e-1,2.873606e-1,2.230637e-1,2.213375e-1,2.374792e-1,2.389052e-1,2.300342e-1,2.506090e-1,2.593021e-1,2.503855e-1,2.259514e-1,2.069584e-1,1.891664e-1,2.050817e-1,2.070934e-1,2.035347e-1,1.891007e-1,1.502121e-1,1.460906e-1,1.559263e-1,1.491521e-1,1.379710e-1,1.507142e-1,1.528456e-1,1.674069e-1,1.909068e-1,1.350173e-1,1.284781e-1,1.131172e-1,1.045159e-1,1.059808e-1,1.179312e-1,1.210516e-1,2.575147e-1,2.115794e-1,1.734645e-1,1.445918e-1,1.316320e-1,1.355880e-1,1.544410e-1,1.843399e-1,1.651998e-1,1.469316e-1,1.468576e-1,1.423076e-1,1.449445e-1,1.452906e-1,1.541550e-1,1.583599e-1,2.415256e-1,2.028606e-1,1.972129e-1,1.797787e-1,2.109755e-1,1.891977e-1,2.158418e-1,1.868195e-1],