{"n_vecs":131072,"dim":64,"block_size":512,"n_blocks":256,"variance_ratio":0.95,"per_block_mean_mse":7.299136e-2,"layer_pooled_mean_mse":2.448162e-1,"first_block_mean_mse":2.776772e0,"pooled_over_per_block_mean":3.3540,"pooled_over_per_block_median":3.1283,"pooled_over_per_block_max":11.0473,"first_over_per_block_mean":38.0425,"first_over_per_block_median":38.2099,"first_over_per_block_max":96.8755,"pooled_d_eff":48,"first_d_eff":41,"per_block_d_eff":[41,37,37,36,37,37,36,37,38,35,35,35,35,35,35,36,44,43,43,43,43,43,43,43,44,41,41,41,41,41,41,41,40,36,36,35,35,35,35,36,41,38,37,37,38,38,37,38,40,37,37,37,37,38,37,38,27,27,28,28,28,28,28,28,26,26,26,26,26,26,26,26,43,41,41,41,42,42,41,42,40,39,39,39,39,39,39,39,40,39,39,39,39,39,38,39,42,40,40,40,40,40,40,40,30,27,27,27,27,27,26,27,43,41,41,41,41,41,41,41,40,37,38,38,38,38,38,38,36,36,37,37,37,37,37,37,39,36,36,35,36,35,35,35,39,36,36,36,36,36,36,37,37,36,36,36,36,36,36,36,38,37,37,37,37,38,37,38,39,37,37,36,37,37,37,37,41,39,39,38,38,38,38,38,42,38,38,37,37,37,37,37,39,39,39,39,39,39,38,39,45,41,41,40,41,41,41,41,42,39,38,38,38,38,38,39,42,40,39,39,39,39,39,39,37,38,38,38,38,38,38,38,38,38,38,38,38,38,38,38,39,37,37,37,37,37,37,38,41,39,39,39,39,39,39,40],"per_block_mses":[7.031093e-2,7.665276e-2,7.287062e-2,7.682935e-2,7.174946e-2,7.075028e-2,7.439625e-2,7.065190e-2,7.870674e-2,7.431686e-2,7.250559e-2,7.141025e-2,7.197121e-2,7.119360e-2,6.972909e-2,6.672013e-2,4.699587e-2,4.112096e-2,4.042176e-2,4.061022e-2,4.097044e-2,4.067709e-2,4.056952e-2,4.174632e-2,5.962050e-2,6.230751e-2,5.962356e-2,5.755081e-2,5.812213e-2,5.761463e-2,5.708273e-2,5.750339e-2,8.399130e-2,8.930896e-2,8.188136e-2,8.483863e-2,8.476835e-2,8.402157e-2,8.294831e-2,7.920292e-2,4.492189e-2,4.598035e-2,5.013143e-2,5.029191e-2,4.616239e-2,4.628319e-2,5.124812e-2,4.871352e-2,8.234231e-2,7.882609e-2,7.719935e-2,7.642960e-2,7.753305e-2,7.255279e-2,7.592731e-2,7.335021e-2,8.714069e-2,8.064588e-2,7.457546e-2,7.614340e-2,7.786723e-2,7.605041e-2,7.658223e-2,7.820720e-2,9.660470e-2,7.990783e-2,7.852667e-2,7.947443e-2,8.158954e-2,8.126779e-2,8.130071e-2,8.394941e-2,1.003570e-1,9.828933e-2,9.653936e-2,9.473195e-2,8.646884e-2,8.636677e-2,9.349352e-2,8.628244e-2,8.894596e-2,7.819878e-2,7.681094e-2,7.598028e-2,7.735693e-2,7.870778e-2,7.830411e-2,8.031622e-2,5.300277e-2,4.946415e-2,4.775469e-2,4.717971e-2,4.740123e-2,4.722855e-2,5.054285e-2,4.716574e-2,7.257705e-2,6.852254e-2,6.690410e-2,6.638089e-2,6.724782e-2,6.688756e-2,6.544570e-2,6.773044e-2,9.441965e-2,9.202927e-2,8.760742e-2,8.520861e-2,8.523782e-2,8.469881e-2,9.057141e-2,8.627964e-2,7.702303e-2,7.208268e-2,6.999135e-2,6.935165e-2,7.078394e-2,7.170046e-2,6.970324e-2,7.131045e-2,6.988382e-2,7.054284e-2,6.451060e-2,6.446324e-2,6.568847e-2,6.593142e-2,6.432062e-2,6.561282e-2,1.119819e-1,1.077232e-1,1.020587e-1,1.016950e-1,1.031419e-1,1.026333e-1,1.026227e-1,1.036229e-1,7.405640e-2,7.084686e-2,6.864470e-2,7.239133e-2,7.064416e-2,7.561706e-2,7.387484e-2,7.604318e-2,8.756232e-2,8.489142e-2,8.121610e-2,7.912836e-2,7.956061e-2,7.926700e-2,7.804475e-2,7.333430e-2,1.111787e-1,1.121166e-1,1.127126e-1,1.122964e-1,1.127873e-1,1.139242e-1,1.125518e-1,1.145655e-1,8.250315e-2,7.954678e-2,7.725932e-2,7.632226e-2,7.680473e-2,7.020388e-2,7.587355e-2,7.119321e-2,9.063354e-2,8.797074e-2,8.443094e-2,8.829148e-2,8.237394e-2,8.137049e-2,8.005222e-2,8.345034e-2,7.816759e-2,7.104538e-2,6.887946e-2,7.351797e-2,7.360494e-2,7.159053e-2,7.096256e-2,7.256953e-2,4.811747e-2,5.164722e-2,5.032007e-2,5.397828e-2,5.615103e-2,5.580862e-2,5.589753e-2,5.739052e-2,5.218062e-2,4.454338e-2,4.373736e-2,4.350381e-2,4.419673e-2,4.441412e-2,4.827749e-2,4.698736e-2,4.719800e-2,4.916151e-2,4.734282e-2,5.178628e-2,4.880309e-2,4.921329e-2,4.911032e-2,5.123176e-2,7.770206e-2,7.738439e-2,7.861156e-2,7.597970e-2,7.574244e-2,7.451963e-2,7.420470e-2,7.069809e-2,8.484945e-2,7.663856e-2,8.017219e-2,7.737015e-2,7.731045e-2,7.580923e-2,7.488207e-2,7.684348e-2,4.037226e-2,2.988229e-2,2.862023e-2,2.881788e-2,2.905036e-2,2.927201e-2,2.911171e-2,3.001556e-2,1.085935e-1,9.433389e-2,9.417733e-2,9.454638e-2,9.464457e-2,9.455495e-2,9.374889e-2,9.551940e-2,9.850429e-2,9.390562e-2,9.023047e-2,8.737146e-2,8.814039e-2,8.660617e-2,8.510562e-2,8.133387e-2,9.051912e-2,8.457122e-2,8.275858e-2,8.315747e-2,8.364113e-2,8.397393e-2,8.287521e-2,7.723130e-2],"layer_pooled_mses":[4.859926e-1,5.611008e-1,5.764445e-1,5.864562e-1,5.653057e-1,5.489992e-1,5.454694e-1,5.447992e-1,1.300787e-1,1.225948e-1,1.287345e-1,1.347555e-1,1.338294e-1,1.317940e-1,1.317359e-1,1.334960e-1,1.622348e-1,1.760435e-1,1.769139e-1,1.787521e-1,1.753729e-1,1.734513e-1,1.735760e-1,1.686406e-1,2.202180e-1,2.369190e-1,2.386076e-1,2.404215e-1,2.367333e-1,2.352534e-1,2.455298e-1,2.415074e-1,7.977868e-1,8.940298e-1,8.949324e-1,9.005495e-1,8.962728e-1,8.745434e-1,8.798937e-1,8.749745e-1,1.686357e-1,2.274228e-1,2.298179e-1,2.370566e-1,2.379209e-1,2.447007e-1,2.522312e-1,2.424102e-1,1.024064e-1,8.887116e-2,8.965401e-2,9.114430e-2,9.432373e-2,9.771984e-2,9.578153e-2,9.755288e-2,5.310353e-2,6.412446e-2,6.800507e-2,7.202130e-2,7.396952e-2,7.607266e-2,8.085568e-2,7.860717e-2,5.175298e-2,4.834299e-2,4.824405e-2,4.839897e-2,4.852743e-2,4.729004e-2,4.660583e-2,4.664227e-2,3.296679e-1,3.442914e-1,3.453975e-1,3.488167e-1,3.460847e-1,3.449656e-1,3.484002e-1,3.456391e-1,2.080013e-1,2.547342e-1,2.783415e-1,2.922712e-1,2.950467e-1,3.042435e-1,3.107443e-1,3.127601e-1,1.000104e-1,1.279472e-1,1.359664e-1,1.442236e-1,1.482851e-1,1.507603e-1,1.510710e-1,1.490442e-1,1.818174e-1,2.215050e-1,2.330964e-1,2.433594e-1,2.430779e-1,2.454149e-1,2.476841e-1,2.418886e-1,5.368315e-2,4.690838e-2,4.305619e-2,3.989528e-2,3.837541e-2,3.696225e-2,3.676410e-2,3.750026e-2,1.948843e-1,1.996734e-1,2.037330e-1,2.028697e-1,2.032984e-1,2.038497e-1,2.037881e-1,2.049667e-1,1.490751e-1,1.593564e-1,1.629825e-1,1.645595e-1,1.643257e-1,1.639029e-1,1.651451e-1,1.631645e-1,9.391110e-2,1.160068e-1,1.317203e-1,1.429953e-1,1.447296e-1,1.517370e-1,1.546739e-1,1.535869e-1,1.546306e-1,1.271819e-1,1.280436e-1,1.280385e-1,1.291106e-1,1.297403e-1,1.276627e-1,1.295105e-1,6.593560e-1,6.299397e-1,6.047231e-1,6.010099e-1,5.971380e-1,5.852192e-1,5.722180e-1,5.648333e-1,1.301735e-1,1.571734e-1,1.698717e-1,1.775736e-1,1.767631e-1,1.775562e-1,1.799959e-1,1.773899e-1,1.077455e-1,1.441364e-1,1.672999e-1,1.775328e-1,1.786704e-1,1.857832e-1,1.887869e-1,1.852689e-1,4.187627e-1,4.085240e-1,3.970505e-1,3.956672e-1,3.998924e-1,3.983960e-1,4.011627e-1,3.995032e-1,2.111267e-1,1.999548e-1,2.024308e-1,2.062680e-1,2.083139e-1,2.049152e-1,2.051724e-1,2.014432e-1,1.549381e-1,1.774137e-1,1.852041e-1,1.941957e-1,2.048862e-1,2.058353e-1,2.090637e-1,2.070262e-1,1.549113e-1,1.840683e-1,1.844984e-1,1.815361e-1,1.736782e-1,1.667330e-1,1.654451e-1,1.588535e-1,1.697673e-1,1.911655e-1,2.037787e-1,2.142307e-1,2.181589e-1,2.190307e-1,2.219690e-1,2.188317e-1,1.618524e-1,1.711109e-1,1.749435e-1,1.731856e-1,1.650206e-1,1.615178e-1,1.634169e-1,1.658318e-1,4.822465e-1,5.445361e-1,5.505944e-1,5.600170e-1,5.583740e-1,5.492763e-1,5.513080e-1,5.455373e-1,1.263694e-1,1.357295e-1,1.325806e-1,1.333368e-1,1.316072e-1,1.343944e-1,1.397349e-1,1.389868e-1,1.975149e-1,2.747711e-1,2.996697e-1,3.189939e-1,3.181406e-1,3.218368e-1,3.259938e-1,3.226397e-1,2.543564e-1,2.728456e-1,2.603591e-1,2.571146e-1,2.476136e-1,2.392573e-1,2.352604e-1,2.295440e-1,2.096970e-1,2.292171e-1,2.393657e-1,2.484514e-1,2.508603e-1,2.578332e-1,2.616225e-1,2.630064e-1],