{"n_vecs":131072,"dim":64,"block_size":512,"n_blocks":256,"variance_ratio":0.95,"per_block_mean_mse":8.171570e-2,"layer_pooled_mean_mse":2.612997e-1,"first_block_mean_mse":2.639583e0,"pooled_over_per_block_mean":3.1977,"pooled_over_per_block_median":3.2462,"pooled_over_per_block_max":8.5323,"first_over_per_block_mean":32.3020,"first_over_per_block_median":32.1567,"first_over_per_block_max":94.8669,"pooled_d_eff":50,"first_d_eff":45,"per_block_d_eff":[45,43,43,43,43,43,42,42,43,42,42,42,42,42,42,42,22,22,21,21,21,21,21,21,45,43,43,42,42,42,42,42,43,42,42,42,42,41,41,41,43,41,40,40,40,40,40,40,38,36,36,35,35,35,35,35,48,46,46,46,46,46,46,46,47,46,46,46,46,46,46,46,45,44,43,43,43,43,43,43,45,43,43,43,43,43,43,43,41,41,40,40,40,40,40,40,42,40,39,39,39,39,39,39,47,46,45,45,45,45,45,45,40,38,38,38,38,38,38,38,41,39,39,39,39,39,39,39,46,43,43,43,43,43,43,43,46,44,44,44,44,44,44,44,44,42,42,42,42,42,42,42,39,37,37,36,36,36,36,36,37,35,35,35,35,35,35,35,44,42,42,42,42,42,42,42,41,40,40,40,40,40,40,40,42,40,40,40,40,40,40,40,45,44,43,43,43,43,43,43,45,43,43,43,43,43,43,43,38,37,36,36,36,36,36,36,42,41,41,41,41,41,41,41,43,41,41,41,41,41,41,41,46,45,45,45,45,45,45,45,49,48,47,47,47,47,47,47,42,40,40,39,39,39,39,39],"per_block_mses":[6.991730e-2,7.937025e-2,7.860334e-2,7.838382e-2,7.792773e-2,7.847584e-2,8.612090e-2,8.617911e-2,1.050300e-1,1.037847e-1,1.030134e-1,1.020176e-1,1.019293e-1,1.025852e-1,1.023084e-1,1.024049e-1,1.158289e-1,1.124689e-1,1.206676e-1,1.206474e-1,1.200910e-1,1.195743e-1,1.194196e-1,1.197408e-1,3.154552e-2,3.585446e-2,3.518804e-2,3.834815e-2,3.824457e-2,3.851269e-2,3.797087e-2,3.833760e-2,8.492822e-2,8.742274e-2,8.671952e-2,8.644281e-2,8.606546e-2,9.268173e-2,9.274566e-2,9.275763e-2,5.048565e-2,5.452576e-2,5.866548e-2,5.820252e-2,5.820191e-2,5.797292e-2,5.811325e-2,5.836203e-2,9.174898e-2,9.834490e-2,9.712854e-2,1.025839e-1,1.024752e-1,1.026569e-1,1.033281e-1,1.033680e-1,6.290848e-2,6.985903e-2,6.903572e-2,6.831207e-2,6.746863e-2,6.779172e-2,6.787094e-2,6.788115e-2,4.058094e-2,4.216891e-2,4.221461e-2,4.179159e-2,4.149764e-2,4.174294e-2,4.184532e-2,4.200851e-2,7.915195e-2,8.078290e-2,8.762424e-2,8.724368e-2,8.706452e-2,8.759077e-2,8.716104e-2,8.683167e-2,1.395662e-1,1.543501e-1,1.544564e-1,1.529896e-1,1.540278e-1,1.534746e-1,1.535139e-1,1.527447e-1,1.134232e-1,1.070230e-1,1.159229e-1,1.145375e-1,1.142017e-1,1.145954e-1,1.143286e-1,1.147107e-1,7.291063e-2,8.107639e-2,8.746962e-2,8.636478e-2,8.644075e-2,8.635321e-2,8.632358e-2,8.642778e-2,6.423758e-2,6.428031e-2,6.888468e-2,6.865540e-2,6.850044e-2,6.852870e-2,6.826641e-2,6.813334e-2,8.535451e-2,9.422093e-2,9.339924e-2,9.388457e-2,9.342176e-2,9.333852e-2,9.344966e-2,9.326185e-2,7.555349e-2,7.999162e-2,7.955989e-2,7.960259e-2,7.918391e-2,7.888656e-2,7.866513e-2,7.881540e-2,6.545895e-2,7.769960e-2,7.698162e-2,7.639760e-2,7.620156e-2,7.599874e-2,7.586335e-2,7.580578e-2,5.370693e-2,6.015840e-2,5.934300e-2,5.940911e-2,5.969541e-2,5.958489e-2,6.011034e-2,6.015160e-2,7.106381e-2,7.782574e-2,7.647235e-2,7.657258e-2,7.643550e-2,7.692696e-2,7.690313e-2,7.680504e-2,5.587743e-2,6.147962e-2,6.065010e-2,6.663601e-2,6.643643e-2,6.670244e-2,6.729749e-2,6.753580e-2,1.025623e-1,1.121993e-1,1.122050e-1,1.129962e-1,1.127076e-1,1.134229e-1,1.131705e-1,1.128587e-1,6.518818e-2,7.169802e-2,7.098707e-2,7.102552e-2,7.128068e-2,7.143117e-2,7.112516e-2,7.175174e-2,1.006494e-1,1.031541e-1,1.026285e-1,1.017170e-1,1.011624e-1,1.009618e-1,1.007394e-1,1.008987e-1,7.976551e-2,8.586424e-2,8.528956e-2,8.517602e-2,8.461719e-2,8.506463e-2,8.460357e-2,8.423464e-2,8.547846e-2,8.830127e-2,9.640055e-2,9.585116e-2,9.513182e-2,9.485911e-2,9.538744e-2,9.455278e-2,6.553219e-2,7.388127e-2,7.346125e-2,7.300627e-2,7.287977e-2,7.258344e-2,7.338138e-2,7.283038e-2,9.357654e-2,9.426581e-2,1.006487e-1,9.983780e-2,9.987392e-2,1.004001e-1,9.997585e-2,9.986470e-2,8.659138e-2,8.815049e-2,8.717862e-2,8.701367e-2,8.705488e-2,8.687885e-2,8.708127e-2,8.664733e-2,6.817345e-2,7.395946e-2,7.324257e-2,7.265353e-2,7.260295e-2,7.282417e-2,7.320095e-2,7.343803e-2,7.798012e-2,7.949916e-2,7.901175e-2,7.839156e-2,7.805855e-2,7.829676e-2,7.771393e-2,7.808814e-2,4.644765e-2,4.686163e-2,5.195501e-2,5.199197e-2,5.169143e-2,5.164343e-2,5.192382e-2,5.193891e-2,4.774466e-2,5.178603e-2,5.140420e-2,5.576862e-2,5.542917e-2,5.578936e-2,5.575730e-2,5.591055e-2],"layer_pooled_mses":[2.474790e-1,2.701514e-1,3.130262e-1,3.115471e-1,3.541566e-1,3.416522e-1,2.858815e-1,2.745866e-1,3.133386e-1,3.265850e-1,3.034166e-1,2.958781e-1,2.981822e-1,3.194267e-1,3.461203e-1,3.279054e-1,1.161752e-1,9.790820e-2,9.806673e-2,9.977768e-2,9.440229e-2,8.472099e-2,9.321164e-2,1.113884e-1,1.903482e-1,1.635090e-1,1.809943e-1,1.549427e-1,1.448354e-1,1.899847e-1,1.757050e-1,1.856989e-1,1.998525e-1,1.961666e-1,1.881105e-1,1.896836e-1,1.835621e-1,1.765955e-1,1.738323e-1,1.758693e-1,2.020752e-1,1.770039e-1,1.623478e-1,1.527955e-1,1.523113e-1,1.481020e-1,1.701608e-1,2.132752e-1,4.245905e-1,3.307970e-1,2.178204e-1,1.413896e-1,1.502785e-1,1.905375e-1,3.178688e-1,4.612878e-1,2.558869e-1,2.524903e-1,2.511476e-1,2.613642e-1,2.732530e-1,2.825511e-1,2.927874e-1,3.142804e-1,2.450754e-1,2.350273e-1,2.154702e-1,1.794906e-1,1.595919e-1,1.718441e-1,1.833673e-1,2.173134e-1,1.919045e-1,1.808551e-1,1.822573e-1,1.813251e-1,1.865809e-1,1.893430e-1,1.961894e-1,2.092623e-1,5.066516e-1,5.048538e-1,5.002557e-1,4.872875e-1,4.831705e-1,4.802564e-1,4.820697e-1,4.567475e-1,2.057545e-1,2.141993e-1,2.100866e-1,2.437660e-1,2.344178e-1,2.418588e-1,2.331848e-1,2.001425e-1,3.165366e-1,3.146249e-1,3.108209e-1,3.085870e-1,3.037013e-1,2.740269e-1,2.833027e-1,2.790515e-1,3.780225e-1,3.590047e-1,3.365956e-1,3.559273e-1,3.454693e-1,3.380889e-1,3.989625e-1,4.307568e-1,3.078099e-1,3.141103e-1,2.399502e-1,2.043646e-1,2.097004e-1,2.006124e-1,1.944203e-1,2.445814e-1,1.664113e-1,1.727949e-1,1.779806e-1,1.692011e-1,1.550332e-1,1.453689e-1,1.500593e-1,1.489422e-1,5.585167e-1,5.753833e-1,5.426882e-1,5.198367e-1,5.266400e-1,5.936949e-1,6.080815e-1,6.256429e-1,3.418956e-1,2.928168e-1,2.574091e-1,2.144054e-1,2.048061e-1,2.823681e-1,3.160169e-1,3.417507e-1,1.985060e-1,2.261727e-1,2.388088e-1,2.300357e-1,2.626615e-1,2.524320e-1,2.542137e-1,2.598850e-1,3.156977e-1,3.458605e-1,3.536634e-1,3.116196e-1,3.115307e-1,3.350164e-1,3.360448e-1,3.696174e-1,1.564741e-1,1.676013e-1,1.711119e-1,1.642377e-1,1.465684e-1,1.548278e-1,1.665465e-1,1.652136e-1,2.622909e-1,2.132667e-1,2.102438e-1,2.048808e-1,2.199310e-1,2.295284e-1,2.507321e-1,2.704585e-1,1.544666e-1,1.425419e-1,1.410482e-1,1.429140e-1,1.344638e-1,1.312585e-1,1.435691e-1,1.608722e-1,1.526594e-1,1.534951e-1,1.630504e-1,1.656375e-1,1.393457e-1,1.362401e-1,1.372060e-1,1.385611e-1,4.924005e-1,4.429431e-1,4.537770e-1,4.965721e-1,4.129992e-1,4.055545e-1,3.290360e-1,4.441389e-1,2.129534e-1,2.175740e-1,2.150056e-1,2.034664e-1,1.936890e-1,1.914815e-1,1.909739e-1,2.110729e-1,1.678134e-1,1.548019e-1,1.361976e-1,1.486357e-1,1.420413e-1,1.757545e-1,1.962124e-1,2.198696e-1,4.655525e-1,4.793578e-1,4.807738e-1,4.298494e-1,4.514388e-1,4.013429e-1,4.573656e-1,3.658522e-1,3.275133e-1,3.530038e-1,3.643670e-1,3.848716e-1,4.054617e-1,4.311182e-1,4.482146e-1,4.755788e-1,2.301552e-1,2.244063e-1,2.153126e-1,2.152119e-1,2.082681e-1,2.068132e-1,2.135261e-1,2.178389e-1,2.136378e-1,1.989875e-1,1.945895e-1,1.955025e-1,1.982885e-1,1.951547e-1,2.002302e-1,2.166759e-1,2.342149e-1,2.078518e-1,1.942289e-1,1.963200e-1,2.158835e-1,2.251783e-1,2.322202e-1,2.351411e-1],