{"n_vecs":131072,"dim":64,"block_size":512,"n_blocks":256,"variance_ratio":0.95,"per_block_mean_mse":1.109213e-2,"layer_pooled_mean_mse":1.235384e-2,"first_block_mean_mse":1.125069e-1,"pooled_over_per_block_mean":1.1137,"pooled_over_per_block_median":1.1238,"pooled_over_per_block_max":1.5195,"first_over_per_block_mean":10.1429,"first_over_per_block_median":10.3143,"first_over_per_block_max":14.1679,"pooled_d_eff":59,"first_d_eff":40,"per_block_d_eff":[40,38,38,37,37,37,37,37,43,41,41,41,41,41,41,41,42,41,41,41,41,41,41,41,41,40,40,40,40,40,40,40,41,40,40,39,39,39,39,39,43,41,41,41,41,41,41,41,40,39,39,39,39,39,40,39,40,38,38,38,38,38,38,38,41,39,39,39,39,39,39,39,40,39,39,39,39,39,39,39,38,37,37,37,37,37,37,37,41,40,40,40,40,40,40,40,40,38,38,38,38,38,38,38,43,43,43,43,43,43,43,43,43,42,42,42,42,42,42,42,41,41,41,41,41,41,41,41,42,41,41,41,41,41,41,41,39,37,37,37,37,37,37,37,38,36,36,36,36,36,36,36,40,38,38,38,38,38,38,38,42,41,41,41,41,41,41,41,40,39,39,39,39,39,39,39,43,41,41,41,41,41,41,41,41,40,40,40,40,40,40,40,39,38,39,39,39,39,39,39,42,42,42,42,42,42,41,42,44,43,43,43,43,43,43,43,42,40,40,40,40,40,40,40,43,42,42,42,42,42,42,42,43,42,42,42,42,42,42,42,42,41,41,41,41,41,41,41,36,32,32,32,31,31,31,31],"per_block_mses":[1.397788e-2,1.324072e-2,1.310763e-2,1.423895e-2,1.426711e-2,1.423768e-2,1.426069e-2,1.430793e-2,1.242329e-2,1.245572e-2,1.248881e-2,1.249820e-2,1.252689e-2,1.251134e-2,1.248167e-2,1.261027e-2,8.409071e-3,7.562876e-3,7.497840e-3,7.502808e-3,7.515850e-3,7.564213e-3,7.569025e-3,7.676020e-3,1.604222e-2,1.433823e-2,1.423114e-2,1.420065e-2,1.421712e-2,1.418191e-2,1.423336e-2,1.428152e-2,1.004201e-2,9.463227e-3,9.375218e-3,1.024772e-2,1.019938e-2,1.024451e-2,1.024361e-2,1.024243e-2,1.087877e-2,1.069956e-2,1.045381e-2,1.041028e-2,1.037019e-2,1.038877e-2,1.033852e-2,1.033410e-2,1.351954e-2,1.307279e-2,1.297979e-2,1.302371e-2,1.305494e-2,1.301984e-2,1.193965e-2,1.303643e-2,1.090604e-2,1.084818e-2,1.067901e-2,1.063992e-2,1.063264e-2,1.061793e-2,1.064382e-2,1.066986e-2,1.171397e-2,1.131618e-2,1.122537e-2,1.115294e-2,1.117891e-2,1.113201e-2,1.113058e-2,1.112588e-2,1.430693e-2,1.396173e-2,1.380031e-2,1.383334e-2,1.380463e-2,1.381845e-2,1.382831e-2,1.379060e-2,1.339139e-2,1.185615e-2,1.184000e-2,1.182809e-2,1.181329e-2,1.181164e-2,1.182188e-2,1.187194e-2,1.225114e-2,1.129654e-2,1.125193e-2,1.118689e-2,1.117226e-2,1.115611e-2,1.119892e-2,1.119689e-2,1.300477e-2,1.286590e-2,1.274822e-2,1.269769e-2,1.267045e-2,1.269794e-2,1.269186e-2,1.271224e-2,9.028454e-3,7.642042e-3,7.632619e-3,7.647474e-3,7.657878e-3,7.696296e-3,7.662987e-3,7.712440e-3,1.293811e-2,1.235263e-2,1.223141e-2,1.226292e-2,1.226087e-2,1.226219e-2,1.230351e-2,1.229372e-2,1.099853e-2,9.586051e-3,9.425531e-3,9.375646e-3,9.352000e-3,9.380015e-3,9.384960e-3,9.383623e-3,9.764607e-3,9.380764e-3,9.258551e-3,9.217996e-3,9.203406e-3,9.208721e-3,9.181013e-3,9.257787e-3,5.266457e-3,5.062844e-3,4.990649e-3,4.999793e-3,4.981403e-3,5.006266e-3,5.002923e-3,5.018206e-3,1.534555e-2,1.517946e-2,1.503092e-2,1.506672e-2,1.501106e-2,1.500563e-2,1.507995e-2,1.511072e-2,1.424009e-2,1.353093e-2,1.325812e-2,1.319856e-2,1.315215e-2,1.313138e-2,1.310818e-2,1.314850e-2,1.301296e-2,1.255501e-2,1.243167e-2,1.240848e-2,1.238396e-2,1.236957e-2,1.222916e-2,1.236093e-2,9.675491e-3,8.895061e-3,8.880249e-3,8.844637e-3,8.834447e-3,8.837829e-3,8.825411e-3,8.826895e-3,7.367328e-3,7.127872e-3,7.072544e-3,6.997261e-3,6.986563e-3,6.999660e-3,7.020518e-3,7.034410e-3,1.172215e-2,1.139092e-2,1.135416e-2,1.138582e-2,1.135685e-2,1.136498e-2,1.138964e-2,1.128565e-2,1.256585e-2,1.168491e-2,1.056224e-2,1.055193e-2,1.052391e-2,1.053488e-2,1.052797e-2,1.054834e-2,1.598853e-2,1.396755e-2,1.381643e-2,1.381590e-2,1.388885e-2,1.377668e-2,1.520571e-2,1.385033e-2,8.046332e-3,7.389168e-3,7.329013e-3,7.306122e-3,7.315371e-3,7.340879e-3,7.310049e-3,7.324164e-3,1.328972e-2,1.388119e-2,1.375073e-2,1.364207e-2,1.357608e-2,1.353919e-2,1.351872e-2,1.364244e-2,1.212710e-2,1.145365e-2,1.136957e-2,1.129554e-2,1.127115e-2,1.131420e-2,1.131054e-2,1.133843e-2,1.365279e-2,1.299548e-2,1.282033e-2,1.283885e-2,1.285051e-2,1.280486e-2,1.284242e-2,1.286078e-2,9.844136e-3,9.400573e-3,9.284452e-3,9.257710e-3,9.239471e-3,9.258105e-3,9.263485e-3,9.278369e-3,7.839567e-3,8.191936e-3,8.091831e-3,8.103630e-3,8.773680e-3,8.807511e-3,8.802145e-3,8.863399e-3],"layer_pooled_mses":[1.511824e-2,1.386746e-2,1.378383e-2,1.374218e-2,1.384956e-2,1.396501e-2,1.387807e-2,1.415090e-2,1.512110e-2,1.336443e-2,1.331595e-2,1.330580e-2,1.327201e-2,1.324168e-2,1.323993e-2,1.327427e-2,1.123465e-2,1.024961e-2,1.007006e-2,1.012446e-2,1.013922e-2,1.017994e-2,1.025434e-2,1.034658e-2,1.618076e-2,1.409494e-2,1.424374e-2,1.421363e-2,1.420541e-2,1.432706e-2,1.442232e-2,1.458708e-2,1.249731e-2,1.159489e-2,1.156458e-2,1.155575e-2,1.166671e-2,1.162829e-2,1.175803e-2,1.165847e-2,1.338212e-2,1.199690e-2,1.178175e-2,1.181257e-2,1.185025e-2,1.191424e-2,1.182366e-2,1.187168e-2,1.341875e-2,1.217931e-2,1.227085e-2,1.221119e-2,1.215374e-2,1.222205e-2,1.215060e-2,1.223373e-2,1.532550e-2,1.384315e-2,1.388123e-2,1.386587e-2,1.380754e-2,1.380392e-2,1.375090e-2,1.389494e-2,1.211862e-2,1.159113e-2,1.182026e-2,1.176451e-2,1.169150e-2,1.175521e-2,1.184891e-2,1.184327e-2,1.619372e-2,1.522426e-2,1.519814e-2,1.502097e-2,1.495636e-2,1.493102e-2,1.491341e-2,1.504885e-2,1.345262e-2,1.175635e-2,1.147895e-2,1.140755e-2,1.134351e-2,1.136337e-2,1.133623e-2,1.140635e-2,1.412338e-2,1.264891e-2,1.260890e-2,1.237616e-2,1.238283e-2,1.244287e-2,1.256701e-2,1.250707e-2,1.507195e-2,1.399021e-2,1.400459e-2,1.403181e-2,1.407516e-2,1.411179e-2,1.406549e-2,1.410118e-2,1.157545e-2,1.056497e-2,1.040648e-2,1.032045e-2,1.023735e-2,1.034762e-2,1.036595e-2,1.042738e-2,1.494867e-2,1.369478e-2,1.371688e-2,1.364113e-2,1.375504e-2,1.379582e-2,1.369988e-2,1.356808e-2,1.180144e-2,1.097607e-2,1.072328e-2,1.065632e-2,1.054555e-2,1.059858e-2,1.048179e-2,1.057683e-2,1.230065e-2,1.148409e-2,1.145220e-2,1.151131e-2,1.145130e-2,1.149945e-2,1.150790e-2,1.166720e-2,7.108831e-3,6.326007e-3,6.156787e-3,6.090159e-3,5.978949e-3,5.985191e-3,5.997311e-3,6.083139e-3,1.105685e-2,1.019143e-2,1.021410e-2,1.024500e-2,1.025503e-2,1.027464e-2,1.037583e-2,1.037947e-2,1.532411e-2,1.291958e-2,1.256682e-2,1.241418e-2,1.234655e-2,1.243950e-2,1.237973e-2,1.241108e-2,1.576449e-2,1.477581e-2,1.463239e-2,1.463609e-2,1.459924e-2,1.458448e-2,1.466916e-2,1.476621e-2,1.183917e-2,1.088910e-2,1.073386e-2,1.088315e-2,1.077094e-2,1.090174e-2,1.078791e-2,1.085091e-2,1.119502e-2,1.004989e-2,9.962078e-3,1.004288e-2,1.004064e-2,1.008197e-2,1.007265e-2,1.011799e-2,1.306791e-2,1.224849e-2,1.220558e-2,1.218892e-2,1.210885e-2,1.228419e-2,1.223188e-2,1.208746e-2,1.230297e-2,1.122484e-2,1.117473e-2,1.130400e-2,1.127970e-2,1.133317e-2,1.129206e-2,1.129995e-2,1.530017e-2,1.485785e-2,1.487368e-2,1.484401e-2,1.498133e-2,1.493043e-2,1.508142e-2,1.519450e-2,1.068637e-2,9.775801e-3,9.623456e-3,9.581805e-3,9.590631e-3,9.687790e-3,9.729017e-3,9.708751e-3,1.601236e-2,1.488912e-2,1.477175e-2,1.476800e-2,1.476548e-2,1.474110e-2,1.485818e-2,1.469833e-2,1.661085e-2,1.517204e-2,1.508861e-2,1.516603e-2,1.540980e-2,1.514599e-2,1.520024e-2,1.511033e-2,1.574487e-2,1.448369e-2,1.457446e-2,1.446311e-2,1.431598e-2,1.439045e-2,1.442600e-2,1.450069e-2,1.240941e-2,1.166465e-2,1.162174e-2,1.160410e-2,1.161108e-2,1.159459e-2,1.152157e-2,1.162005e-2,9.847212e-3,9.413238e-3,9.389110e-3,9.630837e-3,9.804717e-3,9.961110e-3,1.024834e-2,1.047571e-2],