{"n_vecs":131072,"dim":64,"block_size":512,"n_blocks":256,"variance_ratio":0.95,"per_block_mean_mse":4.025412e-3,"layer_pooled_mean_mse":4.369121e-3,"first_block_mean_mse":3.300650e-2,"pooled_over_per_block_mean":1.0854,"pooled_over_per_block_median":1.1439,"pooled_over_per_block_max":1.5347,"first_over_per_block_mean":8.1995,"first_over_per_block_median":8.1576,"first_over_per_block_max":10.0993,"pooled_d_eff":59,"first_d_eff":41,"per_block_d_eff":[41,41,41,41,41,41,41,41,38,38,38,38,38,38,38,38,38,37,37,37,37,37,37,37,41,41,41,41,41,41,41,41,41,41,41,41,41,41,41,41,42,42,42,42,42,42,42,42,41,41,41,41,41,41,41,41,41,41,41,41,41,41,41,41,41,41,41,41,41,41,41,41,41,41,41,41,41,41,41,41,42,42,42,42,42,42,42,42,40,40,40,40,40,40,40,40,42,41,41,41,41,41,41,41,39,38,38,38,38,38,38,38,40,40,40,40,40,40,40,40,36,35,36,35,36,35,35,35,42,42,42,42,42,42,42,42,37,37,37,37,37,37,37,37,42,42,42,42,42,42,42,42,39,39,39,39,39,39,39,39,42,42,42,42,42,42,41,42,41,41,41,41,41,41,41,41,40,39,39,39,39,40,39,39,41,41,41,41,41,41,41,41,40,39,39,39,39,39,39,39,40,40,40,40,40,40,40,40,43,43,43,43,43,43,43,43,40,39,39,39,39,39,39,39,33,33,33,33,33,33,33,33,36,36,36,36,36,36,36,36,39,39,39,39,39,39,39,39,42,42,42,42,42,42,42,42],"per_block_mses":[3.740332e-3,3.764953e-3,3.760749e-3,3.744055e-3,3.761991e-3,3.753521e-3,3.788627e-3,3.791464e-3,4.376226e-3,4.234341e-3,4.250184e-3,4.238401e-3,4.260323e-3,4.259435e-3,4.271100e-3,4.269372e-3,1.283809e-3,1.341561e-3,1.338468e-3,1.333981e-3,1.338085e-3,1.336488e-3,1.335792e-3,1.341297e-3,2.944695e-3,2.940848e-3,2.940291e-3,2.927907e-3,2.940335e-3,2.937062e-3,2.941805e-3,2.931694e-3,4.051524e-3,4.088877e-3,4.082506e-3,4.079923e-3,4.099529e-3,4.094939e-3,4.116472e-3,4.110391e-3,2.753943e-3,2.758662e-3,2.757655e-3,2.759502e-3,2.759715e-3,2.762150e-3,2.763246e-3,2.758900e-3,4.050003e-3,4.016854e-3,4.006193e-3,3.974765e-3,3.975093e-3,3.985776e-3,4.013788e-3,3.995747e-3,3.748726e-3,3.733518e-3,3.756115e-3,3.734362e-3,3.761382e-3,3.757793e-3,3.749447e-3,3.756699e-3,3.298104e-3,3.323973e-3,3.331389e-3,3.332810e-3,3.338708e-3,3.345346e-3,3.356069e-3,3.352396e-3,4.139878e-3,4.165692e-3,4.173534e-3,4.153453e-3,4.181189e-3,4.198289e-3,4.189134e-3,4.189052e-3,3.844952e-3,3.872220e-3,3.878374e-3,3.872827e-3,3.888879e-3,3.896150e-3,3.887174e-3,3.888825e-3,4.572320e-3,4.554857e-3,4.543946e-3,4.542881e-3,4.546496e-3,4.556689e-3,4.596270e-3,4.580434e-3,2.923113e-3,3.205692e-3,3.197546e-3,3.197848e-3,3.206232e-3,3.190520e-3,3.201327e-3,3.194886e-3,1.142893e-2,1.213967e-2,1.208481e-2,1.202140e-2,1.205353e-2,1.211646e-2,1.209434e-2,1.206450e-2,4.595452e-3,4.622397e-3,4.633678e-3,4.620696e-3,4.637735e-3,4.644922e-3,4.647781e-3,4.646938e-3,4.345685e-3,4.583485e-3,4.214242e-3,4.568056e-3,4.204626e-3,4.593371e-3,4.592114e-3,4.599345e-3,3.726207e-3,3.731251e-3,3.745467e-3,3.723404e-3,3.743603e-3,3.742903e-3,3.756174e-3,3.769031e-3,4.153722e-3,4.146668e-3,4.162624e-3,4.130727e-3,4.145616e-3,4.145922e-3,4.154433e-3,4.142812e-3,4.051032e-3,4.103556e-3,4.111569e-3,4.119342e-3,4.143715e-3,4.112194e-3,4.117990e-3,4.128607e-3,4.124811e-3,4.175879e-3,4.154513e-3,4.172813e-3,4.171642e-3,4.182795e-3,4.174869e-3,4.175381e-3,2.345091e-3,2.325377e-3,2.308719e-3,2.315502e-3,2.330479e-3,2.331747e-3,2.577123e-3,2.321576e-3,3.363782e-3,3.279112e-3,3.290034e-3,3.260769e-3,3.277450e-3,3.277338e-3,3.276514e-3,3.281997e-3,3.014532e-3,3.284834e-3,3.269118e-3,3.261755e-3,3.286645e-3,3.008409e-3,3.287486e-3,3.282021e-3,3.809960e-3,3.784595e-3,3.804459e-3,3.780393e-3,3.814484e-3,3.801299e-3,3.817662e-3,3.827027e-3,3.883577e-3,4.192681e-3,4.211611e-3,4.192616e-3,4.203401e-3,4.202075e-3,4.196120e-3,4.189945e-3,2.458226e-3,2.418363e-3,2.417222e-3,2.404550e-3,2.421432e-3,2.411623e-3,2.413989e-3,2.407426e-3,3.301755e-3,3.283446e-3,3.279145e-3,3.269137e-3,3.298185e-3,3.291678e-3,3.308785e-3,3.298405e-3,4.111852e-3,4.463490e-3,4.445247e-3,4.448132e-3,4.465522e-3,4.456662e-3,4.469961e-3,4.459081e-3,6.369276e-3,6.232494e-3,6.200169e-3,6.164843e-3,6.208392e-3,6.199209e-3,6.198584e-3,6.190524e-3,4.957191e-3,4.969661e-3,4.962945e-3,4.951992e-3,4.982627e-3,4.958030e-3,4.974906e-3,4.987277e-3,4.537245e-3,4.347475e-3,4.326160e-3,4.306340e-3,4.340725e-3,4.330876e-3,4.337446e-3,4.338784e-3,3.038507e-3,3.047535e-3,3.030788e-3,3.014561e-3,3.042272e-3,3.038460e-3,3.065695e-3,3.043573e-3],"layer_pooled_mses":[4.215503e-3,4.260082e-3,4.261879e-3,4.237590e-3,4.271199e-3,4.269167e-3,4.239177e-3,4.286400e-3,4.209292e-3,4.138583e-3,4.138015e-3,4.134500e-3,4.146002e-3,4.166619e-3,4.203764e-3,4.187087e-3,1.585873e-3,1.500717e-3,1.503438e-3,1.505097e-3,1.498692e-3,1.492523e-3,1.501109e-3,1.501740e-3,3.987680e-3,4.044342e-3,4.020366e-3,4.037843e-3,4.043342e-3,4.054455e-3,4.070241e-3,4.042654e-3,4.392348e-3,4.465355e-3,4.455636e-3,4.450052e-3,4.488735e-3,4.470173e-3,4.433332e-3,4.484198e-3,4.067156e-3,4.130456e-3,4.116785e-3,4.115000e-3,4.162199e-3,4.120431e-3,4.240779e-3,4.168977e-3,4.913744e-3,4.936738e-3,4.965863e-3,4.951363e-3,5.009269e-3,5.010311e-3,4.994112e-3,5.031230e-3,4.866479e-3,5.003765e-3,5.008696e-3,4.972873e-3,5.017612e-3,4.996010e-3,5.102778e-3,4.988621e-3,4.119652e-3,4.197288e-3,4.177342e-3,4.157107e-3,4.173129e-3,4.179639e-3,4.173344e-3,4.181013e-3,4.851215e-3,4.899710e-3,4.954953e-3,4.877982e-3,4.918125e-3,4.843539e-3,4.869040e-3,4.860837e-3,5.525488e-3,5.595963e-3,5.635168e-3,5.603640e-3,5.649703e-3,5.613627e-3,5.628540e-3,5.656734e-3,5.937588e-3,5.911785e-3,5.937499e-3,5.904436e-3,5.914663e-3,5.882802e-3,5.902670e-3,5.983878e-3,3.639482e-3,3.723876e-3,3.686031e-3,3.682540e-3,3.694910e-3,3.680511e-3,3.696057e-3,3.719054e-3,7.898188e-3,7.687773e-3,7.780853e-3,7.772108e-3,7.752774e-3,7.812899e-3,7.910134e-3,7.868564e-3,4.455942e-3,4.519345e-3,4.518960e-3,4.506757e-3,4.522011e-3,4.546307e-3,4.525191e-3,4.499263e-3,4.278896e-3,4.366525e-3,4.382367e-3,4.368057e-3,4.394113e-3,4.425132e-3,4.451340e-3,4.441818e-3,5.089823e-3,5.117533e-3,5.071284e-3,5.134864e-3,5.119591e-3,5.118504e-3,5.216571e-3,5.130834e-3,4.411937e-3,4.499298e-3,4.478574e-3,4.519759e-3,4.519029e-3,4.500643e-3,4.510852e-3,4.531128e-3,4.277586e-3,4.415971e-3,4.389651e-3,4.383437e-3,4.376278e-3,4.393145e-3,4.365368e-3,4.387836e-3,4.538155e-3,4.611615e-3,4.616251e-3,4.591395e-3,4.600072e-3,4.604674e-3,4.643583e-3,4.627869e-3,3.214424e-3,3.288829e-3,3.301152e-3,3.289825e-3,3.308401e-3,3.317159e-3,3.294930e-3,3.326799e-3,3.766461e-3,3.892734e-3,3.865407e-3,3.868294e-3,3.907175e-3,3.886604e-3,3.909478e-3,3.920956e-3,4.067336e-3,4.082595e-3,4.084504e-3,4.069567e-3,4.124344e-3,4.087265e-3,4.095448e-3,4.098459e-3,4.304177e-3,4.431535e-3,4.396489e-3,4.390839e-3,4.363521e-3,4.379989e-3,4.386131e-3,4.402650e-3,4.646851e-3,4.772470e-3,4.746018e-3,4.726657e-3,4.739830e-3,4.746192e-3,4.775768e-3,4.760887e-3,2.590682e-3,2.572208e-3,2.583192e-3,2.591048e-3,2.619528e-3,2.610854e-3,2.604483e-3,2.617084e-3,4.829147e-3,4.908895e-3,4.952324e-3,4.959377e-3,4.928450e-3,4.962647e-3,4.953526e-3,4.934490e-3,3.726535e-3,3.715033e-3,3.711588e-3,3.708216e-3,3.705981e-3,3.759329e-3,3.715469e-3,3.764849e-3,3.317423e-3,3.302517e-3,3.323695e-3,3.332492e-3,3.318821e-3,3.344005e-3,3.346342e-3,3.337706e-3,4.615739e-3,4.695895e-3,4.712892e-3,4.719765e-3,4.704874e-3,4.720938e-3,4.742421e-3,4.720394e-3,4.426811e-3,4.434094e-3,4.431352e-3,4.403217e-3,4.409506e-3,4.410676e-3,4.417977e-3,4.483234e-3,3.524028e-3,3.600043e-3,3.607547e-3,3.574444e-3,3.622422e-3,3.619993e-3,3.629801e-3,3.575809e-3],