{"n_vecs":131072,"dim":64,"block_size":512,"n_blocks":256,"variance_ratio":0.95,"per_block_mean_mse":9.769849e-3,"layer_pooled_mean_mse":1.108732e-2,"first_block_mean_mse":8.024725e-2,"pooled_over_per_block_mean":1.1349,"pooled_over_per_block_median":1.1876,"pooled_over_per_block_max":1.4922,"first_over_per_block_mean":8.2138,"first_over_per_block_median":7.9860,"first_over_per_block_max":13.7050,"pooled_d_eff":59,"first_d_eff":44,"per_block_d_eff":[44,44,44,44,44,44,44,44,43,43,42,43,43,42,43,43,35,33,33,33,33,33,33,33,36,34,34,34,34,34,34,34,41,40,40,40,40,40,40,40,41,40,40,40,40,40,40,40,43,42,42,42,42,42,42,42,42,41,41,41,41,41,41,41,43,42,42,43,42,42,42,42,44,43,43,43,43,43,43,43,40,38,38,38,38,38,38,38,40,39,39,39,39,39,39,39,42,41,41,41,41,41,41,41,43,43,43,43,43,43,43,43,42,41,40,41,40,40,40,40,39,38,38,38,38,38,38,38,43,42,42,42,42,42,42,42,43,42,42,42,42,42,42,42,42,41,41,41,42,41,41,41,38,37,37,37,37,37,37,37,39,38,38,38,38,38,38,38,43,42,42,42,42,42,42,42,42,41,41,41,41,41,42,41,42,41,41,41,41,41,41,41,43,42,42,42,42,42,42,42,43,42,42,42,42,42,42,42,41,39,39,39,39,39,39,39,42,42,42,42,42,42,42,42,43,41,42,42,42,42,42,41,42,42,42,42,42,42,42,42,44,43,43,43,43,43,43,43,40,39,39,39,39,39,39,39],"per_block_mses":[8.993067e-3,7.988803e-3,7.911129e-3,7.865107e-3,7.842235e-3,7.831197e-3,7.803874e-3,7.803606e-3,9.893639e-3,8.961732e-3,9.804797e-3,8.824245e-3,8.817401e-3,9.767441e-3,8.804200e-3,8.803015e-3,7.066776e-3,7.107303e-3,7.046880e-3,7.025309e-3,7.013479e-3,7.026531e-3,7.016990e-3,7.045690e-3,1.570799e-2,1.551334e-2,1.538749e-2,1.531203e-2,1.526274e-2,1.532997e-2,1.535823e-2,1.550596e-2,1.127303e-2,1.118143e-2,1.110318e-2,1.099487e-2,1.096460e-2,1.097870e-2,1.096405e-2,1.093877e-2,1.271392e-2,1.184828e-2,1.172194e-2,1.157246e-2,1.159274e-2,1.163251e-2,1.161848e-2,1.168221e-2,6.246496e-3,6.186572e-3,6.118341e-3,6.121897e-3,6.099748e-3,6.063001e-3,6.051640e-3,6.053508e-3,1.477244e-2,1.441198e-2,1.426169e-2,1.420096e-2,1.420691e-2,1.417790e-2,1.416747e-2,1.414360e-2,1.117189e-2,1.087978e-2,1.080565e-2,9.794569e-3,1.073685e-2,1.072788e-2,1.067246e-2,1.068325e-2,9.808403e-3,9.646687e-3,9.504229e-3,9.442565e-3,9.403865e-3,9.428151e-3,9.401757e-3,9.434438e-3,4.416811e-3,4.382878e-3,4.348271e-3,4.340880e-3,4.341449e-3,4.329600e-3,4.339589e-3,4.360147e-3,1.584036e-2,1.579065e-2,1.567942e-2,1.561925e-2,1.556092e-2,1.553725e-2,1.545102e-2,1.552008e-2,8.511681e-3,8.550246e-3,8.447664e-3,8.413071e-3,8.420211e-3,8.427399e-3,8.387682e-3,8.431835e-3,8.875717e-3,7.949267e-3,7.861943e-3,7.797456e-3,7.820196e-3,7.768570e-3,7.746453e-3,7.736879e-3,9.109855e-3,8.578058e-3,9.353906e-3,8.456912e-3,9.283273e-3,9.262809e-3,9.267232e-3,9.301343e-3,1.221758e-2,1.204293e-2,1.190626e-2,1.187632e-2,1.188433e-2,1.180864e-2,1.176387e-2,1.180513e-2,8.359107e-3,8.431474e-3,8.381484e-3,8.309702e-3,8.302204e-3,8.308370e-3,8.261082e-3,8.242924e-3,1.123293e-2,1.080130e-2,1.072093e-2,1.065452e-2,1.058619e-2,1.061319e-2,1.053914e-2,1.055356e-2,8.468930e-3,8.276669e-3,8.222172e-3,8.156722e-3,7.361769e-3,8.174182e-3,8.156089e-3,8.126817e-3,8.371595e-3,7.951455e-3,7.913752e-3,7.862965e-3,7.818344e-3,7.820455e-3,7.806776e-3,7.813624e-3,1.026117e-2,9.746110e-3,9.739006e-3,9.702253e-3,9.723517e-3,9.708387e-3,9.755396e-3,9.767668e-3,1.231380e-2,1.224836e-2,1.209264e-2,1.209069e-2,1.205248e-2,1.200273e-2,1.194735e-2,1.196479e-2,1.033297e-2,1.047914e-2,1.043271e-2,1.036077e-2,1.034040e-2,1.036353e-2,9.384905e-3,1.029799e-2,1.055807e-2,1.042593e-2,1.037012e-2,1.030614e-2,1.028405e-2,1.027778e-2,1.025853e-2,1.028818e-2,7.454571e-3,7.469127e-3,7.408037e-3,7.377066e-3,7.391218e-3,7.353371e-3,7.356605e-3,7.310463e-3,9.840117e-3,9.579210e-3,9.481876e-3,9.422959e-3,9.390585e-3,9.391380e-3,9.383878e-3,9.406092e-3,6.573740e-3,6.881316e-3,6.799399e-3,6.796969e-3,6.794111e-3,6.788900e-3,6.764083e-3,6.782505e-3,9.059964e-3,8.165100e-3,8.111802e-3,8.086030e-3,8.051074e-3,8.068561e-3,8.007373e-3,8.038706e-3,9.008769e-3,9.284964e-3,8.385730e-3,8.317417e-3,8.322144e-3,8.279400e-3,8.252632e-3,9.033444e-3,1.379111e-2,1.258691e-2,1.237637e-2,1.230087e-2,1.222542e-2,1.232026e-2,1.223195e-2,1.217654e-2,1.472433e-2,1.435069e-2,1.416182e-2,1.403149e-2,1.395930e-2,1.399193e-2,1.392771e-2,1.392366e-2,8.127825e-3,7.514007e-3,7.449364e-3,7.391166e-3,7.369224e-3,7.388409e-3,7.320692e-3,7.318506e-3],"layer_pooled_mses":[1.122252e-2,1.090119e-2,1.074896e-2,1.071488e-2,1.060539e-2,1.062997e-2,1.067347e-2,1.065848e-2,1.224908e-2,1.171990e-2,1.164667e-2,1.164254e-2,1.165455e-2,1.163663e-2,1.160203e-2,1.160900e-2,6.491079e-3,6.354556e-3,6.349425e-3,6.417251e-3,6.336518e-3,6.408993e-3,6.441611e-3,6.353261e-3,1.280166e-2,1.181554e-2,1.169845e-2,1.171154e-2,1.179845e-2,1.176247e-2,1.177243e-2,1.180315e-2,1.345924e-2,1.282290e-2,1.268530e-2,1.252945e-2,1.258658e-2,1.247705e-2,1.254485e-2,1.256565e-2,1.363606e-2,1.251604e-2,1.246628e-2,1.231698e-2,1.225984e-2,1.230867e-2,1.225514e-2,1.221968e-2,7.672737e-3,7.063597e-3,7.000255e-3,6.957673e-3,6.912924e-3,6.936853e-3,6.923694e-3,6.942584e-3,1.733898e-2,1.619479e-2,1.614206e-2,1.605466e-2,1.602402e-2,1.597088e-2,1.603789e-2,1.603768e-2,1.365451e-2,1.324530e-2,1.310364e-2,1.303146e-2,1.291838e-2,1.298189e-2,1.293473e-2,1.290489e-2,1.205459e-2,1.137142e-2,1.109647e-2,1.101967e-2,1.094376e-2,1.093289e-2,1.087354e-2,1.079325e-2,5.427659e-3,4.949655e-3,5.035552e-3,5.133109e-3,5.145758e-3,5.167630e-3,5.207178e-3,5.257775e-3,1.558597e-2,1.481769e-2,1.457823e-2,1.438193e-2,1.432244e-2,1.433646e-2,1.429092e-2,1.423735e-2,1.040015e-2,9.586798e-3,9.527487e-3,9.415081e-3,9.478495e-3,9.293955e-3,9.318681e-3,9.351805e-3,1.129406e-2,1.071944e-2,1.071575e-2,1.062401e-2,1.060629e-2,1.064040e-2,1.045567e-2,1.047740e-2,1.182537e-2,1.115504e-2,1.106039e-2,1.098761e-2,1.104283e-2,1.091498e-2,1.097362e-2,1.101534e-2,9.292668e-3,8.794879e-3,8.724623e-3,8.701821e-3,8.567354e-3,8.686828e-3,8.606408e-3,8.640513e-3,1.145256e-2,1.108163e-2,1.102022e-2,1.089471e-2,1.087457e-2,1.095970e-2,1.089189e-2,1.088236e-2,1.454808e-2,1.354499e-2,1.340943e-2,1.338533e-2,1.341515e-2,1.343866e-2,1.335143e-2,1.333623e-2,1.184471e-2,1.118439e-2,1.100936e-2,1.097074e-2,1.098535e-2,1.103625e-2,1.098085e-2,1.101736e-2,8.395781e-3,7.684535e-3,7.530349e-3,7.453330e-3,7.448890e-3,7.502169e-3,7.425486e-3,7.468250e-3,1.280220e-2,1.182476e-2,1.187897e-2,1.184206e-2,1.181989e-2,1.184253e-2,1.192584e-2,1.174806e-2,1.525328e-2,1.462031e-2,1.429134e-2,1.430462e-2,1.440600e-2,1.429416e-2,1.418596e-2,1.443749e-2,1.102864e-2,1.080783e-2,1.075141e-2,1.070863e-2,1.064678e-2,1.075912e-2,1.060065e-2,1.059001e-2,1.141487e-2,1.112225e-2,1.113614e-2,1.105689e-2,1.100092e-2,1.106641e-2,1.099859e-2,1.102035e-2,9.944934e-3,9.682718e-3,9.593135e-3,9.418843e-3,9.356017e-3,9.367703e-3,9.394908e-3,9.381414e-3,1.180569e-2,1.138662e-2,1.125483e-2,1.133425e-2,1.124488e-2,1.130349e-2,1.128407e-2,1.133174e-2,7.647104e-3,7.075180e-3,7.055918e-3,7.009805e-3,7.014009e-3,7.069459e-3,7.071134e-3,7.112992e-3,1.101068e-2,1.027025e-2,1.025003e-2,1.014969e-2,1.015773e-2,1.013724e-2,1.012095e-2,1.011241e-2,1.204621e-2,1.123781e-2,1.098302e-2,1.088579e-2,1.085600e-2,1.090707e-2,1.097145e-2,1.105497e-2,1.523918e-2,1.467989e-2,1.449926e-2,1.447717e-2,1.446337e-2,1.442629e-2,1.448416e-2,1.433283e-2,1.799757e-2,1.719247e-2,1.686450e-2,1.683150e-2,1.665437e-2,1.669738e-2,1.662865e-2,1.658898e-2,9.707709e-3,9.021791e-3,8.846635e-3,8.788873e-3,8.822190e-3,8.851701e-3,8.819964e-3,8.808285e-3],