{"n_vecs":131072,"dim":64,"block_size":512,"n_blocks":256,"variance_ratio":0.95,"per_block_mean_mse":9.143776e-2,"layer_pooled_mean_mse":1.234436e-1,"first_block_mean_mse":1.018748e0,"pooled_over_per_block_mean":1.3500,"pooled_over_per_block_median":1.5179,"pooled_over_per_block_max":2.3445,"first_over_per_block_mean":11.1414,"first_over_per_block_median":9.8443,"first_over_per_block_max":23.6426,"pooled_d_eff":58,"first_d_eff":42,"per_block_d_eff":[42,39,39,39,38,38,38,39,46,40,40,39,39,39,39,40,47,40,40,40,40,40,40,41,47,42,42,42,42,42,42,43,49,43,43,43,43,43,43,43,47,42,42,41,41,42,42,42,45,38,38,38,38,38,38,38,49,42,42,42,42,42,42,43,44,36,36,36,36,36,36,36,39,36,36,35,35,35,35,36,48,42,42,42,42,42,42,42,48,41,41,41,41,41,41,42,44,36,36,36,36,36,36,36,50,43,42,42,42,42,42,42,43,37,37,37,37,37,37,38,45,39,39,39,39,39,39,39,42,35,35,35,35,35,35,35,48,41,41,41,41,41,41,42,48,42,42,42,42,42,42,42,49,42,42,42,42,42,42,43,48,41,41,41,40,40,40,41,47,41,41,41,41,41,41,41,43,37,37,37,37,37,37,37,48,42,42,42,42,42,42,42,45,38,38,38,38,38,38,38,49,43,43,43,43,43,43,43,46,41,41,41,41,41,41,41,48,42,42,42,42,42,42,43,48,41,42,42,41,41,41,42,48,42,42,42,42,42,42,42,48,41,41,41,41,41,41,41,47,40,40,40,40,40,40,40],"per_block_mses":[1.696089e-1,1.223693e-1,1.220417e-1,1.192854e-1,1.310169e-1,1.308426e-1,1.311818e-1,1.220771e-1,5.326799e-2,4.810663e-2,4.740314e-2,5.184490e-2,5.218920e-2,5.236492e-2,5.221358e-2,5.011626e-2,8.468107e-2,8.086899e-2,8.138600e-2,8.059147e-2,8.069238e-2,8.022309e-2,8.055871e-2,7.601934e-2,1.080367e-1,9.734046e-2,9.683453e-2,9.720887e-2,9.698501e-2,9.804524e-2,9.801092e-2,9.110380e-2,6.776709e-2,6.221878e-2,6.050888e-2,5.931605e-2,5.900521e-2,5.912458e-2,5.911991e-2,6.091460e-2,1.280461e-1,1.341237e-1,1.334578e-1,1.437497e-1,1.434090e-1,1.325058e-1,1.323021e-1,1.340167e-1,9.598420e-2,8.722054e-2,8.546717e-2,8.454020e-2,8.495281e-2,8.465414e-2,8.466787e-2,8.648162e-2,6.647314e-2,6.567975e-2,6.427364e-2,6.306839e-2,6.290897e-2,6.246709e-2,6.221316e-2,5.797357e-2,9.430700e-2,9.235040e-2,9.067899e-2,8.866343e-2,9.030086e-2,9.018209e-2,8.944412e-2,9.292444e-2,3.355438e-1,2.522291e-1,2.465785e-1,2.633705e-1,2.643654e-1,2.597638e-1,2.582331e-1,2.453313e-1,6.499967e-2,5.876616e-2,5.749535e-2,5.639200e-2,5.610897e-2,5.669976e-2,5.666829e-2,5.796752e-2,6.454640e-2,5.477908e-2,5.474400e-2,5.378631e-2,5.390142e-2,5.395039e-2,5.411629e-2,5.126892e-2,2.100383e-1,2.692013e-1,2.743504e-1,2.748740e-1,2.798641e-1,2.781553e-1,2.789454e-1,2.768274e-1,6.609420e-2,5.772734e-2,6.109139e-2,5.830288e-2,5.778075e-2,5.681204e-2,5.687639e-2,5.881107e-2,2.245568e-1,2.026240e-1,2.028002e-1,2.012617e-1,2.030381e-1,2.018088e-1,2.034882e-1,1.962054e-1,5.206242e-2,4.405785e-2,4.269580e-2,4.182820e-2,4.185136e-2,4.208452e-2,4.196152e-2,4.419588e-2,1.084565e-1,1.034310e-1,1.017966e-1,1.001170e-1,1.006311e-1,1.002758e-1,1.002539e-1,1.039107e-1,6.360036e-2,5.585731e-2,5.490390e-2,5.414364e-2,5.457873e-2,5.507639e-2,5.556718e-2,5.260580e-2,6.955736e-2,6.190955e-2,6.055822e-2,5.909788e-2,5.888351e-2,5.882925e-2,5.887857e-2,6.052698e-2,6.787744e-2,5.901265e-2,5.793483e-2,5.781941e-2,5.887795e-2,5.858413e-2,5.908549e-2,5.509157e-2,8.962548e-2,8.960062e-2,8.903456e-2,8.819166e-2,9.829786e-2,9.805833e-2,9.854659e-2,9.170815e-2,9.837594e-2,8.482470e-2,8.335419e-2,8.259370e-2,8.362644e-2,8.312181e-2,8.205268e-2,8.547512e-2,1.075133e-1,9.144995e-2,9.064670e-2,8.970838e-2,9.027565e-2,8.902271e-2,8.909114e-2,9.209116e-2,8.025809e-2,7.796107e-2,7.698267e-2,7.589146e-2,7.581154e-2,7.532581e-2,7.519506e-2,7.622378e-2,1.081779e-1,1.025261e-1,1.008626e-1,9.837621e-2,9.799744e-2,9.822855e-2,9.796463e-2,1.021996e-1,5.946268e-2,4.734358e-2,4.701466e-2,4.632767e-2,4.694700e-2,4.741934e-2,4.733668e-2,4.951755e-2,4.576023e-2,3.689922e-2,3.647516e-2,3.675369e-2,3.771672e-2,3.771211e-2,3.764239e-2,3.916923e-2,9.761176e-2,9.946365e-2,9.942390e-2,9.737448e-2,9.768374e-2,9.759425e-2,9.744018e-2,8.968493e-2,7.691868e-2,6.307067e-2,5.661503e-2,5.561545e-2,6.167293e-2,6.139975e-2,6.159324e-2,5.859247e-2,6.528881e-2,6.096223e-2,6.107638e-2,6.082438e-2,6.133648e-2,6.135083e-2,6.130005e-2,6.315905e-2,8.602232e-2,8.352612e-2,8.371149e-2,8.408443e-2,8.428654e-2,8.429724e-2,8.336934e-2,8.643771e-2,6.447060e-2,5.503151e-2,5.319376e-2,5.277964e-2,5.239049e-2,5.194650e-2,5.186633e-2,5.424154e-2],"layer_pooled_mses":[1.874238e-1,1.664112e-1,1.666713e-1,1.705740e-1,1.712448e-1,1.719376e-1,1.752028e-1,1.724242e-1,8.644429e-2,7.941421e-2,7.915288e-2,8.054245e-2,8.183340e-2,8.210409e-2,8.147722e-2,8.058779e-2,1.479436e-1,1.260081e-1,1.234904e-1,1.227966e-1,1.239080e-1,1.246950e-1,1.256223e-1,1.248651e-1,1.615950e-1,1.350949e-1,1.321177e-1,1.290711e-1,1.297591e-1,1.294869e-1,1.298685e-1,1.306600e-1,1.101596e-1,9.685599e-2,9.184859e-2,8.960723e-2,8.872535e-2,8.880100e-2,8.651398e-2,8.636723e-2,2.071893e-1,2.069722e-1,2.097000e-1,2.088887e-1,2.133164e-1,2.127577e-1,2.150303e-1,2.099297e-1,1.376194e-1,1.170732e-1,1.152603e-1,1.144513e-1,1.141098e-1,1.127323e-1,1.119920e-1,1.127944e-1,1.104156e-1,9.426714e-2,9.093797e-2,9.012827e-2,9.002776e-2,8.947220e-2,9.051787e-2,8.951718e-2,1.282112e-1,9.230820e-2,9.381817e-2,9.202010e-2,9.116105e-2,9.173384e-2,9.260701e-2,9.227576e-2,2.644456e-1,1.920819e-1,1.884646e-1,1.856610e-1,1.875189e-1,1.862224e-1,1.902201e-1,1.940402e-1,1.147108e-1,1.029736e-1,1.017015e-1,9.968053e-2,1.009332e-1,1.022935e-1,1.011853e-1,1.010694e-1,1.087569e-1,9.574325e-2,9.473392e-2,9.307932e-2,9.376148e-2,9.306756e-2,9.302486e-2,9.199206e-2,2.170936e-1,2.266958e-1,2.337645e-1,2.377535e-1,2.436643e-1,2.481455e-1,2.483989e-1,2.398250e-1,1.092884e-1,8.481250e-2,8.294656e-2,8.153964e-2,8.302273e-2,8.432782e-2,8.567486e-2,8.608325e-2,2.554337e-1,1.833737e-1,1.848002e-1,1.822844e-1,1.816447e-1,1.813599e-1,1.830724e-1,1.862781e-1,1.028173e-1,7.120921e-2,6.908588e-2,6.925545e-2,7.005949e-2,7.029026e-2,7.104455e-2,7.045149e-2,1.441170e-1,1.239383e-1,1.208554e-1,1.213683e-1,1.215279e-1,1.224977e-1,1.222577e-1,1.272034e-1,9.662845e-2,8.018082e-2,7.954583e-2,7.858399e-2,7.902769e-2,7.838420e-2,7.781795e-2,7.652484e-2,1.479487e-1,1.209474e-1,1.176308e-1,1.137240e-1,1.129289e-1,1.136296e-1,1.131193e-1,1.126257e-1,1.379711e-1,1.061477e-1,1.010200e-1,9.480865e-2,9.342643e-2,9.230589e-2,9.241236e-2,9.130805e-2,1.319073e-1,1.190190e-1,1.201127e-1,1.209185e-1,1.217818e-1,1.246008e-1,1.242996e-1,1.228680e-1,1.636468e-1,1.347429e-1,1.320086e-1,1.267962e-1,1.262465e-1,1.262881e-1,1.269572e-1,1.267030e-1,1.394536e-1,1.103669e-1,1.096986e-1,1.107364e-1,1.131152e-1,1.153912e-1,1.161291e-1,1.149461e-1,1.288586e-1,1.095782e-1,1.098355e-1,1.081630e-1,1.081580e-1,1.060942e-1,1.063921e-1,1.062461e-1,1.739105e-1,1.472020e-1,1.491347e-1,1.497284e-1,1.486863e-1,1.495170e-1,1.510254e-1,1.502170e-1,1.141060e-1,9.865472e-2,9.615295e-2,9.265246e-2,9.249131e-2,9.374294e-2,9.412640e-2,9.358478e-2,9.078042e-2,8.447770e-2,8.551441e-2,8.507047e-2,8.496671e-2,8.580739e-2,8.596949e-2,8.538280e-2,1.700938e-1,1.552657e-1,1.532388e-1,1.522833e-1,1.544686e-1,1.578610e-1,1.578649e-1,1.568514e-1,1.341528e-1,1.044062e-1,1.040727e-1,1.020323e-1,1.034594e-1,1.043021e-1,1.058570e-1,1.085030e-1,1.176032e-1,1.087773e-1,1.081136e-1,1.072029e-1,1.065019e-1,1.063001e-1,1.062750e-1,1.043369e-1,1.352196e-1,1.149286e-1,1.128442e-1,1.119657e-1,1.117047e-1,1.124830e-1,1.120190e-1,1.118750e-1,1.282044e-1,1.018945e-1,9.908315e-2,9.681884e-2,9.853160e-2,9.889184e-2,9.805410e-2,9.843518e-2],