{"n_vecs":131072,"dim":64,"block_size":512,"n_blocks":256,"variance_ratio":0.95,"per_block_mean_mse":7.873951e-2,"layer_pooled_mean_mse":9.270085e-2,"first_block_mean_mse":7.026466e-1,"pooled_over_per_block_mean":1.1773,"pooled_over_per_block_median":1.2852,"pooled_over_per_block_max":1.6700,"first_over_per_block_mean":8.9237,"first_over_per_block_median":9.2043,"first_over_per_block_max":17.6745,"pooled_d_eff":59,"first_d_eff":42,"per_block_d_eff":[42,39,39,39,40,40,40,40,42,39,39,39,40,40,40,40,45,40,40,40,41,41,41,41,45,41,41,41,41,41,41,42,46,40,41,41,41,41,41,41,44,41,41,41,41,41,41,41,43,41,41,41,41,41,41,41,46,41,41,41,41,41,41,41,45,41,41,41,41,41,41,42,45,40,40,40,40,40,40,40,43,40,40,40,40,40,40,40,42,37,37,37,37,37,37,37,45,40,40,40,40,40,40,40,44,39,39,39,39,39,39,40,40,37,37,37,38,38,37,38,42,38,38,38,38,39,39,39,44,41,41,41,41,41,41,42,45,41,41,41,41,41,41,41,44,41,41,41,41,41,41,41,43,38,38,38,38,38,38,39,45,40,40,40,41,41,41,41,43,39,39,39,39,39,39,39,48,42,42,42,42,42,42,42,43,38,38,38,38,38,38,38,44,40,40,41,41,41,41,41,44,42,42,42,42,42,42,42,46,41,40,40,40,40,40,41,45,42,42,42,42,42,42,42,43,40,40,40,40,40,40,40,46,42,42,42,42,42,42,42,47,41,41,41,41,41,41,42,43,40,40,40,40,41,41,41],"per_block_mses":[9.480265e-2,9.666612e-2,9.812739e-2,9.760247e-2,8.896335e-2,8.926970e-2,8.995160e-2,9.189312e-2,1.278742e-1,1.320045e-1,1.321088e-1,1.311023e-1,1.196750e-1,1.199178e-1,1.201789e-1,1.207616e-1,5.728309e-2,5.422225e-2,5.402688e-2,5.368544e-2,4.955762e-2,5.006191e-2,5.057681e-2,5.186123e-2,5.302911e-2,4.639712e-2,4.667294e-2,4.586818e-2,4.625442e-2,4.625101e-2,4.657275e-2,4.408294e-2,4.953031e-2,5.291974e-2,4.859199e-2,4.763276e-2,4.775278e-2,4.761476e-2,4.754628e-2,4.926527e-2,1.927863e-1,2.165346e-1,2.157896e-1,2.150596e-1,2.180931e-1,2.169972e-1,2.173802e-1,2.183885e-1,1.408776e-1,1.442725e-1,1.447605e-1,1.424957e-1,1.423618e-1,1.434594e-1,1.427029e-1,1.431665e-1,4.226588e-2,3.708936e-2,3.628407e-2,3.561647e-2,3.573720e-2,3.573668e-2,3.564550e-2,3.732094e-2,6.229572e-2,5.819066e-2,5.716589e-2,5.664703e-2,5.720466e-2,5.747705e-2,5.752846e-2,5.434543e-2,6.232094e-2,5.597649e-2,5.452608e-2,5.361659e-2,5.362137e-2,5.346036e-2,5.430206e-2,5.530708e-2,1.167457e-1,1.218641e-1,1.232144e-1,1.225394e-1,1.224887e-1,1.230527e-1,1.241204e-1,1.260044e-1,6.034670e-2,5.866093e-2,5.780003e-2,5.720813e-2,5.764135e-2,5.766153e-2,5.746139e-2,5.933989e-2,3.971321e-2,3.581443e-2,3.546277e-2,3.471467e-2,3.459862e-2,3.418557e-2,3.451232e-2,3.574498e-2,4.866550e-2,3.904259e-2,3.791898e-2,3.726987e-2,3.786092e-2,3.743107e-2,3.736569e-2,3.607569e-2,1.173389e-1,1.208405e-1,1.214867e-1,1.222565e-1,1.123251e-1,1.117187e-1,1.232700e-1,1.127480e-1,1.109963e-1,1.057755e-1,1.056523e-1,1.046432e-1,1.058857e-1,9.678700e-2,9.690572e-2,9.966213e-2,1.211793e-1,1.281861e-1,1.271898e-1,1.256912e-1,1.264350e-1,1.277439e-1,1.284607e-1,1.178818e-1,9.628629e-2,1.026662e-1,1.015668e-1,1.010061e-1,1.001016e-1,9.991564e-2,1.001007e-1,1.011133e-1,1.053150e-1,1.108771e-1,1.110809e-1,1.096678e-1,1.094538e-1,1.095857e-1,1.100645e-1,1.114626e-1,7.476410e-2,5.889134e-2,5.792543e-2,5.749038e-2,5.766413e-2,5.707512e-2,5.687146e-2,5.515872e-2,4.439550e-2,3.860681e-2,3.809563e-2,3.767315e-2,3.468393e-2,3.450214e-2,3.437734e-2,3.557130e-2,3.341203e-2,2.297913e-2,2.235874e-2,2.198917e-2,2.235111e-2,2.190413e-2,2.177761e-2,2.262241e-2,3.937697e-2,3.503059e-2,3.375961e-2,3.294477e-2,3.298297e-2,3.273399e-2,3.286790e-2,3.433806e-2,4.718788e-2,3.779559e-2,3.656038e-2,3.550707e-2,3.566728e-2,3.560640e-2,3.528779e-2,3.803698e-2,8.377259e-2,9.481551e-2,9.618996e-2,8.678103e-2,8.691553e-2,8.724131e-2,8.797117e-2,8.901691e-2,8.609310e-2,8.236611e-2,8.222986e-2,8.185486e-2,8.144832e-2,8.110554e-2,8.045895e-2,8.128759e-2,4.841716e-2,4.029092e-2,4.222683e-2,4.104368e-2,4.115776e-2,4.086809e-2,4.070937e-2,3.929130e-2,8.820173e-2,9.175052e-2,9.129295e-2,9.066259e-2,8.971820e-2,8.967367e-2,9.003992e-2,9.080804e-2,1.119574e-1,1.167285e-1,1.163273e-1,1.145863e-1,1.149243e-1,1.159843e-1,1.161121e-1,1.161748e-1,6.345128e-2,6.423983e-2,6.473267e-2,6.394822e-2,6.381047e-2,6.364797e-2,6.341220e-2,6.549351e-2,3.749580e-2,3.180559e-2,3.148468e-2,3.096250e-2,3.107592e-2,3.117482e-2,3.115752e-2,3.002713e-2,1.207586e-1,1.317006e-1,1.329190e-1,1.317200e-1,1.330565e-1,1.208591e-1,1.220878e-1,1.221566e-1],"layer_pooled_mses":[1.053221e-1,1.041478e-1,1.024529e-1,1.021814e-1,1.032828e-1,1.020750e-1,1.036164e-1,1.022589e-1,1.369573e-1,1.258892e-1,1.230322e-1,1.218956e-1,1.195036e-1,1.201380e-1,1.214370e-1,1.243965e-1,9.428314e-2,8.633512e-2,8.440216e-2,8.295232e-2,8.096394e-2,8.137600e-2,8.138926e-2,8.011567e-2,6.402410e-2,5.855002e-2,5.839285e-2,5.834053e-2,5.792703e-2,5.777455e-2,5.906307e-2,5.837393e-2,7.018402e-2,6.599628e-2,6.328245e-2,6.236719e-2,6.221083e-2,6.284133e-2,6.225410e-2,6.377996e-2,1.806293e-1,1.878584e-1,1.854760e-1,1.830558e-1,1.840457e-1,1.797857e-1,1.830327e-1,1.804193e-1,1.581735e-1,1.632329e-1,1.612042e-1,1.585914e-1,1.578866e-1,1.536802e-1,1.546803e-1,1.529540e-1,6.276557e-2,4.904588e-2,4.709924e-2,4.674210e-2,4.708721e-2,4.684952e-2,4.675513e-2,4.711992e-2,8.050655e-2,7.664029e-2,7.891709e-2,7.922390e-2,7.962243e-2,7.975469e-2,7.891691e-2,7.910001e-2,8.519661e-2,8.462863e-2,8.136056e-2,7.955019e-2,8.059544e-2,8.066085e-2,7.998327e-2,7.960477e-2,1.476112e-1,1.466007e-1,1.465613e-1,1.451479e-1,1.464376e-1,1.439446e-1,1.449722e-1,1.454265e-1,6.491475e-2,5.989953e-2,5.852926e-2,5.822950e-2,5.882008e-2,5.952035e-2,5.997055e-2,6.078440e-2,5.343556e-2,4.797280e-2,4.693686e-2,4.612029e-2,4.642877e-2,4.624244e-2,4.696956e-2,4.661348e-2,6.723479e-2,5.238896e-2,5.016809e-2,4.883672e-2,4.886423e-2,4.867891e-2,4.857863e-2,4.870534e-2,1.282797e-1,1.236613e-1,1.270854e-1,1.270789e-1,1.272845e-1,1.286965e-1,1.296978e-1,1.288270e-1,1.302306e-1,1.191421e-1,1.185774e-1,1.170843e-1,1.164249e-1,1.161625e-1,1.162175e-1,1.164022e-1,1.507601e-1,1.523649e-1,1.504985e-1,1.485340e-1,1.480073e-1,1.469489e-1,1.476822e-1,1.442294e-1,1.378771e-1,1.404444e-1,1.409614e-1,1.400631e-1,1.403225e-1,1.387987e-1,1.392752e-1,1.381520e-1,1.220856e-1,1.255763e-1,1.235535e-1,1.222706e-1,1.224300e-1,1.211648e-1,1.225977e-1,1.204441e-1,8.665077e-2,6.481550e-2,6.363291e-2,6.342476e-2,6.423976e-2,6.474192e-2,6.609536e-2,6.609731e-2,5.707467e-2,5.154243e-2,4.993381e-2,4.906243e-2,4.902501e-2,4.944159e-2,4.932390e-2,4.949643e-2,5.417804e-2,3.837529e-2,3.660722e-2,3.532109e-2,3.462053e-2,3.509835e-2,3.490548e-2,3.493459e-2,6.209502e-2,5.373549e-2,5.413198e-2,5.287145e-2,5.349421e-2,5.295714e-2,5.421237e-2,5.375004e-2,5.588999e-2,5.469580e-2,5.381839e-2,5.310418e-2,5.444752e-2,5.475431e-2,5.529436e-2,5.475993e-2,9.770887e-2,9.994589e-2,9.908863e-2,9.838481e-2,9.914727e-2,9.816775e-2,9.892751e-2,9.892407e-2,1.119009e-1,1.041670e-1,1.054319e-1,1.044824e-1,1.046796e-1,1.055509e-1,1.055878e-1,1.058844e-1,6.654772e-2,5.934017e-2,5.731674e-2,5.672664e-2,5.800344e-2,5.780056e-2,5.837672e-2,5.897756e-2,1.151689e-1,1.190775e-1,1.191066e-1,1.187812e-1,1.195003e-1,1.203900e-1,1.190617e-1,1.189007e-1,1.415560e-1,1.333404e-1,1.291974e-1,1.274778e-1,1.269205e-1,1.272019e-1,1.286472e-1,1.274263e-1,8.776807e-2,8.424900e-2,8.376355e-2,8.145978e-2,8.142089e-2,8.327248e-2,8.252969e-2,8.177212e-2,5.194259e-2,4.412135e-2,4.319747e-2,4.204782e-2,4.256895e-2,4.245437e-2,4.409914e-2,4.328415e-2,1.139450e-1,1.150632e-1,1.150273e-1,1.124064e-1,1.128554e-1,1.141319e-1,1.138446e-1,1.130781e-1],