{"n_vecs":131072,"dim":64,"block_size":512,"n_blocks":256,"variance_ratio":0.95,"per_block_mean_mse":1.888382e-2,"layer_pooled_mean_mse":2.467029e-2,"first_block_mean_mse":2.391291e-1,"pooled_over_per_block_mean":1.3064,"pooled_over_per_block_median":1.3833,"pooled_over_per_block_max":2.1625,"first_over_per_block_mean":12.6632,"first_over_per_block_median":12.7701,"first_over_per_block_max":21.1350,"pooled_d_eff":58,"first_d_eff":39,"per_block_d_eff":[39,33,33,33,33,33,33,33,41,34,34,34,34,34,34,34,40,33,33,32,32,32,32,32,41,35,35,35,35,35,35,35,38,33,33,32,32,32,32,32,43,37,37,37,37,37,37,37,44,39,39,39,39,39,39,39,44,38,38,38,38,38,39,39,40,34,34,33,33,33,33,33,39,33,33,32,32,32,32,32,43,38,38,38,38,38,38,38,37,33,33,32,32,32,32,32,38,33,32,32,32,32,31,32,40,34,34,33,33,33,33,33,39,34,34,33,33,33,33,33,39,34,34,34,33,33,33,33,41,34,33,33,32,32,32,32,42,36,35,35,35,35,35,35,44,38,38,39,39,39,39,39,45,42,41,41,41,41,41,41,35,30,30,30,30,30,29,29,44,39,38,38,37,37,37,37,43,37,37,36,36,36,36,36,42,35,35,36,35,35,36,36,41,36,35,35,35,35,35,35,43,38,37,37,36,36,36,37,45,39,39,39,39,39,39,39,42,36,36,35,35,35,35,35,40,34,33,33,33,33,33,33,42,35,35,34,33,33,33,33,41,35,34,34,34,33,33,33,39,33,33,32,32,32,32,32],"per_block_mses":[3.506832e-2,3.475077e-2,3.272206e-2,3.217152e-2,3.122425e-2,3.085310e-2,3.023342e-2,3.006264e-2,1.876309e-2,1.757679e-2,1.633256e-2,1.596400e-2,1.571909e-2,1.549453e-2,1.541444e-2,1.551266e-2,2.462858e-2,2.356821e-2,2.226085e-2,2.421244e-2,2.457924e-2,2.457204e-2,2.450370e-2,2.537276e-2,2.221445e-2,2.060052e-2,1.935263e-2,1.902625e-2,1.876807e-2,1.851562e-2,1.832724e-2,1.869386e-2,2.281738e-2,2.005476e-2,1.863521e-2,1.948164e-2,1.890711e-2,1.869419e-2,1.851589e-2,1.847126e-2,1.235434e-2,1.134255e-2,1.076728e-2,1.038074e-2,1.002681e-2,9.981866e-3,9.763238e-3,9.689173e-3,1.377779e-2,1.178285e-2,1.095573e-2,1.055449e-2,1.022141e-2,1.007745e-2,9.868704e-3,9.814385e-3,1.577864e-2,1.365268e-2,1.248863e-2,1.179628e-2,1.137403e-2,1.122576e-2,1.020292e-2,1.023900e-2,3.220056e-2,3.176800e-2,2.931566e-2,3.108889e-2,3.132075e-2,3.148401e-2,3.168170e-2,3.357452e-2,3.578139e-2,3.384102e-2,3.183400e-2,3.410762e-2,3.405536e-2,3.381924e-2,3.362741e-2,3.393729e-2,2.130443e-2,1.976497e-2,1.909529e-2,1.894119e-2,1.868986e-2,1.821491e-2,1.781206e-2,1.783698e-2,3.027553e-2,2.900966e-2,2.756671e-2,2.979358e-2,3.002188e-2,2.969792e-2,2.964628e-2,3.033596e-2,3.295500e-2,2.903025e-2,2.936184e-2,2.848411e-2,2.856815e-2,2.806078e-2,3.036746e-2,2.855629e-2,2.105483e-2,2.023740e-2,1.930621e-2,2.059872e-2,2.022287e-2,1.995001e-2,1.973095e-2,1.992733e-2,1.794687e-2,1.665704e-2,1.516875e-2,1.581539e-2,1.536942e-2,1.506923e-2,1.490858e-2,1.502552e-2,1.579068e-2,1.358975e-2,1.263851e-2,1.216888e-2,1.292517e-2,1.273564e-2,1.251804e-2,1.255202e-2,1.346997e-2,1.435467e-2,1.442907e-2,1.400253e-2,1.511556e-2,1.499129e-2,1.483619e-2,1.494188e-2,2.362495e-2,2.087658e-2,2.097663e-2,2.079327e-2,2.081444e-2,2.050475e-2,2.041130e-2,2.085345e-2,1.005039e-2,9.241314e-3,8.906286e-3,7.849384e-3,7.791563e-3,7.661018e-3,7.550637e-3,7.515152e-3,1.878744e-2,1.738170e-2,1.825521e-2,1.801769e-2,1.789823e-2,1.780733e-2,1.771191e-2,1.803343e-2,4.111311e-2,3.832523e-2,3.564093e-2,3.469158e-2,3.374874e-2,3.317587e-2,3.566117e-2,3.557461e-2,8.240448e-3,6.995348e-3,7.110092e-3,6.907701e-3,7.439284e-3,7.375261e-3,7.259053e-3,7.256269e-3,1.909042e-2,1.734431e-2,1.586589e-2,1.669166e-2,1.621501e-2,1.605605e-2,1.592659e-2,1.618735e-2,1.579182e-2,1.484525e-2,1.391146e-2,1.253676e-2,1.310760e-2,1.292002e-2,1.178468e-2,1.167090e-2,1.699211e-2,1.446445e-2,1.458652e-2,1.399263e-2,1.351133e-2,1.312758e-2,1.289272e-2,1.278395e-2,1.707916e-2,1.430677e-2,1.416654e-2,1.363397e-2,1.450196e-2,1.440751e-2,1.423149e-2,1.327382e-2,9.106494e-3,8.304108e-3,7.816661e-3,7.722918e-3,7.659909e-3,7.563002e-3,7.431069e-3,7.431703e-3,2.241064e-2,2.135414e-2,2.018076e-2,2.192928e-2,2.224741e-2,2.216309e-2,2.205888e-2,2.242918e-2,2.319118e-2,2.109506e-2,2.124299e-2,2.024626e-2,1.990771e-2,1.964411e-2,1.946964e-2,1.972278e-2,1.849984e-2,1.815647e-2,1.694548e-2,1.794810e-2,1.910119e-2,1.903291e-2,1.927792e-2,1.947562e-2,2.125255e-2,1.967188e-2,2.003329e-2,1.937699e-2,1.875499e-2,1.960210e-2,1.934540e-2,1.961030e-2,1.550753e-2,1.484528e-2,1.392056e-2,1.478722e-2,1.466803e-2,1.433645e-2,1.420984e-2,1.421021e-2],"layer_pooled_mses":[3.852673e-2,3.429994e-2,3.177615e-2,3.131580e-2,3.179253e-2,3.176478e-2,3.179336e-2,3.230187e-2,2.927140e-2,2.208367e-2,2.047380e-2,1.979850e-2,1.965765e-2,1.955719e-2,1.949231e-2,1.987338e-2,3.311672e-2,2.244240e-2,2.165162e-2,2.208843e-2,2.345578e-2,2.476781e-2,2.430299e-2,2.565418e-2,3.451767e-2,2.999233e-2,2.863995e-2,2.791076e-2,2.783037e-2,2.795222e-2,2.805269e-2,2.842192e-2,3.408371e-2,2.678036e-2,2.554797e-2,2.541268e-2,2.529637e-2,2.509869e-2,2.560140e-2,2.567750e-2,2.042989e-2,1.817414e-2,1.716273e-2,1.638857e-2,1.588828e-2,1.574331e-2,1.577883e-2,1.548145e-2,2.372672e-2,2.001958e-2,1.901377e-2,1.827922e-2,1.781616e-2,1.737298e-2,1.692592e-2,1.677219e-2,2.688516e-2,2.229593e-2,2.128087e-2,2.103754e-2,2.045388e-2,1.981199e-2,1.947573e-2,1.904153e-2,4.344008e-2,3.314625e-2,3.201052e-2,3.325738e-2,3.406087e-2,3.307450e-2,3.257164e-2,3.314036e-2,4.708605e-2,3.464421e-2,3.199067e-2,3.227240e-2,3.301950e-2,3.254383e-2,3.208798e-2,3.250317e-2,3.355238e-2,2.761756e-2,2.633896e-2,2.594081e-2,2.658371e-2,2.669330e-2,2.596305e-2,2.603426e-2,3.445032e-2,3.245613e-2,3.230086e-2,3.212855e-2,3.259653e-2,3.326893e-2,3.422888e-2,3.418192e-2,3.722371e-2,3.075960e-2,2.845464e-2,2.646595e-2,2.621196e-2,2.600505e-2,2.573063e-2,2.568328e-2,3.362895e-2,2.589838e-2,2.419937e-2,2.426523e-2,2.561915e-2,2.588518e-2,2.624170e-2,2.695575e-2,2.507421e-2,2.165190e-2,2.147254e-2,2.149815e-2,2.235252e-2,2.240116e-2,2.278108e-2,2.343490e-2,2.426729e-2,1.778807e-2,1.675888e-2,1.678432e-2,1.727880e-2,1.706275e-2,1.731571e-2,1.787462e-2,2.300120e-2,2.232908e-2,2.210124e-2,2.209050e-2,2.256801e-2,2.229858e-2,2.272285e-2,2.271674e-2,3.879576e-2,2.871144e-2,2.620027e-2,2.579904e-2,2.564070e-2,2.546813e-2,2.562631e-2,2.600918e-2,1.615468e-2,1.387224e-2,1.325653e-2,1.306150e-2,1.284669e-2,1.239796e-2,1.191014e-2,1.156421e-2,3.324321e-2,3.058481e-2,2.994853e-2,2.943716e-2,2.939977e-2,2.972334e-2,2.965120e-2,2.977447e-2,5.414572e-2,4.523896e-2,4.029208e-2,3.914578e-2,3.799758e-2,3.762304e-2,3.759185e-2,3.652661e-2,1.782018e-2,1.169691e-2,1.135114e-2,1.163712e-2,1.167266e-2,1.155107e-2,1.130723e-2,1.138244e-2,3.125174e-2,2.712343e-2,2.496911e-2,2.401125e-2,2.362473e-2,2.401341e-2,2.363604e-2,2.355370e-2,2.398728e-2,1.943307e-2,1.800845e-2,1.750795e-2,1.741614e-2,1.708654e-2,1.710920e-2,1.716327e-2,2.567041e-2,2.068300e-2,1.919264e-2,1.837620e-2,1.780317e-2,1.754748e-2,1.766248e-2,1.741128e-2,2.734155e-2,2.117157e-2,1.947963e-2,1.905771e-2,1.913487e-2,1.938832e-2,1.926819e-2,1.944311e-2,1.722916e-2,1.432906e-2,1.342084e-2,1.308470e-2,1.306887e-2,1.307571e-2,1.293572e-2,1.292274e-2,3.489174e-2,3.161922e-2,3.210588e-2,3.210390e-2,3.236603e-2,3.263209e-2,3.393236e-2,3.387302e-2,3.408699e-2,2.604711e-2,2.485229e-2,2.490610e-2,2.477237e-2,2.485115e-2,2.457608e-2,2.514617e-2,2.877296e-2,2.445296e-2,2.403443e-2,2.468822e-2,2.584487e-2,2.640725e-2,2.725856e-2,2.895121e-2,2.945775e-2,2.416854e-2,2.311333e-2,2.280780e-2,2.249342e-2,2.204487e-2,2.225003e-2,2.221045e-2,2.416121e-2,2.117673e-2,1.995599e-2,1.849421e-2,1.835128e-2,1.787348e-2,1.785502e-2,1.798503e-2],