{"n_vecs":131072,"dim":64,"block_size":512,"n_blocks":256,"variance_ratio":0.95,"per_block_mean_mse":9.039655e-2,"layer_pooled_mean_mse":2.960336e-1,"first_block_mean_mse":2.545021e0,"pooled_over_per_block_mean":3.2748,"pooled_over_per_block_median":2.8979,"pooled_over_per_block_max":12.7964,"first_over_per_block_mean":28.1540,"first_over_per_block_median":25.8869,"first_over_per_block_max":69.9330,"pooled_d_eff":51,"first_d_eff":44,"per_block_d_eff":[44,41,41,41,41,41,41,41,39,37,37,37,37,37,37,37,42,38,38,37,37,37,37,38,45,43,42,42,42,42,42,42,37,35,34,34,34,34,34,34,41,39,39,38,38,38,38,38,43,41,41,40,40,41,40,41,40,38,38,38,38,38,38,38,42,40,39,39,39,39,39,40,42,39,39,39,39,39,39,40,45,43,43,43,43,43,43,43,37,35,35,35,35,35,35,35,29,27,27,27,27,27,27,27,41,39,39,40,40,40,40,40,43,41,41,41,41,41,41,41,41,38,38,38,38,38,38,38,34,31,31,31,31,31,31,31,36,35,35,36,36,36,36,36,42,40,39,39,39,40,40,40,39,37,37,37,37,37,37,38,44,41,41,41,41,41,41,41,36,34,34,33,34,34,34,34,44,42,41,41,41,41,41,41,27,26,25,25,25,25,25,25,41,39,39,39,39,39,39,39,41,37,37,36,36,36,36,37,40,37,37,36,36,37,36,36,44,41,41,41,41,41,41,41,45,44,44,44,44,45,45,45,38,35,35,34,34,35,35,35,42,40,40,40,40,40,40,41,23,21,21,21,21,21,21,21],"per_block_mses":[8.431058e-2,8.433456e-2,8.243227e-2,8.133503e-2,8.141326e-2,8.159396e-2,8.154721e-2,8.310551e-2,1.018792e-1,9.389435e-2,9.172627e-2,9.025714e-2,9.127965e-2,9.173205e-2,9.162715e-2,9.222980e-2,8.145876e-2,8.004336e-2,7.583604e-2,7.897848e-2,7.818200e-2,7.814469e-2,7.812616e-2,7.373249e-2,5.520161e-2,5.644317e-2,6.093534e-2,5.961732e-2,6.021011e-2,6.080401e-2,6.139298e-2,6.243651e-2,8.509696e-2,7.584280e-2,7.861933e-2,7.657114e-2,7.706841e-2,7.720256e-2,7.689519e-2,7.816139e-2,7.035132e-2,6.934692e-2,6.957732e-2,7.265981e-2,7.277828e-2,7.197428e-2,7.281713e-2,7.214985e-2,7.223193e-2,7.306757e-2,7.178168e-2,7.640192e-2,7.675803e-2,7.065916e-2,7.748683e-2,7.112374e-2,1.052289e-1,9.671646e-2,9.493493e-2,9.338071e-2,9.311773e-2,9.323049e-2,9.291822e-2,9.314066e-2,1.016743e-1,9.357318e-2,9.793721e-2,9.508903e-2,9.558222e-2,9.424030e-2,9.449093e-2,8.870076e-2,7.985932e-2,7.879151e-2,7.705612e-2,7.514641e-2,7.519691e-2,7.476268e-2,7.426339e-2,6.838723e-2,5.397740e-2,5.176325e-2,5.210570e-2,5.148680e-2,5.196356e-2,5.144886e-2,5.225990e-2,5.292206e-2,8.048410e-2,8.408444e-2,8.471715e-2,8.398012e-2,8.367039e-2,8.317129e-2,8.371521e-2,8.251238e-2,1.340839e-1,1.434662e-1,1.464802e-1,1.474383e-1,1.445036e-1,1.429426e-1,1.455435e-1,1.451399e-1,9.673023e-2,9.289652e-2,9.325604e-2,8.457078e-2,8.576782e-2,8.567671e-2,8.714414e-2,8.602880e-2,9.728536e-2,9.145840e-2,8.958399e-2,8.847798e-2,8.763830e-2,8.758391e-2,8.828429e-2,8.858237e-2,8.358407e-2,8.406808e-2,8.178114e-2,7.979686e-2,7.974686e-2,7.978165e-2,7.956257e-2,8.119188e-2,1.127723e-1,1.118196e-1,1.089703e-1,1.074647e-1,1.077494e-1,1.079520e-1,1.080345e-1,1.079500e-1,9.843902e-2,8.974241e-2,9.122392e-2,8.525736e-2,8.505643e-2,8.558188e-2,8.683570e-2,8.656090e-2,8.094129e-2,7.098281e-2,7.504387e-2,7.301820e-2,7.255275e-2,6.648035e-2,6.687979e-2,6.687094e-2,9.202288e-2,8.949988e-2,8.943935e-2,8.877492e-2,8.765137e-2,8.790784e-2,8.804689e-2,8.270109e-2,6.550477e-2,6.782405e-2,6.739567e-2,6.583816e-2,6.703995e-2,6.634886e-2,6.642009e-2,6.691715e-2,1.412787e-1,1.301601e-1,1.273877e-1,1.346862e-1,1.254411e-1,1.254738e-1,1.251210e-1,1.280872e-1,7.997727e-2,7.620355e-2,8.220308e-2,7.975339e-2,7.985989e-2,7.883813e-2,7.788619e-2,7.927652e-2,1.278255e-1,1.295638e-1,1.462758e-1,1.493290e-1,1.490733e-1,1.477721e-1,1.495572e-1,1.497840e-1,9.389055e-2,8.819754e-2,8.734303e-2,8.554324e-2,8.422299e-2,8.344756e-2,8.324124e-2,8.308482e-2,9.205702e-2,9.216116e-2,8.814485e-2,9.139855e-2,9.125245e-2,9.123913e-2,9.068662e-2,8.584268e-2,1.058234e-1,1.078892e-1,1.078972e-1,1.130140e-1,1.135480e-1,1.047700e-1,1.145719e-1,1.135997e-1,7.668604e-2,8.000203e-2,8.024747e-2,7.879726e-2,7.959230e-2,7.929837e-2,7.993707e-2,7.943425e-2,5.541525e-2,5.065561e-2,4.950468e-2,4.858201e-2,4.898722e-2,4.449891e-2,4.485460e-2,4.536845e-2,1.366050e-1,1.399058e-1,1.344525e-1,1.392457e-1,1.396126e-1,1.282540e-1,1.270008e-1,1.282681e-1,1.046142e-1,1.001378e-1,9.803687e-2,9.664692e-2,9.763554e-2,9.771327e-2,9.851714e-2,9.087480e-2,1.158520e-1,1.292639e-1,1.288789e-1,1.295979e-1,1.300066e-1,1.283155e-1,1.296498e-1,1.287513e-1],"layer_pooled_mses":[2.171696e-1,1.837333e-1,1.812968e-1,1.808248e-1,1.730497e-1,1.659875e-1,1.636116e-1,1.693448e-1,1.164342e0,1.193050e0,1.171212e0,1.154970e0,1.141506e0,1.124211e0,1.108878e0,1.089728e0,4.245772e-1,4.530137e-1,4.392854e-1,4.327235e-1,4.358314e-1,4.337584e-1,4.275316e-1,4.167772e-1,2.034593e-1,2.249705e-1,2.233102e-1,2.162091e-1,2.121733e-1,2.121875e-1,2.100220e-1,2.031358e-1,4.803678e-1,5.477568e-1,5.575423e-1,5.659806e-1,5.704740e-1,5.735984e-1,5.788749e-1,5.558984e-1,9.990886e-2,1.072090e-1,1.124066e-1,1.171735e-1,1.124903e-1,1.134062e-1,1.169855e-1,1.233619e-1,4.823930e-1,5.601716e-1,5.662288e-1,5.772110e-1,5.750728e-1,5.678734e-1,5.757655e-1,5.633779e-1,4.086644e-1,4.427390e-1,4.370271e-1,4.247135e-1,4.157350e-1,4.130151e-1,4.116567e-1,4.019218e-1,2.814812e-1,3.061338e-1,3.161512e-1,3.109122e-1,2.996361e-1,2.919560e-1,2.887897e-1,2.830602e-1,3.548664e-1,3.709163e-1,3.670294e-1,3.634340e-1,3.607197e-1,3.529732e-1,3.523960e-1,3.382389e-1,1.385740e-1,1.137219e-1,1.121905e-1,1.172865e-1,1.157155e-1,1.204429e-1,1.259932e-1,1.282027e-1,1.216402e-1,1.207699e-1,1.170903e-1,1.059364e-1,1.036980e-1,1.290358e-1,1.512771e-1,1.628338e-1,9.729514e-2,1.062670e-1,1.096759e-1,1.074208e-1,1.064199e-1,1.077486e-1,1.064509e-1,1.048937e-1,1.728171e-1,1.701439e-1,1.782421e-1,1.743442e-1,1.632254e-1,1.596983e-1,1.582557e-1,1.552228e-1,2.254354e-1,2.466607e-1,2.542045e-1,2.564007e-1,2.467089e-1,2.493119e-1,2.606529e-1,2.547555e-1,3.740877e-1,3.503849e-1,3.225604e-1,3.153020e-1,3.141181e-1,3.116912e-1,3.335229e-1,3.802484e-1,2.291988e-1,2.291807e-1,2.141221e-1,2.096356e-1,2.125459e-1,2.113699e-1,2.166848e-1,2.128710e-1,9.836989e-2,1.016090e-1,1.115472e-1,1.169710e-1,1.151410e-1,1.163299e-1,1.158359e-1,1.327455e-1,3.987285e-1,4.069099e-1,3.919818e-1,3.880114e-1,3.820266e-1,3.777955e-1,3.795537e-1,3.759942e-1,2.295184e-1,2.193512e-1,2.200004e-1,2.256353e-1,2.474879e-1,2.540265e-1,2.267311e-1,2.089758e-1,2.046436e-1,1.922604e-1,1.926550e-1,1.943805e-1,1.928232e-1,1.985444e-1,1.982231e-1,1.981015e-1,6.374296e-1,7.106089e-1,7.020055e-1,6.951678e-1,6.865837e-1,6.829194e-1,6.749027e-1,6.536100e-1,1.999181e-1,1.878879e-1,1.976852e-1,2.327221e-1,2.317244e-1,2.074557e-1,1.977261e-1,1.849232e-1,1.075162e-1,1.073283e-1,1.028973e-1,1.106390e-1,1.054674e-1,9.655064e-2,9.501383e-2,9.559976e-2,2.214480e-1,1.903578e-1,1.993596e-1,2.010414e-1,1.839475e-1,1.727532e-1,1.796998e-1,2.016305e-1,3.118058e-1,3.189945e-1,3.150590e-1,3.154949e-1,3.170097e-1,3.169930e-1,3.210502e-1,3.220709e-1,1.539356e-1,1.759884e-1,1.903831e-1,1.912038e-1,1.871451e-1,1.970546e-1,2.172650e-1,2.182843e-1,2.330356e-1,2.500505e-1,2.586464e-1,2.599631e-1,2.497512e-1,2.384332e-1,2.359602e-1,2.312334e-1,2.187909e-1,2.276772e-1,2.185143e-1,2.085411e-1,2.076615e-1,2.073453e-1,2.107438e-1,2.062788e-1,4.175722e-1,4.469433e-1,4.533355e-1,4.520566e-1,4.502116e-1,4.489457e-1,4.478650e-1,4.324934e-1,2.693802e-1,2.722384e-1,2.834091e-1,2.768338e-1,2.622643e-1,2.591007e-1,2.629390e-1,2.577539e-1,1.092176e-1,9.074660e-2,9.651702e-2,9.547444e-2,9.228206e-2,8.863765e-2,9.089028e-2,8.593484e-2],