{"n_vecs":131072,"dim":64,"block_size":512,"n_blocks":256,"variance_ratio":0.95,"per_block_mean_mse":9.020093e-2,"layer_pooled_mean_mse":2.701737e-1,"first_block_mean_mse":4.163204e0,"pooled_over_per_block_mean":2.9952,"pooled_over_per_block_median":2.5964,"pooled_over_per_block_max":6.8971,"first_over_per_block_mean":46.1548,"first_over_per_block_median":49.1949,"first_over_per_block_max":115.3898,"pooled_d_eff":54,"first_d_eff":36,"per_block_d_eff":[36,33,33,32,33,33,33,33,40,39,39,39,39,39,39,39,41,37,37,36,37,37,37,37,45,43,42,42,42,42,42,42,44,42,41,41,41,42,42,42,41,39,39,39,39,39,39,39,35,32,32,32,32,32,32,32,45,42,42,42,42,43,43,43,40,38,39,39,39,39,39,39,40,37,37,37,37,37,37,38,43,39,39,38,38,38,38,38,41,39,39,39,39,40,40,40,41,39,39,39,39,39,39,39,40,37,37,37,37,37,37,37,42,39,39,39,39,39,39,39,41,39,39,39,39,39,39,39,38,36,36,36,37,37,37,37,39,36,36,36,36,36,36,37,43,41,41,41,41,42,42,42,30,28,28,28,28,29,28,29,40,37,38,38,38,38,38,38,39,36,36,36,36,36,36,36,40,37,37,37,37,37,37,37,44,41,40,40,40,40,40,40,40,37,36,36,36,36,36,36,38,35,35,35,35,35,35,35,45,42,42,42,43,43,43,43,39,36,36,36,36,36,36,36,38,35,35,35,35,35,35,35,38,36,35,35,36,36,36,36,38,36,35,35,35,36,36,36,25,23,23,23,23,23,23,24],"per_block_mses":[1.165828e-1,1.135454e-1,1.071665e-1,1.123716e-1,1.043020e-1,1.029799e-1,1.029603e-1,1.043432e-1,1.147339e-1,1.072343e-1,1.064011e-1,1.039147e-1,1.049920e-1,1.023095e-1,1.021353e-1,1.026741e-1,1.084504e-1,1.058952e-1,1.005587e-1,1.055754e-1,9.760915e-2,9.690757e-2,9.590530e-2,9.658933e-2,7.463436e-2,6.948095e-2,7.433161e-2,7.238834e-2,7.204199e-2,7.142845e-2,7.014976e-2,7.110568e-2,9.573011e-2,1.009715e-1,1.095305e-1,1.076170e-1,1.078123e-1,9.923238e-2,9.916180e-2,1.002288e-1,1.159936e-1,1.062373e-1,1.057519e-1,1.035706e-1,1.016294e-1,1.008581e-1,1.022516e-1,1.020946e-1,1.012667e-1,9.961417e-2,9.569471e-2,9.397562e-2,9.390827e-2,9.353437e-2,9.327354e-2,9.393312e-2,5.410574e-2,5.688248e-2,5.562392e-2,5.500658e-2,5.586908e-2,5.111363e-2,5.117141e-2,5.211199e-2,1.039711e-1,1.005761e-1,9.288319e-2,9.113676e-2,9.054180e-2,9.064920e-2,8.971609e-2,9.043700e-2,1.146752e-1,1.095717e-1,1.075804e-1,1.053877e-1,1.045992e-1,1.046614e-1,1.042125e-1,9.792166e-2,9.212893e-2,9.356182e-2,9.106916e-2,9.570923e-2,9.620447e-2,9.493682e-2,9.465354e-2,9.463365e-2,6.768945e-2,6.108466e-2,5.894441e-2,5.854247e-2,5.862001e-2,5.290366e-2,5.314827e-2,5.550099e-2,9.810127e-2,9.620096e-2,9.518988e-2,9.354322e-2,9.303513e-2,9.206175e-2,9.110714e-2,9.112055e-2,7.558251e-2,7.555315e-2,7.498774e-2,7.485743e-2,7.594334e-2,7.676596e-2,7.654502e-2,7.627780e-2,9.122530e-2,9.742233e-2,9.727887e-2,9.485537e-2,9.464004e-2,9.317685e-2,9.287747e-2,9.271675e-2,7.852444e-2,7.263996e-2,7.213807e-2,7.160071e-2,7.201863e-2,7.195514e-2,7.255873e-2,7.296934e-2,1.279814e-1,1.223128e-1,1.180665e-1,1.175311e-1,1.081421e-1,1.080128e-1,1.061290e-1,1.086255e-1,9.377256e-2,9.400749e-2,9.044053e-2,8.840436e-2,8.956928e-2,8.786009e-2,8.721152e-2,8.070356e-2,5.220758e-2,5.115448e-2,5.196890e-2,5.159888e-2,5.153067e-2,4.813812e-2,4.799234e-2,4.828436e-2,7.316523e-2,7.057842e-2,7.031277e-2,6.959959e-2,6.953783e-2,6.461044e-2,6.939933e-2,6.475591e-2,8.897987e-2,8.610684e-2,7.851292e-2,7.701755e-2,7.673140e-2,7.671054e-2,7.605662e-2,7.658898e-2,7.446137e-2,7.462561e-2,7.363585e-2,7.181596e-2,7.245259e-2,7.137151e-2,7.237557e-2,7.207685e-2,1.089590e-1,1.058743e-1,1.004332e-1,9.691671e-2,9.725729e-2,9.542345e-2,9.411535e-2,9.627274e-2,6.817264e-2,6.776196e-2,7.162206e-2,6.967924e-2,7.004604e-2,6.938949e-2,6.883694e-2,6.868722e-2,4.474161e-2,4.944734e-2,5.308360e-2,5.245870e-2,5.278931e-2,5.261230e-2,5.274496e-2,5.432701e-2,1.209682e-1,1.187489e-1,1.165763e-1,1.146308e-1,1.137497e-1,1.142273e-1,1.151401e-1,1.169421e-1,8.360087e-2,8.694180e-2,8.844684e-2,8.905942e-2,8.246191e-2,8.199544e-2,8.254024e-2,8.388947e-2,1.092674e-1,1.123624e-1,1.096858e-1,1.072905e-1,1.081973e-1,1.082353e-1,1.070628e-1,1.088944e-1,9.103156e-2,8.597551e-2,8.198531e-2,7.925919e-2,7.958681e-2,7.872275e-2,7.748082e-2,7.860584e-2,1.048029e-1,9.657734e-2,1.002644e-1,9.838880e-2,9.117514e-2,9.070630e-2,9.069758e-2,9.194024e-2,1.129154e-1,1.042261e-1,1.095155e-1,1.068068e-1,1.071289e-1,1.002088e-1,9.991991e-2,1.009111e-1,1.563139e-1,1.686900e-1,1.661854e-1,1.661041e-1,1.687939e-1,1.701059e-1,1.687503e-1,1.611901e-1],"layer_pooled_mses":[3.633087e-1,3.531297e-1,3.579987e-1,3.682480e-1,3.612404e-1,3.446600e-1,3.323487e-1,3.238045e-1,2.350700e-1,1.982055e-1,1.957734e-1,1.895310e-1,1.742400e-1,1.863846e-1,2.018560e-1,2.343114e-1,3.334485e-1,3.599271e-1,3.470538e-1,3.578419e-1,3.471123e-1,3.288654e-1,3.549192e-1,4.198307e-1,1.696676e-1,1.602314e-1,1.709580e-1,1.908967e-1,2.016925e-1,1.843848e-1,1.711604e-1,1.914732e-1,1.827062e-1,1.940966e-1,1.968126e-1,2.196358e-1,1.983965e-1,1.805136e-1,1.995833e-1,1.924189e-1,4.788760e-1,4.233558e-1,3.263790e-1,3.186098e-1,3.359708e-1,3.395814e-1,3.150254e-1,3.292467e-1,1.919613e-1,1.933523e-1,2.016355e-1,1.985833e-1,1.785067e-1,1.727881e-1,1.701163e-1,1.648765e-1,1.235742e-1,1.300837e-1,1.364116e-1,1.449339e-1,1.441639e-1,1.574845e-1,1.467651e-1,1.169478e-1,2.877323e-1,2.354020e-1,2.191140e-1,2.179306e-1,2.563356e-1,2.663537e-1,2.552278e-1,2.306237e-1,3.484590e-1,3.427668e-1,3.226805e-1,3.119459e-1,3.050047e-1,3.006768e-1,3.097372e-1,3.218771e-1,2.068855e-1,1.818994e-1,1.653286e-1,1.559000e-1,1.438986e-1,1.238358e-1,1.162273e-1,1.120962e-1,1.763194e-1,1.737151e-1,1.525114e-1,1.465795e-1,1.488441e-1,1.373579e-1,1.583457e-1,1.564293e-1,1.811706e-1,2.451100e-1,3.291779e-1,3.292379e-1,3.219123e-1,2.878573e-1,3.224040e-1,4.461863e-1,2.669268e-1,2.431752e-1,1.820261e-1,1.454601e-1,1.364809e-1,1.762458e-1,2.608570e-1,3.618940e-1,6.291916e-1,4.487682e-1,3.128012e-1,2.671610e-1,2.566565e-1,3.275531e-1,3.771575e-1,3.157967e-1,3.593492e-1,3.053203e-1,3.415175e-1,2.403693e-1,1.762919e-1,1.652233e-1,1.259355e-1,1.205060e-1,1.944252e-1,2.083809e-1,2.034860e-1,1.986682e-1,1.855736e-1,1.621098e-1,1.557583e-1,1.736881e-1,4.831710e-1,5.184956e-1,5.098973e-1,4.990137e-1,4.939806e-1,4.817984e-1,4.778532e-1,4.778570e-1,1.153698e-1,1.016167e-1,1.038170e-1,9.335439e-2,8.803668e-2,9.591381e-2,9.630821e-2,1.248626e-1,1.504447e-1,9.756057e-2,9.817923e-2,1.169255e-1,1.071029e-1,1.094043e-1,1.068301e-1,1.549785e-1,1.677043e-1,1.650590e-1,1.657912e-1,1.802259e-1,1.938974e-1,2.077855e-1,2.097904e-1,1.909554e-1,1.978291e-1,1.800263e-1,1.622287e-1,1.421853e-1,1.543684e-1,1.706268e-1,1.575532e-1,1.546018e-1,3.179756e-1,3.120095e-1,3.023610e-1,2.997764e-1,3.038090e-1,3.002639e-1,2.992982e-1,2.923007e-1,1.382963e-1,1.229446e-1,1.306470e-1,1.339466e-1,1.188707e-1,1.176323e-1,1.480957e-1,1.669613e-1,9.589831e-2,1.002233e-1,9.634201e-2,1.040583e-1,1.221246e-1,1.332489e-1,1.426577e-1,1.025932e-1,5.322323e-1,5.280954e-1,5.099119e-1,4.958143e-1,4.907284e-1,4.842430e-1,4.839363e-1,5.040967e-1,2.532926e-1,2.185886e-1,2.172734e-1,2.084406e-1,2.019268e-1,2.033312e-1,2.048801e-1,2.365016e-1,3.672148e-1,3.974769e-1,3.842023e-1,3.771156e-1,3.758367e-1,3.687055e-1,3.733102e-1,3.770029e-1,3.831376e-1,3.834999e-1,3.859712e-1,3.816734e-1,3.822646e-1,3.872350e-1,3.907696e-1,3.886764e-1,2.161927e-1,1.982371e-1,1.836134e-1,1.856397e-1,1.965885e-1,2.012360e-1,2.143201e-1,2.342524e-1,3.087216e-1,3.055074e-1,2.975745e-1,2.818871e-1,2.728637e-1,2.643996e-1,2.565520e-1,2.568823e-1,8.610679e-1,9.259196e-1,9.190350e-1,9.171919e-1,9.284108e-1,9.290219e-1,9.290150e-1,9.083940e-1],