{"n_vecs":131072,"dim":64,"block_size":512,"n_blocks":256,"variance_ratio":0.95,"per_block_mean_mse":1.851971e-2,"layer_pooled_mean_mse":2.902187e-2,"first_block_mean_mse":1.987175e-1,"pooled_over_per_block_mean":1.5671,"pooled_over_per_block_median":1.6186,"pooled_over_per_block_max":2.2026,"first_over_per_block_mean":10.7301,"first_over_per_block_median":10.5756,"first_over_per_block_max":29.3221,"pooled_d_eff":57,"first_d_eff":44,"per_block_d_eff":[44,38,38,37,37,37,37,38,43,36,36,36,36,36,36,37,42,33,33,33,33,33,33,34,44,36,36,35,36,36,36,37,43,37,36,36,36,36,36,36,41,33,33,33,33,33,33,33,44,36,36,36,36,37,37,38,45,40,40,39,40,40,39,40,42,35,35,35,36,35,35,36,43,35,34,34,34,34,34,35,39,32,32,31,32,32,32,32,45,37,36,36,37,37,37,38,40,33,33,33,33,33,33,34,45,37,36,36,37,37,37,37,45,37,37,37,37,37,37,38,43,36,36,36,36,36,37,37,43,36,36,36,36,36,37,37,43,34,34,35,35,35,35,36,41,34,34,34,34,34,34,35,41,36,36,35,36,36,36,37,38,31,31,30,31,30,31,31,40,32,32,32,32,32,32,33,41,34,34,33,33,33,33,34,41,36,36,35,35,35,35,35,46,38,38,38,39,38,38,39,43,36,35,35,35,35,35,36,43,35,34,34,34,34,34,34,42,36,36,35,36,36,36,36,43,36,36,36,36,36,36,37,38,31,31,31,31,31,31,32,44,37,36,36,36,36,36,37,43,36,36,36,36,37,36,37],"per_block_mses":[3.388934e-2,2.670817e-2,2.414931e-2,2.486970e-2,2.479748e-2,2.357577e-2,2.365195e-2,2.369416e-2,2.082012e-2,1.736731e-2,1.679987e-2,1.647110e-2,1.669794e-2,1.625245e-2,1.603903e-2,1.612905e-2,1.514846e-2,1.468250e-2,1.365687e-2,1.320225e-2,1.345802e-2,1.293743e-2,1.283729e-2,1.247448e-2,1.746575e-2,1.488210e-2,1.317774e-2,1.345288e-2,1.269116e-2,1.214983e-2,1.214636e-2,1.232060e-2,2.032921e-2,1.642521e-2,1.654332e-2,1.573790e-2,1.584779e-2,1.526003e-2,1.517479e-2,1.655671e-2,1.435942e-2,1.470341e-2,1.424635e-2,1.383612e-2,1.391818e-2,1.379294e-2,1.370987e-2,1.433743e-2,1.308807e-2,1.148725e-2,1.054467e-2,1.003297e-2,1.015717e-2,9.133378e-3,9.020676e-3,8.865751e-3,3.075205e-2,2.315463e-2,2.133628e-2,2.274315e-2,2.099384e-2,2.031516e-2,2.210889e-2,2.183302e-2,2.498006e-2,2.040783e-2,1.897628e-2,1.849981e-2,1.767766e-2,1.864135e-2,1.855942e-2,1.836286e-2,2.342680e-2,2.201884e-2,2.186796e-2,2.094762e-2,2.140356e-2,2.087542e-2,2.053687e-2,2.036097e-2,2.114913e-2,1.945971e-2,1.831664e-2,1.939257e-2,1.843788e-2,1.770454e-2,1.764555e-2,1.851187e-2,1.794228e-2,1.531158e-2,1.528077e-2,1.468167e-2,1.374570e-2,1.343243e-2,1.322637e-2,1.265222e-2,2.822799e-2,2.416609e-2,2.260115e-2,2.150934e-2,2.171201e-2,2.108335e-2,2.101705e-2,2.096361e-2,1.374871e-2,1.192392e-2,1.202873e-2,1.160246e-2,1.090990e-2,1.047231e-2,1.033598e-2,1.099960e-2,1.368555e-2,1.215773e-2,1.098224e-2,1.058253e-2,1.070096e-2,1.019949e-2,1.005991e-2,9.642704e-3,2.434887e-2,1.966972e-2,1.812548e-2,1.751107e-2,1.785835e-2,1.742332e-2,1.590856e-2,1.664434e-2,1.490395e-2,1.271204e-2,1.218142e-2,1.172206e-2,1.186093e-2,1.183507e-2,1.076794e-2,1.131804e-2,1.928668e-2,1.884909e-2,1.807838e-2,1.624246e-2,1.636803e-2,1.594341e-2,1.567113e-2,1.507703e-2,2.414195e-2,2.106110e-2,1.932136e-2,1.841789e-2,1.933471e-2,1.880277e-2,1.885479e-2,1.857678e-2,2.063433e-2,1.526998e-2,1.412815e-2,1.497405e-2,1.397090e-2,1.378466e-2,1.389506e-2,1.361890e-2,4.697973e-2,4.781222e-2,4.610338e-2,4.984518e-2,4.686296e-2,4.986628e-2,4.600539e-2,4.874880e-2,1.702056e-2,1.653069e-2,1.523231e-2,1.457828e-2,1.494450e-2,1.438609e-2,1.443753e-2,1.415636e-2,2.202095e-2,1.848451e-2,1.705077e-2,1.755597e-2,1.818640e-2,1.757342e-2,1.748981e-2,1.775022e-2,1.834526e-2,1.278112e-2,1.208036e-2,1.247004e-2,1.262987e-2,1.218228e-2,1.222821e-2,1.308876e-2,2.457375e-2,2.212006e-2,2.084591e-2,2.028552e-2,1.915233e-2,2.013844e-2,2.003631e-2,1.942534e-2,2.358965e-2,1.946360e-2,1.928939e-2,1.862102e-2,1.929853e-2,1.875142e-2,1.909149e-2,1.918238e-2,1.850161e-2,1.618435e-2,1.643167e-2,1.578538e-2,1.563599e-2,1.511677e-2,1.492791e-2,1.595839e-2,1.863756e-2,1.667125e-2,1.565396e-2,1.640092e-2,1.507959e-2,1.476008e-2,1.459271e-2,1.523353e-2,3.414741e-2,2.673485e-2,2.453305e-2,2.365129e-2,2.428895e-2,2.315464e-2,2.324327e-2,2.330552e-2,3.672509e-2,3.398681e-2,3.242697e-2,3.191623e-2,3.228038e-2,3.109031e-2,3.055185e-2,2.998176e-2,2.040736e-2,1.795195e-2,1.821345e-2,1.737351e-2,1.750687e-2,1.712377e-2,1.670705e-2,1.599127e-2,1.823582e-2,1.602610e-2,1.531272e-2,1.456116e-2,1.459091e-2,1.304056e-2,1.390257e-2,1.343231e-2],"layer_pooled_mses":[5.890439e-2,4.121919e-2,3.719300e-2,3.685326e-2,3.701736e-2,3.721049e-2,3.817501e-2,3.950566e-2,3.433617e-2,2.775883e-2,2.582694e-2,2.535044e-2,2.620094e-2,2.611300e-2,2.578584e-2,2.676742e-2,3.298244e-2,2.386253e-2,2.239355e-2,2.179009e-2,2.232393e-2,2.096907e-2,2.107128e-2,2.125720e-2,3.846963e-2,2.964955e-2,2.548304e-2,2.516311e-2,2.403571e-2,2.333929e-2,2.360692e-2,2.483291e-2,3.309600e-2,2.802686e-2,2.658194e-2,2.621618e-2,2.594028e-2,2.614173e-2,2.621914e-2,2.660339e-2,2.467001e-2,2.359999e-2,2.306460e-2,2.303675e-2,2.318382e-2,2.369945e-2,2.393540e-2,2.442332e-2,2.672564e-2,2.139170e-2,1.993172e-2,1.894738e-2,1.869563e-2,1.875413e-2,1.858723e-2,1.878723e-2,6.263841e-2,4.333962e-2,3.989842e-2,4.009323e-2,3.899190e-2,3.874113e-2,3.911998e-2,3.898308e-2,3.955865e-2,3.151317e-2,3.021186e-2,3.010866e-2,2.991910e-2,2.950086e-2,2.977418e-2,3.043514e-2,3.753962e-2,3.269575e-2,3.123970e-2,3.111281e-2,3.068759e-2,3.112733e-2,3.142842e-2,3.197273e-2,3.127991e-2,2.939376e-2,2.826797e-2,2.766952e-2,2.680813e-2,2.725683e-2,2.646727e-2,2.628068e-2,3.744276e-2,3.020857e-2,2.817379e-2,2.549569e-2,2.501226e-2,2.423424e-2,2.370734e-2,2.348723e-2,4.673730e-2,3.651495e-2,3.289262e-2,3.169061e-2,3.128031e-2,3.134571e-2,3.107439e-2,3.167212e-2,2.566474e-2,2.000329e-2,1.928175e-2,1.827789e-2,1.863172e-2,1.805925e-2,1.815395e-2,1.849218e-2,2.402250e-2,2.083956e-2,1.987533e-2,1.906803e-2,1.881099e-2,1.805247e-2,1.747756e-2,1.762125e-2,3.993615e-2,2.898991e-2,2.709882e-2,2.665344e-2,2.651013e-2,2.601875e-2,2.595581e-2,2.592568e-2,3.034845e-2,2.598665e-2,2.529742e-2,2.463378e-2,2.352055e-2,2.271235e-2,2.244335e-2,2.203071e-2,3.874410e-2,3.298742e-2,3.085413e-2,2.865225e-2,2.709366e-2,2.608320e-2,2.600124e-2,2.575378e-2,4.383623e-2,3.518076e-2,3.226621e-2,3.090941e-2,3.100790e-2,2.999236e-2,2.954405e-2,3.068979e-2,3.191000e-2,2.493144e-2,2.376561e-2,2.343460e-2,2.420069e-2,2.387050e-2,2.429198e-2,2.476883e-2,5.668755e-2,4.679105e-2,4.396965e-2,4.377597e-2,4.393864e-2,4.455716e-2,4.473406e-2,4.575315e-2,2.794740e-2,2.524175e-2,2.448881e-2,2.379189e-2,2.295919e-2,2.147413e-2,2.164388e-2,2.185875e-2,3.287510e-2,2.684654e-2,2.589927e-2,2.587244e-2,2.618915e-2,2.722881e-2,2.747905e-2,2.817378e-2,2.871141e-2,1.844196e-2,1.621876e-2,1.605272e-2,1.624865e-2,1.625097e-2,1.670463e-2,1.781617e-2,4.977893e-2,3.855677e-2,3.543446e-2,3.379772e-2,3.332169e-2,3.310311e-2,3.324376e-2,3.335986e-2,4.271659e-2,3.150306e-2,2.907525e-2,2.879324e-2,2.928244e-2,2.897531e-2,2.905810e-2,3.052106e-2,3.288460e-2,2.459708e-2,2.389947e-2,2.314294e-2,2.284167e-2,2.292847e-2,2.300002e-2,2.334576e-2,3.090712e-2,2.619879e-2,2.345384e-2,2.316941e-2,2.295453e-2,2.273462e-2,2.313433e-2,2.322993e-2,6.281006e-2,4.190266e-2,3.705428e-2,3.619066e-2,3.585317e-2,3.616356e-2,3.620025e-2,3.602813e-2,5.335762e-2,3.845469e-2,3.654280e-2,3.478614e-2,3.381280e-2,3.259777e-2,3.221282e-2,3.315235e-2,3.779594e-2,2.840971e-2,2.570875e-2,2.503467e-2,2.510582e-2,2.336142e-2,2.304298e-2,2.289956e-2,3.240448e-2,2.773549e-2,2.838514e-2,2.732174e-2,2.750992e-2,2.700930e-2,2.696855e-2,2.632257e-2],