{"n_vecs":131072,"dim":64,"block_size":512,"n_blocks":256,"variance_ratio":0.95,"per_block_mean_mse":6.303280e-2,"layer_pooled_mean_mse":1.925600e-1,"first_block_mean_mse":1.795780e0,"pooled_over_per_block_mean":3.0549,"pooled_over_per_block_median":2.6386,"pooled_over_per_block_max":16.5776,"first_over_per_block_mean":28.4896,"first_over_per_block_median":28.3868,"first_over_per_block_max":85.4593,"pooled_d_eff":52,"first_d_eff":41,"per_block_d_eff":[41,41,41,41,41,41,41,41,39,39,39,39,39,39,39,39,44,43,43,43,43,43,43,43,40,40,40,40,40,40,40,40,42,42,42,42,42,42,42,42,43,42,42,42,42,42,42,42,45,45,45,45,45,45,45,45,41,41,40,40,41,41,41,41,42,41,41,41,41,41,41,41,45,44,44,44,44,44,44,44,42,42,42,42,42,42,42,42,38,38,37,37,37,37,37,37,37,36,36,36,36,36,36,36,38,38,38,38,38,38,38,38,46,45,45,45,45,45,45,45,28,27,27,27,27,27,27,27,38,37,37,37,37,37,37,37,36,36,36,36,36,36,36,36,42,42,42,42,42,42,42,42,37,36,36,36,36,36,36,36,42,41,41,40,41,41,41,41,42,41,41,41,41,41,41,41,44,44,44,43,43,43,43,43,42,42,41,41,41,41,41,41,29,28,28,28,28,28,28,28,42,42,42,41,41,41,41,41,42,42,42,42,42,42,42,42,36,36,36,36,36,36,36,36,37,36,36,36,36,36,36,36,33,33,33,33,33,33,33,33,32,32,31,31,31,32,32,32,42,41,41,41,41,41,41,41],"per_block_mses":[6.969742e-2,7.074981e-2,7.084174e-2,7.029549e-2,7.059247e-2,7.037616e-2,7.064646e-2,7.063574e-2,3.778456e-2,3.716869e-2,3.682121e-2,3.662627e-2,3.677387e-2,3.707169e-2,3.725722e-2,3.729314e-2,8.929169e-2,9.406100e-2,9.309737e-2,9.219559e-2,9.187960e-2,9.152664e-2,9.205578e-2,9.170673e-2,3.379319e-2,3.398870e-2,3.387633e-2,3.375250e-2,3.424537e-2,3.403271e-2,3.419602e-2,3.435994e-2,7.894956e-2,8.021792e-2,8.084229e-2,8.039190e-2,8.076504e-2,8.041335e-2,7.987756e-2,7.999766e-2,4.521702e-2,5.045507e-2,5.008385e-2,4.974630e-2,5.025528e-2,5.017639e-2,5.043384e-2,5.040006e-2,2.699029e-2,2.744560e-2,2.751034e-2,2.744216e-2,2.733685e-2,2.757728e-2,2.782649e-2,2.775303e-2,5.043910e-2,5.125002e-2,5.531501e-2,5.488688e-2,5.116110e-2,5.134876e-2,5.115431e-2,5.128750e-2,7.748704e-2,8.727317e-2,8.686830e-2,8.603068e-2,8.569192e-2,8.589156e-2,8.585527e-2,8.611023e-2,6.796497e-2,7.640222e-2,7.683973e-2,7.623350e-2,7.641041e-2,7.644521e-2,7.612072e-2,7.665994e-2,5.667763e-2,5.790026e-2,5.788174e-2,5.776428e-2,5.809325e-2,5.788569e-2,5.811994e-2,5.786619e-2,3.541945e-2,3.597417e-2,3.902479e-2,3.896842e-2,3.885431e-2,3.887600e-2,3.895123e-2,3.924609e-2,4.470948e-2,4.929323e-2,4.899479e-2,4.902140e-2,4.927260e-2,4.922362e-2,4.947889e-2,4.919251e-2,2.404201e-2,2.393255e-2,2.392822e-2,2.399397e-2,2.393012e-2,2.415448e-2,2.425327e-2,2.417240e-2,5.920948e-2,6.600695e-2,6.658833e-2,6.570441e-2,6.665161e-2,6.664004e-2,6.641584e-2,6.602539e-2,8.899881e-2,9.763584e-2,9.728771e-2,9.686797e-2,9.676916e-2,9.700035e-2,9.748231e-2,9.786348e-2,6.247444e-2,6.893647e-2,6.815751e-2,6.835822e-2,6.846702e-2,6.864468e-2,6.928610e-2,6.885112e-2,8.459282e-2,8.568272e-2,8.686475e-2,8.641853e-2,8.685736e-2,8.657327e-2,8.650424e-2,8.631030e-2,7.920601e-2,8.055500e-2,8.062737e-2,8.039647e-2,8.050891e-2,8.050020e-2,8.071331e-2,8.074470e-2,7.588670e-2,8.240434e-2,8.177827e-2,8.188031e-2,8.220076e-2,8.209462e-2,8.199943e-2,8.162408e-2,4.322781e-2,4.758077e-2,4.749899e-2,5.160365e-2,4.753757e-2,4.772617e-2,4.802624e-2,4.773584e-2,5.214323e-2,5.743540e-2,5.758225e-2,5.764149e-2,5.789954e-2,6.593239e-2,5.841740e-2,5.806565e-2,3.257458e-2,3.253559e-2,3.255475e-2,3.545589e-2,3.555159e-2,3.569509e-2,3.602490e-2,3.607613e-2,5.577730e-2,5.649141e-2,6.111918e-2,6.077625e-2,6.140535e-2,6.126868e-2,6.188858e-2,6.195254e-2,1.227345e-1,1.388191e-1,1.372824e-1,1.364481e-1,1.380117e-1,1.392703e-1,1.396378e-1,1.381780e-1,5.121933e-2,5.143753e-2,5.163949e-2,5.632879e-2,5.650282e-2,5.658547e-2,5.664934e-2,5.667392e-2,2.660912e-2,2.684036e-2,2.675912e-2,2.666225e-2,2.687550e-2,2.701750e-2,2.700105e-2,2.688961e-2,6.885662e-2,6.894363e-2,6.909214e-2,6.799804e-2,6.837991e-2,6.869821e-2,6.828200e-2,6.882661e-2,5.665966e-2,6.058150e-2,6.045221e-2,6.069637e-2,6.054090e-2,6.087023e-2,6.180262e-2,6.094895e-2,1.106810e-1,1.116004e-1,1.115923e-1,1.112131e-1,1.119361e-1,1.123581e-1,1.127624e-1,1.129411e-1,4.754136e-2,4.774483e-2,5.054068e-2,5.033257e-2,5.054542e-2,4.806204e-2,4.838967e-2,4.816610e-2,5.461984e-2,6.063666e-2,6.021600e-2,6.006101e-2,6.047148e-2,6.014642e-2,6.041584e-2,6.024923e-2],"layer_pooled_mses":[1.310865e-1,1.281998e-1,1.374320e-1,1.377499e-1,1.185753e-1,1.201391e-1,1.241151e-1,1.438521e-1,1.530400e-1,1.334501e-1,1.390722e-1,1.433256e-1,1.654685e-1,1.626322e-1,1.707858e-1,1.852180e-1,4.400150e-1,5.126114e-1,4.763285e-1,5.189268e-1,5.098672e-1,4.570252e-1,4.989151e-1,4.622904e-1,1.430198e-1,1.574014e-1,1.509692e-1,1.496719e-1,1.045905e-1,1.150935e-1,1.258250e-1,1.499724e-1,2.240052e-1,2.132775e-1,2.019854e-1,1.702825e-1,1.759091e-1,1.893643e-1,1.877964e-1,2.001330e-1,3.995488e-1,3.346925e-1,2.391108e-1,2.162114e-1,2.319078e-1,2.348737e-1,3.239531e-1,4.013950e-1,2.433231e-1,2.358168e-1,2.072730e-1,1.831064e-1,1.736238e-1,1.970405e-1,2.024755e-1,2.429318e-1,1.403198e-1,1.382459e-1,1.250566e-1,1.195978e-1,1.145124e-1,1.209715e-1,1.128128e-1,1.338099e-1,2.637083e-1,2.359295e-1,2.079137e-1,2.027702e-1,1.974663e-1,2.146014e-1,1.979206e-1,2.171939e-1,1.893962e-1,1.803774e-1,1.825317e-1,1.871116e-1,1.777245e-1,1.695272e-1,1.641370e-1,1.561480e-1,1.352394e-1,1.338028e-1,1.424080e-1,1.303972e-1,1.338382e-1,1.488222e-1,1.386031e-1,1.497601e-1,1.385601e-1,1.337495e-1,1.836318e-1,1.887405e-1,2.731032e-1,3.351461e-1,3.676514e-1,4.071176e-1,9.006769e-2,9.226984e-2,8.200908e-2,8.733915e-2,9.297856e-2,9.328292e-2,1.096856e-1,1.161057e-1,2.354174e-1,2.732862e-1,2.553982e-1,2.494705e-1,2.054636e-1,2.303045e-1,2.197052e-1,2.644258e-1,1.767774e-1,1.627754e-1,1.519209e-1,1.506499e-1,1.457664e-1,1.397029e-1,1.357799e-1,1.375954e-1,1.002108e-1,9.945054e-2,1.045704e-1,9.866903e-2,1.058527e-1,9.853132e-2,1.193271e-1,1.321748e-1,2.645641e-1,1.935795e-1,2.012844e-1,2.294036e-1,2.054880e-1,2.301150e-1,1.498184e-1,2.446773e-1,1.783305e-1,1.691862e-1,1.920956e-1,1.730341e-1,1.628555e-1,1.833375e-1,1.522976e-1,1.479953e-1,1.262379e-1,1.300520e-1,1.365840e-1,1.416210e-1,1.457448e-1,1.483748e-1,1.478054e-1,1.458603e-1,1.372655e-1,1.297698e-1,1.293748e-1,1.307940e-1,1.282375e-1,1.229370e-1,1.148410e-1,1.105272e-1,1.485173e-1,1.355671e-1,1.253303e-1,1.213403e-1,1.194800e-1,1.196426e-1,1.183206e-1,1.218674e-1,1.793358e-1,1.515406e-1,1.315564e-1,1.236261e-1,1.196786e-1,1.218958e-1,1.341195e-1,1.477870e-1,3.138356e-1,2.392386e-1,1.897069e-1,1.989377e-1,2.537250e-1,3.333687e-1,4.641909e-1,5.980540e-1,1.843029e-1,2.141344e-1,1.971283e-1,2.102453e-1,2.149771e-1,1.518180e-1,2.200043e-1,1.814299e-1,2.549442e-1,1.788157e-1,2.188213e-1,1.402988e-1,2.376658e-1,2.345368e-1,2.715841e-1,2.692205e-1,2.143309e-1,1.918245e-1,1.912940e-1,1.723782e-1,1.610347e-1,1.541878e-1,1.582344e-1,1.614638e-1,1.834240e-1,1.622805e-1,1.318273e-1,1.257845e-1,9.398220e-2,8.509002e-2,9.325530e-2,1.081808e-1,1.711052e-1,1.632263e-1,1.490028e-1,1.625919e-1,1.562573e-1,1.794035e-1,2.101357e-1,2.310945e-1,1.573758e-1,1.374800e-1,1.262139e-1,1.252789e-1,1.277022e-1,1.327358e-1,1.489145e-1,1.586048e-1,2.804819e-1,3.285791e-1,3.028262e-1,2.769800e-1,3.132109e-1,1.405446e-1,2.606391e-1,1.606509e-1,2.421456e-1,2.300312e-1,2.712146e-1,2.518480e-1,2.939172e-1,2.551825e-1,1.877921e-1,2.309118e-1,1.990735e-1,2.951679e-1,2.381536e-1,2.941711e-1,3.032030e-1,2.437334e-1,2.989486e-1,2.315518e-1],