{"n_vecs":131072,"dim":64,"block_size":512,"n_blocks":256,"variance_ratio":0.95,"per_block_mean_mse":1.529230e-2,"layer_pooled_mean_mse":2.368051e-2,"first_block_mean_mse":1.929676e-1,"pooled_over_per_block_mean":1.5485,"pooled_over_per_block_median":1.7610,"pooled_over_per_block_max":2.4159,"first_over_per_block_mean":12.6186,"first_over_per_block_median":11.1420,"first_over_per_block_max":42.1961,"pooled_d_eff":57,"first_d_eff":43,"per_block_d_eff":[43,39,39,38,39,39,39,39,43,38,38,38,37,37,37,37,45,40,39,39,39,39,38,38,39,35,35,35,35,35,35,35,39,35,35,35,34,34,34,34,44,40,40,39,39,39,39,39,43,38,37,36,36,36,36,36,44,41,40,40,40,40,40,40,38,34,34,33,33,33,33,33,41,37,37,36,36,36,36,36,47,43,42,42,42,41,41,41,41,36,36,36,35,35,35,35,39,35,35,34,34,34,34,34,34,29,29,29,29,29,29,28,37,32,31,31,31,31,30,30,43,38,38,38,38,38,38,37,40,36,36,36,35,35,35,35,35,30,30,30,30,29,29,29,43,38,37,37,37,36,36,36,38,33,33,32,32,32,31,31,45,41,41,41,41,41,41,41,41,36,36,36,35,35,35,35,43,40,40,40,40,40,40,40,37,32,32,31,31,31,31,31,45,41,41,41,41,41,41,41,43,40,39,39,39,39,39,39,44,39,39,39,39,38,38,38,44,39,39,39,39,39,39,39,41,37,37,37,36,36,36,36,44,40,40,40,40,40,40,40,42,38,38,38,38,38,38,38,38,34,33,33,33,33,33,32],"per_block_mses":[1.921431e-2,1.503158e-2,1.361288e-2,1.398695e-2,1.244332e-2,1.203305e-2,1.173952e-2,1.158597e-2,1.345712e-2,1.281932e-2,1.213181e-2,1.174384e-2,1.254663e-2,1.224958e-2,1.200733e-2,1.204305e-2,1.002082e-2,8.339004e-3,8.089149e-3,7.678723e-3,7.433155e-3,7.285236e-3,7.747589e-3,7.669662e-3,1.414288e-2,1.082575e-2,1.024300e-2,1.025117e-2,1.001151e-2,9.967514e-3,9.850316e-3,9.877212e-3,2.246763e-2,1.868589e-2,1.734327e-2,1.658187e-2,1.762532e-2,1.729986e-2,1.682784e-2,1.681215e-2,1.883834e-2,1.556436e-2,1.434738e-2,1.498713e-2,1.479370e-2,1.445102e-2,1.418134e-2,1.426280e-2,2.564060e-2,2.438123e-2,2.587333e-2,2.810582e-2,2.792330e-2,2.796668e-2,2.741876e-2,2.765946e-2,1.338292e-2,1.007388e-2,1.013737e-2,9.655182e-3,9.423574e-3,9.149626e-3,8.922015e-3,8.791904e-3,2.475168e-2,2.023121e-2,1.871811e-2,1.935434e-2,1.899675e-2,1.887798e-2,1.837520e-2,1.827732e-2,1.771961e-2,1.390015e-2,1.290010e-2,1.340312e-2,1.296129e-2,1.261715e-2,1.235182e-2,1.233568e-2,1.139790e-2,8.606709e-3,8.521922e-3,7.946060e-3,7.638224e-3,8.231465e-3,8.050780e-3,8.030587e-3,1.361660e-2,1.200457e-2,1.093970e-2,1.038180e-2,1.100863e-2,1.068416e-2,1.037053e-2,1.017382e-2,1.832210e-2,1.461305e-2,1.335244e-2,1.387258e-2,1.351389e-2,1.319392e-2,1.278975e-2,1.259254e-2,3.866252e-2,3.453206e-2,3.203393e-2,3.103566e-2,3.025358e-2,2.970466e-2,2.904947e-2,3.081048e-2,2.236945e-2,1.917460e-2,1.890058e-2,1.800344e-2,1.734092e-2,1.685627e-2,1.773214e-2,1.738009e-2,2.492930e-2,2.000497e-2,1.848810e-2,1.782440e-2,1.753428e-2,1.720625e-2,1.677107e-2,1.827563e-2,1.352968e-2,1.047106e-2,9.789102e-3,9.626433e-3,1.014811e-2,9.978609e-3,9.836464e-3,9.788408e-3,3.666995e-2,3.275602e-2,3.001897e-2,2.914063e-2,2.849851e-2,3.026527e-2,2.964188e-2,2.932622e-2,1.057659e-2,8.872919e-3,8.897504e-3,8.564165e-3,8.278445e-3,8.800186e-3,8.587734e-3,8.544347e-3,1.680094e-2,1.397274e-2,1.290156e-2,1.350181e-2,1.309725e-2,1.291928e-2,1.366417e-2,1.386953e-2,1.913982e-2,1.752844e-2,1.660710e-2,1.620034e-2,1.611173e-2,1.596329e-2,1.575268e-2,1.571670e-2,1.635950e-2,1.429135e-2,1.352446e-2,1.307323e-2,1.403153e-2,1.394587e-2,1.380415e-2,1.401385e-2,1.294741e-2,1.054029e-2,9.992719e-3,9.711921e-3,9.509397e-3,9.413016e-3,9.235097e-3,9.187424e-3,3.520274e-2,3.161071e-2,2.905037e-2,3.016236e-2,2.917448e-2,2.844407e-2,2.762828e-2,2.724421e-2,1.172785e-2,9.515061e-3,8.876218e-3,8.485491e-3,8.189319e-3,8.017528e-3,7.763889e-3,7.717685e-3,1.627280e-2,1.288596e-2,1.298113e-2,1.258893e-2,1.235642e-2,1.233232e-2,1.211691e-2,1.202550e-2,1.436810e-2,1.154986e-2,1.075769e-2,1.037538e-2,1.033179e-2,1.101939e-2,1.071888e-2,1.071180e-2,1.141672e-2,9.641953e-3,8.811647e-3,8.444968e-3,8.282122e-3,8.084364e-3,7.997251e-3,7.957899e-3,1.837489e-2,1.482133e-2,1.400033e-2,1.381926e-2,1.474783e-2,1.450242e-2,1.451043e-2,1.464614e-2,1.272208e-2,9.982262e-3,9.226430e-3,8.837848e-3,8.735663e-3,8.625109e-3,8.420609e-3,8.335490e-3,1.212798e-2,9.879444e-3,9.154438e-3,8.755862e-3,8.554742e-3,8.463135e-3,8.262380e-3,8.160752e-3,3.423247e-2,2.865821e-2,2.904277e-2,2.781734e-2,2.722640e-2,2.685797e-2,2.630766e-2,2.808963e-2],"layer_pooled_mses":[3.603841e-2,3.016075e-2,2.817854e-2,2.718411e-2,2.655071e-2,2.617523e-2,2.578173e-2,2.543440e-2,2.674795e-2,2.306882e-2,2.258889e-2,2.283432e-2,2.293046e-2,2.345491e-2,2.321799e-2,2.358703e-2,2.420973e-2,1.810074e-2,1.700982e-2,1.655925e-2,1.637098e-2,1.693862e-2,1.688963e-2,1.673165e-2,2.307624e-2,1.744886e-2,1.613636e-2,1.506353e-2,1.500702e-2,1.532153e-2,1.584585e-2,1.735496e-2,3.517057e-2,2.718816e-2,2.547966e-2,2.497618e-2,2.506532e-2,2.516613e-2,2.496695e-2,2.507519e-2,3.537619e-2,2.712076e-2,2.571277e-2,2.509752e-2,2.488287e-2,2.537132e-2,2.515201e-2,2.560344e-2,4.323694e-2,3.601129e-2,3.731008e-2,3.919103e-2,4.045155e-2,4.067334e-2,4.113073e-2,4.258511e-2,2.692349e-2,2.191107e-2,2.039106e-2,1.916974e-2,1.846003e-2,1.796479e-2,1.787256e-2,1.753683e-2,3.174740e-2,2.354939e-2,2.208999e-2,2.162706e-2,2.118486e-2,2.127946e-2,2.121468e-2,2.111933e-2,2.584470e-2,2.077715e-2,1.952400e-2,1.884867e-2,1.889719e-2,1.910856e-2,1.881268e-2,1.874450e-2,2.415893e-2,1.850931e-2,1.674411e-2,1.608757e-2,1.577373e-2,1.570815e-2,1.532517e-2,1.521836e-2,2.312487e-2,1.882853e-2,1.692428e-2,1.634826e-2,1.591792e-2,1.572056e-2,1.553191e-2,1.526722e-2,3.516534e-2,2.865836e-2,2.637318e-2,2.472454e-2,2.397529e-2,2.341911e-2,2.264891e-2,2.220066e-2,4.191631e-2,2.923351e-2,2.720022e-2,2.633555e-2,2.597022e-2,2.542457e-2,2.461959e-2,2.478238e-2,3.421148e-2,2.736439e-2,2.532455e-2,2.431509e-2,2.371140e-2,2.369159e-2,2.358703e-2,2.352700e-2,4.605991e-2,3.356559e-2,3.097541e-2,3.045847e-2,3.022378e-2,3.032405e-2,3.009745e-2,2.987909e-2,3.058082e-2,1.921309e-2,1.718636e-2,1.630477e-2,1.580160e-2,1.639035e-2,1.788789e-2,2.031843e-2,4.199604e-2,3.076619e-2,2.893444e-2,2.808748e-2,2.728499e-2,2.682870e-2,2.670357e-2,2.636186e-2,2.139167e-2,1.912691e-2,1.915871e-2,1.906944e-2,1.939042e-2,1.995125e-2,1.956211e-2,1.998239e-2,3.205249e-2,2.117052e-2,1.911641e-2,1.888072e-2,1.900528e-2,1.904662e-2,1.862755e-2,1.883503e-2,3.764494e-2,3.117676e-2,2.943094e-2,2.852941e-2,2.789657e-2,2.777492e-2,2.771254e-2,2.794263e-2,2.969821e-2,2.013366e-2,1.903817e-2,1.918954e-2,1.982566e-2,2.030579e-2,2.047537e-2,2.081522e-2,2.542417e-2,2.186500e-2,2.068634e-2,2.012625e-2,1.970699e-2,1.947553e-2,1.925789e-2,1.897198e-2,4.369394e-2,3.418608e-2,3.087767e-2,2.884628e-2,2.801103e-2,2.754345e-2,2.659189e-2,2.683027e-2,2.572926e-2,2.169999e-2,2.028349e-2,1.927178e-2,1.851745e-2,1.814351e-2,1.777752e-2,1.749604e-2,3.334286e-2,2.589497e-2,2.445113e-2,2.374521e-2,2.308551e-2,2.285523e-2,2.247999e-2,2.236291e-2,2.554245e-2,1.989218e-2,1.887184e-2,1.849937e-2,1.823911e-2,1.854823e-2,1.834295e-2,1.822525e-2,2.513756e-2,1.790692e-2,1.636006e-2,1.596647e-2,1.573336e-2,1.544578e-2,1.527069e-2,1.502944e-2,3.884295e-2,2.547041e-2,2.465428e-2,2.436125e-2,2.494376e-2,2.500262e-2,2.506708e-2,2.683211e-2,2.349567e-2,1.918909e-2,1.782508e-2,1.684156e-2,1.645373e-2,1.620824e-2,1.593866e-2,1.578122e-2,2.371212e-2,1.969857e-2,1.821268e-2,1.750188e-2,1.701049e-2,1.670699e-2,1.640973e-2,1.643259e-2,4.783401e-2,3.283839e-2,3.010901e-2,2.879183e-2,2.848975e-2,2.846281e-2,2.908515e-2,2.941254e-2],