{"n_vecs":131072,"dim":64,"block_size":512,"n_blocks":256,"variance_ratio":0.95,"per_block_mean_mse":8.258106e-2,"layer_pooled_mean_mse":2.554250e-1,"first_block_mean_mse":1.980452e0,"pooled_over_per_block_mean":3.0930,"pooled_over_per_block_median":2.9347,"pooled_over_per_block_max":6.2216,"first_over_per_block_mean":23.9819,"first_over_per_block_median":22.9505,"first_over_per_block_max":79.3529,"pooled_d_eff":53,"first_d_eff":42,"per_block_d_eff":[42,40,39,39,39,39,38,38,44,41,40,40,40,40,40,40,43,41,40,40,41,41,41,41,43,40,40,40,40,41,41,41,43,40,40,40,40,40,40,41,44,41,41,40,41,41,41,41,45,42,41,41,41,41,40,41,41,38,37,37,38,38,38,38,44,42,41,41,41,41,41,41,45,43,43,42,42,42,42,42,38,35,34,34,35,35,35,35,44,42,41,41,41,41,41,42,38,35,34,34,35,34,34,34,41,39,38,38,39,39,39,39,37,35,34,34,34,34,34,35,41,39,39,39,39,39,39,39,42,40,40,40,40,40,40,40,41,37,37,36,37,36,36,37,44,41,40,40,40,40,40,41,39,36,36,36,36,36,36,36,39,36,36,35,36,35,35,35,33,30,30,30,30,30,30,30,41,37,37,37,38,38,38,38,34,32,32,32,32,32,32,33,39,36,36,36,36,36,36,36,40,40,40,39,39,39,39,39,41,38,37,37,37,37,37,37,43,41,41,41,41,41,41,41,45,43,42,42,42,42,42,42,45,43,42,42,43,43,43,43,39,38,38,38,39,39,39,39,41,38,38,38,38,38,38,39],"per_block_mses":[9.264149e-2,8.706985e-2,8.909259e-2,8.705171e-2,8.794562e-2,8.839493e-2,9.265917e-2,9.298706e-2,7.367402e-2,7.490613e-2,7.780574e-2,7.693132e-2,7.743812e-2,7.627883e-2,7.368178e-2,7.429946e-2,9.483761e-2,9.111042e-2,9.430439e-2,9.316453e-2,8.595006e-2,8.440587e-2,8.350075e-2,8.275664e-2,6.550084e-2,6.317547e-2,5.878761e-2,5.649353e-2,5.669189e-2,5.150819e-2,5.152798e-2,5.211628e-2,7.921540e-2,8.041739e-2,7.714133e-2,7.599062e-2,7.690566e-2,7.606933e-2,7.517215e-2,7.040785e-2,7.764919e-2,7.573120e-2,7.255269e-2,7.620736e-2,7.007926e-2,6.906514e-2,6.807251e-2,6.923999e-2,6.074629e-2,6.073704e-2,6.301699e-2,6.150588e-2,6.268811e-2,6.185696e-2,6.680602e-2,6.238529e-2,9.351689e-2,8.955097e-2,9.344120e-2,9.306709e-2,8.659135e-2,8.544025e-2,8.470689e-2,8.455215e-2,7.878890e-2,7.554627e-2,7.942390e-2,7.699905e-2,7.639408e-2,7.495687e-2,7.365390e-2,7.458355e-2,9.043703e-2,8.661521e-2,8.471723e-2,9.030614e-2,9.038932e-2,8.960076e-2,8.967948e-2,9.028306e-2,8.811427e-2,8.408263e-2,8.684760e-2,8.495905e-2,7.739794e-2,7.721763e-2,7.719324e-2,7.798681e-2,5.435074e-2,5.028502e-2,5.172762e-2,5.094154e-2,5.149388e-2,5.111200e-2,5.053661e-2,4.771247e-2,8.649993e-2,8.934120e-2,9.111509e-2,8.924633e-2,8.362824e-2,8.867652e-2,8.731668e-2,8.691238e-2,8.595373e-2,8.612922e-2,8.957010e-2,8.642424e-2,8.042384e-2,8.023138e-2,7.853385e-2,7.881772e-2,9.945170e-2,8.786383e-2,9.080245e-2,8.900381e-2,8.976110e-2,8.853548e-2,8.938645e-2,8.572930e-2,7.527087e-2,8.277293e-2,8.082586e-2,7.984297e-2,8.027667e-2,7.920992e-2,7.789120e-2,7.937864e-2,1.171220e-1,1.207879e-1,1.222720e-1,1.224600e-1,1.239957e-1,1.216447e-1,1.218056e-1,1.234450e-1,9.343163e-2,1.012740e-1,9.625881e-2,1.005785e-1,9.221193e-2,9.764683e-2,9.647907e-2,9.079422e-2,8.300749e-2,8.068855e-2,8.159904e-2,7.988933e-2,8.150091e-2,7.952598e-2,7.912431e-2,7.321755e-2,1.251485e-1,1.288106e-1,1.206809e-1,1.172353e-1,1.176019e-1,1.156510e-1,1.137253e-1,1.136228e-1,1.010931e-1,1.062090e-1,1.009017e-1,1.082324e-1,1.003590e-1,1.068396e-1,1.050511e-1,1.064383e-1,1.025128e-1,1.054611e-1,9.864506e-2,9.613845e-2,9.704487e-2,9.575982e-2,9.611140e-2,9.906981e-2,1.039475e-1,1.098156e-1,1.021316e-1,9.860691e-2,9.278917e-2,9.224633e-2,9.016407e-2,9.179355e-2,1.090278e-1,1.069305e-1,1.009583e-1,9.935195e-2,1.015033e-1,1.004209e-1,1.003745e-1,9.315067e-2,8.791177e-2,9.145739e-2,8.584298e-2,8.331567e-2,8.244117e-2,8.051490e-2,7.895390e-2,7.870247e-2,5.714727e-2,4.650123e-2,4.376808e-2,4.627079e-2,4.558552e-2,4.463164e-2,4.400962e-2,4.581606e-2,7.235592e-2,7.475086e-2,7.786285e-2,7.624916e-2,7.653567e-2,7.526411e-2,7.438297e-2,7.586789e-2,7.109013e-2,7.096350e-2,6.872074e-2,6.669139e-2,6.722807e-2,6.571519e-2,6.495022e-2,6.556486e-2,6.844373e-2,6.287438e-2,6.574994e-2,6.500741e-2,6.622100e-2,6.516585e-2,6.539087e-2,6.785651e-2,9.030257e-2,8.641556e-2,8.893139e-2,8.702228e-2,8.230546e-2,8.064108e-2,7.921273e-2,7.943214e-2,9.207459e-2,7.953165e-2,7.684317e-2,7.534906e-2,7.103392e-2,6.896604e-2,6.836417e-2,7.113826e-2,7.909949e-2,7.852886e-2,7.527227e-2,7.494335e-2,7.521723e-2,7.400464e-2,7.323760e-2,6.841975e-2],"layer_pooled_mses":[3.195702e-1,2.338248e-1,1.763837e-1,1.922777e-1,2.143884e-1,2.530042e-1,2.798151e-1,3.537946e-1,1.373696e-1,1.463726e-1,1.518776e-1,1.562248e-1,1.656478e-1,1.794989e-1,1.750229e-1,1.703734e-1,2.725322e-1,2.756714e-1,2.677492e-1,2.575157e-1,2.498068e-1,2.573545e-1,2.611560e-1,2.723484e-1,2.190631e-1,1.537721e-1,1.358431e-1,1.593878e-1,1.325603e-1,1.190926e-1,1.287038e-1,1.338556e-1,2.159545e-1,1.927980e-1,1.862331e-1,2.047255e-1,1.829755e-1,1.690728e-1,1.816115e-1,1.625051e-1,2.604425e-1,2.345208e-1,2.214555e-1,2.153906e-1,2.126858e-1,2.288845e-1,2.760583e-1,2.852212e-1,1.842839e-1,1.624258e-1,1.918318e-1,1.959025e-1,1.891513e-1,2.048450e-1,2.394118e-1,2.459423e-1,1.691571e-1,1.429077e-1,1.419442e-1,1.399865e-1,1.238335e-1,1.372510e-1,1.567673e-1,1.578430e-1,1.914967e-1,1.684079e-1,1.661757e-1,1.651710e-1,1.636721e-1,1.669291e-1,1.598831e-1,1.634966e-1,2.541395e-1,2.148777e-1,2.076875e-1,2.198063e-1,2.087981e-1,2.195598e-1,2.277294e-1,2.363718e-1,2.906511e-1,3.260469e-1,3.386864e-1,3.613431e-1,3.562338e-1,4.031399e-1,3.949090e-1,2.710876e-1,1.611122e-1,1.493073e-1,1.394391e-1,1.439731e-1,1.651101e-1,1.504426e-1,1.608156e-1,1.926193e-1,4.621802e-1,4.667872e-1,4.491624e-1,3.939221e-1,3.667449e-1,3.565697e-1,3.378944e-1,3.290816e-1,2.909969e-1,3.272331e-1,3.192643e-1,3.121953e-1,2.972953e-1,3.065426e-1,3.048774e-1,2.996846e-1,2.386049e-1,2.236796e-1,2.259210e-1,2.225020e-1,2.192664e-1,2.170902e-1,2.185937e-1,2.349623e-1,1.847025e-1,1.904716e-1,1.889875e-1,1.918604e-1,1.989391e-1,1.902132e-1,1.685047e-1,1.707113e-1,4.052180e-1,2.934449e-1,2.684883e-1,2.744631e-1,2.773240e-1,2.982813e-1,3.463439e-1,4.347150e-1,2.958830e-1,3.077832e-1,3.269672e-1,3.296897e-1,3.349937e-1,3.323389e-1,3.310006e-1,3.304845e-1,3.663030e-1,3.952257e-1,4.008497e-1,3.441154e-1,3.223052e-1,3.066215e-1,3.046927e-1,3.104097e-1,4.162447e-1,4.131427e-1,3.872765e-1,3.782300e-1,3.708957e-1,3.635642e-1,3.909968e-1,4.269985e-1,2.795803e-1,2.971098e-1,2.996735e-1,2.984366e-1,2.830928e-1,2.761253e-1,2.760946e-1,2.946194e-1,6.377975e-1,6.336159e-1,5.956497e-1,5.755366e-1,5.456870e-1,5.280595e-1,5.272786e-1,5.224501e-1,2.302540e-1,1.855074e-1,1.708547e-1,2.107771e-1,1.586052e-1,1.566610e-1,1.843231e-1,1.501090e-1,4.722966e-1,4.506539e-1,4.458724e-1,4.210480e-1,4.157130e-1,3.955335e-1,3.809134e-1,3.764973e-1,2.333191e-1,2.096133e-1,1.899363e-1,2.035492e-1,1.893445e-1,1.989744e-1,1.910373e-1,1.901657e-1,1.732327e-1,1.910413e-1,1.695498e-1,1.414251e-1,1.279554e-1,1.469353e-1,1.554602e-1,1.903534e-1,2.186103e-1,2.182360e-1,2.285055e-1,2.080712e-1,2.114627e-1,2.346675e-1,2.301409e-1,2.326139e-1,1.785942e-1,1.689855e-1,1.953382e-1,1.898070e-1,1.930455e-1,2.297850e-1,1.946607e-1,2.042979e-1,2.319610e-1,2.155415e-1,1.831575e-1,1.819499e-1,1.901021e-1,1.974130e-1,1.901518e-1,1.829075e-1,2.282510e-1,2.224803e-1,2.031388e-1,2.056053e-1,1.983816e-1,2.234374e-1,2.105044e-1,1.917730e-1,2.484309e-1,2.369029e-1,2.262978e-1,2.266774e-1,2.085619e-1,2.567449e-1,2.555475e-1,2.807117e-1,2.981603e-1,3.039842e-1,3.260016e-1,2.799074e-1,2.668358e-1,3.064111e-1,2.556424e-1,2.943615e-1],