{"n_vecs":131072,"dim":64,"block_size":512,"n_blocks":256,"variance_ratio":0.95,"per_block_mean_mse":4.264583e-2,"layer_pooled_mean_mse":4.910718e-2,"first_block_mean_mse":3.975946e-1,"pooled_over_per_block_mean":1.1515,"pooled_over_per_block_median":1.2409,"pooled_over_per_block_max":1.7001,"first_over_per_block_mean":9.3232,"first_over_per_block_median":9.3088,"first_over_per_block_max":32.1388,"pooled_d_eff":59,"first_d_eff":44,"per_block_d_eff":[44,40,39,39,40,40,40,40,47,42,42,42,42,42,42,43,42,37,37,36,37,37,37,37,45,41,41,41,41,41,41,41,43,37,37,36,36,36,36,37,45,38,38,38,37,37,37,38,45,40,40,40,40,39,39,40,46,41,41,41,41,41,41,41,43,38,38,38,38,38,38,38,39,33,33,33,33,33,34,34,42,37,37,37,36,37,37,37,35,30,29,29,29,29,29,29,43,41,41,41,41,41,41,41,45,38,38,38,38,39,38,39,44,38,38,38,38,38,39,39,43,38,37,37,37,37,37,38,42,37,37,37,37,37,37,37,41,37,37,37,37,37,37,37,46,40,40,40,40,40,40,41,46,40,40,40,40,40,40,41,45,40,40,40,40,40,40,40,45,40,40,40,40,40,40,40,43,39,39,38,39,39,39,39,45,42,42,42,42,42,42,42,47,39,39,39,40,40,40,41,47,41,41,41,40,40,40,41,45,41,41,41,41,41,41,42,46,41,40,40,40,40,40,41,42,37,37,37,37,37,37,37,42,35,35,35,34,34,35,35,45,39,39,39,39,39,40,40,45,43,43,43,43,43,43,43],"per_block_mses":[7.117159e-2,6.438463e-2,7.002111e-2,6.869428e-2,6.286051e-2,6.324513e-2,6.329435e-2,6.494266e-2,3.232513e-2,2.603551e-2,2.493464e-2,2.394982e-2,2.408164e-2,2.380996e-2,2.377166e-2,2.311679e-2,4.725385e-2,3.113802e-2,2.936998e-2,3.076906e-2,2.844266e-2,2.848593e-2,2.861327e-2,3.086247e-2,7.763987e-2,7.819302e-2,7.729466e-2,7.601338e-2,7.688124e-2,7.710075e-2,7.682657e-2,7.941196e-2,4.042531e-2,2.999795e-2,2.755629e-2,2.851726e-2,2.855413e-2,2.833305e-2,2.808276e-2,2.820951e-2,3.922305e-2,3.840163e-2,3.698127e-2,3.597968e-2,3.938346e-2,3.927258e-2,3.885372e-2,3.804314e-2,3.520991e-2,3.076239e-2,2.995350e-2,2.880408e-2,2.868759e-2,3.086017e-2,3.066123e-2,2.978572e-2,3.701804e-2,3.373433e-2,3.308105e-2,3.253295e-2,3.266391e-2,3.248619e-2,3.261930e-2,3.376995e-2,3.857360e-2,3.442076e-2,3.331704e-2,3.242885e-2,3.289690e-2,3.286379e-2,3.275685e-2,3.334124e-2,2.753669e-2,2.191363e-2,2.124348e-2,2.064008e-2,2.058252e-2,2.054301e-2,1.883343e-2,1.988994e-2,7.515787e-2,6.512290e-2,6.206341e-2,6.001317e-2,6.628908e-2,6.021174e-2,6.056810e-2,6.504001e-2,1.044115e-1,1.024232e-1,1.084455e-1,1.054067e-1,1.067630e-1,1.068577e-1,1.076371e-1,1.111632e-1,5.736944e-2,6.087134e-2,6.192446e-2,6.159534e-2,6.160485e-2,6.233978e-2,6.299737e-2,6.385076e-2,2.781161e-2,2.674850e-2,2.640070e-2,2.576069e-2,2.620998e-2,2.372359e-2,2.628811e-2,2.525536e-2,3.106549e-2,2.628576e-2,2.565912e-2,2.451421e-2,2.442791e-2,2.436967e-2,2.232887e-2,2.308101e-2,1.834447e-2,1.311996e-2,1.357871e-2,1.306775e-2,1.304531e-2,1.289142e-2,1.274252e-2,1.309866e-2,5.232351e-2,3.834668e-2,3.626158e-2,3.501504e-2,3.548105e-2,3.503888e-2,3.492276e-2,3.733437e-2,4.987687e-2,5.345887e-2,5.411515e-2,5.321083e-2,5.347139e-2,5.359159e-2,5.379854e-2,5.476989e-2,3.042569e-2,2.364883e-2,2.280620e-2,2.196586e-2,2.177579e-2,2.143064e-2,2.111423e-2,2.043905e-2,3.177879e-2,2.922848e-2,2.858015e-2,2.753554e-2,2.818580e-2,2.825272e-2,2.783630e-2,2.673344e-2,6.304985e-2,6.172242e-2,6.159340e-2,5.952761e-2,5.993361e-2,6.007281e-2,5.949772e-2,6.124232e-2,3.831586e-2,3.111792e-2,2.994731e-2,2.934578e-2,2.924197e-2,2.914985e-2,2.909513e-2,3.025810e-2,5.645271e-2,4.973611e-2,4.862683e-2,5.181267e-2,4.787128e-2,4.785193e-2,4.756139e-2,4.894676e-2,6.804308e-2,7.484895e-2,7.568622e-2,7.533418e-2,7.620592e-2,7.622048e-2,7.666796e-2,7.973432e-2,2.498414e-2,2.380465e-2,2.301030e-2,2.265496e-2,2.060536e-2,2.065474e-2,2.076553e-2,2.018595e-2,2.225790e-2,1.686787e-2,1.598781e-2,1.519904e-2,1.642247e-2,1.601454e-2,1.563526e-2,1.561875e-2,4.054946e-2,3.728420e-2,3.708339e-2,3.612011e-2,3.634634e-2,3.626769e-2,3.593619e-2,3.388104e-2,4.888920e-2,4.508362e-2,4.842155e-2,4.714856e-2,4.721411e-2,4.689853e-2,4.652678e-2,4.441998e-2,5.519937e-2,5.104972e-2,4.966292e-2,4.809792e-2,4.812572e-2,4.803024e-2,4.816898e-2,5.076961e-2,5.285758e-2,4.853141e-2,4.637998e-2,4.430989e-2,4.813994e-2,4.780823e-2,4.411959e-2,4.641038e-2,2.693319e-2,2.306954e-2,2.259431e-2,2.158398e-2,2.146446e-2,2.148314e-2,1.964639e-2,2.080029e-2,7.551107e-2,7.724008e-2,7.834020e-2,7.757062e-2,7.749338e-2,7.784692e-2,7.754816e-2,7.922820e-2],"layer_pooled_mses":[8.748080e-2,7.709665e-2,7.733010e-2,7.611451e-2,7.554626e-2,7.614011e-2,7.570998e-2,7.559555e-2,4.947048e-2,3.622679e-2,3.477907e-2,3.336710e-2,3.311566e-2,3.306264e-2,3.327809e-2,3.351427e-2,4.930458e-2,3.809769e-2,3.672419e-2,3.580134e-2,3.702226e-2,3.747496e-2,3.741101e-2,3.868310e-2,8.491420e-2,8.159933e-2,8.013955e-2,7.713574e-2,7.714575e-2,7.692120e-2,7.865598e-2,7.908745e-2,5.607315e-2,3.469170e-2,3.240054e-2,3.080158e-2,3.116025e-2,3.140944e-2,3.134281e-2,3.280403e-2,5.166670e-2,4.484656e-2,4.404064e-2,4.427282e-2,4.452381e-2,4.500035e-2,4.497552e-2,4.562559e-2,5.183741e-2,4.617401e-2,4.556176e-2,4.452618e-2,4.379554e-2,4.428947e-2,4.495154e-2,4.487338e-2,5.075002e-2,4.537323e-2,4.460831e-2,4.270617e-2,4.223518e-2,4.176060e-2,4.143968e-2,4.120379e-2,4.258277e-2,4.098172e-2,4.036120e-2,3.903843e-2,3.910305e-2,3.856017e-2,3.895073e-2,3.821276e-2,3.888541e-2,3.051932e-2,2.857732e-2,2.688267e-2,2.689807e-2,2.635766e-2,2.599391e-2,2.596077e-2,7.584972e-2,6.631404e-2,6.476930e-2,6.203792e-2,6.114280e-2,6.141101e-2,6.112229e-2,6.202861e-2,6.764382e-2,6.043817e-2,5.783527e-2,5.776167e-2,5.857032e-2,5.863147e-2,5.898873e-2,5.991349e-2,7.386667e-2,7.781225e-2,7.913423e-2,7.904059e-2,7.978526e-2,8.014816e-2,8.163246e-2,7.983618e-2,3.827247e-2,3.506341e-2,3.430661e-2,3.349155e-2,3.423159e-2,3.515144e-2,3.550993e-2,3.506375e-2,4.073092e-2,3.413460e-2,3.183943e-2,3.094688e-2,3.072236e-2,3.022893e-2,2.974145e-2,2.954112e-2,3.118781e-2,2.178421e-2,2.130987e-2,2.135974e-2,2.140137e-2,2.123033e-2,2.146002e-2,2.091852e-2,6.053325e-2,4.002494e-2,4.016351e-2,4.224523e-2,4.327536e-2,4.431708e-2,4.464550e-2,4.596869e-2,5.872766e-2,6.017620e-2,5.983948e-2,6.033966e-2,5.982450e-2,5.998657e-2,6.007015e-2,5.817602e-2,4.633377e-2,3.151940e-2,3.050822e-2,2.953098e-2,2.918057e-2,2.895851e-2,2.928124e-2,2.960682e-2,4.594456e-2,3.987499e-2,3.917674e-2,3.755094e-2,3.750003e-2,3.785565e-2,3.787426e-2,3.776671e-2,7.675072e-2,7.216749e-2,7.048808e-2,6.874596e-2,6.914769e-2,6.895470e-2,6.742075e-2,6.637457e-2,5.318045e-2,4.094559e-2,4.035067e-2,3.922986e-2,4.036483e-2,4.002275e-2,3.989188e-2,4.028888e-2,6.764484e-2,5.512971e-2,5.573983e-2,5.506405e-2,5.511746e-2,5.650388e-2,5.707741e-2,5.767195e-2,8.954459e-2,8.694617e-2,8.726230e-2,8.768268e-2,8.715300e-2,8.716689e-2,8.719930e-2,8.763098e-2,4.133992e-2,3.341328e-2,3.330529e-2,3.221890e-2,3.218227e-2,3.265782e-2,3.261298e-2,3.208294e-2,3.518569e-2,2.657862e-2,2.522263e-2,2.434563e-2,2.435126e-2,2.412477e-2,2.474090e-2,2.473941e-2,5.210143e-2,4.969248e-2,4.844248e-2,4.722469e-2,4.697632e-2,4.686574e-2,4.713079e-2,4.639823e-2,5.739589e-2,4.950654e-2,4.955150e-2,4.884032e-2,4.825418e-2,4.842116e-2,4.925268e-2,4.928002e-2,5.840929e-2,4.913988e-2,4.916975e-2,4.852948e-2,4.929212e-2,4.975793e-2,5.062544e-2,5.081951e-2,5.264826e-2,4.414629e-2,4.190749e-2,4.100445e-2,4.071105e-2,4.073173e-2,4.140365e-2,4.250988e-2,3.891547e-2,3.020723e-2,2.942625e-2,2.824909e-2,2.863667e-2,2.856612e-2,2.909669e-2,2.859132e-2,9.132967e-2,9.290598e-2,9.363925e-2,9.400294e-2,9.320979e-2,9.250675e-2,9.332252e-2,9.307669e-2],