{"n_vecs":131072,"dim":64,"block_size":512,"n_blocks":256,"variance_ratio":0.95,"per_block_mean_mse":2.159171e-2,"layer_pooled_mean_mse":2.992918e-2,"first_block_mean_mse":2.673459e-1,"pooled_over_per_block_mean":1.3861,"pooled_over_per_block_median":1.4731,"pooled_over_per_block_max":1.9928,"first_over_per_block_mean":12.3819,"first_over_per_block_median":11.5796,"first_over_per_block_max":18.6611,"pooled_d_eff":58,"first_d_eff":40,"per_block_d_eff":[40,35,34,34,34,35,35,35,42,35,35,35,35,35,35,36,43,41,41,41,41,41,40,41,41,35,35,35,35,35,35,35,44,39,39,39,39,38,38,39,39,32,32,32,32,32,32,32,44,38,37,37,37,37,37,38,42,36,35,35,35,35,35,36,44,37,37,37,37,37,37,38,44,40,40,39,39,39,39,40,42,35,35,35,35,35,35,35,42,36,36,36,36,36,36,36,47,42,41,40,40,40,40,40,38,34,34,32,32,32,32,32,38,33,33,32,32,32,32,32,41,35,35,35,35,35,35,35,44,37,37,37,37,37,37,37,41,34,34,34,34,34,34,34,41,34,34,33,33,33,33,33,45,38,38,37,37,37,37,38,41,34,34,34,34,34,34,34,41,36,36,35,35,35,35,36,46,40,40,40,40,40,40,40,41,35,34,34,34,34,34,34,46,40,39,39,39,39,39,40,43,37,36,36,36,36,36,37,43,37,37,37,37,37,37,38,46,39,39,39,39,39,39,39,43,39,38,38,38,37,37,38,43,38,38,37,37,37,37,38,42,37,36,36,35,35,35,35,44,37,37,37,37,37,37,38],"per_block_mses":[2.073684e-2,1.746371e-2,1.747478e-2,1.668190e-2,1.646289e-2,1.472741e-2,1.467426e-2,1.469635e-2,1.933613e-2,1.775535e-2,1.606303e-2,1.523062e-2,1.527916e-2,1.500096e-2,1.501646e-2,1.442651e-2,4.013766e-2,3.378726e-2,3.242455e-2,3.184023e-2,3.210895e-2,3.147941e-2,3.462569e-2,3.357191e-2,3.356247e-2,2.953182e-2,2.726881e-2,2.579027e-2,2.567300e-2,2.486883e-2,2.487372e-2,2.574377e-2,2.560835e-2,2.152255e-2,2.008035e-2,1.935838e-2,1.927327e-2,2.029241e-2,1.984231e-2,1.885534e-2,2.067415e-2,1.757870e-2,1.605946e-2,1.516606e-2,1.522251e-2,1.466110e-2,1.467390e-2,1.524554e-2,2.696520e-2,2.383834e-2,2.418202e-2,2.351800e-2,2.335315e-2,2.232546e-2,2.211556e-2,2.085005e-2,2.299477e-2,1.956179e-2,1.938122e-2,1.819957e-2,1.797383e-2,1.734915e-2,1.737247e-2,1.655611e-2,2.678488e-2,2.362616e-2,2.150246e-2,2.027843e-2,2.007065e-2,1.937207e-2,1.929612e-2,1.798529e-2,2.082322e-2,1.818090e-2,1.724039e-2,1.819456e-2,1.791123e-2,1.758388e-2,1.768629e-2,1.666149e-2,2.351042e-2,2.069332e-2,1.906621e-2,1.823013e-2,1.829012e-2,1.755579e-2,1.715735e-2,1.777290e-2,2.417477e-2,2.157282e-2,1.983601e-2,1.869803e-2,1.861936e-2,1.784435e-2,1.788516e-2,1.820016e-2,2.049072e-2,1.672216e-2,1.622397e-2,1.646759e-2,1.614920e-2,1.569217e-2,1.552654e-2,1.642438e-2,3.321492e-2,2.747808e-2,2.656325e-2,2.861748e-2,2.864830e-2,2.743609e-2,2.694631e-2,2.881930e-2,5.984656e-2,5.292152e-2,4.948000e-2,5.242023e-2,5.311506e-2,5.134478e-2,5.118218e-2,5.382521e-2,4.120120e-2,4.367089e-2,4.207597e-2,4.170323e-2,4.285706e-2,4.166570e-2,4.197325e-2,4.347025e-2,3.065510e-2,2.666383e-2,2.446464e-2,2.308824e-2,2.264155e-2,2.183320e-2,2.158446e-2,2.205954e-2,1.440951e-2,1.380414e-2,1.286579e-2,1.224972e-2,1.209199e-2,1.168192e-2,1.154428e-2,1.154034e-2,4.077381e-2,3.887440e-2,3.666746e-2,3.749269e-2,3.738304e-2,3.609075e-2,3.585724e-2,3.741779e-2,2.799974e-2,2.532941e-2,2.313147e-2,2.351955e-2,2.353997e-2,2.297559e-2,2.259160e-2,2.175697e-2,1.942212e-2,1.851684e-2,1.693094e-2,1.606768e-2,1.576062e-2,1.503200e-2,1.478700e-2,1.504066e-2,2.510863e-2,2.224899e-2,2.091997e-2,2.207545e-2,2.219604e-2,2.136867e-2,2.127311e-2,2.100679e-2,1.473186e-2,1.305894e-2,1.196907e-2,1.113666e-2,1.081256e-2,1.041161e-2,1.021225e-2,1.030824e-2,2.322871e-2,2.136597e-2,2.215245e-2,2.102913e-2,2.112994e-2,2.048038e-2,2.043312e-2,2.099193e-2,1.584950e-2,1.272397e-2,1.267781e-2,1.186831e-2,1.187950e-2,1.138850e-2,1.120712e-2,1.046032e-2,2.031552e-2,1.697728e-2,1.714869e-2,1.625459e-2,1.597785e-2,1.519342e-2,1.481527e-2,1.371645e-2,1.686521e-2,1.445148e-2,1.356263e-2,1.285377e-2,1.272121e-2,1.237309e-2,1.219021e-2,1.208382e-2,1.805401e-2,1.676772e-2,1.552374e-2,1.507594e-2,1.511555e-2,1.438083e-2,1.429426e-2,1.472185e-2,2.790902e-2,2.292059e-2,2.287369e-2,2.244540e-2,2.276972e-2,2.414559e-2,2.410183e-2,2.379983e-2,1.959023e-2,1.631344e-2,1.497709e-2,1.538400e-2,1.512476e-2,1.442591e-2,1.435102e-2,1.375405e-2,2.472679e-2,2.023520e-2,1.971316e-2,1.857904e-2,2.007721e-2,1.952323e-2,1.913130e-2,1.999730e-2,1.610619e-2,1.495602e-2,1.401543e-2,1.337690e-2,1.343706e-2,1.298409e-2,1.284886e-2,1.216155e-2],"layer_pooled_mses":[2.766528e-2,2.425657e-2,2.354273e-2,2.229365e-2,2.203069e-2,2.103557e-2,2.062873e-2,2.017768e-2,2.991028e-2,2.499857e-2,2.292180e-2,2.177592e-2,2.122040e-2,2.082539e-2,2.170942e-2,2.179700e-2,6.632411e-2,5.809017e-2,5.531012e-2,5.384573e-2,5.414788e-2,5.327211e-2,5.415746e-2,5.451993e-2,4.974242e-2,3.808809e-2,3.517072e-2,3.293488e-2,3.197709e-2,3.125257e-2,3.114435e-2,3.055814e-2,4.727182e-2,3.353358e-2,3.021160e-2,3.016901e-2,2.976555e-2,2.980616e-2,2.939580e-2,3.015300e-2,3.227633e-2,2.302399e-2,1.974370e-2,1.889430e-2,1.825770e-2,1.800334e-2,1.765950e-2,1.752814e-2,4.158456e-2,3.216511e-2,2.877009e-2,2.827871e-2,2.839462e-2,2.757407e-2,2.725723e-2,2.754718e-2,3.618471e-2,2.819113e-2,2.639417e-2,2.561093e-2,2.475684e-2,2.413266e-2,2.397866e-2,2.343356e-2,3.908699e-2,3.419880e-2,3.316913e-2,3.205265e-2,3.075546e-2,2.997065e-2,2.961498e-2,2.960967e-2,3.381531e-2,2.892448e-2,2.812701e-2,2.680171e-2,2.598883e-2,2.556911e-2,2.551858e-2,2.521204e-2,3.715128e-2,3.057767e-2,2.912766e-2,2.934976e-2,2.915113e-2,2.840641e-2,2.890047e-2,2.969659e-2,4.100736e-2,3.387083e-2,3.091841e-2,2.974654e-2,2.984339e-2,2.898134e-2,2.893354e-2,2.976422e-2,3.816397e-2,3.150006e-2,2.839691e-2,2.742282e-2,2.730677e-2,2.685052e-2,2.715806e-2,2.716522e-2,4.575005e-2,3.797043e-2,3.513006e-2,3.300493e-2,3.168355e-2,3.024378e-2,3.027580e-2,3.161647e-2,7.910989e-2,5.104277e-2,4.776403e-2,4.587721e-2,4.644395e-2,4.633758e-2,4.728415e-2,4.906101e-2,5.461954e-2,5.270629e-2,4.800362e-2,4.725638e-2,4.704555e-2,4.626601e-2,4.631054e-2,4.766261e-2,4.678914e-2,3.636670e-2,3.165284e-2,3.069407e-2,2.949056e-2,2.900129e-2,2.860900e-2,2.970015e-2,2.451058e-2,2.169276e-2,2.075488e-2,1.992089e-2,1.919930e-2,1.828693e-2,1.843259e-2,1.842423e-2,5.703573e-2,3.996124e-2,3.646030e-2,3.508664e-2,3.407737e-2,3.406339e-2,3.465546e-2,3.555277e-2,4.790913e-2,3.259289e-2,2.745459e-2,2.634892e-2,2.652973e-2,2.643283e-2,2.671400e-2,2.702366e-2,2.841672e-2,2.563433e-2,2.435564e-2,2.346492e-2,2.277408e-2,2.215461e-2,2.261248e-2,2.245889e-2,4.099595e-2,3.397749e-2,3.283306e-2,3.296564e-2,3.355905e-2,3.330477e-2,3.330587e-2,3.510245e-2,2.837833e-2,2.324138e-2,2.204976e-2,2.130557e-2,2.061255e-2,2.020493e-2,2.018509e-2,1.987221e-2,3.117899e-2,2.700917e-2,2.471801e-2,2.417895e-2,2.523185e-2,2.510708e-2,2.614983e-2,2.718749e-2,2.970372e-2,2.239997e-2,2.194896e-2,2.084316e-2,2.093630e-2,2.077883e-2,2.069179e-2,2.084480e-2,3.850538e-2,3.073824e-2,2.807204e-2,2.597636e-2,2.543658e-2,2.407228e-2,2.355129e-2,2.349504e-2,2.214590e-2,1.819235e-2,1.809632e-2,1.851572e-2,1.909211e-2,1.893822e-2,1.831358e-2,1.897941e-2,2.990403e-2,2.459822e-2,2.400998e-2,2.366225e-2,2.306763e-2,2.283641e-2,2.290498e-2,2.263982e-2,3.817099e-2,3.074680e-2,2.837481e-2,2.706899e-2,2.658252e-2,2.652163e-2,2.674550e-2,2.729159e-2,3.112098e-2,2.660651e-2,2.547445e-2,2.397819e-2,2.312400e-2,2.265624e-2,2.282199e-2,2.300342e-2,3.509112e-2,3.056482e-2,2.970756e-2,3.016765e-2,3.015673e-2,2.925435e-2,2.971867e-2,3.046948e-2,2.645944e-2,1.982922e-2,1.809403e-2,1.788160e-2,1.818431e-2,1.750393e-2,1.745234e-2,1.765711e-2],