{"n_vecs":131072,"dim":64,"block_size":512,"n_blocks":256,"variance_ratio":0.95,"per_block_mean_mse":7.922835e-2,"layer_pooled_mean_mse":2.368012e-1,"first_block_mean_mse":2.101762e0,"pooled_over_per_block_mean":2.9888,"pooled_over_per_block_median":2.6857,"pooled_over_per_block_max":10.4419,"first_over_per_block_mean":26.5279,"first_over_per_block_median":25.5564,"first_over_per_block_max":63.4795,"pooled_d_eff":51,"first_d_eff":44,"per_block_d_eff":[44,41,41,41,41,42,42,42,40,38,38,38,38,38,38,39,42,39,39,39,39,39,39,40,44,41,41,41,41,41,41,42,39,36,36,36,36,36,36,37,41,39,39,39,39,39,39,39,44,42,42,42,42,42,42,42,42,39,39,39,40,40,40,40,40,36,36,36,37,37,37,37,42,40,40,39,40,39,39,39,42,39,40,40,39,40,39,40,36,35,35,34,34,35,34,35,42,39,39,39,39,40,39,40,39,37,37,37,37,37,37,37,42,39,39,39,39,39,39,39,30,28,28,27,28,28,28,28,43,40,39,39,39,39,39,39,43,40,40,40,41,41,41,41,42,40,40,40,40,40,40,40,41,40,40,40,40,40,40,40,41,39,38,38,38,38,38,38,41,38,38,38,38,39,39,39,43,40,40,40,40,40,40,40,36,35,35,35,36,36,36,36,34,34,34,34,34,34,34,34,42,38,38,38,38,38,38,38,33,30,31,31,31,31,32,32,42,39,39,39,40,40,39,40,41,37,37,37,37,37,37,37,42,39,39,40,40,40,40,40,40,38,37,37,37,37,37,38,43,41,41,41,41,42,41,42],"per_block_mses":[5.258777e-2,5.485319e-2,5.425576e-2,5.423367e-2,5.474851e-2,5.138774e-2,5.099545e-2,5.230852e-2,5.518350e-2,5.164125e-2,4.995749e-2,4.951642e-2,4.983434e-2,4.950641e-2,4.965295e-2,4.658850e-2,6.861370e-2,6.327687e-2,6.285268e-2,6.352645e-2,6.465193e-2,6.570784e-2,6.538880e-2,6.293331e-2,4.746088e-2,4.864401e-2,4.726322e-2,4.649845e-2,4.719171e-2,4.669967e-2,4.712492e-2,4.386149e-2,9.224172e-2,8.661335e-2,8.396949e-2,8.201188e-2,8.208612e-2,8.183980e-2,8.115138e-2,7.639661e-2,9.475611e-2,8.310951e-2,8.080200e-2,8.065435e-2,8.058498e-2,8.064997e-2,8.005125e-2,8.109477e-2,6.642347e-2,5.844783e-2,5.677956e-2,5.573685e-2,5.589288e-2,5.571338e-2,5.588574e-2,5.824246e-2,8.848423e-2,8.256465e-2,8.093715e-2,7.992774e-2,7.495239e-2,7.457458e-2,7.428240e-2,7.678640e-2,7.090259e-2,7.111943e-2,6.830684e-2,6.641817e-2,6.270849e-2,6.254347e-2,6.165248e-2,6.442190e-2,8.501483e-2,7.815454e-2,7.593923e-2,8.132331e-2,7.394099e-2,7.927111e-2,7.910382e-2,7.944675e-2,9.933564e-2,9.483409e-2,8.729851e-2,8.651710e-2,9.316295e-2,8.641324e-2,9.303665e-2,8.877151e-2,9.116674e-2,8.181098e-2,8.054053e-2,8.456102e-2,8.481759e-2,8.017134e-2,8.470401e-2,8.159755e-2,7.595870e-2,7.456440e-2,7.282142e-2,7.136902e-2,7.219192e-2,6.590981e-2,7.044128e-2,6.552999e-2,1.082797e-1,9.947073e-2,9.579765e-2,9.332024e-2,9.367078e-2,9.354845e-2,9.288915e-2,9.391215e-2,9.538858e-2,8.964257e-2,8.675975e-2,8.449994e-2,8.549062e-2,8.422351e-2,8.331003e-2,8.595541e-2,1.170628e-1,1.121332e-1,1.065912e-1,1.137571e-1,1.059921e-1,1.055943e-1,1.043772e-1,1.048912e-1,9.353779e-2,9.002917e-2,9.398179e-2,9.198717e-2,9.265708e-2,9.327390e-2,9.349633e-2,9.760402e-2,8.450726e-2,8.025383e-2,7.877156e-2,7.884474e-2,7.377548e-2,7.413499e-2,7.314352e-2,7.489554e-2,8.916401e-2,8.962863e-2,8.846134e-2,8.749318e-2,8.814538e-2,8.756225e-2,8.762631e-2,8.823769e-2,9.240505e-2,8.147833e-2,7.907409e-2,7.779972e-2,7.619318e-2,7.547958e-2,7.452481e-2,7.458018e-2,9.453183e-2,8.519510e-2,8.994027e-2,8.870674e-2,8.784271e-2,8.611489e-2,8.521840e-2,8.677881e-2,7.961398e-2,7.996216e-2,7.934115e-2,7.831702e-2,7.908211e-2,7.417046e-2,7.408519e-2,7.560191e-2,6.801694e-2,6.642282e-2,6.478377e-2,6.347001e-2,6.398371e-2,6.419857e-2,6.362151e-2,6.505968e-2,1.137332e-1,1.241466e-1,1.283549e-1,1.310456e-1,1.218927e-1,1.249142e-1,1.254814e-1,1.298429e-1,7.482115e-2,6.927511e-2,7.046194e-2,7.015031e-2,7.154264e-2,7.248838e-2,7.124586e-2,7.205968e-2,7.832689e-2,7.912602e-2,7.658838e-2,7.657886e-2,7.634420e-2,7.590811e-2,7.553538e-2,7.758484e-2,1.333979e-1,1.341157e-1,1.212808e-1,1.212480e-1,1.220118e-1,1.231282e-1,1.133596e-1,1.162395e-1,7.303552e-2,7.082546e-2,6.852157e-2,6.699573e-2,6.228043e-2,6.219145e-2,6.616867e-2,6.192793e-2,8.788621e-2,9.033490e-2,8.789712e-2,8.546225e-2,8.627997e-2,8.592897e-2,8.442815e-2,8.485538e-2,7.454284e-2,7.312858e-2,7.110850e-2,6.609462e-2,6.715119e-2,6.728500e-2,6.618847e-2,6.653121e-2,7.630892e-2,7.242828e-2,7.578699e-2,7.380120e-2,7.383941e-2,7.267845e-2,7.278669e-2,6.769771e-2,8.846592e-2,7.755907e-2,7.371164e-2,7.261581e-2,7.367999e-2,6.748747e-2,7.240452e-2,6.817316e-2],"layer_pooled_mses":[1.638170e-1,1.776631e-1,1.695589e-1,1.666258e-1,1.566018e-1,1.575591e-1,1.575233e-1,1.543847e-1,2.183295e-1,2.327067e-1,2.242864e-1,2.195895e-1,2.147179e-1,2.130175e-1,2.139267e-1,2.119479e-1,1.268035e-1,1.166445e-1,1.197903e-1,1.239767e-1,1.306986e-1,1.344643e-1,1.414793e-1,1.490975e-1,1.440605e-1,1.580156e-1,1.566020e-1,1.528041e-1,1.540863e-1,1.584161e-1,1.563319e-1,1.523218e-1,4.056229e-1,3.953640e-1,3.903717e-1,3.848966e-1,3.758868e-1,3.729559e-1,3.709900e-1,3.692523e-1,1.330085e-1,1.256159e-1,1.243231e-1,1.221662e-1,1.229274e-1,1.272470e-1,1.255290e-1,1.165098e-1,2.037954e-1,1.777247e-1,1.731474e-1,1.847947e-1,1.722572e-1,1.668890e-1,1.598268e-1,1.564230e-1,1.409798e-1,1.285429e-1,1.285559e-1,1.312417e-1,1.293365e-1,1.260824e-1,1.302987e-1,1.479638e-1,2.072676e-1,2.182756e-1,2.153168e-1,2.150589e-1,2.124337e-1,2.081447e-1,2.083889e-1,2.171130e-1,2.050863e-1,2.122923e-1,2.117100e-1,2.141324e-1,2.114092e-1,2.192169e-1,2.197414e-1,2.213434e-1,1.724342e-1,2.006318e-1,2.020176e-1,1.965624e-1,1.991517e-1,2.106090e-1,2.171008e-1,2.027172e-1,9.298166e-2,7.994837e-2,8.161015e-2,8.964138e-2,9.713035e-2,1.134270e-1,1.509282e-1,1.601202e-1,2.380879e-1,2.229742e-1,1.922485e-1,1.811751e-1,1.806448e-1,1.741735e-1,1.688759e-1,1.733854e-1,3.217234e-1,3.169677e-1,3.210297e-1,3.174119e-1,3.239289e-1,3.182627e-1,3.172933e-1,3.039541e-1,1.757897e-1,1.982364e-1,2.134441e-1,2.265860e-1,2.308511e-1,2.296861e-1,2.311600e-1,2.223335e-1,1.096305e0,1.130257e0,1.113012e0,1.104218e0,1.097628e0,1.081771e0,1.076503e0,1.064232e0,2.055938e-1,1.659075e-1,1.550462e-1,1.544337e-1,1.631735e-1,1.635907e-1,1.628773e-1,1.668600e-1,1.310407e-1,1.405235e-1,1.470411e-1,1.493956e-1,1.404919e-1,1.439285e-1,1.425195e-1,1.442695e-1,1.810318e-1,1.790534e-1,1.858456e-1,2.027333e-1,2.162838e-1,2.250726e-1,2.304396e-1,2.167171e-1,1.315526e-1,1.460349e-1,1.522564e-1,1.580865e-1,1.578574e-1,1.616998e-1,1.657563e-1,1.707535e-1,2.537515e-1,3.280941e-1,3.387470e-1,3.413552e-1,3.417629e-1,3.397765e-1,3.391738e-1,3.277409e-1,1.278337e-1,1.323669e-1,1.391879e-1,1.379112e-1,1.365197e-1,1.365163e-1,1.381595e-1,1.367781e-1,2.525949e-1,2.767288e-1,2.729381e-1,2.726964e-1,2.633393e-1,2.705149e-1,2.682140e-1,2.597430e-1,1.231172e-1,1.152604e-1,1.572381e-1,1.951389e-1,2.147291e-1,2.084660e-1,1.684470e-1,1.413395e-1,6.682235e-2,9.773328e-2,1.255935e-1,1.180099e-1,1.012162e-1,8.577021e-2,7.907989e-2,7.767043e-2,8.982183e-2,7.816234e-2,7.825772e-2,8.664099e-2,9.123049e-2,9.416767e-2,8.769067e-2,8.156636e-2,5.917329e-1,5.209387e-1,5.078856e-1,4.999586e-1,4.986947e-1,4.863159e-1,4.806532e-1,4.925554e-1,1.908027e-1,1.817514e-1,1.851836e-1,1.879672e-1,1.865479e-1,1.877538e-1,1.846688e-1,1.802669e-1,3.050633e-1,3.385068e-1,3.247262e-1,3.241781e-1,3.152105e-1,3.114153e-1,3.083589e-1,3.051950e-1,2.604516e-1,2.900224e-1,2.912081e-1,2.810880e-1,2.757785e-1,2.750540e-1,2.718011e-1,2.582804e-1,2.670429e-1,3.445582e-1,3.562275e-1,3.517461e-1,3.520341e-1,3.339389e-1,3.388180e-1,3.166240e-1,2.251680e-1,2.006104e-1,1.821216e-1,1.641434e-1,1.574868e-1,1.546147e-1,1.575262e-1,1.684804e-1],