{"n_vecs":131072,"dim":64,"block_size":512,"n_blocks":256,"variance_ratio":0.95,"per_block_mean_mse":9.477979e-2,"layer_pooled_mean_mse":2.653075e-1,"first_block_mean_mse":2.360463e0,"pooled_over_per_block_mean":2.7992,"pooled_over_per_block_median":2.6262,"pooled_over_per_block_max":7.2834,"first_over_per_block_mean":24.9047,"first_over_per_block_median":23.8575,"first_over_per_block_max":57.6862,"pooled_d_eff":52,"first_d_eff":40,"per_block_d_eff":[40,39,38,38,38,38,38,38,44,41,41,40,40,40,40,40,21,21,20,20,20,20,20,20,45,43,43,43,43,43,43,43,41,39,39,38,38,38,38,38,39,36,36,35,35,35,35,35,42,39,39,39,39,39,39,39,44,42,42,41,41,41,41,42,41,38,38,37,37,37,37,37,39,38,38,38,38,38,38,38,44,42,41,41,41,41,41,41,44,43,43,43,43,43,43,43,44,42,41,40,40,40,40,40,26,26,26,26,26,26,26,26,36,36,36,36,36,36,36,36,40,39,38,38,38,38,38,38,43,42,41,41,41,41,41,41,41,40,39,39,40,39,40,40,44,42,42,42,42,42,41,42,39,36,35,35,34,34,34,34,46,44,43,43,43,43,43,43,27,28,28,28,28,28,28,28,41,38,38,37,37,37,37,37,43,41,40,40,39,39,39,40,40,38,37,37,36,36,36,36,44,42,41,41,41,41,41,41,44,41,40,39,39,39,39,39,42,40,40,39,39,39,39,39,28,27,27,26,26,26,26,26,38,37,37,36,37,37,37,37,41,39,38,38,38,38,38,38,44,42,41,41,41,41,41,41],"per_block_mses":[1.097353e-1,1.042155e-1,1.079052e-1,1.061664e-1,1.063006e-1,1.037313e-1,1.038434e-1,1.037193e-1,9.456231e-2,9.218609e-2,8.657447e-2,9.119169e-2,8.853281e-2,8.697278e-2,8.474154e-2,8.471318e-2,1.593340e-1,1.366849e-1,1.657012e-1,1.688820e-1,1.685865e-1,1.650833e-1,1.641160e-1,1.636712e-1,7.180641e-2,7.478072e-2,7.237239e-2,7.153970e-2,7.201398e-2,7.071846e-2,7.157304e-2,7.164519e-2,9.927760e-2,9.492676e-2,8.926812e-2,9.340988e-2,9.259034e-2,9.069183e-2,8.983201e-2,9.014362e-2,1.151568e-1,1.176886e-1,1.109040e-1,1.151785e-1,1.117866e-1,1.089184e-1,1.066636e-1,1.047618e-1,6.671747e-2,7.460277e-2,7.227443e-2,7.129905e-2,7.155109e-2,7.020320e-2,6.912877e-2,6.956262e-2,8.082145e-2,7.779352e-2,7.414156e-2,7.868006e-2,7.733112e-2,7.543345e-2,7.460169e-2,6.824752e-2,8.034112e-2,8.481811e-2,8.123519e-2,8.476434e-2,8.308832e-2,8.155823e-2,8.057878e-2,8.091779e-2,1.250394e-1,1.088767e-1,1.035219e-1,1.007872e-1,9.935621e-2,9.877465e-2,9.924288e-2,1.006209e-1,1.032590e-1,1.045044e-1,1.088885e-1,1.068409e-1,1.043637e-1,1.019862e-1,1.010121e-1,1.035830e-1,8.644175e-2,8.379928e-2,8.287149e-2,8.356465e-2,8.265609e-2,8.089420e-2,7.973150e-2,7.805448e-2,5.384892e-2,5.017271e-2,5.147555e-2,5.476239e-2,5.377239e-2,5.213642e-2,5.131406e-2,5.118052e-2,1.349775e-1,1.340423e-1,1.407901e-1,1.407072e-1,1.390285e-1,1.367129e-1,1.421719e-1,1.453251e-1,6.081159e-2,6.213853e-2,6.164823e-2,6.066469e-2,5.990973e-2,5.968123e-2,5.931578e-2,5.997870e-2,7.992839e-2,7.534926e-2,8.069822e-2,7.998494e-2,7.963950e-2,7.765670e-2,7.755979e-2,7.838539e-2,6.466886e-2,6.079386e-2,6.286872e-2,6.112433e-2,6.106879e-2,5.932791e-2,5.814922e-2,5.762859e-2,1.345825e-1,1.344407e-1,1.434802e-1,1.438555e-1,1.332275e-1,1.427098e-1,1.341658e-1,1.332601e-1,6.407229e-2,6.455312e-2,6.224662e-2,6.201562e-2,6.049833e-2,5.867320e-2,6.341035e-2,5.837244e-2,8.560378e-2,8.657007e-2,8.872919e-2,8.602487e-2,9.216969e-2,9.144673e-2,9.060899e-2,9.094712e-2,8.667314e-2,8.637002e-2,8.853001e-2,8.571133e-2,8.293537e-2,8.067647e-2,7.987356e-2,7.861492e-2,1.509616e-1,1.525119e-1,1.568402e-1,1.560237e-1,1.520561e-1,1.519802e-1,1.518397e-1,1.546985e-1,1.126451e-1,1.226860e-1,1.160928e-1,1.224659e-1,1.186507e-1,1.166543e-1,1.168832e-1,1.179071e-1,1.223005e-1,1.186664e-1,1.244355e-1,1.209137e-1,1.290679e-1,1.287459e-1,1.293520e-1,1.178380e-1,7.874691e-2,7.634984e-2,7.970389e-2,7.751900e-2,8.256828e-2,8.120694e-2,8.113318e-2,8.203057e-2,8.199696e-2,7.900223e-2,8.237636e-2,8.150596e-2,8.064635e-2,7.876921e-2,7.821138e-2,7.801050e-2,5.713182e-2,6.055927e-2,6.238493e-2,6.507038e-2,6.358383e-2,6.278777e-2,6.237029e-2,6.153673e-2,7.470087e-2,8.149482e-2,7.817197e-2,8.442666e-2,8.348345e-2,8.254048e-2,8.185304e-2,8.180205e-2,1.075265e-1,1.145088e-1,1.123358e-1,1.202958e-1,1.187056e-1,1.164145e-1,1.164200e-1,1.178276e-1,1.064891e-1,1.160924e-1,1.171893e-1,1.263153e-1,1.176484e-1,1.177392e-1,1.213583e-1,1.236115e-1,1.055833e-1,9.463716e-2,9.489704e-2,9.187510e-2,9.083671e-2,8.933671e-2,8.862518e-2,8.884749e-2,9.536212e-2,9.285810e-2,9.657669e-2,9.484917e-2,9.230351e-2,9.105750e-2,9.016725e-2,8.983164e-2],"layer_pooled_mses":[1.888014e-1,2.289275e-1,2.395400e-1,2.418549e-1,2.365534e-1,2.399485e-1,2.393502e-1,2.332412e-1,4.395252e-1,5.071625e-1,5.284423e-1,5.354543e-1,5.297957e-1,5.330998e-1,5.350995e-1,5.230547e-1,1.775765e-2,1.764341e-2,1.782421e-2,1.768671e-2,1.755002e-2,1.714099e-2,1.721953e-2,1.730338e-2,1.324797e-1,1.502064e-1,1.581187e-1,1.586657e-1,1.549122e-1,1.574115e-1,1.582178e-1,1.506846e-1,6.766227e-1,6.747207e-1,6.501738e-1,6.417789e-1,6.317545e-1,6.255867e-1,6.196439e-1,6.153291e-1,6.240371e-1,6.661590e-1,6.696768e-1,6.760929e-1,6.727399e-1,6.626789e-1,6.633439e-1,6.492092e-1,1.730432e-1,2.294738e-1,2.405471e-1,2.482192e-1,2.471914e-1,2.475582e-1,2.446768e-1,2.368784e-1,2.230197e-1,2.394932e-1,2.500962e-1,2.541497e-1,2.522784e-1,2.537035e-1,2.531117e-1,2.475880e-1,1.989039e-1,2.519577e-1,2.708079e-1,2.735146e-1,2.654978e-1,2.705649e-1,2.675106e-1,2.640033e-1,8.399301e-1,7.117566e-1,6.709689e-1,6.456331e-1,6.387030e-1,6.271896e-1,6.248039e-1,6.171121e-1,3.208502e-1,4.034516e-1,4.288231e-1,4.263108e-1,4.212970e-1,4.262005e-1,4.276933e-1,4.239184e-1,9.249669e-2,9.602010e-2,9.905112e-2,9.939065e-2,9.926281e-2,1.012697e-1,1.030045e-1,9.905792e-2,1.424058e-1,1.312733e-1,1.326398e-1,1.370578e-1,1.397002e-1,1.378598e-1,1.367071e-1,1.378457e-1,3.018252e-2,3.242120e-2,3.605835e-2,3.724772e-2,3.563688e-2,3.546914e-2,3.685628e-2,3.879558e-2,4.500538e-2,5.926866e-2,6.502457e-2,6.606708e-2,6.571190e-2,6.525582e-2,6.629497e-2,6.476728e-2,5.067641e-1,4.867595e-1,4.882260e-1,4.782016e-1,4.812739e-1,4.865589e-1,4.942870e-1,4.884049e-1,1.349421e-1,1.645878e-1,1.682503e-1,1.645626e-1,1.603776e-1,1.558842e-1,1.537182e-1,1.471782e-1,1.653348e-1,2.391676e-1,2.657995e-1,2.676883e-1,2.671887e-1,2.755845e-1,2.863035e-1,2.786267e-1,1.431866e-1,1.705982e-1,1.793310e-1,1.819965e-1,1.813355e-1,1.803129e-1,1.826326e-1,1.818002e-1,2.300348e-1,2.827364e-1,3.056427e-1,3.131955e-1,3.059398e-1,3.038861e-1,3.038926e-1,3.034365e-1,1.485103e-1,1.754534e-1,1.881865e-1,1.876654e-1,1.818393e-1,1.850873e-1,1.874533e-1,1.799198e-1,4.210153e-2,4.486440e-2,4.627213e-2,4.554134e-2,4.532546e-2,4.438928e-2,4.543126e-2,4.559293e-2,2.524962e-1,2.786045e-1,2.960181e-1,2.962266e-1,2.888121e-1,2.955992e-1,2.987713e-1,2.981367e-1,2.133952e-1,1.960356e-1,2.041025e-1,2.000430e-1,1.962929e-1,1.925994e-1,2.004066e-1,1.914712e-1,2.536905e-1,3.027025e-1,3.306322e-1,3.430503e-1,3.412314e-1,3.456132e-1,3.543781e-1,3.577729e-1,2.163131e-1,2.724898e-1,2.876845e-1,2.902661e-1,2.826694e-1,2.880711e-1,2.872513e-1,2.805432e-1,2.220633e-1,3.261276e-1,3.536774e-1,3.676086e-1,3.554379e-1,3.556240e-1,3.528565e-1,3.424422e-1,1.447083e-1,1.666036e-1,1.764133e-1,1.753420e-1,1.689077e-1,1.689582e-1,1.724734e-1,1.701874e-1,4.013042e-2,3.569390e-2,3.496544e-2,3.522985e-2,3.532499e-2,3.533957e-2,3.655929e-2,3.601582e-2,6.521874e-2,8.069668e-2,9.546928e-2,9.935961e-2,1.029352e-1,1.044068e-1,1.127887e-1,1.131156e-1,6.312070e-1,6.068659e-1,5.775156e-1,5.662296e-1,5.549674e-1,5.431845e-1,5.361739e-1,5.264478e-1,1.962841e-1,2.220525e-1,2.342432e-1,2.364546e-1,2.309993e-1,2.364326e-1,2.375682e-1,2.330269e-1],