{"n_vecs":131072,"dim":64,"block_size":512,"n_blocks":256,"variance_ratio":0.95,"per_block_mean_mse":7.905779e-3,"layer_pooled_mean_mse":8.875954e-3,"first_block_mean_mse":6.496560e-2,"pooled_over_per_block_mean":1.1227,"pooled_over_per_block_median":1.1606,"pooled_over_per_block_max":1.4115,"first_over_per_block_mean":8.2175,"first_over_per_block_median":7.9312,"first_over_per_block_max":16.1327,"pooled_d_eff":59,"first_d_eff":43,"per_block_d_eff":[43,43,43,43,43,43,42,43,42,42,42,42,42,42,42,42,41,41,41,41,41,41,41,41,42,42,42,42,42,42,42,42,41,41,40,41,41,41,41,41,37,36,36,36,36,36,36,36,40,39,39,39,39,39,39,39,44,43,43,43,43,43,43,43,38,36,36,36,36,36,36,36,42,42,42,42,42,42,42,42,42,41,41,41,41,41,41,41,42,42,42,42,42,41,42,42,41,40,40,40,40,40,40,40,43,42,42,42,42,42,42,42,38,37,37,37,37,37,37,37,42,41,41,41,41,41,41,41,40,40,40,40,40,40,40,40,40,39,39,39,39,39,39,39,42,41,41,41,41,41,41,41,38,37,37,37,37,37,37,37,42,42,42,42,42,42,42,42,42,41,41,41,41,41,41,41,42,42,42,42,42,42,42,42,41,40,40,40,40,40,40,40,40,38,38,38,38,38,38,38,42,41,41,41,41,41,41,41,42,42,42,42,42,42,42,41,43,43,43,43,43,43,43,43,41,40,39,39,39,39,39,39,42,42,42,42,42,42,42,42,42,41,41,41,41,41,41,41,43,42,42,42,42,42,42,42],"per_block_mses":[6.267130e-3,5.932855e-3,5.936016e-3,5.926727e-3,5.940398e-3,5.921539e-3,6.551108e-3,5.933409e-3,8.520785e-3,7.827218e-3,7.779724e-3,7.758790e-3,7.814721e-3,7.781071e-3,7.830323e-3,7.819341e-3,8.354407e-3,7.862184e-3,7.820020e-3,7.777935e-3,7.798619e-3,7.774527e-3,7.807228e-3,7.795008e-3,8.076314e-3,7.538456e-3,7.513327e-3,7.531766e-3,7.529210e-3,7.530112e-3,7.556108e-3,7.551950e-3,9.584241e-3,9.161702e-3,9.964170e-3,9.104720e-3,9.119784e-3,9.116326e-3,9.116086e-3,9.108940e-3,7.916773e-3,7.741992e-3,7.711720e-3,7.713758e-3,7.727145e-3,7.714048e-3,7.691318e-3,7.707726e-3,8.048752e-3,7.922433e-3,7.822130e-3,7.833550e-3,7.801816e-3,7.810085e-3,7.769441e-3,7.804140e-3,5.569862e-3,5.609423e-3,5.549075e-3,5.573588e-3,5.554229e-3,5.576649e-3,5.566237e-3,5.571455e-3,9.596381e-3,9.885715e-3,9.868712e-3,9.857556e-3,9.833033e-3,9.836875e-3,9.819930e-3,9.845589e-3,9.326269e-3,8.934403e-3,8.953634e-3,8.912047e-3,8.882117e-3,8.922329e-3,8.972111e-3,8.948800e-3,7.669427e-3,7.577994e-3,7.538709e-3,7.567118e-3,7.523160e-3,7.532453e-3,7.556330e-3,7.558034e-3,6.476556e-3,6.152977e-3,6.109967e-3,6.127292e-3,6.142715e-3,6.760694e-3,6.151337e-3,6.130130e-3,8.263860e-3,8.274656e-3,8.207933e-3,8.234292e-3,8.222330e-3,8.268026e-3,8.224482e-3,8.242677e-3,7.788230e-3,7.777647e-3,7.698005e-3,7.745551e-3,7.733126e-3,7.755447e-3,7.733639e-3,7.723806e-3,8.825386e-3,8.661812e-3,8.667019e-3,8.663469e-3,8.644137e-3,8.655584e-3,8.670767e-3,8.664916e-3,7.610146e-3,7.940384e-3,7.911832e-3,7.905652e-3,7.920221e-3,7.928866e-3,7.913216e-3,7.931734e-3,1.137756e-2,1.078762e-2,1.079504e-2,1.077611e-2,1.082748e-2,1.082590e-2,1.086560e-2,1.086454e-2,7.109756e-3,6.951018e-3,6.973950e-3,6.948759e-3,6.969778e-3,7.020245e-3,6.989072e-3,6.999287e-3,5.779531e-3,5.651222e-3,5.601476e-3,5.607881e-3,5.584661e-3,5.582066e-3,5.584216e-3,5.605850e-3,1.011703e-2,1.003630e-2,9.975862e-3,9.971204e-3,1.000730e-2,1.003123e-2,9.959257e-3,1.000621e-2,8.883407e-3,8.519172e-3,8.462074e-3,8.493306e-3,8.471701e-3,8.514071e-3,8.512131e-3,8.503116e-3,7.632583e-3,8.080073e-3,8.003783e-3,8.031025e-3,8.020540e-3,8.056690e-3,8.068520e-3,8.038570e-3,9.848360e-3,9.454158e-3,9.418155e-3,9.402064e-3,9.418929e-3,9.393250e-3,9.365356e-3,9.358925e-3,9.594542e-3,9.613346e-3,9.606399e-3,9.587987e-3,9.594205e-3,9.607434e-3,9.614295e-3,9.588058e-3,6.223617e-3,6.504642e-3,6.492845e-3,6.495592e-3,6.475948e-3,6.478599e-3,6.490983e-3,6.493796e-3,7.715762e-3,7.476172e-3,7.423087e-3,7.422961e-3,7.425118e-3,7.399471e-3,7.382766e-3,7.389135e-3,6.654483e-3,6.113343e-3,6.081604e-3,6.110228e-3,6.083102e-3,6.082025e-3,6.106256e-3,6.726078e-3,8.591540e-3,8.102766e-3,8.095059e-3,8.056915e-3,8.098423e-3,8.105774e-3,8.117437e-3,8.095241e-3,8.583473e-3,8.338476e-3,8.947171e-3,8.918274e-3,8.931806e-3,8.908670e-3,8.953060e-3,8.926253e-3,8.074974e-3,7.607427e-3,7.542878e-3,7.553017e-3,7.548918e-3,7.551171e-3,7.601399e-3,7.557162e-3,7.443556e-3,7.201256e-3,7.148141e-3,7.176971e-3,7.143249e-3,7.169123e-3,7.144161e-3,7.152267e-3,6.716365e-3,6.911021e-3,6.868486e-3,6.887065e-3,6.916308e-3,6.888712e-3,6.898780e-3,6.898832e-3],"layer_pooled_mses":[8.471946e-3,8.286069e-3,8.232618e-3,8.249036e-3,8.273136e-3,8.276225e-3,8.434097e-3,8.375106e-3,9.600362e-3,9.310610e-3,9.357595e-3,9.236019e-3,9.295963e-3,9.218143e-3,9.252023e-3,9.316292e-3,9.657300e-3,9.337500e-3,9.342017e-3,9.349095e-3,9.414001e-3,9.321279e-3,9.309678e-3,9.371488e-3,1.016426e-2,1.004053e-2,1.011758e-2,1.010510e-2,1.005380e-2,1.007072e-2,1.013048e-2,1.011723e-2,9.748206e-3,9.732867e-3,9.769170e-3,9.640766e-3,9.706304e-3,9.705931e-3,9.732064e-3,9.719974e-3,7.438158e-3,7.019897e-3,6.918049e-3,6.986360e-3,7.017406e-3,6.921372e-3,6.901504e-3,6.955685e-3,8.142451e-3,7.625066e-3,7.544283e-3,7.503364e-3,7.482385e-3,7.539893e-3,7.595048e-3,7.577207e-3,7.815106e-3,7.508337e-3,7.507208e-3,7.497753e-3,7.520871e-3,7.512336e-3,7.591223e-3,7.546818e-3,9.118711e-3,9.037600e-3,8.948264e-3,8.994217e-3,9.001218e-3,8.964996e-3,9.032666e-3,9.099174e-3,1.086185e-2,1.054365e-2,1.046381e-2,1.057131e-2,1.069187e-2,1.050223e-2,1.054037e-2,1.055125e-2,8.725728e-3,8.424811e-3,8.368572e-3,8.308175e-3,8.324842e-3,8.400315e-3,8.426795e-3,8.328289e-3,7.784750e-3,7.564916e-3,7.633015e-3,7.629240e-3,7.642092e-3,7.657825e-3,7.574343e-3,7.687959e-3,8.692667e-3,8.648422e-3,8.643689e-3,8.585793e-3,8.545079e-3,8.589859e-3,8.565905e-3,8.635039e-3,9.890664e-3,9.368659e-3,9.344573e-3,9.299089e-3,9.228253e-3,9.187809e-3,9.216362e-3,9.255029e-3,8.522295e-3,8.329245e-3,8.432771e-3,8.353205e-3,8.362646e-3,8.272607e-3,8.288732e-3,8.383162e-3,9.874323e-3,9.739675e-3,9.579699e-3,9.659837e-3,9.693337e-3,9.619349e-3,9.821481e-3,9.769837e-3,1.274318e-2,1.261762e-2,1.249731e-2,1.245369e-2,1.260366e-2,1.238373e-2,1.250834e-2,1.257355e-2,7.129784e-3,6.894213e-3,6.880865e-3,6.878774e-3,6.917340e-3,6.918961e-3,6.985408e-3,6.979238e-3,7.298407e-3,7.289825e-3,7.263688e-3,7.268734e-3,7.298551e-3,7.381023e-3,7.355679e-3,7.344683e-3,9.319296e-3,8.811626e-3,8.795302e-3,8.857606e-3,8.757156e-3,8.835817e-3,8.794729e-3,8.824699e-3,1.007545e-2,9.934401e-3,9.911513e-3,9.877772e-3,9.814427e-3,9.875824e-3,9.828041e-3,9.929915e-3,9.097239e-3,8.969976e-3,8.960031e-3,8.940017e-3,8.902534e-3,8.912926e-3,9.001697e-3,8.894763e-3,1.140692e-2,1.098348e-2,1.091255e-2,1.091084e-2,1.093179e-2,1.095643e-2,1.111522e-2,1.102859e-2,1.035667e-2,9.401292e-3,9.319270e-3,9.273681e-3,9.289462e-3,9.343170e-3,9.279537e-3,9.352506e-3,7.126280e-3,6.659508e-3,6.645079e-3,6.651896e-3,6.723864e-3,6.715809e-3,6.759147e-3,6.757535e-3,9.709359e-3,8.948844e-3,8.826743e-3,8.825483e-3,8.877082e-3,8.925243e-3,8.905972e-3,8.914089e-3,8.217244e-3,8.012115e-3,7.973006e-3,8.004477e-3,8.045882e-3,7.967205e-3,8.046673e-3,8.139927e-3,1.124984e-2,1.110491e-2,1.118919e-2,1.113869e-2,1.110322e-2,1.105802e-2,1.103716e-2,1.101238e-2,9.036953e-3,7.855054e-3,7.746377e-3,7.656899e-3,7.746626e-3,7.705221e-3,7.788631e-3,7.781621e-3,9.368582e-3,9.229547e-3,9.132768e-3,9.160379e-3,9.160890e-3,9.139375e-3,9.103756e-3,9.245766e-3,7.432526e-3,7.252329e-3,7.151597e-3,7.082057e-3,7.084678e-3,7.098385e-3,7.117947e-3,7.155399e-3,9.171653e-3,8.990462e-3,9.034863e-3,8.968956e-3,9.007491e-3,8.975577e-3,8.981282e-3,9.044051e-3],