{"n_vecs":131072,"dim":64,"block_size":512,"n_blocks":256,"variance_ratio":0.95,"per_block_mean_mse":1.010153e-1,"layer_pooled_mean_mse":2.259009e-1,"first_block_mean_mse":2.510930e0,"pooled_over_per_block_mean":2.2363,"pooled_over_per_block_median":2.4316,"pooled_over_per_block_max":6.5602,"first_over_per_block_mean":24.8569,"first_over_per_block_median":24.5652,"first_over_per_block_max":63.5531,"pooled_d_eff":55,"first_d_eff":45,"per_block_d_eff":[45,41,40,40,40,39,39,39,28,29,28,28,28,28,28,27,37,35,34,34,33,33,33,33,22,21,20,20,20,20,20,20,39,38,37,37,37,37,37,36,45,43,42,42,42,42,42,42,38,37,36,36,36,36,36,36,40,37,37,37,36,36,36,36,38,37,37,36,36,36,35,36,41,39,38,38,38,37,37,37,41,38,38,37,37,36,36,36,46,43,43,42,42,42,41,41,44,41,41,40,40,40,40,40,44,41,40,40,39,39,39,39,46,44,44,43,43,43,43,43,39,37,37,36,36,36,36,36,24,22,22,22,22,22,22,22,48,46,45,45,44,44,44,44,37,34,34,34,34,34,34,34,31,29,28,27,27,27,27,27,42,40,39,39,39,39,39,39,39,37,36,36,36,36,36,35,41,40,39,39,39,39,39,39,47,44,44,43,43,43,43,43,38,36,35,35,35,35,35,35,34,33,32,32,32,32,31,31,42,40,39,39,39,39,39,39,41,38,37,37,36,36,36,36,19,19,18,18,18,18,18,18,41,38,38,38,37,37,37,37,38,36,36,36,35,35,35,35,43,41,41,41,41,40,40,41],"per_block_mses":[6.598243e-2,7.246528e-2,7.248621e-2,6.930762e-2,6.707962e-2,7.218628e-2,6.951590e-2,6.812660e-2,1.278427e-1,1.323564e-1,1.496251e-1,1.499518e-1,1.489159e-1,1.488755e-1,1.471447e-1,1.622465e-1,8.082457e-2,7.780522e-2,7.914242e-2,7.666531e-2,8.166013e-2,8.151456e-2,8.022563e-2,7.984334e-2,1.723038e-1,1.710061e-1,2.034496e-1,2.051166e-1,2.059375e-1,2.056041e-1,2.019665e-1,2.011872e-1,1.230867e-1,1.123020e-1,1.162714e-1,1.136725e-1,1.107978e-1,1.081740e-1,1.052392e-1,1.134782e-1,3.118516e-2,2.984974e-2,3.120724e-2,3.072202e-2,3.066717e-2,3.113873e-2,3.102507e-2,3.104692e-2,8.556234e-2,8.166482e-2,8.689986e-2,8.588167e-2,8.508970e-2,8.451748e-2,8.317733e-2,8.294138e-2,1.151011e-1,1.170071e-1,1.097601e-1,1.066349e-1,1.129208e-1,1.108850e-1,1.085459e-1,1.078534e-1,1.025434e-1,9.224619e-2,8.695367e-2,9.012003e-2,8.713998e-2,8.491179e-2,8.932828e-2,8.176439e-2,9.364177e-2,8.947358e-2,9.209284e-2,8.945907e-2,8.704628e-2,9.201483e-2,8.961320e-2,8.860107e-2,6.690074e-2,6.782382e-2,6.419778e-2,6.680433e-2,6.544704e-2,7.067362e-2,6.901861e-2,6.838880e-2,7.865851e-2,8.330214e-2,7.880171e-2,8.181552e-2,7.888761e-2,7.749251e-2,8.199239e-2,8.115799e-2,8.170715e-2,8.490767e-2,7.898051e-2,8.335735e-2,8.177152e-2,8.003372e-2,7.815800e-2,7.833942e-2,5.306305e-2,5.195629e-2,5.211309e-2,4.890719e-2,5.095424e-2,4.967346e-2,4.819914e-2,4.743327e-2,7.724683e-2,7.561828e-2,7.040722e-2,7.422060e-2,7.266308e-2,7.045636e-2,6.751356e-2,6.742132e-2,9.734047e-2,8.976525e-2,8.505030e-2,9.058056e-2,8.923970e-2,8.818055e-2,8.697653e-2,8.690891e-2,1.510589e-1,1.805725e-1,1.795297e-1,1.803773e-1,1.793511e-1,1.779615e-1,1.753494e-1,1.763052e-1,3.716233e-2,3.707799e-2,3.869273e-2,3.749538e-2,4.022124e-2,3.958030e-2,3.867075e-2,3.839037e-2,1.038044e-1,1.047667e-1,9.913323e-2,9.781154e-2,9.638675e-2,9.650007e-2,9.564032e-2,9.603283e-2,1.542770e-1,1.514963e-1,1.614922e-1,1.749555e-1,1.722345e-1,1.723965e-1,1.710062e-1,1.708241e-1,9.608579e-2,9.468893e-2,9.902709e-2,9.731940e-2,9.640497e-2,9.582268e-2,9.396286e-2,9.391594e-2,1.459183e-1,1.533503e-1,1.633509e-1,1.594222e-1,1.565569e-1,1.539350e-1,1.534527e-1,1.636172e-1,1.229365e-1,1.102056e-1,1.144386e-1,1.114936e-1,1.094448e-1,1.078426e-1,1.055133e-1,1.042405e-1,4.782724e-2,5.069667e-2,4.786480e-2,5.043049e-2,4.981396e-2,4.863982e-2,4.712647e-2,4.640884e-2,1.213574e-1,1.182989e-1,1.210379e-1,1.186305e-1,1.155816e-1,1.138236e-1,1.119002e-1,1.112917e-1,1.397482e-1,1.274665e-1,1.318595e-1,1.286620e-1,1.258033e-1,1.250353e-1,1.327726e-1,1.319726e-1,8.064118e-2,7.653896e-2,8.103480e-2,8.127229e-2,8.096903e-2,8.146246e-2,7.987230e-2,8.057627e-2,5.872980e-2,6.136725e-2,6.295663e-2,6.141510e-2,6.471815e-2,6.365428e-2,6.252263e-2,6.146096e-2,1.779298e-1,1.767583e-1,2.332227e-1,2.402963e-1,2.402236e-1,2.420580e-1,2.405805e-1,2.433265e-1,1.044524e-1,1.085146e-1,1.046031e-1,1.021009e-1,1.082947e-1,1.062467e-1,1.048859e-1,1.032564e-1,1.216482e-1,1.153617e-1,1.099314e-1,1.079117e-1,1.125437e-1,1.123147e-1,1.100670e-1,1.094391e-1,6.411343e-2,6.294616e-2,6.005428e-2,5.964079e-2,5.923840e-2,6.409672e-2,6.282889e-2,5.815259e-2],"layer_pooled_mses":[2.229888e-1,2.387160e-1,2.437845e-1,2.458602e-1,2.416271e-1,2.415452e-1,2.426863e-1,2.428149e-1,1.097740e-1,1.573685e-1,1.309716e-1,1.044260e-1,1.615625e-1,1.817174e-1,1.604284e-1,2.109637e-1,2.037535e-1,1.465894e-1,1.719175e-1,1.413898e-1,1.785931e-1,1.428467e-1,1.526202e-1,1.606389e-1,2.954237e-1,1.264027e-1,1.267584e-1,1.698976e-1,1.087893e-1,8.692416e-2,1.086434e-1,1.756863e-1,4.260394e-1,3.752327e-1,3.605951e-1,3.599342e-1,3.623615e-1,3.575457e-1,3.460605e-1,3.401712e-1,1.067533e-1,6.907172e-2,5.003316e-2,6.460012e-2,7.457082e-2,5.366495e-2,5.899372e-2,8.325944e-2,5.613078e-1,5.295424e-1,5.163160e-1,5.218590e-1,5.180193e-1,5.196614e-1,5.284148e-1,5.279866e-1,3.098307e-1,2.710614e-1,2.569262e-1,2.533634e-1,2.502584e-1,2.583980e-1,2.727644e-1,2.824288e-1,2.919691e-1,2.834392e-1,2.697025e-1,2.628199e-1,2.584100e-1,2.599449e-1,2.633438e-1,2.625027e-1,3.508357e-1,3.400412e-1,3.427152e-1,3.460898e-1,3.396468e-1,3.327541e-1,3.347495e-1,3.332185e-1,1.829266e-1,1.838740e-1,1.860203e-1,1.846750e-1,1.908569e-1,2.019481e-1,2.262454e-1,2.139290e-1,1.474785e-1,1.555109e-1,1.599578e-1,1.617036e-1,1.507487e-1,1.448031e-1,1.371996e-1,1.372296e-1,1.509786e-1,1.049228e-1,9.949301e-2,9.430607e-2,9.116469e-2,9.079037e-2,8.699758e-2,8.373732e-2,1.866344e-1,1.407718e-1,1.184846e-1,1.204598e-1,1.245619e-1,1.178020e-1,1.112434e-1,1.202297e-1,2.248484e-1,1.633482e-1,1.916711e-1,2.138170e-1,2.055779e-1,1.637058e-1,1.613944e-1,1.919042e-1,2.081085e-1,2.121484e-1,2.085676e-1,1.838675e-1,1.770398e-1,1.919825e-1,2.147773e-1,2.090131e-1,1.807574e-1,1.641067e-1,1.510977e-1,1.544269e-1,1.876524e-1,1.876816e-1,1.461694e-1,1.614950e-1,5.740424e-2,6.682875e-2,6.802025e-2,6.399087e-2,6.209860e-2,6.355562e-2,6.680237e-2,6.572867e-2,3.130716e-1,3.080177e-1,2.968953e-1,3.082028e-1,3.129851e-1,3.205892e-1,3.427980e-1,3.574400e-1,1.470972e-1,1.544109e-1,1.680817e-1,1.731214e-1,1.731440e-1,1.576086e-1,1.573869e-1,1.687252e-1,2.164041e-1,2.025646e-1,1.966570e-1,1.916364e-1,1.902140e-1,1.687097e-1,1.632963e-1,1.655438e-1,1.463091e-1,1.459233e-1,1.617074e-1,1.647681e-1,1.652910e-1,1.585374e-1,1.712511e-1,1.905661e-1,3.532283e-1,3.110064e-1,3.093656e-1,3.254590e-1,3.423549e-1,3.557770e-1,3.591139e-1,3.535156e-1,8.666248e-2,8.975649e-2,8.742396e-2,8.176948e-2,7.896353e-2,7.713413e-2,7.634440e-2,7.661702e-2,3.286570e-1,3.151067e-1,3.151512e-1,3.089589e-1,3.008233e-1,3.070982e-1,3.212220e-1,3.096721e-1,6.628366e-1,5.727058e-1,5.536208e-1,5.446903e-1,5.402404e-1,5.335543e-1,5.365000e-1,5.329392e-1,2.215202e-1,2.258983e-1,2.100206e-1,2.138786e-1,2.167142e-1,2.485238e-1,2.243082e-1,2.183807e-1,1.550671e-1,1.361863e-1,1.317996e-1,1.412797e-1,1.538330e-1,1.617428e-1,1.864535e-1,2.028169e-1,1.580740e-1,1.712337e-1,2.032346e-1,2.209244e-1,2.243187e-1,2.541260e-1,2.545578e-1,2.241031e-1,2.656033e-1,2.528700e-1,2.506282e-1,2.483978e-1,2.526117e-1,2.515818e-1,2.476281e-1,2.576310e-1,2.987552e-1,2.727717e-1,2.692076e-1,2.731307e-1,2.797183e-1,2.811827e-1,2.854965e-1,2.834576e-1,3.279645e-1,2.498949e-1,2.219035e-1,2.199787e-1,1.630836e-1,1.186035e-1,1.744816e-1,3.672350e-1],