{"n_vecs":131072,"dim":64,"block_size":512,"n_blocks":256,"variance_ratio":0.95,"per_block_mean_mse":8.572377e-2,"layer_pooled_mean_mse":2.465782e-1,"first_block_mean_mse":1.875354e0,"pooled_over_per_block_mean":2.8764,"pooled_over_per_block_median":2.4239,"pooled_over_per_block_max":6.1211,"first_over_per_block_mean":21.8767,"first_over_per_block_median":21.6423,"first_over_per_block_max":76.8772,"pooled_d_eff":54,"first_d_eff":39,"per_block_d_eff":[39,38,38,38,38,38,38,38,39,36,36,36,36,36,36,37,42,40,39,39,39,40,40,40,40,38,37,37,37,37,37,38,44,42,41,41,41,41,41,41,41,38,37,37,37,37,37,37,42,39,39,39,39,39,38,39,42,40,40,39,40,39,39,40,36,33,32,32,32,31,31,31,30,30,30,30,30,30,29,30,42,38,38,38,38,38,38,38,39,36,36,35,35,35,35,36,36,35,35,35,35,35,35,35,41,38,37,37,37,37,37,37,41,37,37,36,36,36,36,37,42,38,38,38,38,37,37,37,42,40,39,39,39,40,40,40,45,42,42,42,42,42,42,42,42,40,39,39,40,40,40,40,37,35,34,34,34,34,34,34,42,39,39,39,39,39,39,40,45,42,42,41,41,41,41,42,39,37,37,37,37,37,37,37,43,42,42,42,43,43,43,43,44,40,40,39,40,40,40,40,41,39,39,39,39,40,40,40,40,37,37,36,36,36,36,37,35,32,32,32,32,32,31,32,37,34,34,34,34,34,34,34,44,40,40,40,40,40,40,40,43,39,39,38,38,38,38,39,45,42,42,41,42,41,41,42],"per_block_mses":[5.807960e-2,4.850482e-2,4.648846e-2,4.552583e-2,4.571794e-2,4.546408e-2,4.541179e-2,4.749106e-2,1.134225e-1,1.091268e-1,1.040642e-1,1.014029e-1,1.019524e-1,1.028134e-1,1.018114e-1,9.754538e-2,9.614015e-2,9.292033e-2,9.824987e-2,9.494507e-2,9.556480e-2,8.798501e-2,8.973089e-2,9.116338e-2,8.310944e-2,7.528866e-2,7.716048e-2,7.712645e-2,7.485906e-2,7.275979e-2,7.137272e-2,6.781151e-2,9.330025e-2,8.681669e-2,9.081354e-2,8.985692e-2,8.899469e-2,8.823624e-2,8.764823e-2,8.869355e-2,1.281432e-1,1.287818e-1,1.323347e-1,1.280720e-1,1.266390e-1,1.246078e-1,1.240918e-1,1.257474e-1,8.340270e-2,8.215644e-2,7.946283e-2,7.678083e-2,7.658957e-2,7.533263e-2,8.142365e-2,7.578451e-2,3.833854e-2,3.750488e-2,3.626258e-2,3.971835e-2,3.655639e-2,3.934727e-2,3.924219e-2,3.626991e-2,9.067227e-2,8.891217e-2,8.884641e-2,8.688631e-2,8.667942e-2,9.111565e-2,8.980866e-2,9.094026e-2,9.425536e-2,7.833498e-2,7.695883e-2,7.506890e-2,7.716181e-2,7.555987e-2,8.071811e-2,7.739909e-2,8.260970e-2,7.510820e-2,7.270554e-2,7.343346e-2,7.288887e-2,7.309748e-2,7.164907e-2,7.134618e-2,7.991329e-2,8.053365e-2,7.722614e-2,8.010633e-2,7.948529e-2,7.832495e-2,7.737040e-2,7.199944e-2,1.318533e-1,1.367699e-1,1.353079e-1,1.349342e-1,1.383186e-1,1.386534e-1,1.395154e-1,1.409533e-1,9.489483e-2,9.383124e-2,9.651452e-2,9.456144e-2,9.387793e-2,9.213690e-2,9.073408e-2,9.204831e-2,9.649197e-2,9.901817e-2,9.189595e-2,9.487392e-2,9.448350e-2,9.253443e-2,9.218044e-2,8.602397e-2,6.865123e-2,7.231836e-2,6.749843e-2,6.501275e-2,6.429859e-2,6.817167e-2,6.653358e-2,6.674999e-2,8.660058e-2,8.086337e-2,8.503263e-2,8.284239e-2,8.254763e-2,7.505885e-2,7.495300e-2,7.598927e-2,7.356233e-2,7.575155e-2,7.137283e-2,6.941318e-2,6.922098e-2,7.017359e-2,7.006935e-2,7.077823e-2,8.740995e-2,9.127291e-2,9.610134e-2,9.513617e-2,8.974390e-2,8.870701e-2,8.820964e-2,9.018313e-2,6.257316e-2,5.705678e-2,5.919180e-2,5.752129e-2,5.750399e-2,5.674433e-2,5.697431e-2,5.867373e-2,7.081455e-2,6.934548e-2,6.514236e-2,6.497836e-2,6.677713e-2,6.677851e-2,6.688836e-2,6.375421e-2,1.002003e-1,1.059733e-1,1.010951e-1,1.055770e-1,1.034679e-1,1.020225e-1,1.016795e-1,9.428770e-2,7.962003e-2,7.489405e-2,7.084844e-2,6.962996e-2,6.947089e-2,6.880429e-2,6.826510e-2,6.938211e-2,1.694251e-1,2.041387e-1,2.027318e-1,2.026081e-1,1.839317e-1,1.849766e-1,1.874585e-1,1.866605e-1,4.371470e-2,4.734562e-2,4.509664e-2,4.811226e-2,4.500129e-2,4.524844e-2,4.518435e-2,4.574618e-2,7.869213e-2,7.842235e-2,7.516780e-2,7.473630e-2,7.694380e-2,7.241422e-2,7.321646e-2,7.513849e-2,9.683805e-2,1.026960e-1,9.719264e-2,1.032447e-1,1.025844e-1,1.022054e-1,1.023393e-1,9.408865e-2,1.358146e-1,1.380163e-1,1.285848e-1,1.257459e-1,1.244679e-1,1.230141e-1,1.329713e-1,1.227333e-1,8.747433e-2,8.637086e-2,8.116791e-2,7.842410e-2,7.869739e-2,7.833637e-2,7.839811e-2,8.029503e-2,5.656404e-2,5.753217e-2,5.466328e-2,5.374079e-2,5.305940e-2,5.726383e-2,5.115989e-2,5.142495e-2,8.162549e-2,8.539250e-2,8.034519e-2,8.330184e-2,8.284204e-2,8.047071e-2,8.050557e-2,7.525891e-2,8.251221e-2,8.362780e-2,7.869761e-2,8.213127e-2,7.474886e-2,7.952686e-2,7.852514e-2,7.290174e-2],"layer_pooled_mses":[1.058189e-1,1.035667e-1,1.111957e-1,1.115968e-1,1.024287e-1,9.061950e-2,8.749396e-2,9.726369e-2,2.815660e-1,2.934712e-1,2.711892e-1,2.537361e-1,2.342284e-1,2.361441e-1,2.402046e-1,2.519563e-1,1.829481e-1,1.895422e-1,1.976711e-1,1.932606e-1,1.927391e-1,2.013151e-1,2.058528e-1,2.141781e-1,1.873151e-1,1.771988e-1,1.693447e-1,1.757780e-1,1.741186e-1,1.755671e-1,1.759604e-1,1.736391e-1,1.961813e-1,1.838367e-1,1.748695e-1,1.733706e-1,1.710330e-1,1.622564e-1,1.625797e-1,1.642509e-1,3.447649e-1,3.206005e-1,3.226137e-1,2.946598e-1,2.903172e-1,3.297551e-1,3.718520e-1,3.834446e-1,1.941567e-1,2.099486e-1,2.062446e-1,2.055315e-1,2.017584e-1,1.949769e-1,1.956236e-1,2.002760e-1,1.041813e-1,9.002072e-2,9.534985e-2,1.143583e-1,1.243524e-1,1.358780e-1,1.480631e-1,1.615062e-1,2.692825e-1,2.711735e-1,2.642251e-1,2.639318e-1,2.683633e-1,2.643720e-1,2.656202e-1,2.598085e-1,3.819202e-1,1.670530e-1,1.484575e-1,1.364482e-1,1.486706e-1,1.577584e-1,1.451535e-1,1.919732e-1,1.431123e-1,1.310560e-1,1.317646e-1,1.186935e-1,1.089811e-1,1.193058e-1,1.309735e-1,1.282098e-1,2.132368e-1,2.156927e-1,1.953045e-1,1.620004e-1,1.677179e-1,2.193129e-1,2.673098e-1,2.745843e-1,4.944897e-1,5.467323e-1,5.440536e-1,5.443255e-1,5.416979e-1,5.342667e-1,5.323504e-1,5.286000e-1,2.437123e-1,2.621929e-1,2.716564e-1,2.801280e-1,2.820882e-1,2.934965e-1,2.934914e-1,2.909218e-1,2.696801e-1,2.985266e-1,3.129198e-1,3.100764e-1,2.983242e-1,2.983965e-1,2.996151e-1,3.124735e-1,3.208726e-1,3.504463e-1,3.285235e-1,3.249800e-1,3.198646e-1,3.218327e-1,3.286645e-1,3.422481e-1,1.660390e-1,1.631148e-1,1.672478e-1,1.562934e-1,1.565321e-1,1.546975e-1,1.480528e-1,1.491304e-1,1.499730e-1,1.378164e-1,1.376615e-1,1.379023e-1,1.371699e-1,1.388916e-1,1.445484e-1,1.471825e-1,3.863575e-1,3.318245e-1,2.803703e-1,2.669078e-1,2.661311e-1,2.687179e-1,2.752056e-1,2.866914e-1,1.910581e-1,1.683395e-1,1.434770e-1,1.298932e-1,1.258568e-1,1.297635e-1,1.403253e-1,1.638955e-1,1.716600e-1,1.282315e-1,1.152279e-1,1.301643e-1,1.375357e-1,1.360253e-1,1.388658e-1,1.452687e-1,2.345307e-1,2.685410e-1,2.771692e-1,2.810371e-1,2.815567e-1,2.864258e-1,2.881371e-1,2.813353e-1,1.403585e-1,1.268631e-1,1.180257e-1,1.068571e-1,1.024628e-1,1.084042e-1,1.132303e-1,1.153535e-1,1.030585e0,1.159704e0,1.142948e0,1.136779e0,1.125864e0,1.125785e0,1.129325e0,1.115199e0,2.651527e-1,2.162119e-1,1.733206e-1,1.565330e-1,1.463331e-1,1.411117e-1,1.466548e-1,1.533015e-1,1.460444e-1,1.508120e-1,1.620714e-1,1.585076e-1,1.434240e-1,1.332004e-1,1.441376e-1,1.760368e-1,1.944657e-1,1.988052e-1,1.991481e-1,2.002807e-1,1.990652e-1,1.935482e-1,1.928060e-1,1.977962e-1,5.408469e-1,5.579450e-1,5.470682e-1,5.433034e-1,5.340771e-1,5.289947e-1,5.319838e-1,5.355353e-1,1.516139e-1,1.512065e-1,1.511595e-1,1.535472e-1,1.546776e-1,1.590346e-1,1.609198e-1,1.673261e-1,1.176073e-1,1.177478e-1,1.074065e-1,1.029095e-1,9.642975e-2,9.182012e-2,9.153219e-2,9.145183e-2,1.886678e-1,2.022959e-1,2.093225e-1,2.077499e-1,1.975971e-1,1.960049e-1,2.040454e-1,2.030696e-1,1.601710e-1,1.708375e-1,1.786089e-1,1.849672e-1,1.864582e-1,1.868185e-1,1.906676e-1,1.946574e-1],