{"n_vecs":131072,"dim":64,"block_size":512,"n_blocks":256,"variance_ratio":0.95,"per_block_mean_mse":1.342935e-2,"layer_pooled_mean_mse":1.839212e-2,"first_block_mean_mse":1.417456e-1,"pooled_over_per_block_mean":1.3695,"pooled_over_per_block_median":1.3920,"pooled_over_per_block_max":1.9905,"first_over_per_block_mean":10.5549,"first_over_per_block_median":10.5769,"first_over_per_block_max":17.3166,"pooled_d_eff":58,"first_d_eff":41,"per_block_d_eff":[41,36,36,36,36,36,36,36,41,37,37,37,37,37,37,37,41,37,37,37,37,37,37,37,44,40,40,40,40,40,40,40,45,40,40,40,40,40,40,40,44,41,41,41,41,41,41,41,43,39,39,39,39,39,39,39,31,28,27,27,27,27,27,27,44,40,40,40,40,40,40,40,45,40,40,39,39,39,39,39,41,37,37,37,37,37,36,36,45,41,41,41,41,41,41,41,44,40,40,40,40,40,40,40,41,37,37,37,37,37,37,37,42,38,38,38,38,38,38,38,41,37,37,37,37,36,36,36,39,35,35,35,34,34,34,34,46,42,42,42,42,41,41,41,45,41,41,41,41,41,42,42,42,38,38,38,38,38,38,38,46,41,41,41,41,41,41,41,43,38,38,38,38,38,38,38,45,40,40,40,40,40,40,40,42,38,38,38,38,38,38,38,36,31,31,31,31,30,30,30,42,39,39,39,38,38,39,38,43,38,39,38,38,38,38,38,43,39,39,39,39,39,39,39,45,41,41,40,40,40,40,40,45,41,41,41,41,41,41,41,39,35,36,36,36,36,36,36,44,39,40,40,40,40,40,40],"per_block_mses":[1.321234e-2,1.215910e-2,1.148970e-2,1.102947e-2,1.082092e-2,1.073026e-2,1.066739e-2,1.043413e-2,2.165823e-2,1.908355e-2,1.794878e-2,1.739798e-2,1.728952e-2,1.722870e-2,1.706966e-2,1.688422e-2,1.505103e-2,1.286583e-2,1.214582e-2,1.177809e-2,1.146606e-2,1.138864e-2,1.117464e-2,1.090618e-2,1.001190e-2,8.276415e-3,7.918411e-3,7.723232e-3,7.718141e-3,7.661996e-3,7.567895e-3,7.494709e-3,1.503892e-2,1.365871e-2,1.324295e-2,1.288329e-2,1.274595e-2,1.287913e-2,1.263257e-2,1.253352e-2,1.420511e-2,1.141909e-2,1.091805e-2,1.065490e-2,1.060087e-2,1.048646e-2,1.040089e-2,1.032670e-2,1.742963e-2,1.548379e-2,1.526889e-2,1.509542e-2,1.506343e-2,1.513216e-2,1.514958e-2,1.505334e-2,2.418861e-2,2.255647e-2,2.413711e-2,2.408073e-2,2.376062e-2,2.372868e-2,2.354848e-2,2.378489e-2,1.735196e-2,1.473874e-2,1.402163e-2,1.349302e-2,1.334826e-2,1.318369e-2,1.291230e-2,1.277537e-2,1.750384e-2,1.582738e-2,1.492586e-2,1.593410e-2,1.578393e-2,1.570454e-2,1.557067e-2,1.538832e-2,1.326795e-2,1.129716e-2,1.072499e-2,1.055597e-2,1.047189e-2,1.039424e-2,1.104885e-2,1.080898e-2,1.450111e-2,1.359791e-2,1.298155e-2,1.264260e-2,1.243920e-2,1.219972e-2,1.205583e-2,1.191958e-2,1.255089e-2,1.131243e-2,1.101206e-2,1.081102e-2,1.071268e-2,1.079669e-2,1.075549e-2,1.072765e-2,1.422573e-2,1.221805e-2,1.155313e-2,1.134358e-2,1.119270e-2,1.117179e-2,1.104035e-2,1.088312e-2,1.459035e-2,1.351477e-2,1.281106e-2,1.243685e-2,1.225647e-2,1.220894e-2,1.202610e-2,1.186159e-2,1.744208e-2,1.540903e-2,1.499816e-2,1.484372e-2,1.459376e-2,1.569200e-2,1.550408e-2,1.542611e-2,1.102450e-2,9.477495e-3,9.211904e-3,9.055558e-3,9.674822e-3,9.574224e-3,9.509176e-3,9.455578e-3,1.475507e-2,1.310839e-2,1.241363e-2,1.192815e-2,1.173874e-2,1.273531e-2,1.262309e-2,1.240743e-2,1.165069e-2,1.029523e-2,9.736828e-3,9.507975e-3,9.416039e-3,9.430998e-3,8.488681e-3,8.411151e-3,1.941665e-2,1.761889e-2,1.685516e-2,1.646652e-2,1.627203e-2,1.625405e-2,1.621433e-2,1.610558e-2,1.712798e-2,1.760864e-2,1.713107e-2,1.691600e-2,1.670067e-2,1.657762e-2,1.655076e-2,1.649726e-2,1.597300e-2,1.477556e-2,1.416085e-2,1.389471e-2,1.375978e-2,1.352921e-2,1.338586e-2,1.324376e-2,2.108321e-2,1.802401e-2,1.695027e-2,1.650171e-2,1.635818e-2,1.625352e-2,1.602655e-2,1.591730e-2,1.743999e-2,1.561150e-2,1.467523e-2,1.425071e-2,1.404093e-2,1.392037e-2,1.374579e-2,1.345450e-2,1.869788e-2,1.690802e-2,1.605525e-2,1.575047e-2,1.576359e-2,1.687011e-2,1.678774e-2,1.672566e-2,1.704761e-2,1.391974e-2,1.315568e-2,1.286232e-2,1.374138e-2,1.351628e-2,1.219651e-2,1.308846e-2,1.335299e-2,1.252371e-2,1.115406e-2,1.206852e-2,1.191078e-2,1.193995e-2,1.166904e-2,1.158536e-2,1.420011e-2,1.216688e-2,1.188198e-2,1.179883e-2,1.177603e-2,1.177123e-2,1.178435e-2,1.169411e-2,1.082709e-2,9.487368e-3,8.888995e-3,9.264418e-3,9.166040e-3,9.055761e-3,8.965664e-3,8.868747e-3,1.459895e-2,1.241643e-2,1.190209e-2,1.172733e-2,1.169407e-2,1.177097e-2,1.176420e-2,1.172863e-2,1.463574e-2,1.243883e-2,1.095720e-2,1.063755e-2,1.052589e-2,1.046490e-2,1.029109e-2,1.010445e-2,1.550639e-2,1.423623e-2,1.270492e-2,1.254762e-2,1.248437e-2,1.250776e-2,1.246037e-2,1.236254e-2],"layer_pooled_mses":[1.928137e-2,1.561750e-2,1.387847e-2,1.315562e-2,1.304263e-2,1.280714e-2,1.278763e-2,1.269155e-2,2.721355e-2,2.307527e-2,2.182224e-2,2.081109e-2,2.032780e-2,2.016861e-2,1.963509e-2,1.932597e-2,1.967909e-2,1.543475e-2,1.404524e-2,1.367398e-2,1.328367e-2,1.318562e-2,1.286162e-2,1.244526e-2,1.913601e-2,1.638510e-2,1.576129e-2,1.530493e-2,1.490633e-2,1.482025e-2,1.458032e-2,1.456164e-2,2.399756e-2,2.089499e-2,2.043256e-2,2.023385e-2,1.963784e-2,1.970778e-2,1.982761e-2,2.006614e-2,2.575503e-2,2.131488e-2,2.039037e-2,2.001968e-2,1.949756e-2,1.960204e-2,1.949342e-2,1.935661e-2,2.599417e-2,2.072702e-2,1.950770e-2,1.903805e-2,1.871203e-2,1.839201e-2,1.811839e-2,1.822437e-2,2.426466e-2,2.154966e-2,2.120924e-2,2.136063e-2,2.132103e-2,2.133334e-2,2.164750e-2,2.185075e-2,2.195056e-2,1.649477e-2,1.534349e-2,1.489743e-2,1.484114e-2,1.486939e-2,1.487883e-2,1.473849e-2,2.495912e-2,2.120456e-2,2.055709e-2,2.056611e-2,2.068510e-2,2.085188e-2,2.081570e-2,2.091272e-2,1.877797e-2,1.584788e-2,1.443096e-2,1.404130e-2,1.392039e-2,1.365056e-2,1.361819e-2,1.333202e-2,2.291612e-2,1.835896e-2,1.778915e-2,1.703946e-2,1.686384e-2,1.700376e-2,1.683805e-2,1.669974e-2,2.381587e-2,1.867497e-2,1.841236e-2,1.837291e-2,1.820334e-2,1.836617e-2,1.826698e-2,1.815429e-2,1.992260e-2,1.583052e-2,1.496573e-2,1.485128e-2,1.476195e-2,1.457423e-2,1.439668e-2,1.440526e-2,2.352592e-2,2.139292e-2,2.033347e-2,2.004947e-2,1.961354e-2,1.916488e-2,1.892221e-2,1.884329e-2,2.712164e-2,2.422321e-2,2.303700e-2,2.276539e-2,2.252845e-2,2.272651e-2,2.279595e-2,2.254406e-2,1.460847e-2,1.154296e-2,1.123817e-2,1.163944e-2,1.186967e-2,1.228320e-2,1.250925e-2,1.260627e-2,2.240632e-2,1.739509e-2,1.674521e-2,1.702444e-2,1.722342e-2,1.748408e-2,1.735432e-2,1.728437e-2,1.875778e-2,1.618983e-2,1.525118e-2,1.472290e-2,1.419534e-2,1.404417e-2,1.390083e-2,1.376910e-2,2.421062e-2,1.972935e-2,1.885758e-2,1.899126e-2,1.904103e-2,1.892682e-2,1.879606e-2,1.871075e-2,2.794137e-2,2.540637e-2,2.536786e-2,2.491408e-2,2.474790e-2,2.501166e-2,2.502543e-2,2.494347e-2,2.176732e-2,1.970532e-2,1.877233e-2,1.837567e-2,1.778773e-2,1.762912e-2,1.734188e-2,1.741988e-2,3.502696e-2,2.561444e-2,2.359472e-2,2.306297e-2,2.270482e-2,2.264101e-2,2.220231e-2,2.211839e-2,2.506992e-2,2.153523e-2,2.053946e-2,2.063802e-2,2.033923e-2,2.052775e-2,2.063646e-2,2.076109e-2,1.763886e-2,1.369324e-2,1.341331e-2,1.362344e-2,1.406496e-2,1.441041e-2,1.482594e-2,1.498180e-2,2.406488e-2,1.997118e-2,1.910003e-2,1.886542e-2,1.859595e-2,1.827448e-2,1.797168e-2,1.800459e-2,2.313741e-2,1.888091e-2,1.747556e-2,1.731823e-2,1.724437e-2,1.716073e-2,1.707336e-2,1.696878e-2,2.131287e-2,1.851882e-2,1.793847e-2,1.798291e-2,1.773183e-2,1.752562e-2,1.757199e-2,1.750175e-2,1.742240e-2,1.536664e-2,1.539393e-2,1.563560e-2,1.592364e-2,1.588437e-2,1.591894e-2,1.547663e-2,2.309077e-2,1.857547e-2,1.816409e-2,1.781821e-2,1.768398e-2,1.779772e-2,1.789186e-2,1.779391e-2,2.060527e-2,1.623428e-2,1.491367e-2,1.450559e-2,1.420822e-2,1.427423e-2,1.412778e-2,1.392038e-2,1.975041e-2,1.726941e-2,1.671766e-2,1.636779e-2,1.619189e-2,1.594392e-2,1.599907e-2,1.574810e-2],