{"n_vecs":131072,"dim":64,"block_size":512,"n_blocks":256,"variance_ratio":0.95,"per_block_mean_mse":1.187806e-2,"layer_pooled_mean_mse":1.626677e-2,"first_block_mean_mse":1.034065e-1,"pooled_over_per_block_mean":1.3695,"pooled_over_per_block_median":1.4758,"pooled_over_per_block_max":1.8993,"first_over_per_block_mean":8.7057,"first_over_per_block_median":8.6355,"first_over_per_block_max":13.2198,"pooled_d_eff":58,"first_d_eff":44,"per_block_d_eff":[44,42,42,42,42,42,42,42,37,36,35,35,35,35,35,35,40,38,38,38,38,38,38,38,38,35,35,35,35,35,35,35,43,40,40,40,40,40,40,40,40,39,39,39,39,39,39,39,44,43,43,43,43,43,43,43,43,40,40,40,40,40,40,40,41,40,40,40,40,40,40,40,43,40,40,39,39,39,39,39,42,41,41,41,41,41,41,41,41,38,38,38,38,38,38,38,42,40,40,40,41,41,41,40,45,43,43,43,43,43,43,43,43,42,42,42,42,42,42,42,43,41,41,41,41,41,41,41,41,40,40,40,40,40,40,40,41,39,39,39,39,39,39,39,44,43,43,43,43,43,43,43,43,42,41,41,41,41,41,41,42,41,41,41,41,41,41,41,44,42,41,41,41,41,41,41,39,36,36,36,36,36,36,36,43,42,42,42,42,42,42,42,45,43,43,43,43,43,43,43,40,38,38,38,38,38,38,38,43,41,41,41,41,41,41,41,41,40,40,39,40,40,40,40,44,43,43,43,43,43,43,43,43,42,42,42,42,42,42,42,43,41,41,41,41,41,41,41,44,42,42,42,42,42,42,42],"per_block_mses":[1.031869e-2,9.920531e-3,9.640422e-3,9.500058e-3,9.456834e-3,9.410839e-3,9.413798e-3,9.397197e-3,1.993551e-2,1.566840e-2,1.666128e-2,1.633665e-2,1.627164e-2,1.623668e-2,1.622360e-2,1.611830e-2,2.008267e-2,1.670090e-2,1.622120e-2,1.592376e-2,1.565733e-2,1.563971e-2,1.558552e-2,1.552075e-2,2.059160e-2,1.908293e-2,1.853879e-2,1.814342e-2,1.795802e-2,1.805133e-2,1.797815e-2,1.792163e-2,1.161901e-2,1.116166e-2,1.081565e-2,1.061403e-2,1.050496e-2,1.053174e-2,1.046125e-2,1.037837e-2,1.216631e-2,1.028589e-2,9.909873e-3,9.682478e-3,9.601386e-3,9.569553e-3,9.507496e-3,9.461174e-3,1.003751e-2,8.651242e-3,8.356770e-3,8.266654e-3,8.248038e-3,8.205361e-3,8.153779e-3,8.197679e-3,1.306343e-2,1.224491e-2,1.190849e-2,1.165389e-2,1.158226e-2,1.157062e-2,1.154482e-2,1.146896e-2,1.312319e-2,1.152870e-2,1.124080e-2,1.109082e-2,1.101910e-2,1.101516e-2,1.096559e-2,1.092281e-2,1.921010e-2,1.710819e-2,1.669820e-2,1.785326e-2,1.742493e-2,1.751687e-2,1.762563e-2,1.744062e-2,1.494944e-2,1.318537e-2,1.287682e-2,1.270793e-2,1.255309e-2,1.253426e-2,1.245609e-2,1.250929e-2,1.475527e-2,1.430829e-2,1.380808e-2,1.359496e-2,1.348951e-2,1.350466e-2,1.338589e-2,1.336717e-2,1.359228e-2,1.235810e-2,1.190245e-2,1.169641e-2,1.048652e-2,1.047888e-2,1.036766e-2,1.145348e-2,1.266834e-2,1.117890e-2,1.074977e-2,1.043492e-2,1.033243e-2,1.029723e-2,1.024012e-2,1.015863e-2,1.044382e-2,9.014821e-3,8.755076e-3,8.548532e-3,8.506997e-3,8.504331e-3,8.474958e-3,8.436425e-3,1.453731e-2,1.330299e-2,1.297206e-2,1.274083e-2,1.270144e-2,1.262230e-2,1.255401e-2,1.258080e-2,1.421351e-2,1.219353e-2,1.179455e-2,1.153488e-2,1.138921e-2,1.136390e-2,1.134882e-2,1.130462e-2,2.247693e-2,1.862651e-2,1.817879e-2,1.801858e-2,1.792096e-2,1.792302e-2,1.782837e-2,1.781077e-2,1.075936e-2,8.909192e-3,8.491248e-3,8.344037e-3,8.193728e-3,8.163655e-3,8.116550e-3,8.018883e-3,1.163219e-2,1.039786e-2,1.113723e-2,1.100579e-2,1.092851e-2,1.088361e-2,1.085141e-2,1.090046e-2,1.250693e-2,1.088650e-2,1.061042e-2,1.041624e-2,1.031832e-2,1.028843e-2,1.025771e-2,1.021849e-2,1.104282e-2,9.704213e-3,1.036786e-2,1.014815e-2,1.002979e-2,9.966787e-3,9.936088e-3,9.963871e-3,1.215201e-2,1.149092e-2,1.110634e-2,1.079838e-2,1.067382e-2,1.065687e-2,1.066453e-2,1.068269e-2,1.176728e-2,9.986894e-3,9.723174e-3,9.529184e-3,9.414234e-3,9.380987e-3,9.350830e-3,9.312780e-3,1.265093e-2,1.135559e-2,1.106840e-2,1.079480e-2,1.070546e-2,1.067769e-2,1.061087e-2,1.061224e-2,9.256455e-3,8.055059e-3,7.853560e-3,7.694453e-3,7.672614e-3,7.624867e-3,7.554165e-3,7.539437e-3,1.043479e-2,9.403286e-3,9.174462e-3,9.042222e-3,9.052851e-3,8.987960e-3,8.894096e-3,8.854813e-3,1.628094e-2,1.460162e-2,1.416337e-2,1.529489e-2,1.395830e-2,1.388919e-2,1.384463e-2,1.385746e-2,1.260730e-2,1.053540e-2,1.031660e-2,1.023655e-2,1.014185e-2,1.006088e-2,1.010104e-2,1.004969e-2,1.089253e-2,8.980105e-3,8.746167e-3,8.657511e-3,8.601641e-3,8.603588e-3,8.552589e-3,8.596693e-3,1.174156e-2,1.141276e-2,1.117940e-2,1.110365e-2,1.096789e-2,1.098305e-2,1.093970e-2,1.100010e-2,1.428144e-2,1.312527e-2,1.271779e-2,1.252843e-2,1.249718e-2,1.232435e-2,1.223441e-2,1.219344e-2],"layer_pooled_mses":[1.806493e-2,1.611034e-2,1.574539e-2,1.555945e-2,1.529761e-2,1.539517e-2,1.520793e-2,1.524861e-2,1.962354e-2,1.615335e-2,1.565556e-2,1.547508e-2,1.552608e-2,1.566619e-2,1.564197e-2,1.557828e-2,2.193070e-2,1.757721e-2,1.675390e-2,1.664279e-2,1.649037e-2,1.674684e-2,1.662516e-2,1.657514e-2,2.024677e-2,1.711755e-2,1.647644e-2,1.643536e-2,1.634239e-2,1.644185e-2,1.644861e-2,1.636700e-2,1.786291e-2,1.603199e-2,1.551200e-2,1.518444e-2,1.502036e-2,1.499461e-2,1.489972e-2,1.484716e-2,1.361877e-2,1.236902e-2,1.192632e-2,1.171920e-2,1.157878e-2,1.152807e-2,1.149976e-2,1.151974e-2,1.662078e-2,1.484022e-2,1.432346e-2,1.411398e-2,1.390987e-2,1.399478e-2,1.390533e-2,1.387192e-2,1.663406e-2,1.409094e-2,1.378951e-2,1.366382e-2,1.366428e-2,1.362413e-2,1.346240e-2,1.346637e-2,1.855411e-2,1.703818e-2,1.667746e-2,1.666962e-2,1.651299e-2,1.643323e-2,1.630804e-2,1.650123e-2,2.493790e-2,1.988310e-2,1.889979e-2,1.868189e-2,1.903899e-2,1.931531e-2,1.908293e-2,1.925331e-2,2.121877e-2,1.886632e-2,1.852846e-2,1.828653e-2,1.816901e-2,1.825515e-2,1.838505e-2,1.841521e-2,1.988702e-2,1.691209e-2,1.629627e-2,1.604742e-2,1.598025e-2,1.599894e-2,1.592335e-2,1.596128e-2,2.077690e-2,1.748915e-2,1.681768e-2,1.640405e-2,1.620390e-2,1.609392e-2,1.601691e-2,1.612827e-2,2.141408e-2,1.844695e-2,1.767173e-2,1.729488e-2,1.706947e-2,1.694351e-2,1.696562e-2,1.683051e-2,1.614580e-2,1.371231e-2,1.299212e-2,1.281943e-2,1.258572e-2,1.248490e-2,1.243799e-2,1.246725e-2,2.187557e-2,1.989853e-2,1.934410e-2,1.907687e-2,1.893766e-2,1.893987e-2,1.908617e-2,1.899206e-2,1.957428e-2,1.829048e-2,1.740589e-2,1.710089e-2,1.697697e-2,1.701346e-2,1.685519e-2,1.691472e-2,2.666012e-2,2.254138e-2,2.178367e-2,2.173698e-2,2.167178e-2,2.175506e-2,2.177816e-2,2.145334e-2,1.823929e-2,1.575525e-2,1.525753e-2,1.495446e-2,1.486109e-2,1.480861e-2,1.483484e-2,1.466831e-2,2.006464e-2,1.835821e-2,1.784182e-2,1.747502e-2,1.742076e-2,1.732173e-2,1.743823e-2,1.741211e-2,1.848659e-2,1.702917e-2,1.628238e-2,1.601258e-2,1.590372e-2,1.601176e-2,1.598127e-2,1.585482e-2,1.741814e-2,1.474724e-2,1.439724e-2,1.410851e-2,1.400561e-2,1.410282e-2,1.411281e-2,1.400117e-2,1.442503e-2,1.330858e-2,1.304840e-2,1.293095e-2,1.294782e-2,1.292338e-2,1.286183e-2,1.287013e-2,1.710871e-2,1.514631e-2,1.474181e-2,1.478110e-2,1.447302e-2,1.470007e-2,1.458039e-2,1.471455e-2,1.925170e-2,1.683725e-2,1.620117e-2,1.581465e-2,1.551539e-2,1.548324e-2,1.554959e-2,1.539342e-2,1.758102e-2,1.451655e-2,1.385142e-2,1.351546e-2,1.340643e-2,1.330885e-2,1.327125e-2,1.313601e-2,1.646621e-2,1.450228e-2,1.415779e-2,1.412945e-2,1.381549e-2,1.389839e-2,1.380321e-2,1.376570e-2,1.877177e-2,1.739842e-2,1.706496e-2,1.700272e-2,1.708563e-2,1.712086e-2,1.699597e-2,1.718871e-2,1.835641e-2,1.618053e-2,1.574767e-2,1.525073e-2,1.517217e-2,1.514772e-2,1.501068e-2,1.492123e-2,1.692109e-2,1.474433e-2,1.416907e-2,1.387752e-2,1.370370e-2,1.376168e-2,1.376306e-2,1.366353e-2,1.727132e-2,1.531771e-2,1.492525e-2,1.463939e-2,1.450940e-2,1.446289e-2,1.424333e-2,1.430217e-2,2.208590e-2,1.914998e-2,1.872130e-2,1.838311e-2,1.822503e-2,1.839366e-2,1.832954e-2,1.835964e-2],