{"n_vecs":131072,"dim":64,"block_size":512,"n_blocks":256,"variance_ratio":0.95,"per_block_mean_mse":8.959492e-2,"layer_pooled_mean_mse":3.168799e-1,"first_block_mean_mse":2.192457e0,"pooled_over_per_block_mean":3.5368,"pooled_over_per_block_median":3.5984,"pooled_over_per_block_max":11.4832,"first_over_per_block_mean":24.4708,"first_over_per_block_median":21.3302,"first_over_per_block_max":73.6092,"pooled_d_eff":48,"first_d_eff":48,"per_block_d_eff":[48,46,46,45,45,45,45,45,47,46,46,46,46,46,46,46,41,40,39,39,39,39,39,39,42,40,40,40,40,40,40,40,44,43,43,43,43,43,43,43,39,37,37,37,37,37,37,37,45,43,43,43,43,43,43,43,40,39,38,38,38,38,38,38,42,40,40,39,39,39,39,39,37,35,35,35,35,35,35,35,40,38,38,38,38,38,38,38,48,47,47,47,46,46,46,46,45,43,43,43,43,43,43,43,41,39,39,39,39,39,39,39,45,43,43,43,43,43,43,43,38,35,35,35,35,35,35,35,41,39,39,39,39,39,39,39,44,43,43,43,43,43,43,43,35,33,33,33,32,32,33,33,40,38,38,38,38,38,38,38,41,39,39,39,39,39,39,39,15,13,13,13,13,13,13,13,33,31,31,31,31,31,31,31,46,45,44,44,44,44,44,44,38,35,35,35,35,35,35,35,47,46,45,45,45,45,45,45,37,36,36,36,36,36,36,36,44,42,41,41,41,41,41,41,45,43,43,43,43,42,42,42,42,40,40,40,40,40,40,39,45,43,43,43,43,43,43,43,43,42,41,41,41,41,41,41],"per_block_mses":[4.385843e-2,4.574964e-2,4.478648e-2,4.806071e-2,4.771863e-2,4.782455e-2,4.721376e-2,4.756640e-2,1.387730e-1,1.393812e-1,1.377787e-1,1.369700e-1,1.363372e-1,1.363267e-1,1.367963e-1,1.360062e-1,1.036083e-1,9.984043e-2,1.070747e-1,1.060183e-1,1.054503e-1,1.052283e-1,1.047028e-1,1.042533e-1,9.080994e-2,9.414654e-2,9.212253e-2,9.128896e-2,9.072382e-2,9.150386e-2,9.082136e-2,9.040893e-2,3.546749e-2,3.317052e-2,3.213693e-2,3.187089e-2,3.175265e-2,3.212137e-2,3.177359e-2,3.175235e-2,1.194869e-1,1.255703e-1,1.232530e-1,1.231536e-1,1.222738e-1,1.229914e-1,1.225094e-1,1.225936e-1,7.083676e-2,7.439225e-2,7.329111e-2,7.330559e-2,7.303575e-2,7.322423e-2,7.289658e-2,7.230235e-2,1.046607e-1,1.019473e-1,1.084241e-1,1.077292e-1,1.064380e-1,1.069785e-1,1.064703e-1,1.059626e-1,8.561967e-2,9.112630e-2,8.879139e-2,9.491977e-2,9.455234e-2,9.441882e-2,9.399638e-2,9.364413e-2,1.012502e-1,1.074214e-1,1.055754e-1,1.049924e-1,1.052034e-1,1.053067e-1,1.044168e-1,1.043067e-1,8.691526e-2,9.197486e-2,8.999672e-2,8.884992e-2,8.810809e-2,8.813191e-2,8.743763e-2,8.790000e-2,3.879748e-2,3.778998e-2,3.733892e-2,3.728518e-2,4.123554e-2,4.143694e-2,4.097843e-2,4.074134e-2,8.159117e-2,8.515141e-2,8.343665e-2,8.250943e-2,8.212869e-2,8.245648e-2,8.169765e-2,8.149114e-2,1.215040e-1,1.283537e-1,1.250625e-1,1.235324e-1,1.227341e-1,1.218932e-1,1.216295e-1,1.221288e-1,5.674400e-2,6.012782e-2,5.837173e-2,5.765709e-2,5.707403e-2,5.722585e-2,5.686835e-2,5.691627e-2,9.793063e-2,1.081147e-1,1.065797e-1,1.053545e-1,1.044295e-1,1.052194e-1,1.053442e-1,1.051216e-1,1.016025e-1,1.066531e-1,1.044250e-1,1.037446e-1,1.029952e-1,1.034642e-1,1.033341e-1,1.026477e-1,8.878846e-2,8.656596e-2,8.499308e-2,8.388388e-2,8.347950e-2,8.431764e-2,8.466469e-2,8.434497e-2,8.852990e-2,9.078124e-2,8.910762e-2,8.913436e-2,9.504265e-2,9.551701e-2,8.931269e-2,8.970287e-2,1.214331e-1,1.269399e-1,1.235768e-1,1.217402e-1,1.212459e-1,1.218296e-1,1.208427e-1,1.204118e-1,8.675952e-2,8.921818e-2,8.705484e-2,8.605237e-2,8.524242e-2,8.632014e-2,8.503887e-2,8.505995e-2,1.116692e-1,1.188805e-1,1.171136e-1,1.162299e-1,1.166399e-1,1.161147e-1,1.154097e-1,1.151345e-1,1.054442e-1,1.072818e-1,1.053372e-1,1.046204e-1,1.046354e-1,1.047222e-1,1.049531e-1,1.038463e-1,7.347163e-2,7.014585e-2,7.499769e-2,7.363110e-2,7.329145e-2,7.315226e-2,7.261081e-2,7.308175e-2,9.450454e-2,1.019682e-1,9.998886e-2,9.949780e-2,9.910671e-2,9.942011e-2,9.937563e-2,9.860263e-2,6.129091e-2,5.730800e-2,6.285741e-2,6.198932e-2,6.149718e-2,6.209025e-2,6.139720e-2,6.135656e-2,1.196334e-1,1.160321e-1,1.141050e-1,1.130040e-1,1.120298e-1,1.123505e-1,1.124326e-1,1.132483e-1,7.615058e-2,8.014630e-2,8.489966e-2,8.338722e-2,8.250070e-2,8.329119e-2,8.284969e-2,8.330946e-2,6.321045e-2,6.490770e-2,6.395188e-2,6.321739e-2,6.290755e-2,6.815146e-2,6.817410e-2,6.794438e-2,9.808254e-2,9.989625e-2,9.751004e-2,9.660101e-2,9.636371e-2,9.629859e-2,9.614865e-2,1.024836e-1,6.726111e-2,7.088479e-2,6.998576e-2,6.990787e-2,6.967175e-2,7.052916e-2,6.907963e-2,6.915662e-2,8.882299e-2,8.427317e-2,9.044719e-2,8.855003e-2,8.796931e-2,8.823475e-2,8.793602e-2,8.813933e-2],"layer_pooled_mses":[3.016009e-1,2.728530e-1,2.402006e-1,2.221966e-1,2.218031e-1,2.333900e-1,2.795020e-1,3.253294e-1,4.762015e-1,4.538450e-1,4.485197e-1,4.479372e-1,4.503881e-1,4.616376e-1,4.770848e-1,4.740872e-1,2.949905e-1,3.221435e-1,3.525158e-1,3.692414e-1,3.820118e-1,3.765176e-1,3.604356e-1,3.588886e-1,4.349386e-1,4.020141e-1,3.647683e-1,3.560428e-1,3.384677e-1,3.306051e-1,3.352008e-1,3.735020e-1,3.512162e-1,2.869851e-1,2.706197e-1,2.737398e-1,2.791912e-1,2.678799e-1,2.639346e-1,2.814254e-1,2.743847e-1,2.358498e-1,2.218563e-1,2.248625e-1,2.448449e-1,2.523613e-1,2.690440e-1,3.156738e-1,3.531585e-1,3.725733e-1,3.736333e-1,3.625811e-1,3.486038e-1,3.445547e-1,3.345454e-1,3.889085e-1,2.328529e-1,2.385235e-1,2.287021e-1,2.266179e-1,2.346049e-1,2.355521e-1,2.276163e-1,2.356477e-1,1.609538e-1,1.496299e-1,1.490063e-1,1.434113e-1,1.401358e-1,1.487638e-1,1.609665e-1,1.826894e-1,2.218488e-1,2.299922e-1,2.343082e-1,2.377609e-1,2.370623e-1,2.257916e-1,2.225247e-1,2.473366e-1,5.539030e-1,4.585146e-1,4.291400e-1,4.444441e-1,4.504762e-1,4.611517e-1,4.782023e-1,5.241794e-1,4.131172e-1,3.947984e-1,3.925576e-1,3.835844e-1,3.902695e-1,4.038247e-1,4.310973e-1,4.678421e-1,3.215806e-1,3.281386e-1,3.212592e-1,2.988405e-1,3.063975e-1,3.191631e-1,3.042653e-1,3.005276e-1,3.419401e-1,2.995429e-1,2.699712e-1,2.461120e-1,2.406478e-1,2.374337e-1,2.373860e-1,2.519001e-1,2.958186e-1,2.920688e-1,3.030830e-1,3.092844e-1,3.145854e-1,3.067293e-1,2.864043e-1,2.830907e-1,6.296110e-1,4.156991e-1,4.944566e-1,6.107823e-1,5.814382e-1,5.355848e-1,5.323131e-1,7.048373e-1,3.577294e-1,3.601388e-1,3.860960e-1,3.828793e-1,3.617595e-1,3.566569e-1,3.592626e-1,3.633865e-1,3.571888e-1,3.361687e-1,3.166617e-1,3.018475e-1,2.909998e-1,2.781988e-1,2.686519e-1,2.801955e-1,1.721116e-1,1.488476e-1,1.475585e-1,1.664278e-1,1.836464e-1,1.837161e-1,1.705165e-1,1.598406e-1,3.290174e-1,2.944233e-1,2.690693e-1,2.557031e-1,2.278764e-1,2.217550e-1,2.232349e-1,2.483110e-1,2.475442e-1,2.379894e-1,2.360365e-1,2.376028e-1,2.398302e-1,2.307001e-1,2.216129e-1,2.205868e-1,4.676604e-1,2.789462e-1,3.562990e-1,5.923913e-1,6.378332e-1,2.244985e-1,3.032921e-1,4.577595e-1,4.899058e-1,4.971785e-1,5.200309e-1,5.427033e-1,5.495875e-1,5.139764e-1,5.264265e-1,5.424539e-1,3.039681e-1,2.820406e-1,2.722323e-1,2.769491e-1,2.858991e-1,2.870420e-1,2.933789e-1,2.944762e-1,2.039439e-1,2.006826e-1,1.978088e-1,1.932871e-1,1.869988e-1,1.860662e-1,1.823002e-1,1.800772e-1,3.538572e-1,3.437398e-1,3.470820e-1,3.616813e-1,3.610548e-1,3.420355e-1,3.356089e-1,3.480324e-1,2.182557e-1,2.034255e-1,2.029215e-1,2.147319e-1,2.211595e-1,2.229207e-1,2.219574e-1,2.424625e-1,4.138878e-1,3.766541e-1,3.759080e-1,4.116874e-1,3.730305e-1,3.931919e-1,3.913768e-1,3.917542e-1,4.193598e-1,4.242658e-1,4.029589e-1,3.733931e-1,3.810341e-1,3.661809e-1,3.855362e-1,3.984104e-1,2.387595e-1,2.068037e-1,1.964742e-1,1.882767e-1,1.854019e-1,1.841112e-1,1.870842e-1,2.026341e-1,2.537956e-1,2.309983e-1,2.267585e-1,2.338935e-1,2.322336e-1,2.221342e-1,2.157392e-1,2.317721e-1,3.736931e-1,3.328539e-1,2.881211e-1,2.884685e-1,2.805289e-1,3.558380e-1,3.891419e-1,3.147296e-1],