{"n_vecs":131072,"dim":64,"block_size":512,"n_blocks":256,"variance_ratio":0.95,"per_block_mean_mse":7.969257e-2,"layer_pooled_mean_mse":2.244919e-1,"first_block_mean_mse":1.797933e0,"pooled_over_per_block_mean":2.8170,"pooled_over_per_block_median":2.7020,"pooled_over_per_block_max":6.1360,"first_over_per_block_mean":22.5609,"first_over_per_block_median":21.8235,"first_over_per_block_max":47.6145,"pooled_d_eff":55,"first_d_eff":46,"per_block_d_eff":[46,45,45,45,45,45,45,46,48,46,46,46,46,46,46,47,40,37,37,37,37,38,38,38,38,36,36,36,36,36,36,36,47,44,44,44,44,44,44,44,49,47,47,47,47,47,47,47,38,37,38,38,38,38,38,38,45,42,42,42,42,42,42,42,41,40,40,40,40,40,40,40,44,42,42,42,42,42,42,42,43,41,41,40,40,41,40,41,40,38,39,39,39,39,38,39,42,40,40,39,39,39,40,40,49,47,47,47,47,47,47,47,42,40,40,39,40,40,40,40,39,37,37,37,37,37,37,37,44,43,42,42,42,43,43,43,43,41,41,40,40,40,40,41,43,41,41,41,41,41,41,41,43,42,42,41,42,42,42,42,38,37,37,37,37,37,37,37,47,45,45,44,45,45,45,45,47,44,43,43,43,43,43,44,40,39,39,39,39,39,39,39,42,40,39,39,40,40,40,40,45,43,43,43,43,43,43,43,42,40,40,39,39,39,39,40,47,45,45,45,45,45,45,46,40,39,39,39,39,39,39,39,44,42,41,41,41,41,41,42,42,38,38,38,38,38,38,39,46,45,45,45,46,46,46,46],"per_block_mses":[5.243198e-2,4.913452e-2,4.874215e-2,4.829544e-2,4.832778e-2,4.865912e-2,4.894068e-2,4.437013e-2,5.192658e-2,5.102867e-2,5.014967e-2,4.899391e-2,4.913580e-2,4.902187e-2,4.952531e-2,4.531172e-2,1.094999e-1,1.172538e-1,1.167266e-1,1.153339e-1,1.152389e-1,1.075659e-1,1.075630e-1,1.079553e-1,8.245908e-2,8.741766e-2,8.691460e-2,8.538308e-2,8.458632e-2,8.417318e-2,8.539463e-2,8.537839e-2,5.307948e-2,5.780474e-2,5.727278e-2,5.610743e-2,5.610235e-2,5.598015e-2,5.626071e-2,5.669366e-2,5.252290e-2,5.291300e-2,5.227486e-2,5.151868e-2,5.186221e-2,5.138492e-2,5.157979e-2,5.167286e-2,9.665390e-2,9.630750e-2,8.720990e-2,8.728379e-2,8.702576e-2,8.600954e-2,8.556310e-2,8.604882e-2,7.641892e-2,8.063948e-2,7.979733e-2,7.782901e-2,7.843271e-2,7.826842e-2,7.874928e-2,7.950619e-2,7.984428e-2,8.075249e-2,8.116286e-2,8.198411e-2,8.148774e-2,8.068048e-2,8.047295e-2,7.950712e-2,1.014687e-1,1.003456e-1,1.000152e-1,9.912867e-2,1.004358e-1,9.933173e-2,1.000681e-1,1.010307e-1,8.906064e-2,8.220562e-2,8.042224e-2,8.585947e-2,8.621088e-2,7.850202e-2,8.531685e-2,8.015601e-2,7.855424e-2,8.398900e-2,7.752795e-2,7.629023e-2,7.618063e-2,7.463669e-2,8.063809e-2,7.570147e-2,7.109949e-2,7.699973e-2,7.618466e-2,8.181938e-2,8.170223e-2,8.096204e-2,7.507103e-2,7.474888e-2,5.871189e-2,5.963231e-2,5.857558e-2,5.788458e-2,5.813868e-2,5.772002e-2,5.816631e-2,5.837096e-2,9.203401e-2,8.953716e-2,8.825251e-2,9.380870e-2,8.694626e-2,8.649450e-2,8.699473e-2,8.723315e-2,1.146059e-1,1.148305e-1,1.141055e-1,1.115614e-1,1.109180e-1,1.104141e-1,1.122514e-1,1.119122e-1,8.183469e-2,7.147921e-2,7.737005e-2,7.550524e-2,7.661779e-2,6.981200e-2,6.956359e-2,6.896680e-2,1.084979e-1,1.104481e-1,1.102290e-1,1.195066e-1,1.196170e-1,1.175923e-1,1.178685e-1,1.094869e-1,7.929912e-2,8.217432e-2,8.025863e-2,7.878817e-2,7.846906e-2,7.776702e-2,7.815652e-2,7.775680e-2,9.146708e-2,8.179600e-2,8.112330e-2,8.730539e-2,8.055558e-2,8.072568e-2,8.110092e-2,8.150294e-2,9.299752e-2,9.219865e-2,8.967888e-2,8.831854e-2,8.838180e-2,8.700418e-2,8.791748e-2,8.737264e-2,6.029973e-2,5.804837e-2,5.760012e-2,6.229732e-2,5.701145e-2,5.705753e-2,5.812123e-2,5.862070e-2,5.747421e-2,5.910629e-2,6.386158e-2,6.291571e-2,6.305067e-2,6.328156e-2,6.398295e-2,5.880557e-2,9.102080e-2,9.239680e-2,9.134991e-2,9.006652e-2,9.012958e-2,8.955091e-2,9.224994e-2,9.178995e-2,8.788938e-2,8.443906e-2,9.077374e-2,8.973548e-2,8.372746e-2,8.354581e-2,8.399421e-2,8.463299e-2,9.531270e-2,9.584500e-2,9.534148e-2,9.405129e-2,9.471252e-2,9.368956e-2,9.436271e-2,9.415629e-2,1.074679e-1,9.982658e-2,9.770789e-2,1.034157e-1,1.035718e-1,1.026741e-1,1.026900e-1,9.619530e-2,4.309770e-2,4.342509e-2,4.318422e-2,4.290463e-2,4.324231e-2,4.351613e-2,4.392530e-2,4.077226e-2,9.128970e-2,9.164347e-2,9.017177e-2,8.807069e-2,8.752754e-2,8.714680e-2,8.767047e-2,8.787051e-2,8.749130e-2,8.250040e-2,8.977714e-2,8.818251e-2,8.861991e-2,8.780058e-2,8.805882e-2,8.149651e-2,8.025044e-2,8.835693e-2,8.700406e-2,8.543881e-2,8.633813e-2,8.630908e-2,8.628016e-2,8.083100e-2,6.273092e-2,6.582159e-2,6.579336e-2,6.477843e-2,6.024237e-2,5.965083e-2,5.986319e-2,5.959343e-2],"layer_pooled_mses":[2.333646e-1,2.136865e-1,1.930385e-1,1.142435e-1,1.059086e-1,1.289788e-1,1.438418e-1,1.340335e-1,1.302971e-1,1.273086e-1,1.235988e-1,1.198928e-1,1.153406e-1,1.151087e-1,1.140965e-1,1.127435e-1,2.717919e-1,2.639123e-1,2.680340e-1,2.680301e-1,2.624629e-1,2.724196e-1,2.841733e-1,2.804539e-1,2.476222e-1,1.768030e-1,1.839367e-1,2.323729e-1,2.832989e-1,2.597978e-1,2.291336e-1,2.319109e-1,2.507519e-1,2.382597e-1,2.260767e-1,2.172511e-1,2.178603e-1,2.145868e-1,2.192254e-1,2.172245e-1,1.437857e-1,1.444510e-1,1.429371e-1,1.433526e-1,1.447224e-1,1.432366e-1,1.395990e-1,1.422819e-1,1.607549e-1,1.732026e-1,1.527384e-1,1.690651e-1,1.823824e-1,1.771888e-1,1.521095e-1,1.703522e-1,1.936526e-1,1.900531e-1,1.900277e-1,1.872458e-1,2.310390e-1,2.432392e-1,2.109769e-1,2.191781e-1,3.843008e-1,2.805670e-1,2.701796e-1,3.422159e-1,3.078906e-1,2.869612e-1,2.348985e-1,2.424116e-1,2.307438e-1,2.224771e-1,2.286380e-1,2.230532e-1,2.223276e-1,2.382116e-1,2.588662e-1,2.723500e-1,2.205254e-1,2.484602e-1,2.243562e-1,2.093542e-1,2.052909e-1,2.225340e-1,2.481578e-1,2.435742e-1,1.586608e-1,1.231470e-1,1.724188e-1,1.512525e-1,2.421142e-1,2.192558e-1,1.826727e-1,2.084837e-1,1.437674e-1,1.501859e-1,1.307758e-1,1.446994e-1,1.502908e-1,1.140908e-1,1.158110e-1,1.293513e-1,1.926169e-1,1.933803e-1,1.862619e-1,1.854732e-1,1.809114e-1,1.789964e-1,1.766810e-1,1.773620e-1,3.671927e-1,3.566003e-1,3.443437e-1,3.336891e-1,3.359411e-1,3.259635e-1,3.223594e-1,3.302613e-1,4.571385e-1,4.772056e-1,4.850026e-1,4.757962e-1,4.671999e-1,4.625018e-1,4.615931e-1,4.526632e-1,2.344301e-1,2.573285e-1,2.495142e-1,2.393954e-1,2.286549e-1,2.339466e-1,2.344072e-1,2.326258e-1,2.834277e-1,3.299587e-1,3.558345e-1,3.565752e-1,3.791189e-1,4.376831e-1,3.141996e-1,3.201009e-1,1.287471e-1,1.405834e-1,1.923728e-1,2.444798e-1,1.432115e-1,1.594229e-1,1.719517e-1,2.279590e-1,2.444308e-1,2.411055e-1,2.311076e-1,2.242524e-1,2.213292e-1,2.173474e-1,2.189469e-1,2.202217e-1,2.830643e-1,2.870634e-1,3.271593e-1,2.257946e-1,2.212913e-1,2.237222e-1,1.698110e-1,1.875230e-1,1.662308e-1,1.615010e-1,1.518023e-1,1.573764e-1,1.500151e-1,1.465402e-1,1.397785e-1,1.380408e-1,1.371556e-1,1.456904e-1,1.471052e-1,1.383886e-1,1.293294e-1,1.397416e-1,1.421784e-1,1.403729e-1,2.397523e-1,1.753699e-1,1.872849e-1,2.062670e-1,2.377562e-1,2.283380e-1,1.962528e-1,2.447861e-1,2.414773e-1,2.794329e-1,2.631665e-1,2.628192e-1,2.504320e-1,2.464510e-1,2.532033e-1,2.512139e-1,3.075444e-1,4.195991e-1,3.228402e-1,3.938695e-1,3.794962e-1,4.323700e-1,4.495526e-1,3.190011e-1,2.193788e-1,2.280897e-1,2.616794e-1,2.866394e-1,2.566710e-1,2.188794e-1,2.118318e-1,2.262183e-1,2.644476e-1,1.897501e-1,1.154097e-1,1.154768e-1,1.118218e-1,1.529367e-1,1.405732e-1,1.390850e-1,2.387357e-1,2.333913e-1,2.365703e-1,3.241480e-1,2.860949e-1,2.084699e-1,2.488576e-1,3.660474e-1,2.108854e-1,2.175181e-1,2.132266e-1,2.063942e-1,2.098481e-1,2.125292e-1,2.002202e-1,1.996835e-1,2.274538e-1,2.504759e-1,2.520353e-1,2.460721e-1,2.464882e-1,2.521617e-1,2.574995e-1,2.569753e-1,1.051063e-1,1.071049e-1,9.351328e-2,9.773836e-2,1.084790e-1,1.209754e-1,1.105372e-1,1.032631e-1],