{"n_vecs":131072,"dim":64,"block_size":512,"n_blocks":256,"variance_ratio":0.95,"per_block_mean_mse":5.807847e-2,"layer_pooled_mean_mse":6.821849e-2,"first_block_mean_mse":4.244315e-1,"pooled_over_per_block_mean":1.1746,"pooled_over_per_block_median":1.2854,"pooled_over_per_block_max":1.7155,"first_over_per_block_mean":7.3079,"first_over_per_block_median":7.6266,"first_over_per_block_max":14.7918,"pooled_d_eff":59,"first_d_eff":46,"per_block_d_eff":[46,43,43,43,43,43,43,43,44,42,41,41,41,41,41,42,48,42,42,42,42,42,42,42,45,39,39,39,40,40,40,40,42,36,36,36,36,36,36,36,47,41,41,41,41,41,41,42,43,39,39,39,39,39,39,40,45,40,40,40,40,40,40,41,45,40,40,40,40,40,40,41,46,41,41,41,41,41,41,41,44,41,41,41,41,41,41,41,46,40,40,41,41,41,41,41,41,38,38,38,38,38,38,39,45,41,41,41,41,41,41,41,45,40,40,40,40,40,40,40,45,40,40,40,40,40,40,40,43,39,39,39,39,39,39,40,47,41,41,41,42,41,41,42,45,39,40,40,40,39,40,40,43,40,40,40,40,40,40,41,42,39,39,39,39,39,39,39,45,42,42,42,42,42,42,42,45,42,42,42,42,42,42,42,45,41,41,40,41,40,40,41,44,41,41,41,41,41,41,41,46,41,41,41,41,41,41,41,44,41,41,41,41,40,40,41,48,43,43,43,43,43,43,43,48,43,42,42,42,42,42,43,44,38,38,38,38,38,38,39,39,33,32,32,32,32,32,33,42,39,39,39,39,39,39,39],"per_block_mses":[9.161523e-2,8.710039e-2,8.671092e-2,8.523244e-2,8.433834e-2,8.366734e-2,8.335280e-2,8.527375e-2,9.217347e-2,8.852074e-2,9.734899e-2,9.584283e-2,9.617162e-2,9.678328e-2,9.654466e-2,8.815665e-2,4.036632e-2,3.964985e-2,3.918683e-2,3.812831e-2,3.799631e-2,3.782162e-2,3.778642e-2,3.953335e-2,3.548427e-2,3.128704e-2,3.079675e-2,2.998400e-2,2.762800e-2,2.738890e-2,2.710684e-2,2.816679e-2,5.302658e-2,4.754828e-2,4.752013e-2,4.658593e-2,4.671607e-2,4.651409e-2,4.609205e-2,4.752698e-2,3.865052e-2,3.343227e-2,3.235623e-2,3.140610e-2,3.149277e-2,3.140957e-2,3.151362e-2,3.048307e-2,7.017894e-2,6.238383e-2,6.198734e-2,6.143678e-2,6.136848e-2,6.201562e-2,6.272171e-2,6.034517e-2,3.881236e-2,3.126283e-2,3.074274e-2,2.972048e-2,2.997535e-2,3.043246e-2,3.022182e-2,2.930680e-2,3.792065e-2,3.116500e-2,3.055029e-2,2.962866e-2,2.967234e-2,2.936077e-2,2.950549e-2,2.913856e-2,4.197966e-2,4.090319e-2,4.074434e-2,3.976348e-2,3.943586e-2,3.914949e-2,3.887985e-2,3.964422e-2,7.557010e-2,7.875035e-2,7.822367e-2,7.696569e-2,7.633246e-2,7.694606e-2,7.702476e-2,7.866451e-2,3.283531e-2,2.634256e-2,2.626037e-2,2.368978e-2,2.380134e-2,2.370590e-2,2.377556e-2,2.544459e-2,1.272142e-1,1.327330e-1,1.340077e-1,1.326912e-1,1.334692e-1,1.329200e-1,1.338975e-1,1.228295e-1,6.510899e-2,6.959221e-2,6.836483e-2,6.674634e-2,6.706769e-2,6.674017e-2,6.676194e-2,6.830727e-2,4.216674e-2,3.290630e-2,3.175701e-2,3.085618e-2,3.100805e-2,3.113118e-2,3.089161e-2,3.310045e-2,3.540728e-2,2.685552e-2,2.533356e-2,2.487666e-2,2.463568e-2,2.427477e-2,2.444951e-2,2.562290e-2,7.083537e-2,6.385594e-2,6.286086e-2,6.131951e-2,6.111476e-2,6.114024e-2,6.125809e-2,5.890666e-2,4.460517e-2,4.194373e-2,4.068771e-2,4.018138e-2,3.689369e-2,4.052342e-2,4.028879e-2,3.863069e-2,2.952990e-2,2.548423e-2,2.304578e-2,2.230306e-2,2.206000e-2,2.379146e-2,2.167584e-2,2.303661e-2,1.079128e-1,1.213672e-1,1.213961e-1,1.206453e-1,1.205445e-1,1.209076e-1,1.208150e-1,1.109802e-1,1.099893e-1,1.153000e-1,1.159766e-1,1.140879e-1,1.136269e-1,1.139249e-1,1.133557e-1,1.151660e-1,6.970068e-2,6.637033e-2,6.473836e-2,6.320863e-2,6.359162e-2,6.334094e-2,6.282574e-2,6.412446e-2,6.765386e-2,6.899078e-2,6.875356e-2,6.851547e-2,6.903530e-2,6.942584e-2,7.021239e-2,7.078317e-2,6.470554e-2,6.652319e-2,6.647207e-2,7.202448e-2,6.547045e-2,7.185109e-2,7.139817e-2,6.790345e-2,8.058025e-2,8.418767e-2,8.429292e-2,8.328666e-2,8.418570e-2,8.496464e-2,8.506225e-2,8.687777e-2,3.743446e-2,3.150793e-2,3.050166e-2,2.960943e-2,2.922301e-2,2.888399e-2,2.897527e-2,3.062783e-2,8.846780e-2,9.217719e-2,9.220083e-2,9.085947e-2,9.020560e-2,9.912354e-2,9.956616e-2,9.344242e-2,3.015652e-2,2.408452e-2,2.368188e-2,2.364558e-2,2.365955e-2,2.345230e-2,2.346852e-2,2.456709e-2,3.877810e-2,3.213473e-2,3.398142e-2,3.293544e-2,3.269470e-2,3.269949e-2,3.270137e-2,3.139939e-2,3.640940e-2,3.231084e-2,3.234620e-2,3.171982e-2,3.148662e-2,3.173058e-2,3.170573e-2,3.005618e-2,6.275914e-2,5.052171e-2,5.288065e-2,5.138547e-2,5.191002e-2,5.105494e-2,5.082462e-2,5.088896e-2,8.702931e-2,9.115091e-2,9.153361e-2,9.092261e-2,9.161364e-2,9.160690e-2,9.235022e-2,9.418485e-2],"layer_pooled_mses":[1.169816e-1,1.097757e-1,1.113288e-1,1.105275e-1,1.100490e-1,1.097323e-1,1.103601e-1,1.071327e-1,1.124797e-1,1.149937e-1,1.162420e-1,1.168908e-1,1.165975e-1,1.175966e-1,1.193750e-1,1.193914e-1,6.297891e-2,5.397286e-2,5.156947e-2,4.940428e-2,4.863356e-2,4.861737e-2,4.856470e-2,4.863043e-2,5.017894e-2,4.640068e-2,4.525395e-2,4.455466e-2,4.399377e-2,4.367035e-2,4.389872e-2,4.364020e-2,5.802310e-2,5.288777e-2,5.220752e-2,5.264850e-2,5.263010e-2,5.291874e-2,5.353879e-2,5.254247e-2,6.159411e-2,4.887231e-2,4.750508e-2,4.630679e-2,4.559400e-2,4.620867e-2,4.616366e-2,4.542343e-2,8.477656e-2,7.277174e-2,6.944098e-2,6.850482e-2,6.802705e-2,6.912786e-2,6.997077e-2,7.106342e-2,5.386438e-2,4.466120e-2,4.343521e-2,4.332813e-2,4.409962e-2,4.376244e-2,4.373601e-2,4.417223e-2,5.214242e-2,4.330798e-2,4.143126e-2,4.071766e-2,4.105863e-2,4.158562e-2,4.127571e-2,4.059187e-2,5.642932e-2,5.432370e-2,5.366347e-2,5.289021e-2,5.320985e-2,5.327573e-2,5.357546e-2,5.407891e-2,8.658911e-2,8.565441e-2,8.728838e-2,8.758778e-2,8.650827e-2,8.836535e-2,8.850194e-2,8.770412e-2,4.870921e-2,3.796913e-2,3.670991e-2,3.567551e-2,3.601065e-2,3.492098e-2,3.507136e-2,3.552665e-2,1.175933e-1,1.168606e-1,1.142831e-1,1.116873e-1,1.122978e-1,1.121044e-1,1.129663e-1,1.126115e-1,8.179419e-2,7.907547e-2,7.772636e-2,7.729543e-2,7.565916e-2,7.620313e-2,7.629777e-2,7.521196e-2,5.708118e-2,4.283090e-2,4.195485e-2,4.072995e-2,4.132421e-2,4.160897e-2,4.122072e-2,4.155183e-2,5.287232e-2,4.300307e-2,4.026718e-2,3.984025e-2,3.954084e-2,3.811219e-2,3.781010e-2,3.791667e-2,7.846337e-2,7.006883e-2,6.940060e-2,6.881772e-2,6.782208e-2,6.864141e-2,6.838299e-2,6.779841e-2,6.534671e-2,5.467234e-2,5.414723e-2,5.268034e-2,5.125763e-2,5.099097e-2,5.121522e-2,5.173816e-2,4.546390e-2,3.453538e-2,3.340548e-2,3.232209e-2,3.182062e-2,3.100255e-2,3.064997e-2,3.092298e-2,1.215813e-1,1.200284e-1,1.178319e-1,1.160448e-1,1.179932e-1,1.165507e-1,1.159198e-1,1.162237e-1,9.623598e-2,9.235659e-2,9.421480e-2,9.419931e-2,9.488165e-2,9.586271e-2,9.717814e-2,9.689662e-2,8.595297e-2,8.703660e-2,8.657552e-2,8.523551e-2,8.556143e-2,8.678721e-2,8.751599e-2,8.724852e-2,7.810496e-2,7.947284e-2,7.998971e-2,7.909231e-2,8.064364e-2,8.234722e-2,8.129160e-2,8.167525e-2,8.211758e-2,8.307210e-2,8.189000e-2,8.195074e-2,8.191409e-2,8.264668e-2,8.383935e-2,8.582639e-2,8.819354e-2,9.145936e-2,9.378267e-2,9.271251e-2,9.294871e-2,9.274360e-2,9.484969e-2,9.652340e-2,6.187847e-2,5.059080e-2,4.874814e-2,4.818750e-2,4.869783e-2,4.954936e-2,4.962661e-2,4.992901e-2,9.512710e-2,9.923936e-2,9.949211e-2,9.892481e-2,9.797254e-2,9.855157e-2,1.003327e-1,9.977600e-2,4.185428e-2,3.867167e-2,3.774028e-2,3.650189e-2,3.556257e-2,3.577831e-2,3.543352e-2,3.545472e-2,5.772104e-2,5.291059e-2,5.195832e-2,5.023237e-2,4.994962e-2,5.117429e-2,5.035641e-2,5.076385e-2,5.103102e-2,4.326824e-2,4.318154e-2,4.353053e-2,4.430808e-2,4.528074e-2,4.538706e-2,4.552484e-2,8.291040e-2,6.284036e-2,5.802353e-2,5.460520e-2,5.381544e-2,5.329173e-2,5.450685e-2,5.768348e-2,9.096444e-2,8.692775e-2,8.496455e-2,8.419717e-2,8.435552e-2,8.488804e-2,8.487649e-2,8.540477e-2],