{"n_vecs":131072,"dim":64,"block_size":512,"n_blocks":256,"variance_ratio":0.95,"per_block_mean_mse":8.972540e-2,"layer_pooled_mean_mse":2.374723e-1,"first_block_mean_mse":2.574996e0,"pooled_over_per_block_mean":2.6467,"pooled_over_per_block_median":2.4864,"pooled_over_per_block_max":5.7776,"first_over_per_block_mean":28.6986,"first_over_per_block_median":27.6439,"first_over_per_block_max":67.1887,"pooled_d_eff":54,"first_d_eff":41,"per_block_d_eff":[41,39,38,38,38,38,38,38,44,42,42,42,42,42,42,42,40,37,37,37,37,37,37,37,44,42,42,42,42,42,42,42,44,42,42,42,42,42,42,42,40,39,38,38,38,39,38,39,44,41,40,40,40,40,40,40,41,40,40,40,40,40,40,40,42,40,40,40,40,40,40,40,40,39,39,39,39,39,38,38,47,45,45,45,45,45,45,45,42,40,41,41,41,41,41,41,44,43,42,43,42,42,42,42,35,33,33,33,33,33,33,33,44,42,41,41,41,41,41,41,41,40,39,39,39,39,39,39,42,40,40,40,40,40,40,40,44,43,42,43,43,43,43,43,42,40,40,40,40,40,40,40,43,41,41,41,41,41,41,41,43,42,41,41,41,41,41,41,44,42,41,41,40,40,40,40,42,41,41,41,41,41,41,41,41,40,40,40,40,40,40,40,44,42,42,42,42,42,42,42,45,43,42,42,42,42,42,42,38,37,38,38,38,38,38,39,43,41,41,40,40,40,40,40,42,40,40,40,40,40,40,40,39,37,37,36,36,36,36,36,40,39,39,39,39,39,39,39,43,42,42,42,42,42,42,42],"per_block_mses":[7.912561e-2,7.925863e-2,8.350152e-2,8.355595e-2,8.260844e-2,8.252253e-2,8.231381e-2,8.214806e-2,7.336312e-2,7.773769e-2,7.657928e-2,7.680309e-2,7.750821e-2,7.679367e-2,7.632633e-2,7.663343e-2,1.041235e-1,1.120127e-1,1.087177e-1,1.071551e-1,1.069443e-1,1.055289e-1,1.060156e-1,1.055185e-1,1.051351e-1,1.100294e-1,1.079261e-1,1.089132e-1,1.089705e-1,1.083488e-1,1.085458e-1,1.088918e-1,6.799606e-2,6.964711e-2,6.920690e-2,6.883737e-2,6.888985e-2,6.855749e-2,6.832994e-2,6.909669e-2,1.002601e-1,9.350306e-2,9.891470e-2,9.889282e-2,9.782118e-2,8.872290e-2,9.754575e-2,8.962338e-2,1.433096e-1,1.464226e-1,1.553199e-1,1.590462e-1,1.576432e-1,1.604326e-1,1.621893e-1,1.630429e-1,1.031812e-1,9.915466e-2,9.659491e-2,9.653998e-2,9.548793e-2,9.444119e-2,9.453356e-2,9.493349e-2,7.828035e-2,8.003349e-2,7.773375e-2,7.817655e-2,7.738895e-2,7.690317e-2,7.706181e-2,7.744726e-2,8.303385e-2,7.883843e-2,7.660582e-2,7.531462e-2,7.430245e-2,7.391717e-2,8.098605e-2,8.143231e-2,4.740238e-2,4.821438e-2,4.684930e-2,4.664616e-2,4.639300e-2,4.608607e-2,4.634762e-2,4.605553e-2,9.485347e-2,9.873340e-2,8.797808e-2,8.780834e-2,8.781617e-2,8.734704e-2,8.750891e-2,8.773978e-2,7.949442e-2,7.601249e-2,8.086655e-2,7.396867e-2,7.996046e-2,8.012456e-2,7.981934e-2,7.982669e-2,7.132551e-2,7.231872e-2,7.108050e-2,7.107423e-2,7.080066e-2,7.080405e-2,7.082789e-2,7.098429e-2,7.038772e-2,7.510334e-2,8.014235e-2,7.987465e-2,7.944187e-2,7.918998e-2,7.924132e-2,7.941325e-2,1.135380e-1,1.104713e-1,1.176992e-1,1.171311e-1,1.158519e-1,1.152267e-1,1.161483e-1,1.161223e-1,1.027282e-1,1.078839e-1,1.052175e-1,1.045684e-1,1.043658e-1,1.049025e-1,1.047772e-1,1.054898e-1,9.826862e-2,9.073175e-2,9.679990e-2,8.901224e-2,8.855945e-2,8.769911e-2,8.860315e-2,8.880370e-2,1.101835e-1,1.137212e-1,1.114762e-1,1.111797e-1,1.104653e-1,1.106291e-1,1.085327e-1,1.096686e-1,8.220064e-2,8.608439e-2,8.526322e-2,8.554653e-2,8.521414e-2,8.523854e-2,8.469280e-2,8.483877e-2,8.733278e-2,9.479724e-2,1.070014e-1,1.083301e-1,1.073862e-1,1.070193e-1,1.057787e-1,1.077045e-1,4.696202e-2,4.881436e-2,5.309367e-2,5.296602e-2,5.799165e-2,5.765945e-2,5.732849e-2,5.670250e-2,1.143100e-1,1.118709e-1,1.086081e-1,1.071513e-1,1.067765e-1,1.061860e-1,1.062465e-1,1.058459e-1,1.142476e-1,1.105594e-1,1.083202e-1,1.078488e-1,1.074682e-1,1.072959e-1,1.068628e-1,1.060457e-1,6.569517e-2,6.546027e-2,6.270206e-2,6.209125e-2,6.172093e-2,6.171492e-2,6.188287e-2,6.169048e-2,5.682497e-2,5.653696e-2,6.060976e-2,6.064083e-2,6.003603e-2,5.997808e-2,5.943684e-2,5.947228e-2,1.043237e-1,1.129023e-1,1.108025e-1,1.168799e-1,1.177617e-1,1.188044e-1,1.190920e-1,1.129771e-1,8.058752e-2,8.487981e-2,8.272395e-2,8.933120e-2,8.881328e-2,8.841370e-2,8.867573e-2,8.836203e-2,7.186358e-2,7.213689e-2,6.956509e-2,7.044338e-2,7.051652e-2,7.012185e-2,7.018220e-2,7.015603e-2,9.271596e-2,9.730966e-2,9.515216e-2,1.027231e-1,1.025138e-1,1.024796e-1,1.028989e-1,1.022533e-1,1.042184e-1,9.746622e-2,9.504716e-2,9.470771e-2,9.390440e-2,9.378118e-2,9.363574e-2,9.428458e-2,9.307101e-2,9.046525e-2,8.956783e-2,8.948801e-2,8.892706e-2,8.901168e-2,8.926871e-2,8.895836e-2],"layer_pooled_mses":[1.974992e-1,1.964067e-1,2.005323e-1,2.016498e-1,1.996213e-1,2.020016e-1,1.956229e-1,1.907106e-1,1.797663e-1,1.664165e-1,1.645066e-1,1.657902e-1,1.676552e-1,1.708553e-1,1.753060e-1,1.833531e-1,4.635884e-1,4.806457e-1,5.007546e-1,5.462361e-1,5.813726e-1,6.003983e-1,5.957227e-1,5.591266e-1,3.196605e-1,3.296571e-1,3.430848e-1,3.429666e-1,3.392186e-1,3.195812e-1,3.281565e-1,3.810365e-1,1.815506e-1,2.290513e-1,2.922976e-1,3.447814e-1,3.742353e-1,3.960948e-1,3.865999e-1,3.092738e-1,2.076353e-1,2.036785e-1,1.865767e-1,1.769704e-1,1.731838e-1,1.745244e-1,1.936471e-1,2.384562e-1,3.583842e-1,3.456265e-1,3.451557e-1,3.647751e-1,3.572752e-1,3.461409e-1,3.298040e-1,3.161890e-1,3.217428e-1,3.075941e-1,2.920137e-1,2.892137e-1,2.828176e-1,2.752880e-1,2.785875e-1,2.879974e-1,2.173219e-1,1.919137e-1,1.801194e-1,1.783807e-1,1.825835e-1,1.832678e-1,1.856629e-1,1.877126e-1,2.606799e-1,2.098445e-1,1.921597e-1,1.917954e-1,2.193760e-1,2.305085e-1,2.235807e-1,2.311917e-1,1.486128e-1,1.173785e-1,1.003306e-1,9.908566e-2,1.003259e-1,1.052303e-1,1.094506e-1,1.117378e-1,2.225738e-1,2.346001e-1,2.428799e-1,2.396121e-1,2.361916e-1,2.267834e-1,2.265306e-1,2.237670e-1,2.015743e-1,1.949054e-1,1.915038e-1,1.827099e-1,1.754154e-1,1.675297e-1,1.681636e-1,1.778230e-1,1.959543e-1,1.791513e-1,1.520038e-1,1.285966e-1,1.320449e-1,1.445289e-1,1.555510e-1,1.614436e-1,2.306123e-1,2.110885e-1,1.956769e-1,1.930534e-1,2.111246e-1,2.273906e-1,2.391925e-1,2.834332e-1,2.161160e-1,2.047710e-1,1.940930e-1,1.899765e-1,1.879992e-1,1.971261e-1,2.039907e-1,2.072694e-1,2.276422e-1,2.277542e-1,2.250541e-1,2.201657e-1,2.181142e-1,2.133699e-1,2.103961e-1,2.054890e-1,2.653789e-1,2.716464e-1,2.689584e-1,2.479113e-1,2.371941e-1,2.352981e-1,2.286268e-1,2.194504e-1,2.704677e-1,2.830614e-1,2.771911e-1,2.765015e-1,2.762934e-1,2.742570e-1,2.784067e-1,2.750180e-1,2.043834e-1,2.026569e-1,2.056312e-1,2.109384e-1,1.984111e-1,1.934651e-1,1.923852e-1,1.933414e-1,2.891842e-1,2.799676e-1,2.602594e-1,2.320410e-1,2.272335e-1,2.378273e-1,2.421605e-1,2.633999e-1,1.983972e-1,2.056230e-1,2.127081e-1,2.165801e-1,2.227490e-1,2.362346e-1,2.630044e-1,2.925914e-1,2.699918e-1,2.601937e-1,2.474493e-1,2.439238e-1,2.459212e-1,2.433974e-1,2.475302e-1,2.491648e-1,2.778993e-1,2.781679e-1,2.768284e-1,2.795994e-1,2.781140e-1,2.730429e-1,2.755721e-1,2.739857e-1,1.677743e-1,1.670723e-1,1.607558e-1,1.589676e-1,1.582641e-1,1.585525e-1,1.600460e-1,1.611509e-1,2.936019e-1,2.890191e-1,2.747233e-1,2.643163e-1,2.591835e-1,2.549248e-1,2.527316e-1,2.567931e-1,2.884234e-1,2.690085e-1,2.730116e-1,2.790412e-1,2.790814e-1,2.672112e-1,2.735049e-1,2.894967e-1,2.146914e-1,2.172757e-1,2.131186e-1,2.071043e-1,2.075403e-1,2.095028e-1,2.182867e-1,2.249925e-1,2.479491e-1,1.906304e-1,1.798498e-1,1.765564e-1,1.739474e-1,1.814232e-1,1.896216e-1,2.002539e-1,2.055087e-1,1.713827e-1,1.709324e-1,1.672799e-1,1.644056e-1,1.645436e-1,1.627304e-1,1.632053e-1,2.369935e-1,2.270022e-1,2.089235e-1,2.019830e-1,1.983593e-1,1.929918e-1,1.972704e-1,2.027544e-1,2.524952e-1,2.473796e-1,2.357352e-1,2.375972e-1,2.477646e-1,2.426385e-1,2.378773e-1,2.410803e-1],