{"n_vecs":131072,"dim":64,"block_size":512,"n_blocks":256,"variance_ratio":0.95,"per_block_mean_mse":1.891434e-2,"layer_pooled_mean_mse":2.561759e-2,"first_block_mean_mse":1.860473e-1,"pooled_over_per_block_mean":1.3544,"pooled_over_per_block_median":1.4359,"pooled_over_per_block_max":2.1060,"first_over_per_block_mean":9.8363,"first_over_per_block_median":9.6951,"first_over_per_block_max":21.0739,"pooled_d_eff":58,"first_d_eff":46,"per_block_d_eff":[46,39,38,38,39,39,39,40,43,35,35,35,35,36,35,36,42,33,33,33,34,34,34,35,40,32,32,32,33,33,33,34,45,37,37,37,37,37,37,38,42,34,34,35,35,35,35,35,46,39,39,39,39,39,39,40,47,39,39,39,39,39,39,40,45,38,38,37,37,37,37,38,46,41,41,41,41,41,41,41,42,36,36,36,36,36,36,37,45,38,38,38,38,38,38,39,45,40,39,40,40,39,39,40,43,35,34,34,35,35,34,35,43,39,38,38,38,38,38,38,39,32,31,31,31,31,31,32,42,34,33,33,34,34,34,35,46,39,39,39,39,39,39,39,45,37,37,37,37,37,37,38,44,36,36,36,36,36,36,37,41,32,31,31,32,32,32,33,45,37,37,37,38,38,37,38,43,35,35,35,35,35,35,36,38,31,31,30,31,31,30,31,40,33,33,33,34,34,33,34,46,39,38,38,38,38,38,39,42,33,32,32,32,32,32,33,41,33,33,32,33,33,32,33,46,38,38,37,38,38,37,38,43,35,35,35,35,35,35,36,40,32,31,31,32,32,32,33,44,37,37,38,38,37,37,38],"per_block_mses":[1.934775e-2,1.626986e-2,1.675469e-2,1.661694e-2,1.567754e-2,1.569159e-2,1.577744e-2,1.592854e-2,2.160662e-2,2.084891e-2,1.953330e-2,1.924207e-2,1.968075e-2,1.771999e-2,1.842341e-2,1.855139e-2,1.382812e-2,1.307238e-2,1.194225e-2,1.167269e-2,1.104628e-2,1.065652e-2,1.057873e-2,1.018099e-2,2.324472e-2,2.247529e-2,2.109197e-2,2.125951e-2,2.065146e-2,1.989297e-2,1.991434e-2,1.982019e-2,1.281106e-2,1.208465e-2,1.088004e-2,1.053053e-2,1.071190e-2,1.049591e-2,1.032444e-2,1.026010e-2,2.018433e-2,1.948568e-2,1.865175e-2,1.668874e-2,1.699698e-2,1.646166e-2,1.593560e-2,1.703534e-2,1.960010e-2,1.622418e-2,1.497114e-2,1.431606e-2,1.464119e-2,1.404831e-2,1.414937e-2,1.377658e-2,1.647766e-2,1.579303e-2,1.442524e-2,1.389020e-2,1.415750e-2,1.415308e-2,1.402834e-2,1.436204e-2,1.878243e-2,1.583465e-2,1.465961e-2,1.544526e-2,1.565354e-2,1.530824e-2,1.513939e-2,1.540499e-2,2.073781e-2,1.877144e-2,1.803251e-2,1.768956e-2,1.796239e-2,1.747137e-2,1.722594e-2,1.848298e-2,1.127271e-2,8.778673e-3,8.252114e-3,8.179567e-3,8.243264e-3,8.003510e-3,7.940575e-3,7.990009e-3,9.407787e-3,7.968130e-3,7.417529e-3,7.195146e-3,7.436010e-3,7.432757e-3,7.310100e-3,7.292335e-3,2.389877e-2,2.200468e-2,2.381871e-2,2.177362e-2,2.226094e-2,2.391253e-2,2.390819e-2,2.275503e-2,3.232798e-2,3.053438e-2,3.096824e-2,3.028903e-2,2.857642e-2,2.787868e-2,2.991929e-2,3.011590e-2,2.166025e-2,1.537332e-2,1.503027e-2,1.484043e-2,1.494790e-2,1.443117e-2,1.423501e-2,1.564665e-2,3.256880e-2,2.907300e-2,2.860908e-2,2.762467e-2,2.789422e-2,2.702610e-2,2.653616e-2,2.635620e-2,1.806915e-2,1.688860e-2,1.684198e-2,1.620419e-2,1.536162e-2,1.536969e-2,1.556284e-2,1.556998e-2,1.736410e-2,1.525584e-2,1.418734e-2,1.386140e-2,1.396368e-2,1.350089e-2,1.340265e-2,1.387349e-2,1.287395e-2,1.181454e-2,1.133482e-2,1.103236e-2,1.120589e-2,1.102020e-2,1.088622e-2,1.048297e-2,1.676340e-2,1.664397e-2,1.527637e-2,1.483317e-2,1.503194e-2,1.469291e-2,1.456239e-2,1.380889e-2,2.531801e-2,2.574586e-2,2.615225e-2,2.527583e-2,2.410603e-2,2.321692e-2,2.316796e-2,2.320451e-2,2.305831e-2,1.975801e-2,1.782838e-2,1.780513e-2,1.718079e-2,1.691451e-2,1.824602e-2,1.859491e-2,2.557804e-2,2.443273e-2,2.219582e-2,2.150286e-2,2.270249e-2,2.194881e-2,2.173085e-2,2.144194e-2,2.798787e-2,2.463973e-2,2.264197e-2,2.403524e-2,2.304091e-2,2.219368e-2,2.358177e-2,2.412942e-2,3.215326e-2,2.776465e-2,2.594048e-2,2.553941e-2,2.411246e-2,2.308743e-2,2.495453e-2,2.474701e-2,2.428286e-2,1.997615e-2,1.955859e-2,1.850766e-2,1.893223e-2,1.848477e-2,1.850655e-2,1.907452e-2,2.631251e-2,2.748488e-2,2.679823e-2,2.600305e-2,2.710941e-2,2.652855e-2,2.631417e-2,2.607232e-2,3.331706e-2,3.409101e-2,3.171069e-2,3.345235e-2,3.107407e-2,3.012839e-2,3.175039e-2,3.023477e-2,1.851437e-2,1.655380e-2,1.530638e-2,1.616499e-2,1.533087e-2,1.501453e-2,1.627080e-2,1.622502e-2,2.104886e-2,2.005849e-2,1.860382e-2,1.790300e-2,1.832460e-2,1.831543e-2,1.824566e-2,1.823714e-2,3.418360e-2,3.229676e-2,3.213335e-2,3.235032e-2,3.129865e-2,3.048618e-2,3.025548e-2,3.065731e-2,1.656059e-2,1.378991e-2,1.248404e-2,1.115835e-2,1.146857e-2,1.174970e-2,1.158513e-2,1.152088e-2],"layer_pooled_mses":[3.336909e-2,2.650089e-2,2.493485e-2,2.465211e-2,2.508985e-2,2.491288e-2,2.477279e-2,2.467912e-2,3.377262e-2,2.477111e-2,2.256184e-2,2.205369e-2,2.155210e-2,2.117546e-2,2.122313e-2,2.204117e-2,2.425759e-2,2.023106e-2,1.919521e-2,1.883705e-2,1.834123e-2,1.705072e-2,1.689937e-2,1.711588e-2,3.698677e-2,3.129875e-2,2.654540e-2,2.493309e-2,2.596521e-2,2.555927e-2,2.546554e-2,2.711520e-2,2.218624e-2,2.205316e-2,2.037013e-2,1.968307e-2,1.965036e-2,1.973982e-2,1.972363e-2,1.907593e-2,2.605481e-2,2.460435e-2,2.407545e-2,2.407685e-2,2.424699e-2,2.432346e-2,2.489617e-2,2.569935e-2,3.361112e-2,2.519255e-2,2.433316e-2,2.333103e-2,2.277184e-2,2.287700e-2,2.201923e-2,2.300735e-2,2.812860e-2,2.677433e-2,2.560351e-2,2.503875e-2,2.509445e-2,2.438754e-2,2.366070e-2,2.425369e-2,3.487858e-2,2.576611e-2,2.359727e-2,2.352699e-2,2.389073e-2,2.409044e-2,2.466228e-2,2.487575e-2,3.636747e-2,3.131018e-2,2.910218e-2,2.845780e-2,2.803641e-2,2.771412e-2,2.724899e-2,2.720531e-2,1.609109e-2,1.091348e-2,1.057208e-2,1.035566e-2,1.020293e-2,9.895365e-3,1.005611e-2,1.089038e-2,1.839127e-2,1.625396e-2,1.533374e-2,1.515288e-2,1.503889e-2,1.492175e-2,1.419464e-2,1.367976e-2,3.887252e-2,3.554162e-2,3.403135e-2,3.382667e-2,3.379442e-2,3.347754e-2,3.335978e-2,3.423123e-2,4.725198e-2,3.802268e-2,3.457420e-2,3.299262e-2,3.238131e-2,3.137937e-2,3.143897e-2,3.186449e-2,3.067041e-2,2.232019e-2,2.128125e-2,2.100575e-2,2.161448e-2,2.142449e-2,2.052264e-2,2.117540e-2,4.211966e-2,3.395323e-2,3.095580e-2,2.976249e-2,2.857624e-2,2.799050e-2,2.786835e-2,2.901099e-2,2.756133e-2,2.672889e-2,2.476187e-2,2.429007e-2,2.351726e-2,2.320433e-2,2.252715e-2,2.297373e-2,2.837861e-2,2.364842e-2,2.213421e-2,2.175216e-2,2.197392e-2,2.137343e-2,2.145523e-2,2.130493e-2,2.502621e-2,2.242245e-2,2.132147e-2,2.041394e-2,1.975684e-2,1.890283e-2,1.836431e-2,1.778014e-2,2.882618e-2,2.992903e-2,2.967519e-2,2.871875e-2,2.793163e-2,2.725893e-2,2.686620e-2,2.669373e-2,3.008546e-2,2.698168e-2,2.570897e-2,2.659923e-2,2.686760e-2,2.675621e-2,2.674205e-2,2.717002e-2,4.356378e-2,2.735586e-2,2.416825e-2,2.391537e-2,2.389782e-2,2.412015e-2,2.427980e-2,2.597509e-2,3.627698e-2,3.020468e-2,2.793247e-2,2.701619e-2,2.625202e-2,2.579459e-2,2.647698e-2,2.790839e-2,3.349533e-2,2.394469e-2,2.196592e-2,2.132769e-2,2.203718e-2,2.205358e-2,2.266509e-2,2.457309e-2,4.224210e-2,2.948718e-2,2.731103e-2,2.564715e-2,2.589744e-2,2.506167e-2,2.488909e-2,2.555363e-2,3.838697e-2,2.800358e-2,2.431483e-2,2.392857e-2,2.401756e-2,2.387596e-2,2.396634e-2,2.530500e-2,3.878216e-2,3.049512e-2,2.935047e-2,2.950264e-2,3.040419e-2,3.066535e-2,3.102694e-2,3.211385e-2,3.490794e-2,2.905470e-2,2.938798e-2,2.878773e-2,2.892906e-2,2.980523e-2,2.899322e-2,2.988083e-2,2.987187e-2,2.376892e-2,2.233810e-2,2.133691e-2,2.150183e-2,2.155480e-2,2.174567e-2,2.209081e-2,3.065444e-2,2.618556e-2,2.523454e-2,2.491004e-2,2.504847e-2,2.537122e-2,2.565941e-2,2.709433e-2,4.428756e-2,3.216487e-2,3.165890e-2,3.174865e-2,3.124431e-2,3.148201e-2,3.256625e-2,3.442228e-2,2.922369e-2,2.284936e-2,1.974358e-2,1.918112e-2,1.924776e-2,1.931289e-2,1.898296e-2,1.968786e-2],