{"n_vecs":131072,"dim":64,"block_size":512,"n_blocks":256,"variance_ratio":0.95,"per_block_mean_mse":1.561442e-2,"layer_pooled_mean_mse":1.830931e-2,"first_block_mean_mse":1.216181e-1,"pooled_over_per_block_mean":1.1726,"pooled_over_per_block_median":1.1955,"pooled_over_per_block_max":1.6836,"first_over_per_block_mean":7.7888,"first_over_per_block_median":7.5647,"first_over_per_block_max":13.7071,"pooled_d_eff":59,"first_d_eff":46,"per_block_d_eff":[46,43,43,43,43,43,43,43,43,39,39,39,39,39,39,39,44,40,40,40,40,40,40,40,43,40,40,40,39,40,40,40,43,39,39,39,39,40,39,39,43,40,40,40,40,40,41,41,42,38,38,37,37,37,37,37,45,42,42,42,42,42,42,42,43,39,39,39,39,39,39,39,44,40,40,40,41,41,41,41,46,43,43,43,43,43,43,43,45,41,41,41,42,42,42,42,45,42,42,42,42,42,42,42,42,39,39,40,40,40,40,40,44,40,40,40,40,40,40,40,44,41,41,41,41,41,41,41,42,39,38,38,38,38,38,38,44,41,41,40,40,41,41,41,43,39,39,39,39,39,39,39,45,41,41,41,41,41,41,41,43,41,41,40,41,41,41,41,45,42,42,42,42,42,42,42,43,41,42,42,42,42,42,42,44,42,42,42,42,42,42,42,41,37,37,38,38,38,38,38,44,40,40,40,40,40,40,40,41,37,37,37,37,36,36,36,45,41,41,41,41,41,41,41,45,41,41,41,41,41,41,41,42,38,38,38,38,38,38,38,40,36,36,36,36,36,36,36,45,43,43,43,43,43,43,43],"per_block_mses":[1.408228e-2,1.204987e-2,1.158330e-2,1.140372e-2,1.147721e-2,1.134835e-2,1.128207e-2,1.114401e-2,1.936156e-2,1.872017e-2,1.800062e-2,1.746644e-2,1.725740e-2,1.718146e-2,1.712304e-2,1.712868e-2,1.666666e-2,1.603852e-2,1.552986e-2,1.509520e-2,1.483882e-2,1.461052e-2,1.460332e-2,1.449752e-2,1.423519e-2,1.190310e-2,1.142955e-2,1.125491e-2,1.230126e-2,1.107801e-2,1.105961e-2,1.116255e-2,2.481206e-2,2.234863e-2,2.177479e-2,2.183362e-2,2.195788e-2,1.995255e-2,2.180025e-2,2.170941e-2,2.089027e-2,1.849995e-2,1.761415e-2,1.732391e-2,1.708585e-2,1.685546e-2,1.535830e-2,1.518674e-2,1.400692e-2,1.377881e-2,1.356608e-2,1.481249e-2,1.489171e-2,1.501485e-2,1.500093e-2,1.501327e-2,1.236991e-2,1.065504e-2,1.019610e-2,1.002652e-2,9.899638e-3,9.859143e-3,9.849428e-3,9.797681e-3,2.445563e-2,2.199735e-2,2.111090e-2,2.068925e-2,2.079892e-2,2.060638e-2,2.058764e-2,2.059063e-2,9.163051e-3,8.433129e-3,8.215013e-3,8.071193e-3,7.327845e-3,7.330241e-3,7.334224e-3,7.268148e-3,1.925000e-2,1.639582e-2,1.605274e-2,1.593828e-2,1.610339e-2,1.606800e-2,1.599575e-2,1.610146e-2,1.352893e-2,1.188295e-2,1.158944e-2,1.155046e-2,1.063250e-2,1.067693e-2,1.067619e-2,1.062969e-2,1.924867e-2,1.705960e-2,1.654085e-2,1.626825e-2,1.629075e-2,1.597584e-2,1.584847e-2,1.578296e-2,3.399174e-2,2.982908e-2,2.908496e-2,2.619569e-2,2.605597e-2,2.596987e-2,2.589528e-2,2.576822e-2,2.136644e-2,2.094276e-2,2.017043e-2,1.982722e-2,1.968974e-2,1.970485e-2,1.976678e-2,1.983396e-2,1.585355e-2,1.402887e-2,1.344766e-2,1.314962e-2,1.301434e-2,1.293400e-2,1.289015e-2,1.277605e-2,1.953241e-2,1.713324e-2,1.850162e-2,1.847742e-2,1.852296e-2,1.857126e-2,1.850415e-2,1.843143e-2,1.151375e-2,1.022921e-2,9.668815e-3,1.033997e-2,1.026764e-2,9.240855e-3,9.159067e-3,9.152502e-3,1.128491e-2,1.090544e-2,1.066580e-2,1.056462e-2,1.044796e-2,1.043493e-2,1.033734e-2,1.036170e-2,1.427663e-2,1.357978e-2,1.338286e-2,1.323326e-2,1.323503e-2,1.316349e-2,1.293611e-2,1.291933e-2,2.267876e-2,2.183213e-2,2.160131e-2,2.375347e-2,2.196067e-2,2.195585e-2,2.208525e-2,2.229053e-2,2.032791e-2,1.634644e-2,1.581417e-2,1.562974e-2,1.548113e-2,1.554541e-2,1.545292e-2,1.544716e-2,1.911011e-2,1.751904e-2,1.558048e-2,1.542464e-2,1.535746e-2,1.533457e-2,1.529227e-2,1.525137e-2,1.378885e-2,1.197152e-2,1.172791e-2,1.164006e-2,1.164817e-2,1.172755e-2,1.170871e-2,1.166640e-2,2.032636e-2,1.879154e-2,1.841268e-2,1.692171e-2,1.689179e-2,1.689472e-2,1.690109e-2,1.676808e-2,1.192075e-2,1.060671e-2,1.035913e-2,1.042353e-2,1.045723e-2,1.043568e-2,1.035545e-2,1.026515e-2,1.539676e-2,1.450395e-2,1.386672e-2,1.359884e-2,1.345499e-2,1.449628e-2,1.445623e-2,1.435051e-2,1.476117e-2,1.457897e-2,1.424367e-2,1.412498e-2,1.412858e-2,1.421096e-2,1.411374e-2,1.410362e-2,1.525067e-2,1.363259e-2,1.288883e-2,1.272149e-2,1.255068e-2,1.253752e-2,1.242580e-2,1.242009e-2,2.252757e-2,2.212874e-2,2.140301e-2,2.118467e-2,2.105738e-2,2.104541e-2,2.111089e-2,2.108359e-2,2.417608e-2,2.253412e-2,2.208446e-2,2.219785e-2,2.209532e-2,2.217380e-2,2.219497e-2,2.210760e-2,1.324059e-2,1.105670e-2,1.047134e-2,1.033224e-2,1.021076e-2,1.015753e-2,1.019783e-2,1.013134e-2],"layer_pooled_mses":[2.104433e-2,1.716754e-2,1.612666e-2,1.559619e-2,1.535640e-2,1.523903e-2,1.525168e-2,1.511873e-2,2.494412e-2,2.193955e-2,2.075342e-2,2.027006e-2,2.008119e-2,1.968087e-2,1.981744e-2,1.972882e-2,2.012801e-2,1.651747e-2,1.573170e-2,1.567587e-2,1.567099e-2,1.563849e-2,1.568547e-2,1.552508e-2,1.761245e-2,1.508441e-2,1.431825e-2,1.451806e-2,1.467212e-2,1.451918e-2,1.462924e-2,1.484516e-2,3.044417e-2,2.401666e-2,2.287827e-2,2.305110e-2,2.348699e-2,2.359593e-2,2.345435e-2,2.392968e-2,2.642863e-2,2.184182e-2,2.058510e-2,1.995182e-2,1.970765e-2,1.918034e-2,1.899785e-2,1.865584e-2,1.507078e-2,1.519975e-2,1.498198e-2,1.510083e-2,1.515744e-2,1.539485e-2,1.539891e-2,1.541089e-2,1.655550e-2,1.478531e-2,1.403258e-2,1.382496e-2,1.360318e-2,1.359666e-2,1.350721e-2,1.334411e-2,2.752428e-2,2.137941e-2,2.025703e-2,1.981401e-2,1.943920e-2,1.944053e-2,1.949362e-2,1.939402e-2,1.362602e-2,1.111697e-2,1.018948e-2,1.014690e-2,1.026140e-2,1.028542e-2,1.041655e-2,1.022734e-2,2.677542e-2,2.180380e-2,2.067556e-2,2.025389e-2,2.033835e-2,2.047044e-2,2.067505e-2,2.059618e-2,1.905159e-2,1.439226e-2,1.392052e-2,1.379909e-2,1.365321e-2,1.350227e-2,1.337773e-2,1.356264e-2,2.431765e-2,1.990292e-2,1.972272e-2,1.992834e-2,2.015871e-2,2.029692e-2,2.018428e-2,2.021980e-2,3.335150e-2,2.687776e-2,2.589339e-2,2.568716e-2,2.571149e-2,2.538406e-2,2.529573e-2,2.539094e-2,2.516749e-2,2.347318e-2,2.280721e-2,2.228804e-2,2.239668e-2,2.274969e-2,2.259871e-2,2.255391e-2,2.004215e-2,1.886111e-2,1.842926e-2,1.834052e-2,1.838221e-2,1.828291e-2,1.829006e-2,1.820659e-2,1.986171e-2,1.810398e-2,1.803216e-2,1.788225e-2,1.785580e-2,1.802552e-2,1.782946e-2,1.782016e-2,1.696075e-2,1.464193e-2,1.374447e-2,1.337243e-2,1.321744e-2,1.270169e-2,1.271883e-2,1.264871e-2,1.294181e-2,1.217325e-2,1.223383e-2,1.229416e-2,1.211660e-2,1.199495e-2,1.215236e-2,1.206429e-2,1.936300e-2,1.599180e-2,1.545702e-2,1.536428e-2,1.536133e-2,1.562943e-2,1.563918e-2,1.556857e-2,2.725054e-2,2.692445e-2,2.692237e-2,2.761273e-2,2.719499e-2,2.743514e-2,2.714348e-2,2.709109e-2,2.439115e-2,2.161454e-2,2.130412e-2,2.122246e-2,2.143217e-2,2.151307e-2,2.173406e-2,2.209782e-2,2.444682e-2,2.146598e-2,2.050747e-2,2.024524e-2,2.016750e-2,2.011407e-2,2.006499e-2,1.998783e-2,1.754936e-2,1.487509e-2,1.425119e-2,1.406665e-2,1.424601e-2,1.402086e-2,1.405896e-2,1.401290e-2,2.577547e-2,1.924813e-2,1.766559e-2,1.751152e-2,1.719119e-2,1.708276e-2,1.703077e-2,1.677497e-2,1.591306e-2,1.192885e-2,1.162887e-2,1.179258e-2,1.210204e-2,1.234841e-2,1.226160e-2,1.237018e-2,1.623098e-2,1.520901e-2,1.520770e-2,1.527538e-2,1.541406e-2,1.528016e-2,1.541197e-2,1.541001e-2,1.884057e-2,1.699092e-2,1.626431e-2,1.599843e-2,1.594917e-2,1.589827e-2,1.587048e-2,1.583182e-2,2.125962e-2,1.805818e-2,1.754773e-2,1.722402e-2,1.724739e-2,1.700454e-2,1.707246e-2,1.689434e-2,2.218958e-2,1.936942e-2,1.877354e-2,1.920017e-2,1.929406e-2,1.942539e-2,1.962699e-2,1.968425e-2,2.859004e-2,2.451170e-2,2.349325e-2,2.337201e-2,2.290161e-2,2.283999e-2,2.261130e-2,2.256376e-2,1.969562e-2,1.754208e-2,1.689832e-2,1.696942e-2,1.687208e-2,1.683987e-2,1.700279e-2,1.705678e-2],