{"n_vecs":131072,"dim":64,"block_size":512,"n_blocks":256,"variance_ratio":0.95,"per_block_mean_mse":8.060884e-2,"layer_pooled_mean_mse":2.510119e-1,"first_block_mean_mse":1.599359e0,"pooled_over_per_block_mean":3.1139,"pooled_over_per_block_median":2.5670,"pooled_over_per_block_max":10.0718,"first_over_per_block_mean":19.8410,"first_over_per_block_median":19.6849,"first_over_per_block_max":36.3165,"pooled_d_eff":52,"first_d_eff":38,"per_block_d_eff":[38,37,36,36,36,36,36,36,36,35,35,35,35,35,35,34,41,41,41,40,41,41,41,41,48,46,46,46,46,46,46,46,45,43,44,44,44,44,44,44,44,44,43,43,43,43,43,43,39,37,37,37,37,37,37,37,38,36,36,36,36,36,36,36,41,39,39,39,39,40,40,40,48,47,47,47,47,47,47,47,39,39,39,39,38,39,39,38,44,42,41,41,42,42,42,42,41,39,39,39,39,40,39,40,35,33,33,33,33,34,34,34,38,37,37,37,37,37,37,37,49,48,48,48,48,48,48,48,40,38,38,38,38,38,38,38,40,39,39,39,39,39,39,39,36,36,36,36,36,36,36,35,44,42,42,42,42,42,42,42,43,41,41,41,41,41,41,41,43,41,40,40,41,41,41,41,42,40,40,40,40,40,40,41,41,40,40,40,40,41,41,41,36,35,35,35,35,35,35,34,39,37,37,37,37,37,37,37,42,40,40,40,40,40,40,41,33,32,33,33,33,33,33,33,39,37,37,37,37,37,37,37,40,38,38,38,39,39,39,39,43,41,41,41,41,41,41,41,37,36,36,36,36,36,36,36],"per_block_mses":[8.543451e-2,8.459430e-2,9.003556e-2,8.938511e-2,8.995333e-2,8.894101e-2,8.873694e-2,8.930035e-2,8.099210e-2,8.464615e-2,8.434221e-2,8.387053e-2,8.393531e-2,8.302378e-2,8.351639e-2,8.879852e-2,7.849315e-2,7.547600e-2,7.441301e-2,7.982568e-2,7.383384e-2,7.384569e-2,7.425697e-2,7.428353e-2,4.962468e-2,5.084397e-2,5.004487e-2,4.940411e-2,4.993560e-2,4.929991e-2,4.961505e-2,4.997869e-2,4.805910e-2,5.098368e-2,4.630356e-2,4.585848e-2,4.591601e-2,4.571009e-2,4.574171e-2,4.581016e-2,7.181177e-2,7.153881e-2,7.672773e-2,7.594529e-2,7.466916e-2,7.404927e-2,7.416168e-2,7.466025e-2,6.808549e-2,7.402196e-2,7.182741e-2,7.105073e-2,7.075072e-2,7.042271e-2,7.122929e-2,7.012416e-2,1.069575e-1,1.070284e-1,1.055650e-1,1.044243e-1,1.057115e-1,1.051332e-1,1.060536e-1,1.058146e-1,9.694981e-2,1.029266e-1,1.012927e-1,9.947637e-2,9.886961e-2,9.179028e-2,9.283183e-2,9.254333e-2,5.157247e-2,4.950580e-2,4.905895e-2,4.859933e-2,4.893915e-2,4.879467e-2,4.948536e-2,4.984801e-2,8.182080e-2,7.854878e-2,7.936690e-2,7.947093e-2,8.455792e-2,7.796886e-2,7.938862e-2,8.399524e-2,6.132953e-2,6.073175e-2,6.505216e-2,6.453421e-2,6.025939e-2,6.031768e-2,6.131550e-2,6.184066e-2,9.070142e-2,9.280691e-2,9.138670e-2,9.085146e-2,9.063980e-2,8.254895e-2,8.880586e-2,8.325137e-2,1.370432e-1,1.379180e-1,1.353927e-1,1.335776e-1,1.336861e-1,1.244209e-1,1.248426e-1,1.262111e-1,9.025157e-2,8.943165e-2,8.835086e-2,8.906913e-2,8.918423e-2,8.845596e-2,8.979730e-2,9.042599e-2,4.224035e-2,3.885527e-2,3.853411e-2,3.818928e-2,3.860218e-2,3.874014e-2,3.923859e-2,3.964294e-2,9.207470e-2,9.901183e-2,9.878837e-2,9.919708e-2,9.896722e-2,9.812868e-2,9.844894e-2,9.829826e-2,9.366914e-2,9.655605e-2,9.538104e-2,9.407105e-2,9.402359e-2,9.235641e-2,9.156354e-2,9.062062e-2,7.945725e-2,8.095016e-2,7.998014e-2,7.935382e-2,7.896740e-2,7.887055e-2,7.974903e-2,8.406543e-2,7.259571e-2,7.312348e-2,7.248316e-2,7.141181e-2,7.119968e-2,7.032013e-2,7.043204e-2,7.086434e-2,7.802536e-2,7.866868e-2,7.533664e-2,7.424459e-2,7.481152e-2,7.443291e-2,7.448693e-2,7.487087e-2,6.868995e-2,6.366235e-2,6.876414e-2,6.826177e-2,6.222246e-2,6.204336e-2,6.236598e-2,6.317535e-2,9.522352e-2,9.251323e-2,9.109744e-2,8.978950e-2,8.953416e-2,8.961105e-2,8.934007e-2,8.237088e-2,6.831882e-2,6.458056e-2,6.352066e-2,6.299183e-2,6.311512e-2,5.730728e-2,5.716357e-2,5.746542e-2,8.448123e-2,8.993429e-2,8.938957e-2,8.897363e-2,8.753620e-2,8.739230e-2,8.800187e-2,9.218252e-2,9.621225e-2,1.015843e-1,1.014803e-1,1.023204e-1,1.028709e-1,1.014002e-1,1.022700e-1,1.043571e-1,8.801496e-2,8.552869e-2,8.450615e-2,8.306105e-2,8.388578e-2,8.402303e-2,8.425102e-2,7.848439e-2,8.344734e-2,8.806991e-2,8.294114e-2,8.314115e-2,8.367943e-2,8.410692e-2,8.453913e-2,8.392256e-2,9.375204e-2,1.014801e-1,1.003710e-1,9.956925e-2,9.821845e-2,9.630043e-2,9.645318e-2,9.691949e-2,9.658418e-2,1.037216e-1,1.023659e-1,1.015280e-1,9.390770e-2,9.415454e-2,9.426180e-2,9.398753e-2,8.043488e-2,7.764106e-2,7.628347e-2,7.584418e-2,7.544775e-2,7.539567e-2,7.531766e-2,7.629561e-2,7.916387e-2,8.031075e-2,8.071058e-2,8.017472e-2,7.995047e-2,7.969472e-2,7.999884e-2,7.974046e-2],"layer_pooled_mses":[8.159044e-2,9.112577e-2,9.524026e-2,9.655563e-2,9.512007e-2,9.439252e-2,9.595751e-2,9.401802e-2,4.227841e-2,4.686249e-2,4.671551e-2,4.646192e-2,4.581740e-2,4.539848e-2,4.528271e-2,4.462799e-2,3.015001e-1,3.389303e-1,3.310183e-1,3.282511e-1,3.255482e-1,3.185010e-1,3.161661e-1,3.072618e-1,2.088922e-1,2.553837e-1,2.497710e-1,2.428680e-1,2.440071e-1,2.445421e-1,2.498838e-1,2.473374e-1,1.623579e-1,1.836360e-1,1.754420e-1,1.701733e-1,1.660733e-1,1.620849e-1,1.634818e-1,1.564436e-1,8.527830e-2,8.957541e-2,9.023982e-2,9.018807e-2,8.741525e-2,8.622879e-2,8.681359e-2,8.741143e-2,6.049645e-2,6.391326e-2,6.150153e-2,6.057313e-2,5.978255e-2,5.870606e-2,5.973873e-2,5.762983e-2,7.113813e-1,7.218643e-1,7.073149e-1,6.995655e-1,6.941585e-1,6.871488e-1,6.830499e-1,6.690189e-1,1.631332e-1,1.530076e-1,1.483318e-1,1.441042e-1,1.403310e-1,1.375529e-1,1.387087e-1,1.364620e-1,2.565518e-1,2.838976e-1,2.825565e-1,2.796756e-1,2.804876e-1,2.818632e-1,2.857510e-1,2.786803e-1,9.771514e-2,1.056340e-1,1.064200e-1,1.071969e-1,1.049949e-1,1.032116e-1,1.048197e-1,1.011697e-1,2.834086e-1,2.964685e-1,2.903309e-1,2.897943e-1,2.890555e-1,2.860309e-1,2.821907e-1,2.784420e-1,1.717353e-1,1.842364e-1,1.809591e-1,1.807168e-1,1.754857e-1,1.718901e-1,1.722323e-1,1.691899e-1,1.235496e0,1.308678e0,1.296883e0,1.292748e0,1.268882e0,1.253144e0,1.246636e0,1.228128e0,1.008768e-1,1.186439e-1,1.196164e-1,1.205784e-1,1.171990e-1,1.133135e-1,1.141070e-1,1.128437e-1,1.174406e-1,1.346500e-1,1.325754e-1,1.313664e-1,1.295324e-1,1.270731e-1,1.293362e-1,1.229001e-1,2.148593e-1,2.404487e-1,2.386820e-1,2.359652e-1,2.295011e-1,2.286586e-1,2.256795e-1,2.258123e-1,1.740607e-1,1.876317e-1,1.851138e-1,1.829741e-1,1.827159e-1,1.798905e-1,1.775213e-1,1.763232e-1,6.065992e-2,7.101945e-2,6.950522e-2,6.809879e-2,6.655456e-2,6.526830e-2,6.542858e-2,6.321480e-2,5.298431e-1,5.496030e-1,5.343490e-1,5.328178e-1,5.323118e-1,5.235408e-1,5.203310e-1,5.189264e-1,3.363056e-1,3.433009e-1,3.379455e-1,3.308337e-1,3.246591e-1,3.207128e-1,3.199206e-1,3.156882e-1,4.065838e-1,4.343634e-1,4.374885e-1,4.406846e-1,4.334115e-1,4.314949e-1,4.323414e-1,4.272652e-1,3.072845e-1,3.107634e-1,3.062073e-1,3.016680e-1,2.988460e-1,2.975865e-1,2.981134e-1,2.910779e-1,2.626125e-1,2.702384e-1,2.612290e-1,2.561060e-1,2.516227e-1,2.434565e-1,2.407340e-1,2.365715e-1,6.159705e-2,6.703350e-2,6.716213e-2,6.656657e-2,6.492538e-2,6.301312e-2,6.351225e-2,6.130501e-2,1.405508e-1,1.459865e-1,1.456577e-1,1.468975e-1,1.429357e-1,1.403343e-1,1.431400e-1,1.444185e-1,5.360833e-1,5.746337e-1,5.568601e-1,5.481037e-1,5.347530e-1,5.200886e-1,5.151618e-1,5.010943e-1,4.293347e-2,4.935776e-2,4.891234e-2,4.926975e-2,4.975842e-2,4.953516e-2,5.026591e-2,4.851485e-2,9.558727e-2,9.318137e-2,9.472721e-2,9.439169e-2,9.149031e-2,8.871509e-2,8.652717e-2,8.701083e-2,2.650340e-1,2.723163e-1,2.633902e-1,2.615088e-1,2.564025e-1,2.458808e-1,2.466223e-1,2.412616e-1,2.834478e-1,3.086701e-1,3.039152e-1,3.057824e-1,2.997582e-1,2.944465e-1,2.957805e-1,2.838701e-1,5.989955e-2,6.124387e-2,6.138882e-2,6.079904e-2,6.051222e-2,5.973504e-2,5.932293e-2,5.856410e-2],