{"n_vecs":131072,"dim":64,"block_size":512,"n_blocks":256,"variance_ratio":0.95,"per_block_mean_mse":1.151035e-4,"layer_pooled_mean_mse":1.194103e-4,"first_block_mean_mse":1.150579e-3,"pooled_over_per_block_mean":1.0374,"pooled_over_per_block_median":1.0767,"pooled_over_per_block_max":1.9445,"first_over_per_block_mean":9.9960,"first_over_per_block_median":10.0909,"first_over_per_block_max":27.3663,"pooled_d_eff":57,"first_d_eff":36,"per_block_d_eff":[36,36,36,36,36,36,36,36,31,31,31,31,31,31,31,30,29,29,29,29,29,29,29,29,37,37,37,37,37,37,37,37,37,36,37,36,36,36,37,36,34,34,34,34,34,34,34,34,39,39,39,39,39,39,39,39,31,31,31,31,31,31,31,31,39,39,39,39,39,39,39,39,39,39,39,39,39,39,39,39,40,40,40,40,40,40,40,40,39,39,39,39,39,39,39,39,21,21,21,20,21,21,21,21,35,36,36,35,35,36,36,36,27,27,27,27,27,27,27,27,34,35,35,34,35,35,34,35,16,16,17,16,17,16,17,16,34,35,35,34,35,35,35,35,33,33,33,33,33,33,33,33,31,31,31,30,31,31,31,31,36,36,36,36,36,36,36,36,32,32,32,32,32,32,32,32,29,29,29,29,29,30,29,29,37,37,37,37,37,37,37,37,34,35,35,34,35,35,34,35,41,41,41,41,41,41,41,41,26,26,26,26,26,26,26,26,34,34,34,34,34,34,34,35,34,34,34,34,34,33,34,34,36,36,36,36,36,36,36,36,30,30,30,30,30,30,30,30,27,27,27,27,27,27,27,27],"per_block_mses":[6.529617e-5,6.591393e-5,6.562739e-5,6.516981e-5,6.569421e-5,6.547231e-5,6.575912e-5,6.535523e-5,7.256742e-5,7.249431e-5,7.282464e-5,7.237130e-5,7.260008e-5,7.251181e-5,7.266092e-5,7.787662e-5,8.952515e-5,9.000500e-5,8.973733e-5,8.934123e-5,9.001347e-5,8.946957e-5,8.977082e-5,8.994946e-5,4.206533e-5,4.226590e-5,4.214982e-5,4.195993e-5,4.229192e-5,4.219298e-5,4.217008e-5,4.217920e-5,1.422899e-4,1.577940e-4,1.425121e-4,1.576800e-4,1.580028e-4,1.582778e-4,1.433276e-4,1.580039e-4,1.558559e-4,1.570120e-4,1.568633e-4,1.566253e-4,1.573149e-4,1.569111e-4,1.572452e-4,1.571603e-4,9.887239e-5,9.985585e-5,9.937542e-5,9.870292e-5,9.923431e-5,9.920518e-5,9.916535e-5,9.959835e-5,7.736550e-5,7.754865e-5,7.749961e-5,7.682385e-5,7.758816e-5,7.716581e-5,7.749209e-5,7.756803e-5,2.021122e-4,2.028890e-4,2.017818e-4,2.008068e-4,2.021627e-4,2.012627e-4,2.007905e-4,2.022379e-4,1.122570e-4,1.121824e-4,1.124875e-4,1.122258e-4,1.124950e-4,1.128077e-4,1.126511e-4,1.121907e-4,4.581765e-5,4.606361e-5,4.602684e-5,4.596603e-5,4.612078e-5,4.598870e-5,4.602238e-5,4.636953e-5,7.590130e-5,7.616207e-5,7.626512e-5,7.613200e-5,7.638733e-5,7.605585e-5,7.612179e-5,7.607345e-5,1.532471e-4,1.534051e-4,1.537110e-4,1.633427e-4,1.538204e-4,1.530724e-4,1.535186e-4,1.541907e-4,1.749989e-4,1.603283e-4,1.601951e-4,1.750036e-4,1.753949e-4,1.602983e-4,1.600932e-4,1.601425e-4,1.036565e-4,1.040067e-4,1.035711e-4,1.033247e-4,1.041483e-4,1.037187e-4,1.040030e-4,1.044422e-4,8.311052e-5,7.607157e-5,7.581746e-5,8.303868e-5,7.598051e-5,7.617924e-5,8.304000e-5,7.624724e-5,2.526892e-4,2.520253e-4,2.378030e-4,2.520454e-4,2.376780e-4,2.524634e-4,2.373584e-4,2.538063e-4,6.238467e-5,5.772992e-5,5.770889e-5,6.239717e-5,5.775248e-5,5.748371e-5,5.772836e-5,5.770071e-5,5.884061e-5,5.911789e-5,5.898157e-5,5.882947e-5,5.900317e-5,5.893986e-5,5.904279e-5,5.918854e-5,8.567343e-5,8.608654e-5,8.575847e-5,9.201209e-5,8.555282e-5,8.563198e-5,8.537872e-5,8.587355e-5,5.642793e-5,5.659912e-5,5.670981e-5,5.643904e-5,5.669476e-5,5.667814e-5,5.692341e-5,5.702102e-5,6.838554e-5,6.841654e-5,6.844530e-5,6.814563e-5,6.859121e-5,6.800211e-5,6.864574e-5,6.821407e-5,1.415887e-4,1.424184e-4,1.417459e-4,1.415237e-4,1.425976e-4,1.319190e-4,1.418437e-4,1.425964e-4,6.899583e-5,6.904183e-5,6.898671e-5,6.906763e-5,6.922396e-5,6.923433e-5,6.954275e-5,6.913756e-5,1.644230e-4,1.524485e-4,1.528177e-4,1.642299e-4,1.525134e-4,1.529790e-4,1.652940e-4,1.531545e-4,8.006137e-5,8.078794e-5,8.067031e-5,8.006862e-5,8.020249e-5,8.041589e-5,8.078014e-5,8.033929e-5,2.355574e-4,2.365100e-4,2.359291e-4,2.355053e-4,2.365424e-4,2.359913e-4,2.368751e-4,2.372656e-4,1.879352e-4,1.893825e-4,1.889759e-4,1.888469e-4,1.897976e-4,1.886301e-4,1.896598e-4,1.715813e-4,1.565686e-4,1.564804e-4,1.570370e-4,1.558436e-4,1.566310e-4,1.710087e-4,1.568221e-4,1.564530e-4,1.909565e-4,1.908150e-4,1.905668e-4,1.906515e-4,1.932693e-4,1.905281e-4,1.906578e-4,1.921712e-4,1.017158e-4,1.018473e-4,1.022816e-4,1.013196e-4,1.021600e-4,1.019061e-4,1.015766e-4,1.021080e-4,8.872848e-5,8.873007e-5,8.873479e-5,8.878901e-5,8.896302e-5,8.857373e-5,8.926647e-5,8.954927e-5],"layer_pooled_mses":[7.708910e-5,7.699359e-5,7.719469e-5,7.780369e-5,7.747340e-5,7.743997e-5,7.746576e-5,7.711229e-5,5.798585e-5,5.801460e-5,5.804426e-5,5.777401e-5,5.809450e-5,5.777007e-5,5.879575e-5,5.811521e-5,6.337841e-5,6.314225e-5,6.347759e-5,6.354427e-5,6.316182e-5,6.323554e-5,6.355023e-5,6.295808e-5,5.095033e-5,5.084068e-5,5.083308e-5,5.082217e-5,5.116337e-5,5.077041e-5,5.101034e-5,5.129132e-5,2.215481e-4,2.234871e-4,2.237205e-4,2.241372e-4,2.249414e-4,2.232123e-4,2.207532e-4,2.223985e-4,2.011200e-4,1.971915e-4,1.967951e-4,1.962617e-4,1.968080e-4,1.966003e-4,1.974109e-4,1.968357e-4,1.781876e-4,1.787687e-4,1.796163e-4,1.798914e-4,1.804403e-4,1.792932e-4,1.824007e-4,1.825010e-4,6.402397e-5,6.478861e-5,6.401804e-5,6.482422e-5,6.409485e-5,6.397439e-5,6.409728e-5,6.449015e-5,2.950517e-4,2.976061e-4,2.925756e-4,2.921943e-4,2.966691e-4,2.979911e-4,2.961211e-4,2.963690e-4,1.673828e-4,1.686773e-4,1.700478e-4,1.672487e-4,1.677290e-4,1.677803e-4,1.687899e-4,1.700146e-4,8.742823e-5,8.733201e-5,8.843118e-5,8.703207e-5,8.743214e-5,8.715105e-5,8.948973e-5,8.721243e-5,1.177515e-4,1.169883e-4,1.169005e-4,1.167062e-4,1.172286e-4,1.169972e-4,1.166451e-4,1.174052e-4,7.425455e-5,7.394452e-5,7.421913e-5,7.395125e-5,7.414300e-5,7.352665e-5,7.513713e-5,7.401477e-5,1.752629e-4,1.748104e-4,1.732665e-4,1.741270e-4,1.746800e-4,1.725920e-4,1.732937e-4,1.735723e-4,6.401655e-5,6.356495e-5,6.331081e-5,6.340626e-5,6.349331e-5,6.329594e-5,6.403659e-5,6.369356e-5,8.726642e-5,8.671054e-5,8.740578e-5,8.693236e-5,8.689464e-5,8.649570e-5,8.822717e-5,8.693685e-5,9.146299e-5,9.227636e-5,9.135882e-5,9.222010e-5,9.163770e-5,9.116825e-5,9.139467e-5,9.309362e-5,6.632415e-5,6.629143e-5,6.679077e-5,6.661809e-5,6.662954e-5,6.616619e-5,6.711281e-5,6.673983e-5,5.514217e-5,5.524643e-5,5.575697e-5,5.523731e-5,5.539856e-5,5.493090e-5,5.510765e-5,5.526659e-5,7.461737e-5,7.472202e-5,7.522966e-5,7.522961e-5,7.510866e-5,7.558938e-5,7.653800e-5,7.503820e-5,6.902368e-5,6.939599e-5,6.997248e-5,6.951006e-5,6.886575e-5,6.898469e-5,6.939162e-5,6.897471e-5,6.080615e-5,6.090509e-5,6.061891e-5,6.028579e-5,6.030818e-5,6.082102e-5,6.069003e-5,6.097229e-5,1.182624e-4,1.170309e-4,1.181414e-4,1.172149e-4,1.178375e-4,1.173106e-4,1.205200e-4,1.172923e-4,9.344178e-5,9.301583e-5,9.379430e-5,9.242803e-5,9.303884e-5,9.251556e-5,9.246942e-5,9.340864e-5,1.580531e-4,1.577235e-4,1.585872e-4,1.573661e-4,1.570482e-4,1.573192e-4,1.564139e-4,1.562715e-4,1.360567e-4,1.358509e-4,1.362999e-4,1.354334e-4,1.366807e-4,1.355226e-4,1.366907e-4,1.384624e-4,1.586163e-4,1.584516e-4,1.580471e-4,1.584488e-4,1.591617e-4,1.594041e-4,1.593899e-4,1.589803e-4,2.329169e-4,2.327144e-4,2.363385e-4,2.318214e-4,2.339192e-4,2.330888e-4,2.328662e-4,2.322173e-4,1.539150e-4,1.531534e-4,1.532185e-4,1.531779e-4,1.536717e-4,1.536097e-4,1.537921e-4,1.544064e-4,2.334498e-4,2.346780e-4,2.334207e-4,2.321667e-4,2.341646e-4,2.315649e-4,2.345083e-4,2.332518e-4,8.190508e-5,8.230374e-5,8.193437e-5,8.162067e-5,8.183900e-5,8.281753e-5,8.229387e-5,8.234869e-5,5.423977e-5,5.432820e-5,5.424089e-5,5.386853e-5,5.435098e-5,5.402986e-5,5.467400e-5,5.444186e-5],