{"n_vecs":131072,"dim":64,"block_size":512,"n_blocks":256,"variance_ratio":0.95,"per_block_mean_mse":2.745756e-2,"layer_pooled_mean_mse":4.156700e-2,"first_block_mean_mse":3.407302e-1,"pooled_over_per_block_mean":1.5139,"pooled_over_per_block_median":1.6418,"pooled_over_per_block_max":2.4788,"first_over_per_block_mean":12.4093,"first_over_per_block_median":12.3811,"first_over_per_block_max":38.1507,"pooled_d_eff":57,"first_d_eff":42,"per_block_d_eff":[42,35,36,35,36,35,35,36,38,30,30,30,30,30,29,30,43,36,36,36,36,36,36,37,46,40,40,40,40,40,40,41,40,33,33,34,34,34,34,36,45,38,38,38,38,37,37,38,44,36,37,36,37,37,37,37,41,33,33,33,33,33,33,34,45,39,39,38,39,38,38,39,45,37,36,36,36,36,36,37,46,39,38,38,38,38,38,39,35,28,28,28,28,28,28,29,44,37,36,36,37,37,37,38,38,31,31,30,31,30,30,31,41,35,35,35,36,36,35,36,44,37,37,37,38,38,38,39,37,31,31,31,31,31,31,31,43,37,36,36,36,35,35,36,43,36,36,35,35,35,35,37,42,34,34,33,34,33,33,34,43,35,35,35,35,35,35,36,44,37,36,36,36,36,36,38,43,36,36,36,36,36,36,37,43,36,36,35,36,35,35,36,41,38,37,37,37,37,36,37,47,41,41,40,41,40,40,41,40,32,31,31,31,31,31,32,44,36,36,36,37,36,37,38,43,38,38,37,38,38,38,38,45,37,38,38,38,38,38,39,42,36,36,36,36,36,36,37,45,38,38,38,38,38,38,39],"per_block_mses":[2.948170e-2,2.441118e-2,2.112316e-2,2.203506e-2,2.087914e-2,2.199449e-2,2.143794e-2,2.303373e-2,6.722341e-2,6.833747e-2,6.505722e-2,6.343813e-2,6.577648e-2,6.432143e-2,6.889632e-2,6.831353e-2,3.547750e-2,3.197709e-2,3.114176e-2,2.996555e-2,3.048481e-2,3.014349e-2,2.978442e-2,3.005539e-2,1.574254e-2,1.278689e-2,1.203940e-2,1.192473e-2,1.236150e-2,1.197125e-2,1.185136e-2,1.181267e-2,2.481465e-2,1.870822e-2,1.717448e-2,1.541778e-2,1.583363e-2,1.543649e-2,1.520949e-2,1.524484e-2,2.409456e-2,2.225566e-2,2.084972e-2,2.013486e-2,2.041328e-2,2.221038e-2,2.198097e-2,2.248649e-2,2.220912e-2,2.024867e-2,1.792182e-2,1.863446e-2,1.786816e-2,1.747772e-2,1.693960e-2,1.821920e-2,5.013314e-2,5.104769e-2,4.894676e-2,4.764136e-2,4.959978e-2,4.903781e-2,4.855858e-2,4.921934e-2,4.322537e-2,4.228820e-2,4.071260e-2,4.413078e-2,4.144582e-2,4.443645e-2,4.434826e-2,4.559329e-2,1.689208e-2,1.595666e-2,1.650873e-2,1.574411e-2,1.626931e-2,1.624649e-2,1.605057e-2,1.581766e-2,1.835152e-2,1.584394e-2,1.579238e-2,1.510176e-2,1.514904e-2,1.452944e-2,1.405784e-2,1.434015e-2,7.665592e-2,7.608416e-2,7.327534e-2,7.154631e-2,7.377113e-2,7.294926e-2,7.292138e-2,7.205527e-2,3.114834e-2,2.825627e-2,2.798086e-2,2.737164e-2,2.646147e-2,2.592856e-2,2.523476e-2,2.543166e-2,3.476250e-2,3.293097e-2,3.074360e-2,3.194663e-2,3.058642e-2,3.270380e-2,3.267064e-2,3.330808e-2,3.290830e-2,2.726555e-2,2.645032e-2,2.587391e-2,2.477541e-2,2.432355e-2,2.543957e-2,2.543014e-2,2.568518e-2,2.162232e-2,2.037239e-2,1.981286e-2,1.906785e-2,1.887090e-2,1.848722e-2,1.872129e-2,2.464441e-2,2.147319e-2,2.034862e-2,1.975929e-2,2.032480e-2,2.004421e-2,1.974740e-2,2.128676e-2,2.773828e-2,2.503871e-2,2.577052e-2,2.519539e-2,2.589605e-2,2.791133e-2,2.775188e-2,2.835090e-2,3.362299e-2,2.963754e-2,2.661558e-2,2.673583e-2,2.726555e-2,2.661245e-2,2.618586e-2,2.503197e-2,1.955139e-2,1.881239e-2,1.772395e-2,1.851428e-2,1.776763e-2,1.884061e-2,1.847746e-2,1.851500e-2,2.014853e-2,1.963804e-2,1.841369e-2,1.800793e-2,1.876205e-2,1.871222e-2,1.833762e-2,1.836882e-2,3.424277e-2,2.846087e-2,2.863966e-2,2.759335e-2,2.836334e-2,2.791467e-2,2.787720e-2,2.639727e-2,2.585347e-2,2.187152e-2,2.081426e-2,2.000757e-2,2.070226e-2,1.992608e-2,1.954557e-2,1.998369e-2,4.751381e-2,4.549114e-2,4.377459e-2,4.682684e-2,4.388641e-2,4.683796e-2,4.575914e-2,4.551252e-2,3.231342e-2,1.968179e-2,1.999488e-2,1.951279e-2,2.009815e-2,1.963936e-2,2.107145e-2,2.198129e-2,2.351454e-2,1.899821e-2,1.818626e-2,1.948311e-2,1.868802e-2,1.992067e-2,1.950319e-2,1.982861e-2,3.148356e-2,3.280033e-2,3.339202e-2,3.195420e-2,3.303966e-2,3.313058e-2,3.331731e-2,3.368196e-2,1.591174e-2,1.280819e-2,1.187892e-2,1.134722e-2,1.078779e-2,1.120481e-2,1.012416e-2,1.034910e-2,4.313087e-2,3.175492e-2,2.955253e-2,3.115265e-2,2.986885e-2,2.930559e-2,2.898506e-2,3.247058e-2,1.686620e-2,1.477402e-2,1.265473e-2,1.222613e-2,1.269719e-2,1.223537e-2,1.190981e-2,1.197060e-2,3.360454e-2,2.649092e-2,2.498357e-2,2.393220e-2,2.455900e-2,2.430365e-2,2.405375e-2,2.461596e-2,2.212615e-2,1.917402e-2,1.797709e-2,1.722445e-2,1.768783e-2,1.713303e-2,1.663161e-2,1.616427e-2],"layer_pooled_mses":[5.074723e-2,4.113230e-2,3.729477e-2,3.573641e-2,3.664964e-2,3.788743e-2,3.770652e-2,4.061529e-2,8.317887e-2,6.970809e-2,6.591433e-2,6.331070e-2,6.325056e-2,6.310214e-2,6.257613e-2,6.391746e-2,5.497972e-2,4.138250e-2,3.825608e-2,3.714853e-2,3.747554e-2,3.711494e-2,3.686426e-2,3.819338e-2,3.460449e-2,2.929466e-2,2.781292e-2,2.746026e-2,2.764638e-2,2.770596e-2,2.778144e-2,2.835458e-2,4.386645e-2,2.895558e-2,2.525996e-2,2.350516e-2,2.326096e-2,2.259789e-2,2.234768e-2,2.349131e-2,4.724104e-2,3.602438e-2,3.526915e-2,3.546725e-2,3.587045e-2,3.651617e-2,3.621042e-2,3.734414e-2,4.224527e-2,3.568446e-2,3.307418e-2,3.167160e-2,3.190261e-2,3.143712e-2,3.107393e-2,3.142169e-2,7.111062e-2,5.787784e-2,5.246526e-2,5.194823e-2,5.258935e-2,5.412044e-2,5.359308e-2,5.674123e-2,7.820370e-2,6.848886e-2,6.750054e-2,6.639562e-2,6.735384e-2,6.662147e-2,6.692380e-2,7.043759e-2,3.741760e-2,3.589121e-2,3.488482e-2,3.501245e-2,3.491106e-2,3.520536e-2,3.484311e-2,3.593850e-2,4.346268e-2,3.858212e-2,3.658666e-2,3.583764e-2,3.592691e-2,3.489588e-2,3.484724e-2,3.365416e-2,8.974923e-2,7.083229e-2,6.545732e-2,6.318312e-2,6.420597e-2,6.522142e-2,6.479915e-2,6.929188e-2,5.212802e-2,4.302117e-2,4.063871e-2,4.050159e-2,4.041500e-2,3.985213e-2,3.918398e-2,4.149415e-2,5.782032e-2,4.823253e-2,4.593884e-2,4.540259e-2,4.442714e-2,4.493214e-2,4.498910e-2,4.701825e-2,5.332564e-2,4.509266e-2,4.157270e-2,4.045768e-2,4.037318e-2,4.010645e-2,3.962670e-2,4.023336e-2,4.776486e-2,3.584178e-2,3.359388e-2,3.435398e-2,3.411788e-2,3.432905e-2,3.441508e-2,3.613956e-2,3.800047e-2,3.294940e-2,3.379287e-2,3.401944e-2,3.535589e-2,3.635212e-2,3.746186e-2,3.834449e-2,4.292197e-2,3.394653e-2,3.296703e-2,3.295453e-2,3.295594e-2,3.332907e-2,3.394975e-2,3.498080e-2,6.541885e-2,4.917527e-2,4.521183e-2,4.250416e-2,4.335733e-2,4.189552e-2,4.085412e-2,4.249476e-2,3.162224e-2,2.701398e-2,2.674030e-2,2.725011e-2,2.789116e-2,2.861127e-2,2.895282e-2,2.995188e-2,3.858662e-2,3.539293e-2,3.260337e-2,3.170727e-2,3.053098e-2,3.072189e-2,3.134586e-2,3.301086e-2,5.532771e-2,4.321592e-2,4.079920e-2,3.868326e-2,3.750397e-2,3.899051e-2,3.903443e-2,4.142995e-2,4.995148e-2,3.812854e-2,3.622886e-2,3.383090e-2,3.379817e-2,3.407098e-2,3.379901e-2,3.435626e-2,7.945928e-2,6.366152e-2,6.140599e-2,6.117461e-2,6.124314e-2,6.150532e-2,6.130986e-2,6.482188e-2,4.520401e-2,3.797640e-2,3.519121e-2,3.502772e-2,3.603601e-2,3.679403e-2,3.700225e-2,3.793442e-2,4.735882e-2,4.053347e-2,3.703527e-2,3.675226e-2,3.764398e-2,3.791628e-2,3.730572e-2,3.890717e-2,5.455198e-2,5.205922e-2,4.881887e-2,4.809621e-2,4.807744e-2,4.826288e-2,4.862234e-2,4.961964e-2,3.636074e-2,2.679795e-2,2.290718e-2,2.182756e-2,2.070884e-2,1.979217e-2,1.899404e-2,1.925095e-2,7.303062e-2,5.003300e-2,4.538748e-2,4.574729e-2,4.637712e-2,4.738292e-2,4.519031e-2,4.675182e-2,3.578735e-2,2.657904e-2,2.435909e-2,2.337441e-2,2.346608e-2,2.266642e-2,2.242181e-2,2.259906e-2,5.472316e-2,4.187496e-2,3.827749e-2,3.668746e-2,3.700284e-2,3.782905e-2,3.784432e-2,4.061773e-2,4.559951e-2,3.829126e-2,3.431034e-2,3.307914e-2,3.292897e-2,3.229610e-2,3.076506e-2,3.075257e-2],