{"n_vecs":131072,"dim":64,"block_size":512,"n_blocks":256,"variance_ratio":0.95,"per_block_mean_mse":7.494012e-2,"layer_pooled_mean_mse":2.373424e-1,"first_block_mean_mse":2.131107e0,"pooled_over_per_block_mean":3.1671,"pooled_over_per_block_median":3.0189,"pooled_over_per_block_max":12.0571,"first_over_per_block_mean":28.4375,"first_over_per_block_median":30.1593,"first_over_per_block_max":86.8105,"pooled_d_eff":48,"first_d_eff":42,"per_block_d_eff":[42,41,41,41,40,40,41,41,43,42,42,42,42,42,42,42,42,41,41,41,40,41,41,41,42,41,41,41,41,41,41,41,45,44,44,44,44,44,44,44,47,46,46,46,46,46,46,46,44,43,43,43,43,43,43,43,44,42,42,42,42,42,42,42,35,34,33,33,33,33,33,33,42,41,41,41,41,41,41,41,47,46,46,46,46,46,46,46,43,43,42,42,42,42,42,42,34,32,32,32,32,32,32,32,46,45,45,45,45,45,45,45,40,39,39,38,38,38,38,38,42,40,40,40,40,40,40,40,46,45,45,45,45,45,45,45,42,40,40,40,40,40,40,40,39,37,37,37,37,37,37,37,29,28,28,28,28,28,28,28,40,39,39,39,39,39,39,39,42,42,42,42,42,41,42,41,46,45,45,45,45,45,45,45,45,44,44,44,44,44,44,44,43,42,42,42,42,41,42,42,41,40,40,40,40,40,40,40,42,41,41,41,41,41,41,41,45,44,44,44,44,44,44,44,36,35,35,35,35,35,35,35,40,39,39,39,39,38,39,39,39,37,37,37,37,37,37,37,42,41,41,41,41,41,41,41],"per_block_mses":[7.353280e-2,7.504006e-2,7.441918e-2,7.376150e-2,7.948620e-2,8.012640e-2,7.515363e-2,7.587973e-2,5.654221e-2,5.798921e-2,5.771818e-2,5.718175e-2,5.717354e-2,5.721496e-2,5.795287e-2,5.806222e-2,9.369677e-2,9.704547e-2,9.700767e-2,9.667710e-2,1.050225e-1,9.687649e-2,9.718347e-2,9.743836e-2,8.113822e-2,8.386048e-2,8.299261e-2,8.352515e-2,8.364193e-2,8.356418e-2,8.337308e-2,8.373716e-2,7.480852e-2,7.812754e-2,7.812888e-2,7.747668e-2,7.791175e-2,7.824058e-2,7.845031e-2,7.827870e-2,3.545701e-2,3.635392e-2,3.610841e-2,3.616598e-2,3.632957e-2,3.629128e-2,3.629172e-2,3.635599e-2,5.262118e-2,5.419586e-2,5.358227e-2,5.372042e-2,5.435667e-2,5.417742e-2,5.453739e-2,5.485891e-2,5.574865e-2,6.339742e-2,6.346732e-2,6.360222e-2,6.387301e-2,6.372125e-2,6.375270e-2,6.401041e-2,9.639027e-2,9.893969e-2,1.068100e-1,1.068596e-1,1.062249e-1,1.068864e-1,1.069353e-1,1.064689e-1,9.989813e-2,1.036519e-1,1.033353e-1,1.040090e-1,1.037338e-1,1.031539e-1,1.034349e-1,1.037669e-1,2.770064e-2,2.832178e-2,2.819446e-2,2.814659e-2,2.824645e-2,2.822786e-2,2.811767e-2,2.830967e-2,9.074482e-2,8.641673e-2,9.469953e-2,9.443888e-2,9.431631e-2,9.462309e-2,9.465182e-2,9.479942e-2,1.088530e-1,1.175074e-1,1.178529e-1,1.172823e-1,1.173028e-1,1.178844e-1,1.180816e-1,1.174811e-1,3.461167e-2,3.652153e-2,3.673291e-2,3.665670e-2,3.671262e-2,3.677404e-2,3.648775e-2,3.667759e-2,5.470637e-2,5.605489e-2,5.635047e-2,6.090123e-2,6.093108e-2,6.090262e-2,6.116524e-2,6.082562e-2,9.106550e-2,1.002105e-1,9.974626e-2,9.946328e-2,9.969825e-2,9.956827e-2,9.998966e-2,1.004270e-1,7.531707e-2,7.694503e-2,7.671104e-2,7.663788e-2,7.678340e-2,7.664968e-2,7.695277e-2,7.734615e-2,6.046145e-2,6.597612e-2,6.574836e-2,6.552834e-2,6.546348e-2,6.537612e-2,6.576443e-2,6.604808e-2,4.607341e-2,5.175486e-2,5.137846e-2,5.156741e-2,5.190429e-2,5.199667e-2,5.172702e-2,5.178811e-2,1.120379e-1,1.124118e-1,1.124598e-1,1.126017e-1,1.121822e-1,1.120973e-1,1.120467e-1,1.116049e-1,1.004567e-1,1.030959e-1,1.029161e-1,1.024473e-1,1.021387e-1,1.025048e-1,1.026716e-1,1.022073e-1,1.043204e-1,9.956087e-2,9.946759e-2,9.912849e-2,9.978073e-2,1.083665e-1,9.968985e-2,1.083535e-1,8.818407e-2,9.221121e-2,9.168074e-2,9.149648e-2,9.209188e-2,9.236868e-2,9.238250e-2,9.232689e-2,3.190787e-2,3.255113e-2,3.231978e-2,3.229694e-2,3.221372e-2,3.257770e-2,3.291141e-2,3.278684e-2,3.835636e-2,3.933325e-2,3.899676e-2,3.891451e-2,3.895622e-2,4.245026e-2,3.937097e-2,3.915492e-2,5.342506e-2,5.408244e-2,5.403566e-2,5.399224e-2,5.434131e-2,5.466298e-2,5.423618e-2,5.418442e-2,1.075752e-1,1.113447e-1,1.097640e-1,1.097777e-1,1.101391e-1,1.095516e-1,1.098636e-1,1.108052e-1,8.094721e-2,8.277440e-2,8.197285e-2,8.212094e-2,8.247598e-2,8.227405e-2,8.258004e-2,8.316788e-2,7.826316e-2,7.982728e-2,7.959088e-2,7.931914e-2,7.912385e-2,7.930468e-2,7.912307e-2,8.023223e-2,7.848220e-2,8.140653e-2,8.146328e-2,8.107973e-2,8.106336e-2,8.773613e-2,8.168400e-2,8.168475e-2,5.633990e-2,6.360975e-2,6.346950e-2,6.293928e-2,6.264625e-2,6.269275e-2,6.314377e-2,6.341094e-2,6.870258e-2,7.145095e-2,7.098196e-2,7.150226e-2,7.124151e-2,7.152607e-2,7.147197e-2,7.147752e-2],"layer_pooled_mses":[2.223598e-1,2.190346e-1,2.207558e-1,2.185727e-1,2.249363e-1,2.244956e-1,2.327826e-1,2.410353e-1,1.550161e-1,1.488042e-1,1.530918e-1,1.591439e-1,1.566954e-1,1.605712e-1,1.666262e-1,1.824206e-1,2.243433e-1,2.269858e-1,2.264226e-1,2.201546e-1,2.196814e-1,2.246286e-1,2.313312e-1,2.372881e-1,3.995074e-1,3.554827e-1,3.142850e-1,3.013369e-1,3.109885e-1,3.244679e-1,3.317063e-1,3.573207e-1,4.857718e-1,4.211793e-1,4.340385e-1,5.027032e-1,5.233717e-1,4.651156e-1,4.228865e-1,4.909452e-1,2.195278e-1,2.356331e-1,2.363172e-1,2.344933e-1,2.414360e-1,2.490543e-1,2.492393e-1,2.561022e-1,2.616507e-1,2.594781e-1,2.606351e-1,2.482132e-1,2.497815e-1,2.620016e-1,2.782663e-1,2.758007e-1,3.413418e-1,3.293114e-1,3.473071e-1,3.431620e-1,3.395558e-1,3.636999e-1,3.688594e-1,3.648148e-1,1.373048e-1,1.335630e-1,1.245835e-1,1.202352e-1,1.203753e-1,1.228973e-1,1.199177e-1,1.207043e-1,2.094923e-1,2.113021e-1,2.127804e-1,2.118831e-1,2.111578e-1,2.131962e-1,2.170649e-1,2.230568e-1,2.347071e-1,2.319937e-1,2.195156e-1,2.101546e-1,1.993432e-1,1.992690e-1,2.030533e-1,2.125179e-1,2.647272e-1,2.602736e-1,2.639175e-1,2.737063e-1,2.769575e-1,2.653991e-1,2.564827e-1,2.559984e-1,1.323068e-1,1.256979e-1,1.233605e-1,1.217176e-1,1.231892e-1,1.241249e-1,1.233608e-1,1.181214e-1,4.173172e-1,3.885753e-1,3.892541e-1,4.282759e-1,4.200587e-1,3.512119e-1,3.431074e-1,3.931817e-1,1.251737e-1,1.236769e-1,1.260803e-1,1.317003e-1,1.367747e-1,1.455637e-1,1.525378e-1,1.574995e-1,2.123464e-1,2.141321e-1,2.116950e-1,2.111147e-1,2.107009e-1,2.094307e-1,2.121390e-1,2.180849e-1,2.247879e-1,2.176557e-1,2.089949e-1,2.028961e-1,1.983123e-1,1.979314e-1,2.043490e-1,2.071731e-1,1.951980e-1,1.941143e-1,2.015614e-1,2.101081e-1,2.177803e-1,2.255284e-1,2.388062e-1,2.563172e-1,2.580745e-1,2.341626e-1,2.192719e-1,2.078167e-1,2.068460e-1,2.071412e-1,2.245994e-1,2.573599e-1,1.085939e-1,1.042403e-1,1.003064e-1,1.010264e-1,1.026993e-1,1.035418e-1,1.024568e-1,1.003162e-1,1.923077e-1,1.858476e-1,1.824468e-1,1.809049e-1,1.786269e-1,1.778912e-1,1.808598e-1,1.851134e-1,2.453706e-1,2.471728e-1,2.628740e-1,2.540192e-1,2.455549e-1,2.457562e-1,2.376856e-1,2.396719e-1,3.066095e-1,3.000481e-1,2.949537e-1,2.821721e-1,2.779066e-1,2.746192e-1,2.782195e-1,2.787245e-1,2.682286e-1,2.627583e-1,2.592218e-1,2.646219e-1,2.646971e-1,2.876329e-1,3.049618e-1,3.201894e-1,1.608146e-1,1.478145e-1,1.354383e-1,1.290851e-1,1.322834e-1,1.296065e-1,1.253468e-1,1.343139e-1,2.132080e-1,2.111372e-1,2.060632e-1,2.006924e-1,1.984621e-1,1.858417e-1,1.862462e-1,1.904425e-1,4.490519e-1,4.170044e-1,3.562600e-1,3.540052e-1,3.569981e-1,3.903800e-1,4.729398e-1,5.448741e-1,1.993318e-1,1.947157e-1,1.932683e-1,1.938120e-1,1.948288e-1,1.941217e-1,1.970753e-1,2.008590e-1,3.771309e-1,3.770127e-1,3.452736e-1,3.733196e-1,3.833839e-1,3.658014e-1,3.615527e-1,3.942040e-1,1.874102e-1,1.896209e-1,1.817775e-1,1.744414e-1,1.723893e-1,1.693544e-1,1.681294e-1,1.624445e-1,1.640368e-1,1.555164e-1,1.499931e-1,1.448751e-1,1.451126e-1,1.474531e-1,1.497052e-1,1.548163e-1,2.819880e-1,2.603433e-1,2.406425e-1,2.297691e-1,2.254612e-1,2.278671e-1,2.340371e-1,2.478337e-1],