{"n_vecs":131072,"dim":64,"block_size":512,"n_blocks":256,"variance_ratio":0.95,"per_block_mean_mse":8.232529e-2,"layer_pooled_mean_mse":2.648734e-1,"first_block_mean_mse":1.961694e0,"pooled_over_per_block_mean":3.2174,"pooled_over_per_block_median":3.0361,"pooled_over_per_block_max":7.4419,"first_over_per_block_mean":23.8286,"first_over_per_block_median":23.2203,"first_over_per_block_max":59.7533,"pooled_d_eff":51,"first_d_eff":49,"per_block_d_eff":[49,48,48,48,48,48,48,48,40,38,38,38,38,38,38,38,35,34,34,34,34,34,34,34,31,31,31,31,31,31,31,30,34,33,33,33,33,33,33,33,41,40,40,40,40,40,40,40,38,37,37,37,37,38,38,37,45,43,43,43,43,43,43,43,41,40,40,40,40,40,40,40,42,40,40,40,40,40,40,40,48,46,46,46,46,46,46,46,36,35,35,35,35,35,35,35,43,40,40,40,40,40,40,40,32,32,31,31,31,31,31,31,34,33,33,32,32,32,32,32,46,45,45,44,44,45,45,45,44,43,43,43,43,43,43,43,43,41,41,41,41,41,41,41,40,39,39,39,39,40,40,39,37,37,37,37,37,37,37,37,48,46,46,46,46,46,46,46,45,44,44,44,44,44,44,44,32,32,32,32,31,32,32,32,42,40,40,40,40,40,40,40,37,36,36,36,36,36,36,36,42,41,41,41,41,41,41,41,45,44,43,43,43,43,43,44,34,33,33,33,33,33,33,32,45,43,43,43,43,43,43,43,40,39,39,39,39,39,39,39,45,44,44,44,44,44,44,44,39,39,38,38,39,39,39,38],"per_block_mses":[4.528056e-2,4.413737e-2,4.336203e-2,4.270762e-2,4.272158e-2,4.223428e-2,4.277177e-2,4.256223e-2,1.199312e-1,1.225751e-1,1.207779e-1,1.189237e-1,1.194233e-1,1.189032e-1,1.195370e-1,1.204347e-1,8.683026e-2,8.848465e-2,8.835930e-2,8.777675e-2,8.700562e-2,8.641216e-2,8.697589e-2,8.648990e-2,7.316206e-2,7.649011e-2,7.608515e-2,7.540340e-2,7.484606e-2,7.407307e-2,7.511248e-2,7.825386e-2,8.858737e-2,9.224441e-2,9.172907e-2,9.030193e-2,8.898537e-2,8.811793e-2,8.772374e-2,8.684229e-2,9.845755e-2,9.906471e-2,9.760867e-2,9.612240e-2,9.581947e-2,9.489177e-2,9.368349e-2,9.416204e-2,1.070545e-1,1.150052e-1,1.140285e-1,1.129276e-1,1.135180e-1,1.044911e-1,1.056484e-1,1.127569e-1,7.008829e-2,7.137687e-2,7.053951e-2,6.887424e-2,6.908032e-2,6.890746e-2,6.901982e-2,6.943177e-2,9.122268e-2,8.387761e-2,8.272514e-2,8.166908e-2,8.261063e-2,8.299356e-2,8.354361e-2,8.476461e-2,8.036998e-2,8.483561e-2,8.385457e-2,8.290286e-2,8.268409e-2,8.167043e-2,8.134053e-2,8.133825e-2,4.974329e-2,5.106612e-2,4.930980e-2,4.847502e-2,4.873077e-2,4.825125e-2,4.862500e-2,4.857437e-2,8.351734e-2,8.603885e-2,8.630210e-2,8.593197e-2,8.547401e-2,8.438967e-2,8.515474e-2,8.449249e-2,9.606391e-2,1.008743e-1,9.915828e-2,9.809242e-2,9.699571e-2,9.697824e-2,9.733895e-2,9.835455e-2,8.457688e-2,8.693483e-2,9.216990e-2,9.189416e-2,9.084172e-2,8.981541e-2,9.071306e-2,8.935543e-2,7.915894e-2,8.069534e-2,7.940735e-2,8.416800e-2,8.291482e-2,8.197534e-2,8.195806e-2,8.120302e-2,6.527616e-2,6.029951e-2,5.964345e-2,6.409459e-2,6.389863e-2,5.779059e-2,5.787010e-2,5.814865e-2,7.961599e-2,7.750528e-2,7.571238e-2,7.542195e-2,7.594876e-2,7.455534e-2,7.545377e-2,7.453112e-2,8.558797e-2,8.210994e-2,8.046827e-2,7.923820e-2,7.919745e-2,7.918424e-2,7.961640e-2,8.011408e-2,1.040330e-1,1.090262e-1,1.082024e-1,1.076578e-1,1.079067e-1,9.820222e-2,9.922791e-2,1.058269e-1,9.375473e-2,9.390524e-2,9.482982e-2,9.503658e-2,9.406197e-2,9.294435e-2,9.417763e-2,9.302853e-2,6.019679e-2,6.034706e-2,5.997819e-2,5.919881e-2,5.926011e-2,5.880569e-2,5.897351e-2,5.946127e-2,6.693041e-2,6.123779e-2,6.030829e-2,5.961271e-2,6.023814e-2,5.963955e-2,5.951446e-2,5.975841e-2,9.114717e-2,9.009562e-2,9.039948e-2,9.090086e-2,9.504195e-2,8.839273e-2,8.933395e-2,8.975224e-2,9.279053e-2,9.568163e-2,9.426622e-2,9.299720e-2,9.248944e-2,9.193716e-2,9.242379e-2,9.193871e-2,8.001593e-2,8.228978e-2,8.145365e-2,7.982803e-2,7.984425e-2,8.003167e-2,7.969340e-2,7.921033e-2,8.585717e-2,7.985499e-2,7.900072e-2,7.808614e-2,7.873357e-2,7.854821e-2,7.910295e-2,8.005814e-2,6.531860e-2,6.805636e-2,7.370515e-2,7.207907e-2,7.172079e-2,7.116525e-2,7.141303e-2,6.559801e-2,7.831839e-2,8.367726e-2,8.153255e-2,8.003824e-2,7.939678e-2,7.788306e-2,7.763316e-2,8.117631e-2,8.520399e-2,8.638268e-2,8.500195e-2,8.350100e-2,8.249530e-2,8.156121e-2,8.178469e-2,8.215015e-2,1.056867e-1,1.002184e-1,9.937953e-2,9.874357e-2,9.960139e-2,9.997254e-2,9.972736e-2,9.924797e-2,4.556805e-2,4.516640e-2,4.478369e-2,4.456725e-2,4.434710e-2,4.416557e-2,4.440066e-2,4.393106e-2,1.119483e-1,1.106701e-1,1.215488e-1,1.209319e-1,1.090783e-1,1.068779e-1,1.082046e-1,1.186975e-1],"layer_pooled_mses":[1.888863e-1,1.721866e-1,1.542854e-1,1.526598e-1,1.698437e-1,1.666590e-1,1.558195e-1,1.563499e-1,6.887196e-1,7.624935e-1,7.702474e-1,7.775950e-1,7.727358e-1,7.597586e-1,7.545528e-1,7.361158e-1,9.742849e-2,8.158492e-2,8.805972e-2,9.868125e-2,9.061439e-2,7.377662e-2,1.073117e-1,1.962156e-1,4.461176e-2,5.415504e-2,6.603503e-2,7.181381e-2,6.981062e-2,6.326440e-2,6.181951e-2,5.767977e-2,1.101100e-1,8.019364e-2,7.534473e-2,7.123485e-2,8.519602e-2,1.045355e-1,1.120023e-1,9.770605e-2,5.950741e-1,5.917803e-1,5.887898e-1,5.891171e-1,5.842901e-1,5.779652e-1,5.837464e-1,5.911735e-1,1.924546e-1,1.911389e-1,1.910953e-1,1.920296e-1,1.826183e-1,2.147659e-1,2.149999e-1,1.832309e-1,3.357221e-1,3.820130e-1,3.851032e-1,4.000516e-1,4.068799e-1,3.979908e-1,3.978593e-1,3.845517e-1,2.525688e-1,2.636625e-1,2.563794e-1,2.479574e-1,2.496960e-1,2.502961e-1,2.457222e-1,2.403957e-1,1.261368e-1,1.346782e-1,1.419461e-1,1.424079e-1,1.278549e-1,1.323927e-1,1.383042e-1,1.325211e-1,1.800531e-1,2.035325e-1,2.006401e-1,2.011594e-1,1.929318e-1,1.855973e-1,2.007410e-1,2.035374e-1,7.977255e-2,8.573198e-2,8.736005e-2,8.785986e-2,8.458005e-2,8.129392e-2,8.781408e-2,8.401328e-2,4.054253e-1,4.372047e-1,4.320672e-1,4.223720e-1,4.154619e-1,4.123445e-1,4.082989e-1,3.985751e-1,2.243173e-1,7.411738e-2,9.749090e-2,1.925922e-1,2.160125e-1,1.465714e-1,7.372776e-2,4.955813e-2,5.740633e-2,6.807561e-2,6.121703e-2,5.347593e-2,6.051654e-2,5.900246e-2,5.109187e-2,5.133962e-2,1.833162e-1,1.959353e-1,1.991568e-1,1.978360e-1,1.973012e-1,1.982153e-1,2.001658e-1,1.972015e-1,2.465831e-1,2.525874e-1,2.472811e-1,2.512070e-1,2.548508e-1,2.521105e-1,2.409096e-1,2.466547e-1,5.023571e-1,4.975165e-1,4.827899e-1,4.777953e-1,4.809103e-1,4.641529e-1,4.637439e-1,4.501967e-1,1.790802e-1,1.912690e-1,2.064745e-1,2.015158e-1,1.858148e-1,1.812550e-1,1.842773e-1,1.953909e-1,2.074879e-1,2.151333e-1,2.028738e-1,1.919635e-1,1.914338e-1,1.881536e-1,1.903000e-1,1.888073e-1,2.075525e-1,2.192193e-1,2.197324e-1,2.171753e-1,2.128609e-1,2.065963e-1,2.089977e-1,2.066751e-1,2.707155e-1,2.583210e-1,2.526647e-1,2.387667e-1,2.420389e-1,2.455171e-1,2.431507e-1,2.384924e-1,6.717116e-2,8.210386e-2,9.287475e-2,7.608094e-2,6.008716e-2,8.270607e-2,9.525889e-2,8.498583e-2,5.934538e-1,6.605158e-1,6.617575e-1,6.768800e-1,6.879484e-1,6.841888e-1,6.702267e-1,6.544755e-1,1.126774e-1,1.358765e-1,1.135808e-1,8.730795e-2,7.414472e-2,7.569949e-2,8.324301e-2,8.152247e-2,5.314939e-1,5.461167e-1,5.427833e-1,5.463674e-1,5.384781e-1,5.285802e-1,5.257230e-1,5.234013e-1,1.743395e-1,2.009240e-1,2.307231e-1,2.454068e-1,2.380168e-1,2.078845e-1,1.942911e-1,1.831539e-1,5.101527e-2,5.414424e-2,5.291240e-2,7.000116e-2,1.041865e-1,9.213523e-2,6.812237e-2,5.586441e-2,3.278512e-1,3.430995e-1,4.575833e-1,4.617902e-1,3.546605e-1,3.094449e-1,4.306281e-1,5.242270e-1,6.041874e-1,6.322632e-1,6.306783e-1,6.482100e-1,6.406641e-1,6.330154e-1,6.365061e-1,6.202969e-1,1.721392e-1,1.676851e-1,1.374840e-1,1.242776e-1,1.251214e-1,1.252854e-1,1.253249e-1,1.254130e-1,2.304478e-1,2.640075e-1,2.741761e-1,2.776715e-1,2.735090e-1,2.687602e-1,2.608307e-1,2.786985e-1],