{"n_vecs":131072,"dim":64,"block_size":512,"n_blocks":256,"variance_ratio":0.95,"per_block_mean_mse":9.321208e-2,"layer_pooled_mean_mse":1.115786e-1,"first_block_mean_mse":8.273892e-1,"pooled_over_per_block_mean":1.1970,"pooled_over_per_block_median":1.2467,"pooled_over_per_block_max":1.7286,"first_over_per_block_mean":8.8764,"first_over_per_block_median":9.2307,"first_over_per_block_max":15.2504,"pooled_d_eff":59,"first_d_eff":45,"per_block_d_eff":[45,40,41,41,41,41,41,41,43,36,36,36,36,36,36,37,44,41,41,41,41,41,41,41,44,41,41,40,41,41,41,41,44,41,41,41,41,41,41,41,45,40,40,40,40,40,40,40,42,38,38,38,38,38,38,38,45,39,39,40,40,40,40,40,42,36,36,36,36,36,36,36,46,42,42,42,42,42,42,42,46,41,41,41,41,41,41,41,44,41,41,41,41,41,41,41,45,38,38,38,38,38,38,38,43,40,40,40,40,40,40,41,43,40,40,40,40,41,41,41,48,42,43,43,43,43,42,43,46,40,40,40,40,40,40,40,46,41,41,41,41,41,41,42,45,42,41,41,41,41,41,42,44,41,41,41,41,42,41,42,47,42,42,42,42,42,42,42,46,40,40,40,40,40,40,41,43,40,40,40,40,40,40,40,45,38,38,38,38,38,38,39,46,41,42,42,42,42,42,42,49,42,42,42,42,42,42,43,44,40,40,40,40,40,40,40,44,41,41,40,40,41,41,41,47,42,42,42,42,42,41,42,45,39,38,38,38,38,38,39,40,35,35,35,35,35,35,35,45,40,41,41,41,41,41,41],"per_block_mses":[6.007642e-2,5.650517e-2,5.179558e-2,5.151258e-2,5.224765e-2,5.226916e-2,5.189981e-2,5.342556e-2,8.259842e-2,7.974697e-2,7.820342e-2,7.674257e-2,7.699013e-2,7.717188e-2,7.768420e-2,7.419646e-2,1.284876e-1,1.319847e-1,1.328156e-1,1.323440e-1,1.328538e-1,1.353675e-1,1.354451e-1,1.360790e-1,1.405101e-1,1.444977e-1,1.443062e-1,1.560460e-1,1.405809e-1,1.406871e-1,1.415537e-1,1.428629e-1,1.279493e-1,1.328479e-1,1.312073e-1,1.295917e-1,1.292927e-1,1.284329e-1,1.290904e-1,1.298356e-1,1.049001e-1,1.040547e-1,1.017201e-1,1.007501e-1,1.007033e-1,9.989202e-2,9.901675e-2,1.022911e-1,1.408612e-1,1.558089e-1,1.537351e-1,1.516313e-1,1.526662e-1,1.527868e-1,1.521566e-1,1.533923e-1,7.497020e-2,7.130571e-2,7.092472e-2,6.480200e-2,6.512054e-2,6.498691e-2,6.513438e-2,6.788657e-2,9.366265e-2,8.489870e-2,8.329371e-2,8.215179e-2,8.266349e-2,8.161386e-2,8.187566e-2,8.646606e-2,5.897934e-2,5.334062e-2,5.206690e-2,5.115248e-2,5.110865e-2,5.018278e-2,5.034852e-2,5.162494e-2,6.818407e-2,6.900499e-2,6.847747e-2,6.756156e-2,6.849177e-2,6.805531e-2,6.766689e-2,6.866530e-2,1.196770e-1,1.228058e-1,1.209975e-1,1.184198e-1,1.183018e-1,1.174444e-1,1.174672e-1,1.191829e-1,6.291911e-2,6.030262e-2,5.882177e-2,5.768175e-2,5.815054e-2,5.792821e-2,5.753231e-2,6.049485e-2,1.542074e-1,1.594678e-1,1.582801e-1,1.555953e-1,1.544023e-1,1.561404e-1,1.567963e-1,1.415132e-1,1.500417e-1,1.605391e-1,1.615228e-1,1.598650e-1,1.593142e-1,1.443661e-1,1.447877e-1,1.449005e-1,5.047470e-2,4.955408e-2,4.458518e-2,4.391606e-2,4.394884e-2,4.367802e-2,4.789639e-2,4.569349e-2,4.292562e-2,3.638866e-2,3.568111e-2,3.536124e-2,3.527900e-2,3.531157e-2,3.502078e-2,3.601251e-2,5.517627e-2,4.726360e-2,4.650392e-2,4.576418e-2,4.607662e-2,4.584483e-2,4.567280e-2,4.335839e-2,1.149360e-1,1.151400e-1,1.254337e-1,1.240063e-1,1.250667e-1,1.242880e-1,1.226992e-1,1.122041e-1,1.522154e-1,1.625796e-1,1.627563e-1,1.612537e-1,1.606387e-1,1.457630e-1,1.597446e-1,1.452428e-1,6.101372e-2,5.454078e-2,5.252794e-2,5.110676e-2,5.096454e-2,5.025569e-2,5.000697e-2,5.234803e-2,5.763483e-2,5.465917e-2,5.273811e-2,5.227658e-2,5.225645e-2,5.190526e-2,5.191558e-2,5.038487e-2,1.669108e-1,1.714766e-1,1.702067e-1,1.674127e-1,1.669002e-1,1.651249e-1,1.647077e-1,1.662830e-1,6.609441e-2,6.524331e-2,6.389078e-2,6.241466e-2,6.242570e-2,6.270487e-2,6.218509e-2,5.921398e-2,9.392213e-2,1.047796e-1,9.411360e-2,9.308707e-2,9.331641e-2,9.364834e-2,9.396401e-2,9.621314e-2,4.626632e-2,4.230308e-2,4.118621e-2,4.025320e-2,4.027398e-2,4.002032e-2,4.001911e-2,3.824248e-2,1.296746e-1,1.332963e-1,1.333306e-1,1.323932e-1,1.322890e-1,1.317994e-1,1.318297e-1,1.322222e-1,1.548276e-1,1.617456e-1,1.596288e-1,1.708409e-1,1.696360e-1,1.545632e-1,1.543800e-1,1.551773e-1,4.637707e-2,3.877402e-2,3.785359e-2,3.689984e-2,3.735811e-2,3.692404e-2,4.021202e-2,3.784073e-2,6.301984e-2,5.330770e-2,5.692181e-2,5.610370e-2,5.699924e-2,5.693936e-2,5.744889e-2,5.454136e-2,6.605332e-2,6.645581e-2,6.544670e-2,6.488536e-2,6.537681e-2,6.511566e-2,6.470651e-2,6.594688e-2,9.896938e-2,1.068229e-1,9.676814e-2,9.615838e-2,9.636501e-2,9.818208e-2,9.743417e-2,9.911516e-2],"layer_pooled_mses":[7.320335e-2,6.914249e-2,6.927012e-2,6.968468e-2,6.973463e-2,6.916620e-2,6.879391e-2,6.938504e-2,1.234203e-1,1.205856e-1,1.194629e-1,1.164010e-1,1.150461e-1,1.136012e-1,1.135360e-1,1.132204e-1,1.630793e-1,1.676388e-1,1.654819e-1,1.651562e-1,1.642495e-1,1.647816e-1,1.646467e-1,1.616903e-1,1.635815e-1,1.695057e-1,1.655890e-1,1.630794e-1,1.601617e-1,1.580956e-1,1.607522e-1,1.575109e-1,1.505491e-1,1.617747e-1,1.596994e-1,1.582177e-1,1.568707e-1,1.546159e-1,1.545173e-1,1.544648e-1,1.304691e-1,1.187851e-1,1.155068e-1,1.123460e-1,1.113952e-1,1.101644e-1,1.118599e-1,1.101128e-1,1.626415e-1,1.610377e-1,1.585315e-1,1.577751e-1,1.570909e-1,1.562784e-1,1.559487e-1,1.552025e-1,1.034480e-1,8.655991e-2,8.489469e-2,8.326943e-2,8.176196e-2,8.119688e-2,8.091215e-2,8.166811e-2,9.741580e-2,9.267448e-2,9.214852e-2,9.403293e-2,9.435293e-2,9.458958e-2,9.477777e-2,9.376968e-2,7.864437e-2,7.398258e-2,7.111402e-2,6.978911e-2,7.129700e-2,7.066622e-2,7.131764e-2,6.990954e-2,1.036993e-1,9.503852e-2,9.296185e-2,9.152707e-2,8.978331e-2,8.871215e-2,8.905611e-2,8.925630e-2,1.292254e-1,1.281285e-1,1.280639e-1,1.263075e-1,1.247606e-1,1.240893e-1,1.236561e-1,1.234202e-1,9.583486e-2,8.335433e-2,8.387034e-2,8.380036e-2,8.307036e-2,8.335569e-2,8.348409e-2,8.619143e-2,1.533163e-1,1.580938e-1,1.595553e-1,1.584648e-1,1.563497e-1,1.550320e-1,1.556420e-1,1.533991e-1,1.771223e-1,1.791673e-1,1.786700e-1,1.760994e-1,1.746206e-1,1.741109e-1,1.747521e-1,1.732508e-1,8.445052e-2,7.762200e-2,7.707173e-2,7.522835e-2,7.476055e-2,7.303478e-2,7.238998e-2,7.154238e-2,6.103466e-2,4.887595e-2,5.061786e-2,5.039169e-2,5.002195e-2,5.086389e-2,5.093710e-2,5.126663e-2,9.133901e-2,8.036485e-2,7.654647e-2,7.468334e-2,7.296330e-2,7.123348e-2,7.153558e-2,7.205035e-2,1.431200e-1,1.435439e-1,1.415624e-1,1.419083e-1,1.415152e-1,1.412070e-1,1.420305e-1,1.381571e-1,1.766847e-1,1.710621e-1,1.700953e-1,1.684884e-1,1.679298e-1,1.687597e-1,1.695465e-1,1.712242e-1,8.203068e-2,7.810122e-2,8.055275e-2,8.125712e-2,8.184592e-2,8.245093e-2,8.307958e-2,8.227792e-2,7.957161e-2,6.825468e-2,6.729789e-2,6.612352e-2,6.593148e-2,6.548298e-2,6.536988e-2,6.511217e-2,1.610300e-1,1.569702e-1,1.546803e-1,1.506818e-1,1.488555e-1,1.484374e-1,1.504875e-1,1.482474e-1,9.327366e-2,8.081762e-2,7.863649e-2,7.530272e-2,7.470639e-2,7.373372e-2,7.382372e-2,7.382888e-2,1.298101e-1,1.395460e-1,1.372850e-1,1.354425e-1,1.344232e-1,1.324501e-1,1.320977e-1,1.297835e-1,6.682522e-2,5.331101e-2,5.398645e-2,5.451788e-2,5.517330e-2,5.581204e-2,5.577117e-2,5.686752e-2,1.452505e-1,1.457521e-1,1.491914e-1,1.466434e-1,1.484195e-1,1.477409e-1,1.503360e-1,1.486109e-1,1.648761e-1,1.669871e-1,1.658429e-1,1.662855e-1,1.651414e-1,1.643406e-1,1.665255e-1,1.619677e-1,7.474273e-2,6.273034e-2,6.162328e-2,6.073061e-2,6.000087e-2,5.953422e-2,6.013283e-2,6.037009e-2,8.833160e-2,7.443124e-2,7.222429e-2,7.153612e-2,7.198773e-2,7.115866e-2,7.270754e-2,7.301438e-2,8.513076e-2,8.849756e-2,8.884054e-2,8.750086e-2,8.847644e-2,8.746941e-2,8.789426e-2,8.644645e-2,1.194197e-1,1.162475e-1,1.167529e-1,1.148913e-1,1.150189e-1,1.150255e-1,1.154092e-1,1.159191e-1],