{"n_vecs":131072,"dim":64,"block_size":512,"n_blocks":256,"variance_ratio":0.95,"per_block_mean_mse":8.878607e-2,"layer_pooled_mean_mse":2.850968e-1,"first_block_mean_mse":2.751004e0,"pooled_over_per_block_mean":3.2111,"pooled_over_per_block_median":2.9877,"pooled_over_per_block_max":9.1138,"first_over_per_block_mean":30.9846,"first_over_per_block_median":32.3899,"first_over_per_block_max":85.0987,"pooled_d_eff":50,"first_d_eff":40,"per_block_d_eff":[40,38,38,38,38,38,38,37,42,40,40,40,40,40,40,40,39,37,37,37,37,37,37,37,44,41,41,41,41,41,41,41,45,43,43,42,42,42,42,42,42,40,40,40,40,40,40,40,40,38,38,38,37,37,37,37,40,38,38,38,38,38,38,38,43,41,41,40,40,40,40,40,45,43,43,42,42,42,42,42,43,41,41,41,41,41,41,41,41,39,39,39,39,39,39,39,44,42,42,42,42,42,42,42,46,44,44,43,43,43,43,43,39,37,36,36,36,36,36,36,45,43,42,42,42,42,42,42,41,40,39,39,39,39,39,39,41,39,39,39,39,39,39,39,43,41,40,40,40,40,40,40,42,41,40,40,40,40,40,40,40,38,38,37,37,37,37,37,43,41,41,40,40,40,40,40,46,44,44,44,44,44,44,44,42,40,40,39,39,39,39,39,45,43,43,43,43,43,42,43,43,41,41,41,41,41,41,41,46,43,43,43,43,43,43,43,39,38,37,37,37,37,37,37,48,46,46,45,45,45,45,45,40,38,38,38,37,37,37,37,42,40,39,39,39,39,39,39,46,44,43,43,43,43,43,43],"per_block_mses":[1.164926e-1,1.175506e-1,1.144271e-1,1.127912e-1,1.118368e-1,1.130513e-1,1.107304e-1,1.188638e-1,1.109482e-1,1.142111e-1,1.112747e-1,1.096141e-1,1.082390e-1,1.076712e-1,1.073670e-1,1.072660e-1,6.878540e-2,7.123169e-2,6.970407e-2,6.900826e-2,6.779385e-2,6.827213e-2,6.832799e-2,6.840866e-2,5.965342e-2,6.290994e-2,6.104630e-2,6.027358e-2,5.916266e-2,5.926998e-2,5.905898e-2,5.846840e-2,8.004693e-2,8.393481e-2,8.091041e-2,8.761771e-2,8.678633e-2,8.731258e-2,8.719617e-2,8.705235e-2,1.111241e-1,1.156897e-1,1.119141e-1,1.094695e-1,1.086083e-1,1.086089e-1,1.082667e-1,1.085170e-1,1.031937e-1,1.072432e-1,1.040937e-1,1.022855e-1,1.093230e-1,1.086363e-1,1.089258e-1,1.083468e-1,6.896885e-2,7.251595e-2,7.192002e-2,7.156244e-2,7.102264e-2,7.115391e-2,7.114097e-2,7.056909e-2,8.907083e-2,9.026307e-2,8.636826e-2,9.174215e-2,9.044717e-2,9.017764e-2,8.992130e-2,8.936767e-2,5.258632e-2,5.316435e-2,5.208418e-2,5.689640e-2,5.658492e-2,5.713359e-2,5.689222e-2,5.726958e-2,8.084239e-2,8.509389e-2,8.293419e-2,8.215857e-2,8.131757e-2,8.101073e-2,8.103314e-2,8.033766e-2,1.166958e-1,1.201178e-1,1.179861e-1,1.167883e-1,1.162103e-1,1.167284e-1,1.164621e-1,1.153115e-1,7.666764e-2,7.812255e-2,7.534749e-2,7.443036e-2,7.347725e-2,7.340773e-2,7.342863e-2,7.410744e-2,7.288384e-2,7.509299e-2,7.249449e-2,7.846588e-2,7.784900e-2,7.786844e-2,7.650792e-2,7.659344e-2,1.251676e-1,1.262942e-1,1.319652e-1,1.299119e-1,1.283710e-1,1.278155e-1,1.267119e-1,1.267497e-1,7.864311e-2,7.903416e-2,8.330727e-2,8.222319e-2,8.160742e-2,8.084534e-2,8.074042e-2,8.061032e-2,1.127865e-1,1.074638e-1,1.123834e-1,1.108020e-1,1.101071e-1,1.096060e-1,1.083497e-1,1.083236e-1,8.424619e-2,8.539283e-2,8.244159e-2,8.206998e-2,8.131242e-2,8.125608e-2,8.145801e-2,8.150197e-2,7.486503e-2,7.610287e-2,7.896169e-2,7.801495e-2,7.760560e-2,7.762876e-2,7.775387e-2,7.706491e-2,1.032633e-1,9.968411e-2,1.062726e-1,1.040198e-1,1.035660e-1,1.036703e-1,1.028421e-1,1.025859e-1,1.101558e-1,1.157623e-1,1.115335e-1,1.183361e-1,1.172218e-1,1.172279e-1,1.168857e-1,1.172887e-1,8.173765e-2,8.261148e-2,7.918813e-2,8.388681e-2,8.234932e-2,8.235749e-2,8.235976e-2,8.208382e-2,9.218138e-2,9.365205e-2,9.166455e-2,9.070806e-2,9.036393e-2,9.019213e-2,8.984645e-2,8.881257e-2,1.074004e-1,1.118347e-1,1.084005e-1,1.157493e-1,1.147223e-1,1.148621e-1,1.139181e-1,1.130736e-1,6.688295e-2,6.810926e-2,6.547577e-2,6.457956e-2,6.375447e-2,6.394508e-2,6.908721e-2,6.306113e-2,6.850898e-2,6.853483e-2,6.616116e-2,6.437618e-2,6.358971e-2,6.401784e-2,6.343563e-2,6.330461e-2,5.371079e-2,6.004072e-2,5.839859e-2,5.769820e-2,5.712384e-2,5.662616e-2,5.668907e-2,5.714005e-2,1.044900e-1,9.852600e-2,1.026860e-1,1.010967e-1,1.004455e-1,1.002610e-1,9.991331e-2,9.969830e-2,5.454045e-2,5.690509e-2,5.458054e-2,5.931823e-2,5.883539e-2,5.824544e-2,5.799152e-2,5.806664e-2,1.004870e-1,1.048346e-1,1.017514e-1,1.003759e-1,1.075892e-1,1.064750e-1,1.061365e-1,1.062669e-1,1.012810e-1,1.050515e-1,1.088762e-1,1.074638e-1,1.069911e-1,1.063107e-1,1.059620e-1,1.057634e-1,7.702243e-2,7.967111e-2,8.405554e-2,8.268508e-2,8.190902e-2,8.198706e-2,8.195391e-2,8.130066e-2],"layer_pooled_mses":[1.846838e-1,1.739417e-1,1.741364e-1,1.617795e-1,1.629875e-1,1.597306e-1,1.545412e-1,1.528954e-1,7.633269e-1,6.579290e-1,6.202663e-1,5.979948e-1,5.824231e-1,6.117785e-1,6.640987e-1,7.108003e-1,4.733944e-1,4.990163e-1,4.757535e-1,4.286042e-1,4.258899e-1,4.179133e-1,4.088212e-1,4.558577e-1,2.583937e-1,2.272465e-1,2.224087e-1,2.601558e-1,2.554695e-1,2.528700e-1,2.675291e-1,2.985617e-1,4.395978e-1,3.825087e-1,3.118779e-1,2.719474e-1,2.685789e-1,3.171111e-1,3.437018e-1,3.401567e-1,2.991190e-1,2.844471e-1,2.872160e-1,2.734600e-1,2.913028e-1,3.183072e-1,3.234646e-1,3.538507e-1,2.573102e-1,2.247749e-1,2.344003e-1,2.302652e-1,2.177673e-1,2.297233e-1,2.468964e-1,2.576207e-1,5.989315e-1,5.232240e-1,5.432161e-1,4.860534e-1,4.590336e-1,5.504329e-1,6.220431e-1,6.431516e-1,1.764170e-1,1.604965e-1,1.550165e-1,1.539963e-1,1.654909e-1,1.740167e-1,1.713705e-1,1.670609e-1,3.536552e-1,3.551606e-1,3.273783e-1,3.150190e-1,3.207299e-1,3.162587e-1,2.994533e-1,3.119531e-1,5.983352e-1,5.203878e-1,4.224280e-1,4.166540e-1,4.019029e-1,4.225455e-1,4.929812e-1,5.408372e-1,4.965011e-1,5.336319e-1,5.805077e-1,5.502269e-1,5.498408e-1,5.905214e-1,5.344172e-1,5.380951e-1,2.873313e-1,2.469687e-1,2.399407e-1,2.344320e-1,2.367528e-1,2.599797e-1,2.508765e-1,2.629699e-1,3.449869e-1,2.927851e-1,2.635415e-1,2.332695e-1,2.469816e-1,2.860511e-1,3.110104e-1,3.489710e-1,2.018715e-1,2.013904e-1,1.983566e-1,2.061232e-1,2.026208e-1,2.002559e-1,2.119648e-1,2.145914e-1,3.855962e-1,4.161995e-1,4.401853e-1,4.068051e-1,4.227629e-1,4.598845e-1,3.983064e-1,4.058717e-1,1.683126e-1,1.695852e-1,1.707369e-1,1.660427e-1,1.652038e-1,1.632315e-1,1.604315e-1,1.715334e-1,2.362705e-1,2.271445e-1,2.208254e-1,2.131732e-1,2.132874e-1,2.310094e-1,2.323723e-1,2.429781e-1,2.447626e-1,2.149280e-1,2.035355e-1,1.953825e-1,1.900159e-1,1.914251e-1,1.950629e-1,2.010722e-1,2.667069e-1,2.252774e-1,2.022003e-1,1.731830e-1,1.804855e-1,2.030857e-1,2.168094e-1,2.795271e-1,3.057743e-1,2.291161e-1,1.654565e-1,1.425540e-1,1.388484e-1,1.522453e-1,1.879876e-1,2.644153e-1,2.156954e-1,1.902573e-1,1.689772e-1,1.592728e-1,1.639836e-1,1.750650e-1,1.661452e-1,1.623962e-1,2.927416e-1,2.792122e-1,2.732121e-1,2.818433e-1,2.845814e-1,2.849586e-1,2.888220e-1,3.015011e-1,2.023308e-1,1.908230e-1,1.786056e-1,1.786474e-1,1.888634e-1,1.925884e-1,1.848382e-1,1.804696e-1,1.976113e-1,1.897188e-1,1.872459e-1,1.770145e-1,1.795604e-1,1.684386e-1,1.611435e-1,1.618513e-1,4.100668e-1,3.475378e-1,3.203496e-1,2.847467e-1,2.718436e-1,2.889784e-1,3.224856e-1,3.432738e-1,2.300338e-1,2.271685e-1,2.141031e-1,2.010756e-1,2.062843e-1,2.119315e-1,2.105169e-1,2.189376e-1,2.802648e-1,2.139695e-1,1.623384e-1,1.392754e-1,1.265286e-1,1.314527e-1,1.537131e-1,1.933071e-1,1.987183e-1,1.897686e-1,1.852065e-1,1.842226e-1,1.842378e-1,1.785955e-1,1.751591e-1,1.770586e-1,2.363500e-1,2.016815e-1,1.713767e-1,1.509331e-1,1.520814e-1,1.668524e-1,2.016170e-1,2.708208e-1,2.908388e-1,2.798293e-1,2.835541e-1,2.817217e-1,2.822787e-1,3.015348e-1,2.992702e-1,3.011422e-1,3.382123e-1,2.905502e-1,2.835297e-1,2.581177e-1,2.490648e-1,2.490583e-1,2.485082e-1,2.566881e-1],