{"n_vecs":131072,"dim":64,"block_size":512,"n_blocks":256,"variance_ratio":0.95,"per_block_mean_mse":8.098876e-2,"layer_pooled_mean_mse":9.559414e-2,"first_block_mean_mse":6.019945e-1,"pooled_over_per_block_mean":1.1803,"pooled_over_per_block_median":1.2227,"pooled_over_per_block_max":1.6993,"first_over_per_block_mean":7.4331,"first_over_per_block_median":7.1740,"first_over_per_block_max":14.7212,"pooled_d_eff":59,"first_d_eff":46,"per_block_d_eff":[46,41,40,40,40,41,40,41,48,42,42,42,42,42,42,42,47,41,41,41,41,41,41,41,45,41,41,41,41,41,41,42,44,38,38,38,38,38,38,38,46,41,41,41,41,41,41,41,46,41,41,41,41,41,41,42,44,36,36,36,36,36,35,36,44,40,40,40,40,40,40,40,45,38,38,38,38,38,38,38,48,41,41,41,41,41,41,41,45,41,41,41,41,41,41,42,44,40,40,40,40,40,40,40,47,41,41,41,41,41,41,42,45,41,41,41,41,41,41,41,47,41,41,41,41,41,41,41,47,40,40,40,40,40,40,41,43,36,36,36,36,36,36,36,45,40,40,40,40,40,40,41,49,43,43,43,43,43,43,43,45,41,41,41,41,41,41,41,48,41,41,41,41,41,41,42,46,40,40,40,40,40,40,40,45,41,41,41,41,41,41,41,48,41,40,40,40,40,40,41,45,38,38,38,38,38,38,38,46,39,39,39,39,40,40,40,47,42,42,42,42,42,42,42,47,42,42,42,42,42,42,43,49,43,43,43,43,43,43,43,46,39,39,39,39,39,39,40,45,42,42,42,42,42,42,43],"per_block_mses":[3.172146e-2,2.643684e-2,2.829245e-2,2.790239e-2,2.796268e-2,2.562085e-2,2.811906e-2,2.695337e-2,6.601999e-2,5.889837e-2,5.863276e-2,5.749860e-2,5.820757e-2,5.780287e-2,5.775195e-2,5.999637e-2,7.188710e-2,6.244158e-2,6.126270e-2,5.969194e-2,6.043232e-2,5.944224e-2,5.907868e-2,6.297333e-2,1.147326e-1,1.147075e-1,1.138178e-1,1.123245e-1,1.131297e-1,1.131004e-1,1.133414e-1,1.048446e-1,1.136120e-1,1.038311e-1,1.038902e-1,1.010372e-1,1.019948e-1,1.018533e-1,1.030199e-1,1.054812e-1,7.899136e-2,7.159710e-2,7.085416e-2,7.053793e-2,7.080582e-2,7.043731e-2,7.060703e-2,7.255154e-2,9.330080e-2,9.868513e-2,9.762428e-2,9.680196e-2,9.569758e-2,9.666226e-2,9.710398e-2,9.136137e-2,6.686845e-2,7.194369e-2,7.060854e-2,7.066835e-2,7.108104e-2,7.168161e-2,7.819122e-2,7.625912e-2,1.608170e-1,1.643068e-1,1.614391e-1,1.586516e-1,1.586087e-1,1.586622e-1,1.599942e-1,1.609900e-1,9.929803e-2,1.143414e-1,1.152280e-1,1.137643e-1,1.135712e-1,1.131804e-1,1.119983e-1,1.130474e-1,6.826697e-2,5.531991e-2,5.308931e-2,5.103055e-2,5.134657e-2,5.105607e-2,5.120733e-2,5.285067e-2,1.070531e-1,1.017634e-1,1.007296e-1,9.864223e-2,9.982645e-2,1.002623e-1,1.005532e-1,9.444651e-2,1.257548e-1,1.220546e-1,1.216860e-1,1.193168e-1,1.196881e-1,1.192698e-1,1.204198e-1,1.222022e-1,7.214309e-2,6.767460e-2,6.696855e-2,6.536104e-2,6.508214e-2,6.433185e-2,6.358694e-2,6.078211e-2,1.222972e-1,1.113174e-1,1.105069e-1,1.095210e-1,1.096365e-1,1.099045e-1,1.092155e-1,1.126961e-1,5.675038e-2,4.946030e-2,4.879825e-2,4.746850e-2,4.773312e-2,4.757747e-2,4.741925e-2,4.942000e-2,6.547322e-2,5.728531e-2,5.644761e-2,5.483983e-2,5.490143e-2,5.528647e-2,5.556703e-2,5.274204e-2,1.307705e-1,1.605961e-1,1.593792e-1,1.589240e-1,1.595658e-1,1.600281e-1,1.607381e-1,1.627633e-1,7.867815e-2,7.428112e-2,7.396357e-2,7.308212e-2,7.365089e-2,7.361202e-2,7.354978e-2,6.895824e-2,3.985754e-2,3.478697e-2,3.372962e-2,3.315010e-2,3.344838e-2,3.311550e-2,3.299242e-2,3.483289e-2,1.032829e-1,9.639311e-2,9.650210e-2,9.565772e-2,9.563135e-2,9.611131e-2,9.648188e-2,9.868582e-2,6.986993e-2,6.172537e-2,6.061779e-2,5.972779e-2,6.011092e-2,6.000588e-2,6.090371e-2,5.725700e-2,8.386513e-2,7.243222e-2,7.233560e-2,7.185336e-2,7.172293e-2,7.157270e-2,7.128291e-2,7.439009e-2,1.014383e-1,9.633243e-2,9.516447e-2,9.372198e-2,9.323436e-2,9.348654e-2,9.387321e-2,9.590455e-2,5.670480e-2,5.095730e-2,5.418543e-2,5.356209e-2,5.316853e-2,5.334474e-2,5.380432e-2,5.152556e-2,9.767561e-2,1.070879e-1,1.071644e-1,1.063623e-1,1.064994e-1,1.061833e-1,1.067594e-1,1.090782e-1,6.523411e-2,5.996975e-2,5.901083e-2,5.804215e-2,5.848684e-2,5.369150e-2,5.396216e-2,5.742349e-2,7.042128e-2,6.406804e-2,6.291561e-2,6.151844e-2,6.135106e-2,6.092360e-2,6.041150e-2,6.299254e-2,7.574840e-2,7.208302e-2,7.143142e-2,7.017195e-2,7.054632e-2,7.015541e-2,7.068377e-2,6.645234e-2,5.035598e-2,4.262971e-2,4.171162e-2,4.124846e-2,4.145414e-2,4.117120e-2,4.111560e-2,4.272576e-2,6.068952e-2,5.494971e-2,5.367076e-2,5.295253e-2,5.328106e-2,5.416675e-2,5.451377e-2,5.221963e-2,1.116483e-1,1.127383e-1,1.135530e-1,1.135487e-1,1.134787e-1,1.146001e-1,1.142660e-1,1.040475e-1],"layer_pooled_mses":[4.918337e-2,4.492390e-2,4.236998e-2,4.038069e-2,4.113782e-2,4.095893e-2,4.167448e-2,4.152589e-2,9.612559e-2,7.330541e-2,6.981279e-2,6.883573e-2,6.875071e-2,6.817175e-2,6.985143e-2,7.018172e-2,1.026330e-1,8.436299e-2,8.005555e-2,7.831454e-2,7.785383e-2,7.775148e-2,7.785611e-2,7.800618e-2,1.328475e-1,1.321161e-1,1.321104e-1,1.307808e-1,1.317259e-1,1.311794e-1,1.304454e-1,1.302335e-1,1.423221e-1,1.125855e-1,1.078828e-1,1.048552e-1,1.064469e-1,1.069173e-1,1.073848e-1,1.093459e-1,1.036194e-1,9.560818e-2,9.528963e-2,9.329998e-2,9.478959e-2,9.469330e-2,9.581600e-2,9.491525e-2,1.255102e-1,1.200906e-1,1.203837e-1,1.194987e-1,1.211866e-1,1.206448e-1,1.193901e-1,1.193243e-1,7.387763e-2,8.002703e-2,8.179434e-2,8.228366e-2,8.150708e-2,8.108923e-2,8.196492e-2,8.222956e-2,1.690098e-1,1.548610e-1,1.519269e-1,1.487629e-1,1.461822e-1,1.447254e-1,1.462287e-1,1.463096e-1,1.159704e-1,1.231584e-1,1.238104e-1,1.222204e-1,1.256399e-1,1.239931e-1,1.251747e-1,1.210231e-1,1.032214e-1,7.384989e-2,7.267392e-2,7.169398e-2,7.319329e-2,7.322635e-2,7.199526e-2,7.198681e-2,1.346743e-1,1.248069e-1,1.231585e-1,1.203859e-1,1.202030e-1,1.181457e-1,1.185270e-1,1.185365e-1,1.619409e-1,1.450628e-1,1.441795e-1,1.435703e-1,1.414766e-1,1.387498e-1,1.383757e-1,1.373971e-1,8.498713e-2,7.492147e-2,7.298600e-2,7.104917e-2,7.294498e-2,7.266874e-2,7.344921e-2,7.498652e-2,1.600260e-1,1.440916e-1,1.426229e-1,1.384882e-1,1.392533e-1,1.382325e-1,1.403447e-1,1.401825e-1,8.230314e-2,7.011735e-2,7.029432e-2,7.053810e-2,7.031699e-2,7.005949e-2,7.131743e-2,7.209395e-2,8.643195e-2,7.388765e-2,7.382383e-2,7.178327e-2,7.342421e-2,7.394168e-2,7.581680e-2,7.701492e-2,1.228076e-1,1.337893e-1,1.343302e-1,1.342000e-1,1.338705e-1,1.335229e-1,1.336174e-1,1.296675e-1,9.641464e-2,8.603410e-2,8.428769e-2,8.426792e-2,8.436199e-2,8.582787e-2,8.784934e-2,8.566242e-2,6.124557e-2,5.446764e-2,5.109776e-2,4.894237e-2,4.948748e-2,4.911923e-2,4.911114e-2,4.877524e-2,1.120302e-1,1.044749e-1,1.015536e-1,9.993080e-2,1.001910e-1,1.009121e-1,1.005435e-1,9.971721e-2,9.142993e-2,7.267527e-2,7.258100e-2,7.193696e-2,7.159496e-2,7.268147e-2,7.184762e-2,7.375596e-2,1.037968e-1,8.363532e-2,8.254923e-2,8.072237e-2,8.139520e-2,8.443809e-2,8.401022e-2,8.492347e-2,1.190655e-1,1.094613e-1,1.089697e-1,1.097864e-1,1.116100e-1,1.100357e-1,1.123474e-1,1.106233e-1,8.414476e-2,7.522197e-2,7.487451e-2,7.395409e-2,7.574427e-2,7.751842e-2,7.846574e-2,7.975715e-2,9.354708e-2,9.017519e-2,9.016632e-2,9.025039e-2,9.155174e-2,9.095202e-2,9.132489e-2,9.070301e-2,9.209583e-2,8.007842e-2,7.935053e-2,7.734728e-2,7.600117e-2,7.580148e-2,7.483163e-2,7.526636e-2,1.026027e-1,8.225118e-2,8.139279e-2,8.036251e-2,8.052803e-2,8.167781e-2,8.241993e-2,8.209447e-2,1.017030e-1,8.672919e-2,8.482881e-2,8.506983e-2,8.437762e-2,8.514216e-2,8.642765e-2,8.602055e-2,7.303525e-2,6.489408e-2,6.572909e-2,6.536595e-2,6.598570e-2,6.688488e-2,6.821819e-2,6.750821e-2,8.536928e-2,6.702137e-2,6.464807e-2,6.358472e-2,6.482329e-2,6.358571e-2,6.396826e-2,6.543986e-2,1.446328e-1,1.409738e-1,1.402678e-1,1.391712e-1,1.386185e-1,1.379007e-1,1.396637e-1,1.376064e-1],