{"n_vecs":131072,"dim":64,"block_size":512,"n_blocks":256,"variance_ratio":0.95,"per_block_mean_mse":1.357110e-2,"layer_pooled_mean_mse":1.791655e-2,"first_block_mean_mse":1.275977e-1,"pooled_over_per_block_mean":1.3202,"pooled_over_per_block_median":1.3383,"pooled_over_per_block_max":1.7841,"first_over_per_block_mean":9.4022,"first_over_per_block_median":9.3162,"first_over_per_block_max":15.0844,"pooled_d_eff":58,"first_d_eff":43,"per_block_d_eff":[43,42,42,42,42,42,42,42,41,37,37,37,37,37,37,37,39,37,37,37,37,37,37,37,42,37,37,37,37,37,37,37,39,35,35,35,35,35,35,35,38,35,34,35,35,35,35,35,45,42,42,42,42,42,42,42,39,36,36,36,36,36,36,36,40,37,37,37,37,37,37,37,43,40,41,41,41,41,41,41,45,42,42,42,42,42,42,42,42,39,39,39,39,39,39,39,41,39,40,40,40,40,39,39,39,36,36,36,37,37,37,37,42,40,40,40,40,40,40,40,44,42,42,42,42,42,42,42,44,41,41,41,41,41,40,40,42,39,38,38,38,38,38,38,42,39,39,39,39,39,39,39,43,40,40,40,40,40,40,40,40,37,37,37,37,37,37,37,41,39,39,39,39,39,39,39,39,35,35,35,35,35,35,35,43,39,39,39,39,39,39,39,42,39,39,39,39,39,39,39,41,38,38,38,38,38,38,38,40,37,37,37,37,37,37,37,42,40,40,40,40,40,40,40,43,42,42,42,42,42,42,42,41,37,37,37,37,37,37,37,41,39,39,39,38,38,38,39,40,37,37,37,37,37,37,37],"per_block_mses":[1.391773e-2,1.151041e-2,1.124094e-2,1.105649e-2,1.103068e-2,1.103586e-2,1.108697e-2,1.102497e-2,1.989223e-2,1.914219e-2,1.855384e-2,1.830943e-2,1.819500e-2,1.816868e-2,1.807207e-2,1.801857e-2,2.406592e-2,2.140476e-2,2.108344e-2,2.092283e-2,2.079842e-2,2.082576e-2,2.073722e-2,2.075650e-2,1.583069e-2,1.548006e-2,1.501277e-2,1.489166e-2,1.482163e-2,1.484476e-2,1.482844e-2,1.484905e-2,2.058011e-2,2.063605e-2,2.011913e-2,1.989883e-2,1.987529e-2,1.986870e-2,1.963480e-2,1.975700e-2,1.889481e-2,1.683031e-2,1.758933e-2,1.606096e-2,1.602008e-2,1.596157e-2,1.579679e-2,1.575756e-2,1.537531e-2,1.398166e-2,1.371649e-2,1.373543e-2,1.370482e-2,1.370789e-2,1.354408e-2,1.357523e-2,1.520734e-2,1.349099e-2,1.318190e-2,1.312233e-2,1.300393e-2,1.300476e-2,1.288060e-2,1.283652e-2,1.391692e-2,1.304931e-2,1.280473e-2,1.273256e-2,1.272129e-2,1.283603e-2,1.276020e-2,1.273593e-2,1.014064e-2,9.707414e-3,8.666859e-3,8.569674e-3,8.556367e-3,8.509507e-3,8.437755e-3,8.407465e-3,1.255134e-2,1.117589e-2,1.051272e-2,1.022352e-2,1.011132e-2,1.006152e-2,9.860610e-3,9.852971e-3,1.212639e-2,1.021096e-2,1.013578e-2,1.011862e-2,1.004822e-2,1.009065e-2,1.010405e-2,1.007358e-2,1.587686e-2,1.508634e-2,1.352222e-2,1.336586e-2,1.329705e-2,1.324950e-2,1.454424e-2,1.455762e-2,1.049697e-2,9.435332e-3,9.057187e-3,8.950777e-3,8.162692e-3,8.195196e-3,8.173697e-3,8.159504e-3,1.284361e-2,1.111111e-2,1.063484e-2,1.036530e-2,1.029205e-2,1.031027e-2,1.022057e-2,1.018944e-2,1.401362e-2,1.228117e-2,1.195580e-2,1.174731e-2,1.171405e-2,1.170421e-2,1.160657e-2,1.154456e-2,1.166405e-2,1.048312e-2,1.021708e-2,1.010721e-2,1.009835e-2,1.005806e-2,1.092137e-2,1.091653e-2,1.306094e-2,1.134626e-2,1.195445e-2,1.170285e-2,1.161331e-2,1.165289e-2,1.155060e-2,1.154393e-2,1.361769e-2,1.233435e-2,1.191224e-2,1.176248e-2,1.171646e-2,1.170583e-2,1.163210e-2,1.161476e-2,1.327721e-2,1.253709e-2,1.210795e-2,1.188309e-2,1.183376e-2,1.176407e-2,1.166576e-2,1.165406e-2,2.204436e-2,2.113198e-2,2.043235e-2,2.012167e-2,2.008564e-2,1.997736e-2,1.982705e-2,1.988214e-2,1.859936e-2,1.634202e-2,1.605719e-2,1.597880e-2,1.600885e-2,1.594575e-2,1.603095e-2,1.599436e-2,1.092306e-2,1.013073e-2,9.923699e-3,9.877291e-3,9.936583e-3,1.003602e-2,9.930020e-3,9.981752e-3,1.541378e-2,1.496867e-2,1.452295e-2,1.426061e-2,1.425879e-2,1.425184e-2,1.420813e-2,1.403584e-2,1.406308e-2,1.299176e-2,1.258017e-2,1.242104e-2,1.241442e-2,1.243751e-2,1.238584e-2,1.236956e-2,1.470782e-2,1.360975e-2,1.324746e-2,1.322344e-2,1.309208e-2,1.307484e-2,1.293727e-2,1.287954e-2,1.545752e-2,1.486359e-2,1.432372e-2,1.403672e-2,1.391219e-2,1.386466e-2,1.377700e-2,1.379936e-2,1.886931e-2,1.646418e-2,1.614796e-2,1.590155e-2,1.594086e-2,1.587940e-2,1.580942e-2,1.587346e-2,1.424511e-2,1.256673e-2,1.229773e-2,1.222923e-2,1.211385e-2,1.213433e-2,1.200613e-2,1.204992e-2,1.445406e-2,1.397425e-2,1.368691e-2,1.375976e-2,1.390019e-2,1.414608e-2,1.387313e-2,1.391536e-2,1.706699e-2,1.573384e-2,1.538828e-2,1.512219e-2,1.631708e-2,1.633952e-2,1.632694e-2,1.497057e-2,9.538032e-3,8.731189e-3,8.430254e-3,8.328308e-3,8.289493e-3,8.301349e-3,8.176903e-3,8.164354e-3],"layer_pooled_mses":[2.207973e-2,1.956242e-2,1.899895e-2,1.881019e-2,1.853577e-2,1.851606e-2,1.860679e-2,1.862543e-2,2.494377e-2,2.291432e-2,2.254752e-2,2.243551e-2,2.228240e-2,2.244500e-2,2.232333e-2,2.233099e-2,2.689224e-2,2.161932e-2,2.111583e-2,2.084840e-2,2.047916e-2,2.065432e-2,2.065984e-2,2.080761e-2,1.965077e-2,1.713618e-2,1.712292e-2,1.712171e-2,1.685554e-2,1.701337e-2,1.690911e-2,1.710971e-2,2.270894e-2,2.031831e-2,1.985532e-2,1.956085e-2,1.916264e-2,1.907531e-2,1.911397e-2,1.921591e-2,2.286535e-2,1.958722e-2,1.885966e-2,1.851887e-2,1.833033e-2,1.832690e-2,1.849095e-2,1.822974e-2,2.403486e-2,2.031237e-2,1.967513e-2,1.915397e-2,1.902054e-2,1.902967e-2,1.909422e-2,1.884856e-2,1.825678e-2,1.675870e-2,1.646058e-2,1.623760e-2,1.607685e-2,1.607290e-2,1.590834e-2,1.595470e-2,1.719062e-2,1.431950e-2,1.414449e-2,1.407045e-2,1.420772e-2,1.434878e-2,1.441649e-2,1.432454e-2,1.652382e-2,1.358678e-2,1.290920e-2,1.253834e-2,1.219924e-2,1.215878e-2,1.204865e-2,1.207520e-2,2.027236e-2,1.799728e-2,1.753319e-2,1.718318e-2,1.677071e-2,1.677123e-2,1.663183e-2,1.663777e-2,1.664327e-2,1.402210e-2,1.377144e-2,1.381264e-2,1.394937e-2,1.413822e-2,1.419429e-2,1.429961e-2,2.193255e-2,1.978959e-2,1.931325e-2,1.908786e-2,1.902774e-2,1.897666e-2,1.900679e-2,1.898118e-2,1.482505e-2,1.305821e-2,1.207929e-2,1.144271e-2,1.103313e-2,1.084549e-2,1.073361e-2,1.065808e-2,2.098319e-2,1.728476e-2,1.616131e-2,1.558129e-2,1.534888e-2,1.532198e-2,1.524478e-2,1.525104e-2,2.483844e-2,2.164245e-2,2.084012e-2,2.059941e-2,2.053255e-2,2.067739e-2,2.070693e-2,2.054458e-2,1.897813e-2,1.812335e-2,1.812411e-2,1.783631e-2,1.784841e-2,1.786291e-2,1.783835e-2,1.773777e-2,1.940673e-2,1.609424e-2,1.528075e-2,1.477945e-2,1.447268e-2,1.420597e-2,1.405326e-2,1.410367e-2,2.151342e-2,1.968087e-2,1.924279e-2,1.892277e-2,1.886898e-2,1.892318e-2,1.898975e-2,1.864247e-2,2.186502e-2,1.917563e-2,1.823898e-2,1.758716e-2,1.721994e-2,1.710077e-2,1.701173e-2,1.691491e-2,2.495574e-2,2.143830e-2,2.126144e-2,2.081929e-2,2.066604e-2,2.068621e-2,2.083365e-2,2.081334e-2,2.425550e-2,2.081290e-2,1.992546e-2,1.972650e-2,1.954045e-2,1.968576e-2,1.949345e-2,1.948915e-2,1.359288e-2,1.221168e-2,1.211336e-2,1.217007e-2,1.238697e-2,1.261760e-2,1.274939e-2,1.282958e-2,2.446382e-2,1.974200e-2,1.903854e-2,1.870722e-2,1.868772e-2,1.855592e-2,1.852879e-2,1.857751e-2,2.139956e-2,1.859497e-2,1.772080e-2,1.715024e-2,1.684861e-2,1.662307e-2,1.657067e-2,1.658391e-2,2.000018e-2,1.870748e-2,1.833468e-2,1.806308e-2,1.803299e-2,1.841513e-2,1.794671e-2,1.807769e-2,2.068739e-2,1.806202e-2,1.775057e-2,1.765970e-2,1.751344e-2,1.742669e-2,1.734291e-2,1.736688e-2,2.528662e-2,2.154676e-2,2.123220e-2,2.131334e-2,2.135934e-2,2.137153e-2,2.133479e-2,2.148478e-2,2.218848e-2,2.065583e-2,2.030448e-2,2.001476e-2,1.996752e-2,1.975918e-2,1.972199e-2,1.960984e-2,1.896573e-2,1.712983e-2,1.655995e-2,1.670686e-2,1.690485e-2,1.737031e-2,1.729272e-2,1.735266e-2,1.968264e-2,1.809537e-2,1.774678e-2,1.748652e-2,1.740163e-2,1.742142e-2,1.720012e-2,1.709708e-2,1.463424e-2,1.287883e-2,1.238878e-2,1.218485e-2,1.189764e-2,1.173103e-2,1.166257e-2,1.168196e-2],