{"n_vecs":131072,"dim":64,"block_size":512,"n_blocks":256,"variance_ratio":0.95,"per_block_mean_mse":7.955414e-2,"layer_pooled_mean_mse":3.483276e-1,"first_block_mean_mse":8.470167e0,"pooled_over_per_block_mean":4.3785,"pooled_over_per_block_median":4.4220,"pooled_over_per_block_max":9.4249,"first_over_per_block_mean":106.4705,"first_over_per_block_median":111.0829,"first_over_per_block_max":277.7014,"pooled_d_eff":50,"first_d_eff":48,"per_block_d_eff":[48,46,46,47,47,47,47,47,42,40,40,39,40,40,40,40,48,46,46,46,46,46,46,47,45,43,42,42,42,43,43,43,43,41,41,41,41,41,41,41,44,42,42,42,42,42,42,43,41,38,38,38,38,38,38,38,45,44,44,43,44,44,44,44,46,44,44,44,44,44,44,44,35,33,33,33,33,33,33,33,42,41,41,41,41,41,41,41,43,41,40,40,40,40,40,41,41,39,39,39,39,39,39,39,43,41,41,41,41,42,42,42,36,34,34,34,34,34,34,34,43,41,41,40,41,41,41,41,39,36,36,36,36,36,36,36,44,43,43,43,43,43,43,43,40,39,39,39,39,40,40,40,43,41,41,41,41,42,42,42,42,40,40,40,40,40,40,40,43,42,42,42,42,42,42,42,45,43,43,43,43,43,43,44,42,41,41,40,41,41,41,41,40,38,37,37,37,37,37,37,41,40,39,39,40,40,40,40,44,42,42,42,42,43,43,43,43,41,41,41,41,41,41,41,43,41,41,41,41,41,41,41,48,46,46,46,46,46,46,46,43,41,41,41,41,41,41,41,40,38,38,38,38,38,38,38],"per_block_mses":[6.070876e-2,6.331339e-2,6.342273e-2,5.655062e-2,5.763636e-2,5.758773e-2,5.824030e-2,5.822408e-2,7.536079e-2,7.548118e-2,7.453836e-2,7.989296e-2,7.471359e-2,7.508322e-2,7.505939e-2,7.529103e-2,5.791304e-2,5.672727e-2,5.757689e-2,5.707478e-2,5.743351e-2,5.730200e-2,5.721609e-2,5.178316e-2,5.031806e-2,5.246364e-2,5.563525e-2,5.485971e-2,5.472642e-2,5.079045e-2,5.048960e-2,5.022728e-2,7.055005e-2,7.428461e-2,7.439863e-2,7.353684e-2,7.332962e-2,7.329258e-2,7.323426e-2,7.224572e-2,6.824279e-2,7.423705e-2,7.379683e-2,7.254797e-2,7.231055e-2,7.291889e-2,7.261880e-2,6.588665e-2,1.013894e-1,1.106755e-1,1.088604e-1,1.079401e-1,1.084685e-1,1.083032e-1,1.080700e-1,1.084356e-1,6.324262e-2,6.101744e-2,6.059895e-2,6.535020e-2,5.957974e-2,5.935132e-2,5.987339e-2,6.017675e-2,6.692091e-2,6.335771e-2,6.307928e-2,6.255283e-2,6.250678e-2,6.321925e-2,6.353782e-2,6.398337e-2,1.593922e-1,1.501986e-1,1.507626e-1,1.498582e-1,1.514360e-1,1.521597e-1,1.504429e-1,1.509102e-1,7.968732e-2,7.604512e-2,7.499441e-2,7.370455e-2,7.438723e-2,7.478904e-2,7.444870e-2,7.385201e-2,8.391277e-2,7.996636e-2,8.644445e-2,8.410003e-2,8.437625e-2,8.402746e-2,8.471799e-2,7.805587e-2,1.101198e-1,1.244304e-1,1.241599e-1,1.226045e-1,1.237780e-1,1.239198e-1,1.239420e-1,1.232913e-1,7.904670e-2,7.937646e-2,7.793557e-2,7.727560e-2,7.761729e-2,7.122227e-2,7.128052e-2,7.012360e-2,1.290784e-1,1.259807e-1,1.227946e-1,1.208717e-1,1.203982e-1,1.195877e-1,1.201544e-1,1.190220e-1,6.271078e-2,6.537485e-2,6.455390e-2,6.904539e-2,6.410003e-2,6.405796e-2,6.417520e-2,6.376644e-2,1.092252e-1,1.140261e-1,1.122533e-1,1.112884e-1,1.119907e-1,1.114952e-1,1.118157e-1,1.108328e-1,7.204172e-2,6.578847e-2,6.574088e-2,6.482067e-2,6.529549e-2,6.516356e-2,6.461328e-2,6.495837e-2,8.915149e-2,8.484210e-2,8.394642e-2,8.219219e-2,8.222711e-2,7.382397e-2,7.386037e-2,7.341212e-2,7.965821e-2,7.826198e-2,7.746711e-2,7.651503e-2,7.632809e-2,7.086413e-2,7.058135e-2,7.069940e-2,9.817264e-2,9.891074e-2,9.746828e-2,9.657017e-2,9.694825e-2,9.573783e-2,9.635979e-2,9.636396e-2,6.420000e-2,5.804893e-2,5.719038e-2,5.616460e-2,5.658132e-2,5.662366e-2,5.733012e-2,5.711558e-2,6.768920e-2,6.716676e-2,6.806187e-2,6.739194e-2,6.805321e-2,6.811338e-2,6.835135e-2,6.229444e-2,7.603520e-2,7.228619e-2,7.178751e-2,7.622167e-2,7.016915e-2,6.989877e-2,7.005750e-2,7.068687e-2,9.879255e-2,9.427230e-2,9.957142e-2,9.771169e-2,9.807005e-2,9.848221e-2,9.842971e-2,9.871614e-2,9.009287e-2,8.110933e-2,8.883140e-2,8.772217e-2,7.880187e-2,7.905434e-2,7.961992e-2,8.033671e-2,6.885873e-2,6.635112e-2,6.601534e-2,6.488319e-2,6.500501e-2,5.976685e-2,5.973175e-2,5.980776e-2,7.551159e-2,7.975764e-2,7.826769e-2,7.663356e-2,7.693701e-2,7.735371e-2,7.681237e-2,7.687648e-2,7.738373e-2,7.521398e-2,7.392690e-2,7.340331e-2,7.350024e-2,7.311216e-2,7.275016e-2,7.277416e-2,4.851632e-2,4.914014e-2,4.829277e-2,4.803317e-2,4.833326e-2,4.886400e-2,4.955745e-2,4.920349e-2,6.731637e-2,6.870558e-2,6.772796e-2,6.688126e-2,6.643824e-2,6.608215e-2,6.706080e-2,6.672526e-2,9.142195e-2,9.197246e-2,9.004745e-2,8.890499e-2,8.905816e-2,8.904979e-2,8.932312e-2,8.969258e-2],"layer_pooled_mses":[3.741361e-1,2.447456e-1,2.293208e-1,2.394177e-1,3.152741e-1,2.758652e-1,2.290332e-1,2.381689e-1,2.269067e-1,2.491150e-1,2.411790e-1,2.323961e-1,2.426177e-1,2.425113e-1,2.700480e-1,3.109825e-1,2.665325e-1,2.923661e-1,3.239921e-1,3.569680e-1,3.459276e-1,3.197142e-1,2.995703e-1,2.752704e-1,1.966630e-1,2.030911e-1,2.091379e-1,1.889103e-1,1.999066e-1,2.153429e-1,2.634653e-1,2.890421e-1,3.627420e-1,3.589326e-1,3.658878e-1,3.523277e-1,3.324014e-1,3.037780e-1,3.494350e-1,4.001005e-1,2.721420e-1,2.665498e-1,2.478843e-1,2.719548e-1,3.061510e-1,3.224505e-1,3.091354e-1,3.157312e-1,4.275869e-1,4.322998e-1,3.381824e-1,3.183387e-1,3.304928e-1,3.542222e-1,3.709207e-1,3.704537e-1,4.944758e-1,4.323015e-1,3.712876e-1,3.197674e-1,2.968294e-1,2.986521e-1,3.350335e-1,4.040524e-1,2.350237e-1,2.370033e-1,3.183239e-1,2.727605e-1,2.261987e-1,2.352751e-1,2.455462e-1,2.510690e-1,4.752095e-1,4.300632e-1,4.274542e-1,4.686820e-1,4.339904e-1,4.147048e-1,4.252095e-1,5.760973e-1,3.959097e-1,3.315411e-1,3.115739e-1,3.203165e-1,3.199803e-1,3.536274e-1,3.452284e-1,3.392591e-1,3.911855e-1,3.591461e-1,3.532552e-1,3.520787e-1,3.598564e-1,3.493819e-1,3.668363e-1,3.734738e-1,6.152251e-1,6.280286e-1,5.996583e-1,6.236027e-1,6.340842e-1,6.408972e-1,6.186831e-1,6.518538e-1,3.608102e-1,3.711070e-1,3.633211e-1,3.568436e-1,3.458890e-1,3.368725e-1,3.455867e-1,3.437432e-1,3.584844e-1,3.243637e-1,3.507534e-1,3.514604e-1,3.393320e-1,3.364723e-1,3.942960e-1,4.681666e-1,4.310040e-1,3.772352e-1,3.712787e-1,3.711470e-1,3.461427e-1,3.300391e-1,3.290989e-1,3.773603e-1,2.215332e-1,2.092034e-1,2.052877e-1,2.070714e-1,2.120294e-1,2.053765e-1,2.054025e-1,2.092831e-1,3.094022e-1,2.981674e-1,2.840181e-1,2.763880e-1,2.779660e-1,2.645944e-1,2.688128e-1,2.763512e-1,5.336156e-1,4.915256e-1,4.234350e-1,3.894852e-1,4.210032e-1,3.845967e-1,3.506660e-1,3.592081e-1,3.617288e-1,3.173653e-1,3.051708e-1,2.926370e-1,2.946508e-1,2.939594e-1,3.176667e-1,3.723474e-1,3.679986e-1,3.555256e-1,3.664676e-1,4.048362e-1,3.068274e-1,2.924465e-1,3.729093e-1,5.786831e-1,3.432792e-1,3.476291e-1,3.041863e-1,3.187631e-1,3.099929e-1,3.060868e-1,2.888434e-1,2.937894e-1,5.423812e-1,4.748830e-1,3.745284e-1,3.650233e-1,3.870567e-1,4.176525e-1,4.549036e-1,5.304619e-1,5.201340e-1,3.969044e-1,3.459615e-1,3.663299e-1,4.127827e-1,3.654543e-1,3.476837e-1,3.626845e-1,3.388346e-1,3.388617e-1,3.377724e-1,3.441116e-1,3.372053e-1,3.333762e-1,3.370825e-1,3.457336e-1,8.491180e-1,6.585358e-1,5.891957e-1,5.377441e-1,5.150422e-1,4.415196e-1,4.621057e-1,5.833374e-1,2.747103e-1,2.566395e-1,2.406218e-1,2.242313e-1,2.329960e-1,2.091281e-1,2.862130e-1,3.614176e-1,3.542189e-1,3.629078e-1,3.221831e-1,3.134579e-1,3.119631e-1,3.002731e-1,3.239413e-1,3.999538e-1,3.164028e-1,2.846293e-1,3.067416e-1,3.253838e-1,3.273920e-1,3.304746e-1,4.041033e-1,4.490808e-1,2.108628e-1,1.974993e-1,2.066965e-1,2.462503e-1,2.416993e-1,2.178571e-1,1.990574e-1,1.880318e-1,5.034135e-1,3.859212e-1,3.676143e-1,3.780953e-1,3.792311e-1,4.083589e-1,5.140681e-1,5.587886e-1,3.319667e-1,3.330342e-1,3.359245e-1,3.266543e-1,3.179045e-1,3.165498e-1,3.232586e-1,3.232359e-1],