{"n_vecs":131072,"dim":64,"block_size":512,"n_blocks":256,"variance_ratio":0.95,"per_block_mean_mse":3.729975e-2,"layer_pooled_mean_mse":6.827570e-2,"first_block_mean_mse":8.932004e-1,"pooled_over_per_block_mean":1.8305,"pooled_over_per_block_median":2.1375,"pooled_over_per_block_max":4.3586,"first_over_per_block_mean":23.9466,"first_over_per_block_median":21.7014,"first_over_per_block_max":56.2402,"pooled_d_eff":56,"first_d_eff":29,"per_block_d_eff":[29,29,29,29,29,29,29,29,25,25,25,25,25,25,25,25,30,30,30,30,30,30,30,30,26,26,26,26,26,26,26,26,27,27,27,27,27,27,27,27,31,31,31,31,31,31,31,31,29,29,29,29,29,29,29,29,27,27,27,27,27,27,27,27,28,28,28,28,28,28,28,28,29,29,29,29,29,29,29,29,29,29,29,29,29,29,29,29,28,28,28,28,28,28,28,28,26,26,26,26,26,26,26,26,34,34,34,34,34,34,34,34,27,27,27,27,27,27,27,27,28,28,28,28,28,28,28,28,28,28,28,28,28,28,28,28,28,28,28,28,28,28,28,28,28,28,28,28,28,28,28,28,27,27,27,27,27,27,27,27,30,30,30,30,30,30,30,30,33,33,33,33,33,33,33,33,29,29,29,29,29,29,29,29,49,49,49,49,49,49,49,49,35,35,35,35,35,35,35,35,21,21,21,21,21,21,21,21,29,29,29,29,29,29,29,29,36,36,36,36,36,36,36,36,32,32,32,32,32,32,32,32,31,31,31,31,31,31,31,31,30,31,30,30,30,31,31,30,23,23,23,23,23,23,23,23],"per_block_mses":[2.775759e-2,2.753644e-2,2.738327e-2,2.764070e-2,2.735015e-2,2.741394e-2,2.734833e-2,2.723089e-2,2.469273e-2,2.466714e-2,2.468512e-2,2.489538e-2,2.474822e-2,2.490884e-2,2.504512e-2,2.476945e-2,2.242789e-2,2.221750e-2,2.194385e-2,2.208647e-2,2.186502e-2,2.199884e-2,2.254150e-2,2.201441e-2,2.272033e-2,2.261143e-2,2.267690e-2,2.302706e-2,2.283258e-2,2.290746e-2,2.305382e-2,2.283198e-2,2.565805e-2,2.568551e-2,2.561671e-2,2.600070e-2,2.584057e-2,2.617869e-2,2.575382e-2,2.568221e-2,4.506050e-2,4.489218e-2,4.439486e-2,4.527385e-2,4.453361e-2,4.463678e-2,4.511777e-2,4.485220e-2,4.996357e-2,4.935751e-2,4.945062e-2,5.052974e-2,4.961991e-2,4.956996e-2,4.933617e-2,4.920707e-2,2.046358e-2,2.031877e-2,2.019449e-2,2.116166e-2,2.039065e-2,2.039057e-2,2.033416e-2,2.035866e-2,1.423166e-1,1.403440e-1,1.386754e-1,1.397747e-1,1.408166e-1,1.423178e-1,1.410538e-1,1.397304e-1,6.327900e-2,6.276645e-2,6.307001e-2,6.413947e-2,6.450205e-2,6.372388e-2,6.316871e-2,6.319595e-2,1.296572e-2,1.299590e-2,1.291073e-2,1.301589e-2,1.297951e-2,1.316329e-2,1.328707e-2,1.250413e-2,1.659771e-2,1.661430e-2,1.698503e-2,1.725097e-2,1.653579e-2,1.653592e-2,1.643152e-2,1.635906e-2,4.125520e-2,4.127959e-2,4.085740e-2,4.093110e-2,4.118420e-2,4.120169e-2,4.117981e-2,4.137572e-2,6.761767e-2,6.679665e-2,6.685120e-2,6.768376e-2,6.693297e-2,6.676792e-2,6.660424e-2,6.645858e-2,3.154331e-2,3.136357e-2,3.141257e-2,3.160471e-2,3.124867e-2,3.106411e-2,3.074246e-2,3.102722e-2,8.904340e-3,8.937365e-3,8.966433e-3,9.117933e-3,8.990377e-3,8.810037e-3,8.772834e-3,8.812175e-3,1.803533e-2,1.785110e-2,1.783205e-2,1.805587e-2,1.779328e-2,1.776907e-2,1.784141e-2,1.784719e-2,1.677821e-2,1.673245e-2,1.668549e-2,1.693452e-2,1.673029e-2,1.681222e-2,1.685973e-2,1.683178e-2,2.388680e-2,2.370965e-2,2.349195e-2,2.384090e-2,2.369168e-2,2.386774e-2,2.400525e-2,2.374115e-2,1.062823e-2,1.053523e-2,1.049070e-2,1.062992e-2,1.043150e-2,1.049449e-2,1.052969e-2,1.048148e-2,1.972820e-2,1.974019e-2,1.992917e-2,2.039274e-2,2.013572e-2,2.021383e-2,1.976739e-2,1.970736e-2,1.809698e-2,1.786678e-2,1.790003e-2,1.829399e-2,1.818578e-2,1.834872e-2,1.869074e-2,1.820602e-2,2.472120e-2,2.450180e-2,2.426149e-2,2.452027e-2,2.420492e-2,2.437060e-2,2.446925e-2,2.420018e-2,4.719533e-2,4.771694e-2,4.713485e-2,4.699399e-2,4.715987e-2,4.649965e-2,4.744963e-2,4.738589e-2,2.393152e-2,2.357254e-2,2.358691e-2,2.386162e-2,2.337266e-2,2.353690e-2,2.374882e-2,2.353692e-2,2.744993e-2,2.754079e-2,2.797090e-2,2.789477e-2,2.776731e-2,2.761343e-2,2.778533e-2,2.761385e-2,5.926499e-2,5.817270e-2,5.900588e-2,5.913678e-2,5.908268e-2,6.018989e-2,6.113152e-2,6.046638e-2,8.956575e-2,8.913229e-2,8.909134e-2,8.880716e-2,8.909610e-2,8.931358e-2,8.927369e-2,8.831437e-2,4.525021e-2,4.458173e-2,4.435546e-2,4.460053e-2,4.453385e-2,4.495299e-2,4.478824e-2,4.510128e-2,9.931788e-2,1.004042e-1,9.901552e-2,9.856746e-2,9.835873e-2,9.888514e-2,9.908710e-2,9.885733e-2,3.187031e-2,2.656842e-2,3.180172e-2,3.203435e-2,3.190278e-2,2.699699e-2,2.730400e-2,3.160665e-2,2.120865e-2,2.105708e-2,2.095229e-2,2.111408e-2,2.090565e-2,2.105854e-2,2.115035e-2,2.092297e-2],"layer_pooled_mses":[5.593269e-2,5.201896e-2,5.257804e-2,5.157844e-2,5.203089e-2,5.287571e-2,5.845839e-2,6.167580e-2,5.235099e-2,5.520977e-2,5.683190e-2,5.594861e-2,5.324945e-2,4.987543e-2,4.952205e-2,5.307291e-2,6.616357e-2,6.062182e-2,5.868961e-2,6.172347e-2,6.677023e-2,7.373249e-2,7.915439e-2,8.710611e-2,9.601665e-2,9.843636e-2,9.091543e-2,8.341165e-2,8.146919e-2,8.073840e-2,8.485896e-2,8.534356e-2,7.124919e-2,6.174725e-2,5.970023e-2,5.881860e-2,5.391683e-2,5.720377e-2,6.200827e-2,6.044412e-2,9.371605e-2,8.400927e-2,7.822911e-2,7.447573e-2,7.387696e-2,7.621185e-2,8.333859e-2,8.835268e-2,8.808451e-2,8.337456e-2,7.798675e-2,6.863462e-2,6.671823e-2,7.215874e-2,7.409559e-2,8.617169e-2,3.996215e-2,4.274117e-2,4.408230e-2,4.239086e-2,4.115256e-2,4.196754e-2,4.411166e-2,4.520017e-2,1.407704e-1,1.198410e-1,1.138906e-1,9.748394e-2,9.892401e-2,1.213535e-1,1.258174e-1,1.589474e-1,9.853915e-2,1.030470e-1,1.043329e-1,1.037866e-1,8.590779e-2,7.045385e-2,6.145455e-2,6.757455e-2,2.187015e-2,2.226186e-2,2.807398e-2,2.784407e-2,2.266528e-2,1.776408e-2,1.879722e-2,2.579928e-2,5.495520e-2,4.503172e-2,3.929030e-2,3.522255e-2,4.028998e-2,4.363483e-2,4.510389e-2,4.860668e-2,9.666996e-2,9.296961e-2,9.303353e-2,9.575629e-2,9.830965e-2,9.960808e-2,1.028764e-1,1.089351e-1,8.297604e-2,7.795730e-2,8.233760e-2,9.291107e-2,9.778608e-2,9.610237e-2,9.973640e-2,1.153910e-1,6.144744e-2,5.816450e-2,5.733353e-2,5.907388e-2,6.171007e-2,6.900048e-2,7.587262e-2,8.073182e-2,3.213471e-2,3.008064e-2,2.683307e-2,2.438297e-2,2.644909e-2,3.261483e-2,3.823758e-2,3.720691e-2,2.966065e-2,2.595464e-2,2.512071e-2,2.588763e-2,2.721026e-2,2.901225e-2,2.594966e-2,2.367136e-2,4.947555e-2,4.525375e-2,4.082406e-2,4.031998e-2,4.295218e-2,5.067667e-2,5.559694e-2,5.799871e-2,5.010298e-2,4.788586e-2,4.663441e-2,4.558549e-2,4.791925e-2,4.677916e-2,4.636649e-2,4.794560e-2,2.362031e-2,2.067063e-2,2.034707e-2,1.997454e-2,2.102576e-2,2.237848e-2,2.343631e-2,2.638499e-2,4.640782e-2,4.503469e-2,4.337044e-2,4.017001e-2,3.577603e-2,3.343489e-2,3.194883e-2,2.899413e-2,4.577755e-2,4.626565e-2,4.569643e-2,4.458952e-2,4.613604e-2,4.783227e-2,4.316848e-2,3.983964e-2,5.447965e-2,5.765103e-2,6.576099e-2,6.416481e-2,5.998989e-2,5.816643e-2,7.093413e-2,7.772752e-2,1.362113e-1,1.330841e-1,1.334239e-1,1.368804e-1,1.342726e-1,1.361188e-1,1.396356e-1,1.446772e-1,6.860796e-2,6.946895e-2,7.547038e-2,7.314548e-2,6.243661e-2,5.557165e-2,5.244123e-2,5.443671e-2,7.681838e-2,7.301182e-2,7.634455e-2,7.955187e-2,7.739116e-2,7.138345e-2,7.118840e-2,7.142076e-2,7.431751e-2,7.117490e-2,7.005210e-2,7.525474e-2,7.570284e-2,7.844271e-2,8.341716e-2,1.040140e-1,1.509004e-1,1.489695e-1,1.497803e-1,1.435663e-1,1.411415e-1,1.431809e-1,1.415951e-1,1.412284e-1,1.321712e-1,1.005400e-1,7.143660e-2,6.005758e-2,5.744982e-2,5.203968e-2,5.616911e-2,6.866605e-2,1.244686e-1,1.011328e-1,9.983174e-2,1.101637e-1,1.094624e-1,9.202398e-2,9.311691e-2,1.112984e-1,6.583566e-2,5.396983e-2,5.756615e-2,6.633528e-2,6.587755e-2,6.633480e-2,6.507341e-2,7.228589e-2,6.551641e-2,6.302284e-2,6.274120e-2,5.988391e-2,5.891793e-2,5.769412e-2,5.453105e-2,5.283367e-2],