{"metric":"MSE","block_size":512,"variance_ratio":0.95,"k":16,"bit_width":3,"dim":64,"num_vecs_encoded":65536,"num_blocks":128,"skeleton_bytes":1700928,"codes_bytes":2228224,"compressed_bytes":3929152,"baseline_bytes_f32":16777216,"baseline_bytes_bf16":8388608,"ratio_vs_f32":4.269933,"ratio_vs_bf16":2.134967,"encode_seconds":0.425606,"decode_seconds":0.056793,"verify":true,"mean_block_mse":0.0637357344}