{"metric":"MSE","block_size":512,"variance_ratio":0.95,"k":16,"bit_width":3,"dim":128,"num_vecs_encoded":32768,"num_blocks":64,"skeleton_bytes":1952000,"codes_bytes":1114112,"compressed_bytes":3066112,"baseline_bytes_f32":16777216,"baseline_bytes_bf16":8388608,"ratio_vs_f32":5.471821,"ratio_vs_bf16":2.735910,"encode_seconds":0.736471,"decode_seconds":0.039920,"verify":true,"mean_block_mse":0.0479795745}