{"metric":"MSE","block_size":512,"variance_ratio":0.95,"k":16,"bit_width":3,"dim":128,"num_vecs_encoded":24576,"num_blocks":48,"skeleton_bytes":1872384,"codes_bytes":1204224,"compressed_bytes":3076608,"baseline_bytes_f32":12582912,"baseline_bytes_bf16":6291456,"ratio_vs_f32":4.089865,"ratio_vs_bf16":2.044933,"encode_seconds":0.609776,"decode_seconds":0.040936,"verify":true,"mean_block_mse":0.9477912816}