{"metric":"MSE","block_size":512,"variance_ratio":0.95,"k":16,"bit_width":3,"dim":128,"num_vecs_encoded":65536,"num_blocks":128,"skeleton_bytes":3373504,"codes_bytes":2252800,"compressed_bytes":5626304,"baseline_bytes_f32":33554432,"baseline_bytes_bf16":16777216,"ratio_vs_f32":5.963850,"ratio_vs_bf16":2.981925,"encode_seconds":1.497236,"decode_seconds":0.073350,"verify":true,"mean_block_mse":0.1416184203}