{
  "model": "Qwen/Qwen3-4B",
  "kv_cache_dtype": "kakeya_v1_3_ppl",
  "engine": "vllm",
  "n_input_tokens": 16384,
  "block_size": 512,
  "enforce_eager": true,
  "total_wall_s": 997.9501864910126,
  "window": 2048,
  "stride": 1024,
  "n_tokens_scored": 16383,
  "total_nll": 150023.4853467662,
  "mean_nll": 9.157265784457437,
  "perplexity": 9483.092778083334,
  "vllm_gen_wall_s": 986.2418870925903
}