{
  "model": "Qwen/Qwen3-4B",
  "kv_cache_dtype": "turboquant_4bit_nc",
  "engine": "vllm",
  "n_input_tokens": 16384,
  "block_size": null,
  "enforce_eager": true,
  "total_wall_s": 15.070932149887085,
  "window": 2048,
  "stride": 1024,
  "n_tokens_scored": 16383,
  "total_nll": 38674.97107447731,
  "mean_nll": 2.360676986783697,
  "perplexity": 10.59812381411696,
  "vllm_gen_wall_s": 1.6196954250335693
}