{"metric":"MSE","block_size":512,"variance_ratio":0.95,"k":16,"bit_width":3,"dim":128,"num_vecs_encoded":65536,"num_blocks":128,"skeleton_bytes":3954112,"codes_bytes":2228224,"compressed_bytes":6182336,"baseline_bytes_f32":33554432,"baseline_bytes_bf16":16777216,"ratio_vs_f32":5.427468,"ratio_vs_bf16":2.713734,"encode_seconds":1.496497,"decode_seconds":0.082308,"verify":true,"mean_block_mse":0.0347028007}