{"metric":"MSE","block_size":512,"variance_ratio":0.95,"k":16,"bit_width":3,"dim":64,"num_vecs_encoded":262144,"num_blocks":512,"skeleton_bytes":6764992,"codes_bytes":8912896,"compressed_bytes":15677888,"baseline_bytes_f32":67108864,"baseline_bytes_bf16":33554432,"ratio_vs_f32":4.280479,"ratio_vs_bf16":2.140239,"encode_seconds":1.736733,"decode_seconds":0.233360,"verify":true,"mean_block_mse":0.6618612060}