{
  "kv_cache_dtype": "turboquant_k8v4",
  "per_passage": [
    {
      "ppl": 27.785296811520848,
      "mean_nll": 3.3245069891121446,
      "top1_ids": [
        3598,
        1154,
        279,
        5492,
        374,
        220,
        518,
        220,
        882,
        320,
        279,
        518,
        264,
        23230,
        23230,
        16,
        21,
        88219,
        817,
        9383,
        659,
        448,
        311,
        279,
        5492,
        7699,
        4627,
        659,
        553,
        279,
        18286,
        905,
        659,
        279,
        10717,
        7369,
        659,
        36833,
        659,
        715,
        1154,
        279,
        472,
        645,
        1154,
        279,
        24128,
        905,
        429,
        279,
        5492,
        374,
        330,
        264,
        5298,
        77680,
        3028,
        323,
        715,
        5492,
        938,
        2213,
        315,
        264
      ],
      "t_forward_sec": 0.4043318200856447
    },
    {
      "ppl": 8.329869889875948,
      "mean_nll": 2.119847836594095,
      "top1_ids": [
        31,
        10769,
        5004,
        320,
        576,
        576,
        862,
        358,
        6481,
        19657,
        323,
        279,
        17727,
        1033,
        28502,
        46066,
        553,
        279,
        220,
        315,
        279,
        16462,
        5004,
        659,
        323,
        1033,
        572,
        1917,
        1917,
        304,
        279,
        16462,
        1635,
        315,
        279,
        4116,
        659,
        576,
        279,
        3359,
        315,
        279,
        315,
        279,
        10769,
        41,
        45,
        364,
        82,
        24554,
        24554,
        34891,
        304,
        279,
        16115,
        315,
        13699,
        3117,
        304,
        5534,
        12,
        12,
        31,
        220
      ],
      "t_forward_sec": 0.06357130967080593
    },
    {
      "ppl": 3.787078026693596,
      "mean_nll": 1.331594752534599,
      "top1_ids": [
        323,
        10112,
        52956,
        6743,
        1033,
        264,
        220,
        369,
        220,
        16,
        569,
        15,
        15,
        363,
        20983,
        320,
        220,
        17,
        15,
        15,
        20630,
        873,
        1817,
        1817,
        264,
        43063,
        16,
        20,
        15,
        15045,
        12,
        31,
        15045,
        363,
        1587,
        320,
        220,
        18,
        18,
        15,
        20630,
        873,
        43063,
        43063,
        369,
        220,
        20,
        20,
        15,
        86067,
        323,
        715,
        284,
        279,
        6481,
        16,
        24,
        18,
        15,
        82,
        6481,
        2022,
        1154,
        279
      ],
      "t_forward_sec": 0.06260136887431145
    },
    {
      "ppl": 7.487675686440633,
      "mean_nll": 2.013258427131653,
      "top1_ids": [
        19,
        15,
        9465,
        85266,
        416,
        320,
        220,
        21,
        304,
        873,
        304,
        9509,
        659,
        715,
        576,
        284,
        284,
        284,
        2524,
        284,
        1008,
        284,
        284,
        284,
        715,
        576,
        279,
        358,
        315,
        279,
        3940,
        364,
        82,
        3940,
        2524,
        12,
        31,
        2524,
        1849,
        525,
        537,
        3881,
        3881,
        1154,
        279,
        374,
        3881,
        429,
        279,
        358,
        1033,
        18650,
        448,
        264,
        1372,
        2524,
        12,
        31,
        2524,
        1849,
        429,
        220,
        315,
        576
      ],
      "t_forward_sec": 0.0626510251313448
    }
  ],
  "mean_ppl": 11.847480103632757,
  "median_ppl": 7.90877278815829,
  "total_wall_sec": 0.5941002443432808,
  "mean_forward_sec": 0.14828888094052672,
  "gpu_mem_allocated_gib_after": 53.63455295562744,
  "gpu_mem_peak_gib": 56.63320875167847,
  "gpu_mem_allocated_gib_before": 53.63455247879028,
  "model_path": "Qwen/Qwen3-4B",
  "ctx_len": 2048,
  "n_eval": 64,
  "n_passages": 4,
  "gpu_mem_util": 0.4
}