{"metric":"MSE","block_size":512,"variance_ratio":0.95,"k":16,"bit_width":3,"dim":128,"num_vecs_encoded":49152,"num_blocks":96,"skeleton_bytes":3087552,"codes_bytes":1732608,"compressed_bytes":4820160,"baseline_bytes_f32":25165824,"baseline_bytes_bf16":12582912,"ratio_vs_f32":5.220952,"ratio_vs_bf16":2.610476,"encode_seconds":1.276890,"decode_seconds":0.069867,"verify":true,"mean_block_mse":0.1181357941}