{"metric":"MSE","block_size":512,"variance_ratio":0.95,"k":16,"bit_width":3,"dim":128,"num_vecs_encoded":32768,"num_blocks":64,"skeleton_bytes":2158784,"codes_bytes":1114112,"compressed_bytes":3272896,"baseline_bytes_f32":16777216,"baseline_bytes_bf16":8388608,"ratio_vs_f32":5.126107,"ratio_vs_bf16":2.563054,"encode_seconds":0.840110,"decode_seconds":0.042646,"verify":true,"mean_block_mse":0.0592140887}