{"metric":"MSE","block_size":512,"variance_ratio":0.95,"k":16,"bit_width":3,"dim":128,"num_vecs_encoded":32768,"num_blocks":64,"skeleton_bytes":2250368,"codes_bytes":1163264,"compressed_bytes":3413632,"baseline_bytes_f32":16777216,"baseline_bytes_bf16":8388608,"ratio_vs_f32":4.914770,"ratio_vs_bf16":2.457385,"encode_seconds":0.826012,"decode_seconds":0.044392,"verify":true,"mean_block_mse":0.9595116160}