{
  "source_report": "reports/glm_edge_4b/bench_8192.json",
  "projections": [
    {
      "context_tokens": 16384,
      "N_blocks_per_full_layer": 31,
      "exact_tail_tokens_per_full_layer": 512,
      "baseline_full_bytes": 2013265920,
      "baseline_sliding_bytes": 0,
      "baseline_total_bytes": 2013265920,
      "kakeya_full_bytes": 1056882357,
      "kakeya_sliding_bytes": 0,
      "kakeya_total_bytes": 1056882357,
      "kakeya_full_bytes_dtype_matched": 559898458,
      "kakeya_total_bytes_dtype_matched": 559898458,
      "full_ratio_f32_store": 1.9049101412902099,
      "full_ratio_bf16_store": 3.595769717229691,
      "total_ratio_f32_store": 1.9049101412902099,
      "total_ratio_bf16_store": 3.595769717229691
    },
    {
      "context_tokens": 32768,
      "N_blocks_per_full_layer": 63,
      "exact_tail_tokens_per_full_layer": 512,
      "baseline_full_bytes": 4026531840,
      "baseline_sliding_bytes": 0,
      "baseline_total_bytes": 4026531840,
      "kakeya_full_bytes": 2082913632,
      "kakeya_sliding_bytes": 0,
      "kakeya_total_bytes": 2082913632,
      "kakeya_full_bytes_dtype_matched": 1072914096,
      "kakeya_total_bytes_dtype_matched": 1072914096,
      "full_ratio_f32_store": 1.9331247240116003,
      "full_ratio_bf16_store": 3.7528930368345166,
      "total_ratio_f32_store": 1.9331247240116003,
      "total_ratio_bf16_store": 3.7528930368345166
    },
    {
      "context_tokens": 65536,
      "N_blocks_per_full_layer": 127,
      "exact_tail_tokens_per_full_layer": 512,
      "baseline_full_bytes": 8053063680,
      "baseline_sliding_bytes": 0,
      "baseline_total_bytes": 8053063680,
      "kakeya_full_bytes": 4134976181,
      "kakeya_sliding_bytes": 0,
      "kakeya_total_bytes": 4134976181,
      "kakeya_full_bytes_dtype_matched": 2098945370,
      "kakeya_total_bytes_dtype_matched": 2098945370,
      "full_ratio_f32_store": 1.9475477795986849,
      "full_ratio_bf16_store": 3.8367190471469965,
      "total_ratio_f32_store": 1.9475477795986849,
      "total_ratio_bf16_store": 3.8367190471469965
    },
    {
      "context_tokens": 131072,
      "N_blocks_per_full_layer": 255,
      "exact_tail_tokens_per_full_layer": 512,
      "baseline_full_bytes": 16106127360,
      "baseline_sliding_bytes": 0,
      "baseline_total_bytes": 16106127360,
      "kakeya_full_bytes": 8239101280,
      "kakeya_sliding_bytes": 0,
      "kakeya_total_bytes": 8239101280,
      "kakeya_full_bytes_dtype_matched": 4151007920,
      "kakeya_total_bytes_dtype_matched": 4151007920,
      "full_ratio_f32_store": 1.9548403172439215,
      "full_ratio_bf16_store": 3.880052187421507,
      "total_ratio_f32_store": 1.9548403172439215,
      "total_ratio_bf16_store": 3.880052187421507
    },
    {
      "context_tokens": 262144,
      "N_blocks_per_full_layer": 511,
      "exact_tail_tokens_per_full_layer": 512,
      "baseline_full_bytes": 32212254720,
      "baseline_sliding_bytes": 0,
      "baseline_total_bytes": 32212254720,
      "kakeya_full_bytes": 16447351477,
      "kakeya_sliding_bytes": 0,
      "kakeya_total_bytes": 16447351477,
      "kakeya_full_bytes_dtype_matched": 8255133018,
      "kakeya_total_bytes_dtype_matched": 8255133018,
      "full_ratio_f32_store": 1.9585071046268856,
      "full_ratio_bf16_store": 3.902087906974051,
      "total_ratio_f32_store": 1.9585071046268856,
      "total_ratio_bf16_store": 3.902087906974051
    }
  ]
}