{"metric":"MSE","block_size":512,"variance_ratio":0.95,"k":16,"bit_width":3,"dim":128,"num_vecs_encoded":32768,"num_blocks":64,"skeleton_bytes":1994624,"codes_bytes":1114112,"compressed_bytes":3108736,"baseline_bytes_f32":16777216,"baseline_bytes_bf16":8388608,"ratio_vs_f32":5.396797,"ratio_vs_bf16":2.698398,"encode_seconds":0.569041,"decode_seconds":0.040478,"verify":true,"mean_block_mse":0.0362426936}