{"metric":"MSE","block_size":512,"variance_ratio":0.95,"k":16,"bit_width":3,"dim":128,"num_vecs_encoded":65536,"num_blocks":128,"skeleton_bytes":4068736,"codes_bytes":2326528,"compressed_bytes":6395264,"baseline_bytes_f32":33554432,"baseline_bytes_bf16":16777216,"ratio_vs_f32":5.246763,"ratio_vs_bf16":2.623381,"encode_seconds":1.552389,"decode_seconds":0.087573,"verify":true,"mean_block_mse":10.2330442346}