{"metric":"MSE","block_size":512,"variance_ratio":0.95,"k":16,"bit_width":3,"dim":128,"num_vecs_encoded":65536,"num_blocks":128,"skeleton_bytes":4010560,"codes_bytes":2265088,"compressed_bytes":6275648,"baseline_bytes_f32":33554432,"baseline_bytes_bf16":16777216,"ratio_vs_f32":5.346768,"ratio_vs_bf16":2.673384,"encode_seconds":1.364923,"decode_seconds":0.087646,"verify":true,"mean_block_mse":6.5976113772}