{"metric":"MSE","block_size":512,"variance_ratio":0.95,"k":16,"bit_width":3,"dim":128,"num_vecs_encoded":49152,"num_blocks":96,"skeleton_bytes":2993664,"codes_bytes":1744896,"compressed_bytes":4738560,"baseline_bytes_f32":25165824,"baseline_bytes_bf16":12582912,"ratio_vs_f32":5.310859,"ratio_vs_bf16":2.655429,"encode_seconds":1.171339,"decode_seconds":0.062207,"verify":true,"mean_block_mse":0.1095458019}