{"metric":"MSE","block_size":512,"variance_ratio":0.95,"k":16,"bit_width":3,"dim":128,"num_vecs_encoded":32768,"num_blocks":64,"skeleton_bytes":1977920,"codes_bytes":1138688,"compressed_bytes":3116608,"baseline_bytes_f32":16777216,"baseline_bytes_bf16":8388608,"ratio_vs_f32":5.383165,"ratio_vs_bf16":2.691583,"encode_seconds":0.800570,"decode_seconds":0.040614,"verify":true,"mean_block_mse":0.3337424452}