{"metric":"MSE","block_size":512,"variance_ratio":0.95,"k":16,"bit_width":3,"dim":128,"num_vecs_encoded":49152,"num_blocks":96,"skeleton_bytes":3432000,"codes_bytes":1953792,"compressed_bytes":5385792,"baseline_bytes_f32":25165824,"baseline_bytes_bf16":12582912,"ratio_vs_f32":4.672632,"ratio_vs_bf16":2.336316,"encode_seconds":1.276815,"decode_seconds":0.071207,"verify":true,"mean_block_mse":0.6494428738}