{
  "model_name": "ds_distill_qwen_1_5b",
  "model_path": "deepseek-ai/DeepSeek-R1-Distill-Qwen-1.5B",
  "engine": "vllm",
  "recipe": "v1.3 PPL full guardrails",
  "ctx_len": 2048,
  "n_eval": 64,
  "block_size": 512,
  "bit_width_k": 3,
  "bit_width_v": 2,
  "variance_ratio": 0.95,
  "pca_method": "randomized",
  "rsvd_target_rank_factor": 0.5,
  "q_calib": "reports/v1_4_q_pca/flagship/deepseek_distill_q_calib.safetensors",
  "k_centroids": "reports/v1_4_q_pca/calibrated_codebook/ds_K_b3_centroids.f32",
  "v_centroids": "reports/v1_4_q_pca/calibrated_codebook/ds_V_b2_centroids.f32",
  "outlier_threshold": 2.0,
  "boundary_skip_layers": [
    0,
    1,
    7,
    14,
    26,
    27
  ],
  "share_basis_v": true,
  "n_passages": 4,
  "mean_ppl_delta_rel": 0.35327723698202207,
  "mean_top1_agreement": 0.59375,
  "verdict": "REJECT",
  "per_passage": [
    {
      "ctx_len": 2048,
      "n_eval": 64,
      "t_ref_sec": 0.15766104590147734,
      "t_alt_sec": 18.76719514746219,
      "codec_layer_calls": 56,
      "codec_total_compressed_bytes": 5701692,
      "boundary_skips": 12,
      "metrics": {
        "ppl_ref": 124.8755040661336,
        "ppl_alt": 113.81097775928545,
        "ppl_delta_rel": -0.0886044576123466,
        "top1_agreement": 0.5625,
        "mean_abs_dlogp_true": 0.7724991553423024,
        "n_tokens": 64
      }
    },
    {
      "ctx_len": 2048,
      "n_eval": 64,
      "t_ref_sec": 0.09441826306283474,
      "t_alt_sec": 18.18969063460827,
      "codec_layer_calls": 56,
      "codec_total_compressed_bytes": 5593196,
      "boundary_skips": 12,
      "metrics": {
        "ppl_ref": 33.0042923548772,
        "ppl_alt": 43.82755152870672,
        "ppl_delta_rel": 0.32793489578424834,
        "top1_agreement": 0.515625,
        "mean_abs_dlogp_true": 0.8953173093618716,
        "n_tokens": 64
      }
    },
    {
      "ctx_len": 2048,
      "n_eval": 64,
      "t_ref_sec": 0.09348526131361723,
      "t_alt_sec": 18.370823281817138,
      "codec_layer_calls": 56,
      "codec_total_compressed_bytes": 5471996,
      "boundary_skips": 12,
      "metrics": {
        "ppl_ref": 8.535555997020436,
        "ppl_alt": 11.988810819811002,
        "ppl_delta_rel": 0.40457292108399456,
        "top1_agreement": 0.65625,
        "mean_abs_dlogp_true": 0.8133090038209048,
        "n_tokens": 64
      }
    },
    {
      "ctx_len": 2048,
      "n_eval": 64,
      "t_ref_sec": 0.09543649666011333,
      "t_alt_sec": 18.490491420961916,
      "codec_layer_calls": 56,
      "codec_total_compressed_bytes": 5495768,
      "boundary_skips": 12,
      "metrics": {
        "ppl_ref": 25.35456860935595,
        "ppl_alt": 44.857444482045075,
        "ppl_delta_rel": 0.769205588672192,
        "top1_agreement": 0.640625,
        "mean_abs_dlogp_true": 1.1356505421993006,
        "n_tokens": 64
      }
    }
  ]
}