{"metric":"InnerProduct","block_size":512,"variance_ratio":0.95,"k":16,"bit_width":3,"dim":64,"num_vecs_encoded":262144,"num_blocks":512,"skeleton_bytes":6586432,"codes_bytes":8716288,"compressed_bytes":15302720,"baseline_bytes_f32":67108864,"baseline_bytes_bf16":33554432,"ratio_vs_f32":4.385421,"ratio_vs_bf16":2.192710,"encode_seconds":2.063692,"decode_seconds":0.226581,"verify":true,"mean_block_mse":0.8374695513}