{"metric":"MSE","block_size":512,"variance_ratio":0.95,"k":16,"bit_width":3,"dim":64,"num_vecs_encoded":262144,"num_blocks":512,"skeleton_bytes":6480512,"codes_bytes":8912896,"compressed_bytes":15393408,"baseline_bytes_f32":67108864,"baseline_bytes_bf16":33554432,"ratio_vs_f32":4.359585,"ratio_vs_bf16":2.179792,"encode_seconds":1.749886,"decode_seconds":0.238615,"verify":true,"mean_block_mse":0.0990435342}