{"metric":"MSE","block_size":512,"variance_ratio":0.95,"k":16,"bit_width":3,"dim":128,"num_vecs_encoded":49152,"num_blocks":96,"skeleton_bytes":3024768,"codes_bytes":1732608,"compressed_bytes":4757376,"baseline_bytes_f32":25165824,"baseline_bytes_bf16":12582912,"ratio_vs_f32":5.289854,"ratio_vs_bf16":2.644927,"encode_seconds":1.317617,"decode_seconds":0.067534,"verify":true,"mean_block_mse":0.1099352286}