{"metric":"InnerProduct","block_size":512,"variance_ratio":0.95,"k":16,"bit_width":3,"dim":64,"num_vecs_encoded":262144,"num_blocks":512,"skeleton_bytes":6441792,"codes_bytes":8765440,"compressed_bytes":15207232,"baseline_bytes_f32":67108864,"baseline_bytes_bf16":33554432,"ratio_vs_f32":4.412957,"ratio_vs_bf16":2.206479,"encode_seconds":1.999196,"decode_seconds":0.230768,"verify":true,"mean_block_mse":0.6037045761}