{"metric":"MSE","block_size":512,"variance_ratio":0.95,"k":16,"bit_width":3,"dim":64,"num_vecs_encoded":262144,"num_blocks":512,"skeleton_bytes":6069952,"codes_bytes":8378368,"compressed_bytes":14448320,"baseline_bytes_f32":67108864,"baseline_bytes_bf16":33554432,"ratio_vs_f32":4.644752,"ratio_vs_bf16":2.322376,"encode_seconds":1.662585,"decode_seconds":0.211798,"verify":true,"mean_block_mse":0.1208736001}