{
  "model_name": "ds_distill_qwen_1_5b_vllm_calib",
  "model_path": "deepseek-ai/DeepSeek-R1-Distill-Qwen-1.5B",
  "engine": "vllm",
  "recipe": "v1.3 PPL full guardrails",
  "ctx_len": 2048,
  "n_eval": 64,
  "block_size": 512,
  "bit_width_k": 3,
  "bit_width_v": 2,
  "variance_ratio": 0.95,
  "pca_method": "randomized",
  "rsvd_target_rank_factor": 0.5,
  "q_calib": "reports/v1_3_ppl/vllm_recalibrated/q_calib.safetensors",
  "k_centroids": "reports/v1_3_ppl/vllm_recalibrated/K_b3_centroids.f32",
  "v_centroids": "reports/v1_3_ppl/vllm_recalibrated/V_b2_centroids.f32",
  "outlier_threshold": 2.0,
  "boundary_skip_layers": [
    0,
    1,
    7,
    14,
    26,
    27
  ],
  "share_basis_v": true,
  "n_passages": 4,
  "mean_ppl_delta_rel": 0.38687458901578425,
  "mean_top1_agreement": 0.61328125,
  "verdict": "REJECT",
  "per_passage": [
    {
      "ctx_len": 2048,
      "n_eval": 64,
      "t_ref_sec": 0.25666273292154074,
      "t_alt_sec": 19.324612993746996,
      "codec_layer_calls": 56,
      "codec_total_compressed_bytes": 5621552,
      "boundary_skips": 12,
      "metrics": {
        "ppl_ref": 124.8755040661336,
        "ppl_alt": 114.26148154622784,
        "ppl_delta_rel": -0.08499683424128253,
        "top1_agreement": 0.609375,
        "mean_abs_dlogp_true": 0.8052807604926784,
        "n_tokens": 64
      }
    },
    {
      "ctx_len": 2048,
      "n_eval": 64,
      "t_ref_sec": 0.09497750923037529,
      "t_alt_sec": 19.00250061880797,
      "codec_layer_calls": 56,
      "codec_total_compressed_bytes": 5462060,
      "boundary_skips": 12,
      "metrics": {
        "ppl_ref": 33.0042923548772,
        "ppl_alt": 41.578267700015495,
        "ppl_delta_rel": 0.259783644289264,
        "top1_agreement": 0.484375,
        "mean_abs_dlogp_true": 0.8966873212052633,
        "n_tokens": 64
      }
    },
    {
      "ctx_len": 2048,
      "n_eval": 64,
      "t_ref_sec": 0.09954996686428785,
      "t_alt_sec": 18.629708103835583,
      "codec_layer_calls": 56,
      "codec_total_compressed_bytes": 5392276,
      "boundary_skips": 12,
      "metrics": {
        "ppl_ref": 8.535555997020436,
        "ppl_alt": 15.175150247569162,
        "ppl_delta_rel": 0.7778748394207071,
        "top1_agreement": 0.6875,
        "mean_abs_dlogp_true": 0.9623309428170614,
        "n_tokens": 64
      }
    },
    {
      "ctx_len": 2048,
      "n_eval": 64,
      "t_ref_sec": 0.10768187418580055,
      "t_alt_sec": 19.54858442209661,
      "codec_layer_calls": 56,
      "codec_total_compressed_bytes": 5468120,
      "boundary_skips": 12,
      "metrics": {
        "ppl_ref": 25.35456860935595,
        "ppl_alt": 40.43639669806823,
        "ppl_delta_rel": 0.5948367065944484,
        "top1_agreement": 0.671875,
        "mean_abs_dlogp_true": 1.0059844734732906,
        "n_tokens": 64
      }
    }
  ]
}