{"metric":"MSE","block_size":512,"variance_ratio":0.95,"k":16,"bit_width":3,"dim":128,"num_vecs_encoded":65536,"num_blocks":128,"skeleton_bytes":3044608,"codes_bytes":2203648,"compressed_bytes":5248256,"baseline_bytes_f32":33554432,"baseline_bytes_bf16":16777216,"ratio_vs_f32":6.393444,"ratio_vs_bf16":3.196722,"encode_seconds":1.489720,"decode_seconds":0.076496,"verify":true,"mean_block_mse":0.1643613877}