{"n_vecs":32768,"dim":128,"block_size":512,"n_blocks":64,"variance_ratio":0.95,"per_block_mean_mse":4.650415e-3,"layer_pooled_mean_mse":6.418164e-3,"first_block_mean_mse":6.481315e-2,"pooled_over_per_block_mean":1.3801,"pooled_over_per_block_median":1.4925,"pooled_over_per_block_max":2.0396,"first_over_per_block_mean":13.9371,"first_over_per_block_median":14.8738,"first_over_per_block_max":19.1915,"pooled_d_eff":104,"first_d_eff":61,"per_block_d_eff":[61,58,58,58,58,58,58,58,54,51,50,50,50,50,50,50,58,56,56,55,55,55,55,55,56,53,53,53,53,53,53,53,59,57,57,56,57,56,56,56,57,53,52,52,52,52,52,52,57,54,54,54,54,54,54,54,58,55,55,55,55,55,55,55],"per_block_mses":[3.838572e-3,3.157685e-3,3.044865e-3,2.995096e-3,2.960548e-3,2.936692e-3,2.915212e-3,2.898964e-3,7.750561e-3,6.469142e-3,6.668603e-3,6.583378e-3,6.508342e-3,6.465232e-3,6.430240e-3,6.401150e-3,5.324088e-3,4.494770e-3,4.356803e-3,4.609741e-3,4.588996e-3,4.530408e-3,4.532409e-3,4.482699e-3,5.983660e-3,5.388352e-3,5.168210e-3,5.138847e-3,5.035086e-3,5.047016e-3,4.971184e-3,4.992026e-3,5.367474e-3,4.730007e-3,4.602588e-3,4.837429e-3,4.472931e-3,4.755694e-3,4.724834e-3,4.701022e-3,3.314230e-3,2.860816e-3,2.954422e-3,2.889213e-3,2.879755e-3,2.835748e-3,2.834355e-3,2.801282e-3,7.304732e-3,5.904863e-3,5.681561e-3,5.565715e-3,5.490128e-3,5.457024e-3,5.401118e-3,5.390408e-3,5.141592e-3,4.246186e-3,4.074953e-3,4.021029e-3,3.960736e-3,3.948922e-3,3.904289e-3,3.902913e-3],"layer_pooled_mses":[7.829160e-3,6.118741e-3,5.916925e-3,5.794230e-3,5.749779e-3,5.707778e-3,5.688273e-3,5.676269e-3,8.401318e-3,6.356000e-3,6.134553e-3,6.028823e-3,5.980472e-3,5.969579e-3,5.933661e-3,5.945036e-3,8.141308e-3,6.653250e-3,6.442730e-3,6.380110e-3,6.295418e-3,6.298776e-3,6.260501e-3,6.261021e-3,7.878368e-3,6.537650e-3,6.331368e-3,6.282015e-3,6.211736e-3,6.203797e-3,6.166360e-3,6.171504e-3,8.978695e-3,7.561936e-3,7.295881e-3,7.212606e-3,7.128973e-3,7.097641e-3,7.062329e-3,7.055735e-3,6.276405e-3,5.019173e-3,4.831113e-3,4.827660e-3,4.743221e-3,4.775104e-3,4.710085e-3,4.738224e-3,9.355429e-3,6.855721e-3,6.596239e-3,6.470410e-3,6.412327e-3,6.383515e-3,6.348336e-3,6.333902e-3,8.387048e-3,6.727118e-3,6.461450e-3,6.365787e-3,6.291519e-3,6.263275e-3,6.231265e-3,6.217890e-3],"first_block_mses":[3.838572e-3,3.503710e-3,3.685133e-3,3.934684e-3,3.961569e-3,4.113805e-3,4.089859e-3,4.246542e-3,1.128885e-1,1.108650e-1,1.094166e-1,1.073596e-1,1.072401e-1,1.058879e-1,1.062648e-1,1.051269e-1,7.535996e-2,7.126747e-2,7.108856e-2,7.031313e-2,7.050593e-2,6.991674e-2,7.026725e-2,6.970398e-2,7.959758e-2,7.643192e-2,7.575622e-2,7.506965e-2,7.506056e-2,7.455316e-2,7.470809e-2,7.425034e-2,7.218174e-2,6.575901e-2,6.495809e-2,6.401255e-2,6.389633e-2,6.345360e-2,6.360545e-2,6.306559e-2,4.942327e-2,5.389293e-2,5.369518e-2,5.387612e-2,5.370490e-2,5.375902e-2,5.367942e-2,5.376084e-2,9.395572e-2,8.937126e-2,8.757152e-2,8.617775e-2,8.572333e-2,8.502077e-2,8.508835e-2,8.457444e-2,6.122104e-2,5.506394e-2,5.421725e-2,5.299077e-2,5.306279e-2,5.235996e-2,5.260283e-2,5.204223e-2]}