{"n_vecs":32768,"dim":128,"block_size":512,"n_blocks":64,"variance_ratio":0.95,"per_block_mean_mse":1.508042e0,"layer_pooled_mean_mse":1.726888e0,"first_block_mean_mse":1.740926e1,"pooled_over_per_block_mean":1.1451,"pooled_over_per_block_median":1.2417,"pooled_over_per_block_max":2.1075,"first_over_per_block_mean":11.5443,"first_over_per_block_median":12.1345,"first_over_per_block_max":15.3709,"pooled_d_eff":108,"first_d_eff":68,"per_block_d_eff":[68,51,51,50,51,50,51,50,68,51,51,50,51,50,50,49,60,53,53,53,53,53,53,53,60,54,54,54,54,54,54,54,73,57,56,56,56,56,56,56,62,55,55,55,55,55,55,55,61,54,54,54,54,54,54,54,62,55,55,55,55,55,55,55],"per_block_mses":[9.702033e-1,8.920617e-1,8.682662e-1,9.058292e-1,8.564210e-1,8.873553e-1,8.432262e-1,8.772918e-1,9.064198e-1,8.888307e-1,8.689791e-1,9.059363e-1,8.616129e-1,8.982306e-1,9.104685e-1,9.579149e-1,2.469013e0,2.292662e0,2.250647e0,2.250187e0,2.245912e0,2.217553e0,2.220752e0,2.201907e0,2.485786e0,2.301599e0,2.243890e0,2.253907e0,2.231674e0,2.218015e0,2.209605e0,2.200052e0,8.279609e-1,6.863822e-1,6.969824e-1,6.946959e-1,6.913536e-1,6.801787e-1,6.785241e-1,6.761460e-1,1.877612e0,1.743602e0,1.703450e0,1.712607e0,1.707234e0,1.687763e0,1.682318e0,1.676025e0,1.926412e0,1.835965e0,1.789185e0,1.804674e0,1.788266e0,1.782326e0,1.770384e0,1.761679e0,1.605384e0,1.529432e0,1.492738e0,1.497212e0,1.495293e0,1.475733e0,1.479002e0,1.465965e0],"layer_pooled_mses":[1.754920e0,1.292491e0,1.244593e0,1.262666e0,1.240241e0,1.242570e0,1.231356e0,1.242052e0,1.590455e0,1.200307e0,1.151517e0,1.189309e0,1.155248e0,1.186868e0,1.172706e0,1.214884e0,2.601505e0,1.988052e0,1.937411e0,1.960474e0,1.949540e0,1.940674e0,1.955228e0,1.956791e0,2.631716e0,2.033826e0,1.982500e0,1.966696e0,1.971216e0,1.947065e0,1.954711e0,1.929866e0,1.744908e0,1.259043e0,1.220145e0,1.233239e0,1.233187e0,1.225772e0,1.233736e0,1.243188e0,2.449912e0,1.977604e0,1.913609e0,1.947144e0,1.920463e0,1.930228e0,1.914787e0,1.910214e0,2.330436e0,1.930262e0,1.897116e0,1.909220e0,1.912022e0,1.900488e0,1.908925e0,1.887274e0,2.234542e0,1.890448e0,1.853575e0,1.896785e0,1.879417e0,1.891085e0,1.871349e0,1.891242e0],"first_block_mses":[9.702033e-1,8.329633e-1,9.349794e-1,1.028744e0,1.051809e0,1.112508e0,1.124213e0,1.194429e0,1.307126e1,1.292452e1,1.263811e1,1.302234e1,1.270025e1,1.303063e1,1.279505e1,1.318443e1,3.040550e1,2.906405e1,2.905533e1,2.909123e1,2.916494e1,2.893690e1,2.910408e1,2.878759e1,2.867103e1,2.825014e1,2.810001e1,2.835116e1,2.832532e1,2.832979e1,2.828613e1,2.811388e1,1.134845e1,1.048103e1,1.043708e1,1.054144e1,1.046099e1,1.036009e1,1.038407e1,1.039301e1,2.048791e1,1.941725e1,1.916251e1,1.935907e1,1.931454e1,1.927395e1,1.926233e1,1.911598e1,2.124368e1,1.977839e1,1.959171e1,1.966804e1,1.974311e1,1.956114e1,1.962297e1,1.935572e1,1.906080e1,1.791176e1,1.778653e1,1.790964e1,1.794261e1,1.789673e1,1.787804e1,1.778874e1]}