{"n_vecs":32768,"dim":128,"block_size":512,"n_blocks":64,"variance_ratio":0.95,"per_block_mean_mse":3.604611e-2,"layer_pooled_mean_mse":4.760105e-2,"first_block_mean_mse":6.513911e-1,"pooled_over_per_block_mean":1.3206,"pooled_over_per_block_median":1.4979,"pooled_over_per_block_max":3.4908,"first_over_per_block_mean":18.0710,"first_over_per_block_median":20.3867,"first_over_per_block_max":26.6624,"pooled_d_eff":91,"first_d_eff":44,"per_block_d_eff":[44,46,38,40,43,40,40,41,44,47,37,40,43,40,40,41,25,40,27,30,35,30,31,32,43,41,34,36,38,36,36,37,68,49,48,47,47,46,47,46,65,45,44,43,43,42,42,42,36,44,33,36,40,36,37,38,47,46,38,40,43,40,41,41],"per_block_mses":[5.990280e-2,2.379212e-2,3.099478e-2,2.757919e-2,2.300662e-2,2.574288e-2,2.582443e-2,2.345802e-2,6.368606e-2,2.293661e-2,3.244443e-2,2.718354e-2,2.217105e-2,2.443838e-2,2.453244e-2,2.210722e-2,1.322200e-1,3.410947e-2,5.983984e-2,5.009060e-2,3.669079e-2,4.621274e-2,4.363159e-2,3.961659e-2,1.135781e-1,5.273409e-2,6.592432e-2,5.792290e-2,5.107764e-2,5.284540e-2,5.338036e-2,4.823975e-2,2.290951e-2,1.753049e-2,1.516000e-2,1.542784e-2,1.500399e-2,1.469365e-2,1.396879e-2,1.399787e-2,3.412762e-2,2.629735e-2,2.346974e-2,2.357166e-2,2.263849e-2,2.205356e-2,2.195826e-2,2.103921e-2,8.719192e-2,2.743339e-2,4.073064e-2,3.472579e-2,2.708462e-2,3.237054e-2,3.083485e-2,2.783228e-2,6.235196e-2,2.641682e-2,3.409117e-2,3.029681e-2,2.502088e-2,2.752417e-2,2.620664e-2,2.507595e-2],"layer_pooled_mses":[7.929020e-2,4.633811e-2,4.087411e-2,4.000435e-2,3.979096e-2,3.877800e-2,3.868277e-2,3.800805e-2,8.235548e-2,4.748750e-2,4.189668e-2,4.128442e-2,4.030743e-2,3.927169e-2,3.932981e-2,3.910134e-2,8.181303e-2,4.637313e-2,4.023999e-2,3.991885e-2,3.949996e-2,3.914373e-2,3.910528e-2,3.922603e-2,1.112042e-1,5.891834e-2,5.164158e-2,4.988078e-2,4.872358e-2,4.813119e-2,4.877867e-2,4.892224e-2,7.997310e-2,4.681177e-2,4.107386e-2,4.003222e-2,3.882027e-2,3.864611e-2,3.725300e-2,3.686066e-2,8.966289e-2,4.659550e-2,4.045765e-2,3.924852e-2,3.871383e-2,3.816345e-2,3.735690e-2,3.658871e-2,8.754464e-2,4.891214e-2,4.235883e-2,4.102659e-2,3.978891e-2,3.891511e-2,3.865214e-2,3.782121e-2,8.593885e-2,4.861609e-2,4.245408e-2,4.227468e-2,4.137480e-2,4.022218e-2,4.020199e-2,3.978519e-2],"first_block_mses":[5.990280e-2,5.702920e-2,6.350244e-2,7.017047e-2,7.223424e-2,7.673291e-2,7.755850e-2,8.160201e-2,1.057744e0,4.669823e-1,6.125927e-1,5.455213e-1,4.519937e-1,5.031860e-1,4.924663e-1,4.583802e-1,2.003247e0,7.227321e-1,1.070822e0,9.231501e-1,7.226623e-1,8.459053e-1,8.196489e-1,7.576383e-1,1.966176e0,1.154384e0,1.293762e0,1.200340e0,1.048930e0,1.111168e0,1.079482e0,1.028587e0,4.481991e-1,4.099661e-1,3.892009e-1,3.922600e-1,3.801906e-1,3.837709e-1,3.724412e-1,3.728336e-1,6.923927e-1,6.357296e-1,6.025022e-1,5.899552e-1,5.768292e-1,5.693739e-1,5.630848e-1,5.478492e-1,1.341896e0,5.978718e-1,7.834925e-1,7.076792e-1,5.938569e-1,6.613122e-1,6.426172e-1,6.040604e-1,1.004303e0,5.654062e-1,6.440898e-1,5.977835e-1,5.205929e-1,5.528571e-1,5.350432e-1,5.133538e-1]}