{"n_vecs":32768,"dim":128,"block_size":512,"n_blocks":64,"variance_ratio":0.95,"per_block_mean_mse":1.232278e-1,"layer_pooled_mean_mse":6.658193e-1,"first_block_mean_mse":2.302972e0,"pooled_over_per_block_mean":5.4032,"pooled_over_per_block_median":5.6013,"pooled_over_per_block_max":7.6958,"first_over_per_block_mean":18.6887,"first_over_per_block_median":18.7002,"first_over_per_block_max":28.9296,"pooled_d_eff":42,"first_d_eff":47,"per_block_d_eff":[47,44,44,44,44,44,44,44,42,39,39,40,40,40,40,40,43,39,38,38,38,38,38,38,28,26,25,25,25,25,25,25,52,47,47,46,46,46,47,46,43,41,40,41,40,41,41,41,43,39,39,39,39,40,40,40,41,39,39,40,40,41,40,40],"per_block_mses":[1.248267e-1,1.111490e-1,1.101084e-1,1.110220e-1,1.122999e-1,1.119976e-1,1.131358e-1,1.126711e-1,1.244147e-1,1.193466e-1,1.200714e-1,1.147202e-1,1.163898e-1,1.158910e-1,1.162852e-1,1.166632e-1,1.496179e-1,1.348532e-1,1.334772e-1,1.335794e-1,1.313864e-1,1.327710e-1,1.282580e-1,1.291017e-1,1.576744e-1,1.541642e-1,1.593280e-1,1.630214e-1,1.570277e-1,1.603138e-1,1.545961e-1,1.570293e-1,1.082370e-1,1.006315e-1,9.825636e-2,1.026924e-1,1.030400e-1,1.025011e-1,9.905033e-2,1.026633e-1,1.269168e-1,1.192670e-1,1.217231e-1,1.184155e-1,1.224881e-1,1.178390e-1,1.179085e-1,1.176400e-1,1.199711e-1,1.160365e-1,1.139267e-1,1.148570e-1,1.157722e-1,1.098567e-1,1.095488e-1,1.100812e-1,1.583967e-1,1.332117e-1,1.278129e-1,1.223386e-1,1.191019e-1,1.152063e-1,1.173544e-1,1.166464e-1],"layer_pooled_mses":[7.319549e-1,7.039247e-1,7.016103e-1,6.933268e-1,7.209285e-1,7.239513e-1,7.066152e-1,7.055292e-1,6.838828e-1,6.650452e-1,6.725570e-1,6.814030e-1,6.943572e-1,6.929395e-1,6.965907e-1,7.556813e-1,8.269702e-1,7.225885e-1,7.130646e-1,7.171956e-1,7.358468e-1,6.919727e-1,7.258762e-1,7.430574e-1,5.856966e-1,5.827832e-1,5.629901e-1,5.797140e-1,5.616459e-1,5.862333e-1,5.882946e-1,6.073507e-1,7.511594e-1,6.869817e-1,6.840294e-1,7.202906e-1,6.875882e-1,7.189844e-1,7.105972e-1,7.900716e-1,6.210868e-1,5.870411e-1,5.548344e-1,5.455144e-1,5.442033e-1,5.575968e-1,5.731532e-1,5.826781e-1,7.036927e-1,5.808266e-1,5.540010e-1,5.474543e-1,5.469325e-1,5.614056e-1,5.669900e-1,6.518209e-1,8.002180e-1,7.234471e-1,7.166046e-1,7.303918e-1,7.242757e-1,7.109441e-1,6.991812e-1,7.168632e-1],"first_block_mses":[1.248267e-1,6.624695e-1,1.020032e0,1.354254e0,1.531824e0,1.593609e0,1.538419e0,1.378859e0,1.438905e0,1.930304e0,2.170442e0,2.135797e0,1.989933e0,2.088001e0,2.283114e0,2.504472e0,2.727668e0,3.047376e0,3.124511e0,3.293579e0,3.317440e0,3.306241e0,3.394631e0,3.334039e0,1.796383e0,2.154435e0,2.303729e0,2.674295e0,2.756579e0,2.961940e0,3.121090e0,2.990066e0,1.692298e0,1.904868e0,2.175024e0,2.120972e0,2.190239e0,2.301365e0,2.160003e0,2.177589e0,1.969852e0,2.230318e0,2.421622e0,2.528443e0,2.411332e0,2.172805e0,2.142292e0,2.264900e0,1.658054e0,1.916822e0,1.915050e0,1.767429e0,1.836227e0,1.964498e0,2.154038e0,2.142113e0,2.444953e0,2.878218e0,3.177504e0,3.520871e0,3.190216e0,3.240177e0,3.395015e0,3.275821e0]}