{"n_vecs":32768,"dim":128,"block_size":512,"n_blocks":64,"variance_ratio":0.95,"per_block_mean_mse":1.166039e0,"layer_pooled_mean_mse":1.512289e0,"first_block_mean_mse":1.646420e1,"pooled_over_per_block_mean":1.2969,"pooled_over_per_block_median":1.2586,"pooled_over_per_block_max":1.9815,"first_over_per_block_mean":14.1198,"first_over_per_block_median":16.4971,"first_over_per_block_max":18.6997,"pooled_d_eff":106,"first_d_eff":72,"per_block_d_eff":[72,54,54,53,54,53,54,53,73,55,55,54,54,54,54,54,71,53,53,53,53,53,54,53,74,55,55,55,55,55,55,55,72,53,53,53,53,53,53,52,70,53,53,53,53,53,53,53,73,53,53,53,53,53,53,53,70,51,51,50,51,51,51,50],"per_block_mses":[1.633539e0,1.277937e0,1.236621e0,1.308608e0,1.233674e0,1.285658e0,1.221803e0,1.286965e0,1.500312e0,1.277180e0,1.230659e0,1.303697e0,1.313007e0,1.284209e0,1.302115e0,1.288776e0,1.289322e0,1.071317e0,1.049780e0,1.043485e0,1.055880e0,1.038801e0,9.885963e-1,1.035330e0,1.018958e0,8.194018e-1,8.017094e-1,7.981141e-1,8.167234e-1,7.994090e-1,8.177347e-1,8.018378e-1,1.358225e0,1.245206e0,1.220423e0,1.214099e0,1.227221e0,1.196993e0,1.221177e0,1.275439e0,1.461175e0,1.194117e0,1.159885e0,1.139894e0,1.144625e0,1.113189e0,1.123397e0,1.115226e0,9.862912e-1,8.004129e-1,7.714773e-1,7.672997e-1,7.684774e-1,7.504915e-1,7.669045e-1,7.576029e-1,1.486695e0,1.535885e0,1.538444e0,1.669076e0,1.565314e0,1.550001e0,1.588814e0,1.681884e0],"layer_pooled_mses":[2.635325e0,1.533398e0,1.460920e0,1.468299e0,1.451112e0,1.459640e0,1.464213e0,1.487088e0,2.545147e0,1.558899e0,1.506063e0,1.515950e0,1.514394e0,1.514185e0,1.526209e0,1.541779e0,2.254435e0,1.370744e0,1.309507e0,1.313318e0,1.297799e0,1.296079e0,1.305178e0,1.311175e0,2.019096e0,1.332667e0,1.268282e0,1.304432e0,1.277290e0,1.296051e0,1.284410e0,1.309403e0,2.348934e0,1.470626e0,1.417693e0,1.431339e0,1.416998e0,1.433172e0,1.434287e0,1.457160e0,2.376566e0,1.497113e0,1.473797e0,1.455017e0,1.466506e0,1.449557e0,1.469105e0,1.472119e0,1.928812e0,1.194608e0,1.167064e0,1.174866e0,1.169171e0,1.170307e0,1.180109e0,1.187114e0,2.159341e0,1.503306e0,1.489398e0,1.514974e0,1.529524e0,1.512484e0,1.553958e0,1.549010e0],"first_block_mses":[1.633539e0,1.435683e0,1.629261e0,1.803163e0,1.869848e0,1.966674e0,2.041424e0,2.167832e0,2.522816e1,2.328610e1,2.301300e1,2.312170e1,2.299585e1,2.298900e1,2.295303e1,2.313901e1,1.994017e1,1.805339e1,1.790820e1,1.800409e1,1.794956e1,1.790524e1,1.789839e1,1.794048e1,1.649544e1,1.469086e1,1.442422e1,1.454139e1,1.446094e1,1.444253e1,1.438248e1,1.447608e1,1.700620e1,1.641922e1,1.645047e1,1.666621e1,1.654875e1,1.661147e1,1.661699e1,1.686352e1,2.181406e1,1.895815e1,1.860224e1,1.866056e1,1.858166e1,1.851436e1,1.853281e1,1.856453e1,1.599328e1,1.408508e1,1.387535e1,1.400423e1,1.396893e1,1.400820e1,1.396431e1,1.406388e1,2.298953e1,2.392117e1,2.354221e1,2.401885e1,2.377882e1,2.364716e1,2.374709e1,2.390257e1]}