{"n_vecs":32768,"dim":128,"block_size":512,"n_blocks":64,"variance_ratio":0.95,"per_block_mean_mse":1.627174e-1,"layer_pooled_mean_mse":2.711897e-1,"first_block_mean_mse":2.055730e0,"pooled_over_per_block_mean":1.6666,"pooled_over_per_block_median":2.0198,"pooled_over_per_block_max":2.7416,"first_over_per_block_mean":12.6337,"first_over_per_block_median":12.6068,"first_over_per_block_max":21.1813,"pooled_d_eff":84,"first_d_eff":60,"per_block_d_eff":[60,57,57,57,57,57,57,57,30,31,31,31,31,31,31,31,58,55,55,54,54,55,54,55,63,58,57,57,57,57,57,57,65,59,58,58,58,58,58,58,55,52,51,51,50,51,50,50,47,44,44,44,44,44,44,44,47,42,42,41,41,41,41,41],"per_block_mses":[1.215195e-1,1.136106e-1,1.127837e-1,1.139673e-1,1.129739e-1,1.128198e-1,1.118841e-1,1.124472e-1,2.828621e-1,2.868806e-1,2.937762e-1,2.828367e-1,2.844134e-1,2.837625e-1,2.846618e-1,2.871079e-1,1.371952e-1,1.274031e-1,1.265589e-1,1.310255e-1,1.291532e-1,1.234863e-1,1.278888e-1,1.207942e-1,1.443063e-1,1.389991e-1,1.433228e-1,1.443850e-1,1.452162e-1,1.451790e-1,1.433191e-1,1.430166e-1,1.141739e-1,1.144908e-1,1.158619e-1,1.169207e-1,1.164970e-1,1.170262e-1,1.158822e-1,1.162462e-1,1.834492e-1,1.704355e-1,1.677955e-1,1.676895e-1,1.735428e-1,1.650671e-1,1.715371e-1,1.705997e-1,1.576635e-1,1.811714e-1,1.803306e-1,1.828100e-1,1.828986e-1,1.874859e-1,1.860148e-1,1.882512e-1,1.723316e-1,1.668877e-1,1.571434e-1,1.650706e-1,1.611048e-1,1.611014e-1,1.582562e-1,1.586182e-1],"layer_pooled_mses":[2.573313e-1,2.488113e-1,2.445160e-1,2.343257e-1,2.281820e-1,2.290908e-1,2.265634e-1,2.506493e-1,1.717207e-1,1.514982e-1,1.437022e-1,1.351975e-1,1.321484e-1,1.346527e-1,1.313893e-1,1.553749e-1,2.438562e-1,2.232875e-1,2.222756e-1,2.208720e-1,2.280629e-1,2.199462e-1,2.134842e-1,2.287647e-1,3.283311e-1,3.221829e-1,3.305208e-1,3.383276e-1,3.393757e-1,3.568696e-1,3.545812e-1,3.600157e-1,2.968810e-1,2.786727e-1,2.841434e-1,2.935664e-1,2.960363e-1,2.934467e-1,2.955683e-1,3.187045e-1,3.655474e-1,3.181224e-1,3.005016e-1,2.896046e-1,2.710141e-1,2.761744e-1,2.877014e-1,3.177336e-1,2.376003e-1,2.521161e-1,2.684293e-1,2.681225e-1,2.695944e-1,2.614721e-1,2.685623e-1,2.887388e-1,3.796982e-1,3.576197e-1,3.572314e-1,3.640143e-1,3.572507e-1,3.561461e-1,3.383141e-1,3.419028e-1],"first_block_mses":[1.215195e-1,6.338552e-1,9.227178e-1,9.522578e-1,9.114962e-1,1.046081e0,9.934692e-1,1.025092e0,2.910808e0,2.664966e0,2.486150e0,2.520389e0,2.443974e0,2.499743e0,2.535270e0,2.633980e0,2.118640e0,2.107197e0,2.166700e0,2.241782e0,2.286981e0,2.352710e0,2.249469e0,2.355202e0,1.532446e0,1.696569e0,1.834483e0,1.770391e0,1.794678e0,1.686080e0,1.785634e0,1.698491e0,2.048467e0,2.214645e0,2.289380e0,2.273228e0,2.298739e0,2.478763e0,2.337310e0,2.285193e0,2.272440e0,2.070334e0,2.089929e0,2.085004e0,2.152228e0,2.111970e0,2.119248e0,2.238154e0,2.133848e0,2.302890e0,2.300213e0,2.282160e0,2.241644e0,2.338109e0,2.371748e0,2.373249e0,2.373737e0,2.412148e0,2.343401e0,2.390321e0,2.472667e0,2.485021e0,2.296967e0,2.104370e0]}