{"n_vecs":32768,"dim":128,"block_size":512,"n_blocks":64,"variance_ratio":0.95,"per_block_mean_mse":3.160493e-1,"layer_pooled_mean_mse":3.623521e0,"first_block_mean_mse":1.345718e1,"pooled_over_per_block_mean":11.4651,"pooled_over_per_block_median":11.7671,"pooled_over_per_block_max":16.0379,"first_over_per_block_mean":42.5794,"first_over_per_block_median":43.2157,"first_over_per_block_max":67.8884,"pooled_d_eff":16,"first_d_eff":22,"per_block_d_eff":[22,20,19,19,19,19,18,19,66,65,65,65,65,64,64,64,61,60,60,60,60,60,60,59,61,60,60,60,59,60,59,59,61,60,61,60,60,60,60,60,54,57,57,57,57,57,57,57,56,57,57,57,57,57,57,57,63,64,64,63,63,63,63,63],"per_block_mses":[2.711020e-1,2.494352e-1,2.503049e-1,2.543647e-1,2.443655e-1,2.511625e-1,2.598083e-1,2.483727e-1,3.734309e-1,3.362279e-1,3.244084e-1,3.231095e-1,3.180745e-1,3.348343e-1,3.305435e-1,3.323421e-1,3.352772e-1,2.976586e-1,2.882435e-1,2.847879e-1,2.815509e-1,2.814769e-1,2.789404e-1,2.933796e-1,3.489277e-1,2.936624e-1,2.813350e-1,2.783786e-1,2.871144e-1,2.736376e-1,2.833516e-1,2.835411e-1,4.760300e-1,4.159680e-1,3.897877e-1,3.955792e-1,3.975143e-1,3.892738e-1,3.920180e-1,3.853182e-1,4.084601e-1,3.530412e-1,3.480534e-1,3.485376e-1,3.469557e-1,3.483300e-1,3.457721e-1,3.471815e-1,3.435058e-1,3.299404e-1,3.229228e-1,3.256673e-1,3.217559e-1,3.246811e-1,3.209596e-1,3.234580e-1,3.183240e-1,2.640193e-1,2.565536e-1,2.660379e-1,2.641848e-1,2.628716e-1,2.610776e-1,2.602212e-1],"layer_pooled_mses":[2.378935e0,1.847366e0,1.900785e0,1.931587e0,1.876033e0,1.869289e0,1.816567e0,2.365199e0,4.474510e0,4.025721e0,3.950912e0,4.204068e0,4.231969e0,3.971608e0,3.880252e0,4.079746e0,3.754199e0,3.466888e0,3.533012e0,3.955934e0,3.963498e0,3.491355e0,3.433894e0,3.591299e0,4.031143e0,3.382816e0,3.268959e0,3.245559e0,3.224983e0,3.219913e0,3.275249e0,3.550176e0,4.205835e0,3.876527e0,3.943297e0,3.888021e0,3.906432e0,3.946887e0,3.883925e0,4.029339e0,4.304450e0,4.172131e0,3.973427e0,3.807119e0,3.732481e0,3.898849e0,4.037056e0,4.452236e0,4.021157e0,3.962280e0,3.976009e0,4.068612e0,4.146355e0,4.103358e0,4.132704e0,4.372066e0,4.105182e0,3.691920e0,3.614928e0,3.622221e0,3.571226e0,3.475058e0,3.617421e0,4.173414e0],"first_block_mses":[2.711020e-1,4.209452e0,7.078757e0,9.350459e0,1.121121e1,1.273458e1,9.982106e0,8.514289e0,1.039661e1,1.154860e1,1.355141e1,1.402224e1,1.412142e1,1.369874e1,1.463916e1,1.599357e1,1.299042e1,1.340980e1,1.573118e1,1.615038e1,1.652832e1,1.631222e1,1.702564e1,1.789260e1,1.486463e1,1.522471e1,1.452814e1,1.651741e1,1.648952e1,1.857683e1,1.860255e1,1.795903e1,1.258584e1,1.325609e1,1.276001e1,1.340708e1,1.492995e1,1.702348e1,1.694133e1,1.595156e1,1.294060e1,1.331128e1,1.302898e1,1.370010e1,1.550441e1,1.548561e1,1.588268e1,1.632561e1,1.071510e1,1.120767e1,1.102220e1,1.086891e1,1.125826e1,1.238331e1,1.396433e1,1.341048e1,1.006276e1,1.068054e1,1.041280e1,1.186079e1,1.341821e1,1.550610e1,1.548002e1,1.584658e1]}