{"n_vecs":32768,"dim":128,"block_size":512,"n_blocks":64,"variance_ratio":0.95,"per_block_mean_mse":9.003229e-2,"layer_pooled_mean_mse":1.692040e-1,"first_block_mean_mse":1.576707e0,"pooled_over_per_block_mean":1.8794,"pooled_over_per_block_median":1.8490,"pooled_over_per_block_max":3.3997,"first_over_per_block_mean":17.5127,"first_over_per_block_median":18.7023,"first_over_per_block_max":29.3665,"pooled_d_eff":82,"first_d_eff":60,"per_block_d_eff":[60,56,54,55,55,54,54,54,53,50,50,51,51,52,52,52,58,53,53,53,53,53,53,53,44,42,42,42,43,42,43,43,61,54,54,54,55,54,54,54,58,54,54,54,54,54,54,54,62,54,53,53,53,53,52,52,46,42,42,42,42,42,42,42],"per_block_mses":[1.099556e-1,1.050624e-1,1.087362e-1,1.059052e-1,1.057104e-1,1.091121e-1,1.075371e-1,1.085811e-1,8.775698e-2,8.019223e-2,7.673893e-2,7.579606e-2,7.623716e-2,7.268431e-2,7.121981e-2,7.082188e-2,8.530453e-2,8.370502e-2,8.025448e-2,8.144341e-2,8.005770e-2,7.949387e-2,7.861711e-2,7.809004e-2,1.010589e-1,1.034324e-1,1.027939e-1,1.033642e-1,9.960688e-2,1.036573e-1,9.939350e-2,9.905940e-2,9.032481e-2,9.042100e-2,8.681240e-2,8.711730e-2,8.390386e-2,8.606977e-2,8.563195e-2,8.352897e-2,9.627089e-2,8.760065e-2,8.680395e-2,8.783304e-2,8.761654e-2,8.609890e-2,8.597016e-2,8.485005e-2,7.301126e-2,7.526754e-2,7.509239e-2,7.498260e-2,7.457172e-2,7.301490e-2,7.497783e-2,7.412033e-2,1.094339e-1,1.061033e-1,1.028886e-1,1.041569e-1,1.053883e-1,1.047035e-1,1.026727e-1,1.034461e-1],"layer_pooled_mses":[2.582333e-1,2.084021e-1,2.003716e-1,1.950131e-1,1.983663e-1,1.984864e-1,2.001167e-1,2.113507e-1,1.454574e-1,1.292772e-1,1.206553e-1,1.204364e-1,1.175734e-1,1.201940e-1,1.191218e-1,1.269741e-1,1.656078e-1,1.513507e-1,1.464992e-1,1.500333e-1,1.433592e-1,1.436878e-1,1.453658e-1,1.491058e-1,1.367347e-1,1.316727e-1,1.282639e-1,1.271806e-1,1.234153e-1,1.231196e-1,1.249827e-1,1.401976e-1,2.114094e-1,1.880337e-1,1.807247e-1,1.891193e-1,1.889784e-1,1.849331e-1,1.883089e-1,2.041624e-1,2.125575e-1,1.948148e-1,1.967015e-1,1.950327e-1,1.981430e-1,2.022833e-1,2.094816e-1,2.227883e-1,2.482175e-1,2.278874e-1,2.165339e-1,2.152272e-1,2.160556e-1,2.166882e-1,2.172385e-1,2.282470e-1,1.434380e-1,1.203329e-1,1.188078e-1,1.151059e-1,1.155066e-1,1.130074e-1,1.191795e-1,1.295059e-1],"first_block_mses":[1.099556e-1,5.300478e-1,6.442735e-1,7.441890e-1,8.834341e-1,8.766098e-1,9.589288e-1,1.008619e0,1.114823e0,1.144803e0,1.498539e0,1.484508e0,1.425809e0,1.448162e0,1.517812e0,1.514079e0,1.424342e0,1.432004e0,1.386832e0,1.442718e0,1.449118e0,1.589545e0,1.699424e0,1.840233e0,1.660629e0,1.619238e0,1.621882e0,1.659597e0,1.580634e0,1.525758e0,1.644958e0,1.608281e0,1.735271e0,2.185827e0,1.968414e0,2.102925e0,2.026594e0,1.874868e0,2.157527e0,2.209408e0,1.539987e0,1.856992e0,1.699597e0,1.845588e0,1.874689e0,1.816885e0,1.946896e0,2.139311e0,1.783557e0,2.210343e0,2.118867e0,2.093499e0,2.127547e0,2.089000e0,2.074674e0,1.847684e0,1.217936e0,1.352401e0,1.423591e0,1.516891e0,1.500202e0,1.434887e0,1.579957e0,1.467670e0]}