{"n_vecs":32768,"dim":128,"block_size":512,"n_blocks":64,"variance_ratio":0.95,"per_block_mean_mse":1.302014e-1,"layer_pooled_mean_mse":1.457398e0,"first_block_mean_mse":2.173969e0,"pooled_over_per_block_mean":11.1934,"pooled_over_per_block_median":11.7066,"pooled_over_per_block_max":14.3846,"first_over_per_block_mean":16.6970,"first_over_per_block_median":17.8520,"first_over_per_block_max":23.8934,"pooled_d_eff":14,"first_d_eff":58,"per_block_d_eff":[58,59,59,58,58,58,58,58,55,54,53,53,53,53,53,53,74,75,74,75,74,75,74,74,57,58,58,58,58,58,58,58,57,57,58,58,59,58,59,59,32,34,34,34,34,34,34,34,53,53,52,52,52,52,52,52,50,54,54,53,53,53,53,53],"per_block_mses":[1.117006e-1,9.770165e-2,9.494211e-2,9.750987e-2,9.650890e-2,9.593174e-2,9.545006e-2,9.492905e-2,1.404847e-1,1.307289e-1,1.315308e-1,1.324530e-1,1.299788e-1,1.317126e-1,1.296448e-1,1.314931e-1,1.187913e-1,1.047510e-1,1.089178e-1,1.038275e-1,1.086545e-1,1.036144e-1,1.084453e-1,1.089787e-1,1.490139e-1,1.257217e-1,1.240183e-1,1.223611e-1,1.225931e-1,1.214910e-1,1.218090e-1,1.208380e-1,2.088206e-1,1.939854e-1,1.854772e-1,1.833952e-1,1.768659e-1,1.823610e-1,1.763536e-1,1.750340e-1,1.832307e-1,1.675257e-1,1.670736e-1,1.702921e-1,1.683865e-1,1.713418e-1,1.693004e-1,1.716051e-1,1.145710e-1,1.011695e-1,1.036529e-1,1.024595e-1,1.017727e-1,1.012927e-1,1.007711e-1,1.001298e-1,1.394887e-1,1.151205e-1,1.121930e-1,1.161231e-1,1.146495e-1,1.146081e-1,1.137099e-1,1.136028e-1],"layer_pooled_mses":[1.307638e0,1.224834e0,1.211221e0,1.204014e0,1.208476e0,1.216076e0,1.224029e0,1.248904e0,1.240449e0,1.312906e0,1.304567e0,1.238321e0,1.258352e0,1.335471e0,1.299756e0,1.221560e0,1.451823e0,1.471308e0,1.482369e0,1.470648e0,1.481139e0,1.490453e0,1.480236e0,1.414377e0,1.317416e0,1.208863e0,1.188376e0,1.160549e0,1.161902e0,1.195244e0,1.225364e0,1.263187e0,1.473005e0,1.527725e0,1.514256e0,1.458809e0,1.466033e0,1.505283e0,1.515060e0,1.432990e0,2.566402e0,2.368431e0,2.340893e0,2.336842e0,2.319026e0,2.336676e0,2.328773e0,2.368522e0,1.465788e0,1.303444e0,1.297875e0,1.319827e0,1.317365e0,1.287311e0,1.288064e0,1.365038e0,1.403237e0,1.231741e0,1.262194e0,1.273388e0,1.265603e0,1.269473e0,1.227157e0,1.317430e0],"first_block_mses":[1.117006e-1,4.998684e-1,6.946126e-1,7.034881e-1,7.942270e-1,8.960839e-1,8.970736e-1,1.002537e0,2.595830e0,2.762783e0,2.762594e0,2.808994e0,2.953584e0,2.827639e0,2.854540e0,3.002667e0,1.690395e0,1.859211e0,1.912971e0,2.095054e0,2.276720e0,2.407444e0,2.496072e0,2.516578e0,2.362047e0,2.355783e0,2.454143e0,2.516222e0,2.652272e0,2.645864e0,2.752550e0,2.822889e0,2.033345e0,2.241545e0,2.308200e0,2.505326e0,2.739246e0,2.867451e0,3.080546e0,3.207867e0,2.216293e0,2.181839e0,2.123613e0,2.156303e0,2.149620e0,2.198276e0,2.245679e0,2.302181e0,1.613604e0,1.581835e0,1.660090e0,1.676143e0,1.646493e0,1.808280e0,1.992833e0,1.918190e0,2.552558e0,2.510614e0,2.627993e0,2.555822e0,2.581105e0,2.589164e0,2.563191e0,2.714358e0]}