{"n_vecs":32768,"dim":128,"block_size":512,"n_blocks":64,"variance_ratio":0.95,"per_block_mean_mse":1.069118e-1,"layer_pooled_mean_mse":8.988670e-1,"first_block_mean_mse":1.741261e0,"pooled_over_per_block_mean":8.4076,"pooled_over_per_block_median":8.7151,"pooled_over_per_block_max":14.3213,"first_over_per_block_mean":16.2869,"first_over_per_block_median":18.2393,"first_over_per_block_max":33.9991,"pooled_d_eff":24,"first_d_eff":48,"per_block_d_eff":[48,45,44,44,44,44,44,43,50,49,47,48,49,49,48,48,52,49,48,49,49,50,50,50,45,44,43,44,44,45,44,45,53,53,52,54,55,55,54,54,52,53,52,53,54,54,54,54,56,56,53,56,56,57,56,56,46,47,44,47,48,49,48,48],"per_block_mses":[1.443352e-1,1.316899e-1,1.312875e-1,1.349005e-1,1.332553e-1,1.351529e-1,1.314375e-1,1.391518e-1,1.535212e-1,1.255896e-1,1.312098e-1,1.294788e-1,1.235218e-1,1.228389e-1,1.256490e-1,1.257962e-1,9.975107e-2,8.244918e-2,8.146205e-2,7.975606e-2,7.786633e-2,7.601900e-2,7.429850e-2,7.476725e-2,9.561945e-2,8.517238e-2,8.643465e-2,8.574895e-2,8.531381e-2,8.292141e-2,8.580815e-2,8.282641e-2,1.040747e-1,8.489191e-2,8.292882e-2,8.014128e-2,7.718746e-2,7.713665e-2,7.830131e-2,7.755914e-2,1.456567e-1,1.086989e-1,1.087386e-1,1.069448e-1,1.022052e-1,1.017480e-1,1.018792e-1,1.019199e-1,1.308933e-1,1.008489e-1,1.074811e-1,9.908975e-2,9.946661e-2,9.495048e-2,9.818560e-2,9.708456e-2,1.611316e-1,1.281247e-1,1.360619e-1,1.240341e-1,1.199875e-1,1.156572e-1,1.184459e-1,1.158691e-1],"layer_pooled_mses":[1.202906e0,1.013499e0,9.564551e-1,9.807545e-1,9.722111e-1,9.884525e-1,9.878005e-1,1.045899e0,9.786365e-1,9.229924e-1,8.626153e-1,8.598230e-1,8.617477e-1,8.881564e-1,8.999309e-1,9.310623e-1,1.043520e0,9.822283e-1,9.302374e-1,9.427730e-1,9.533391e-1,9.070321e-1,9.423350e-1,1.070765e0,8.044477e-1,7.830016e-1,7.350128e-1,7.374069e-1,7.358249e-1,7.559400e-1,7.616603e-1,7.962840e-1,7.689520e-1,7.864574e-1,7.366503e-1,7.306668e-1,7.295593e-1,7.415857e-1,7.441414e-1,7.638098e-1,1.055153e0,1.005971e0,9.355887e-1,9.355691e-1,9.211142e-1,9.277966e-1,9.454960e-1,1.003036e0,1.010500e0,9.951992e-1,9.367051e-1,9.148120e-1,9.328850e-1,9.500300e-1,9.552844e-1,9.672219e-1,8.724125e-1,9.140010e-1,8.708506e-1,8.489980e-1,8.452791e-1,8.412914e-1,8.422257e-1,8.634935e-1],"first_block_mses":[1.443352e-1,5.326340e-1,6.608328e-1,8.341887e-1,8.782827e-1,9.540871e-1,1.005229e0,1.084840e0,1.164866e0,1.225029e0,1.232005e0,1.377281e0,1.364140e0,1.395834e0,1.513898e0,1.578474e0,2.353011e0,2.341775e0,2.268961e0,2.326661e0,2.359892e0,2.454429e0,2.451579e0,2.542020e0,1.826709e0,1.800639e0,1.786527e0,1.747796e0,1.870371e0,1.806772e0,1.906400e0,1.895579e0,1.607696e0,1.845019e0,1.884489e0,1.888107e0,1.785351e0,1.848403e0,1.900441e0,1.811129e0,1.591434e0,1.713263e0,1.644606e0,1.662542e0,1.684903e0,1.805385e0,1.858201e0,1.885939e0,1.841158e0,2.096141e0,2.118285e0,2.122472e0,2.200406e0,2.178764e0,2.334379e0,2.407391e0,1.675815e0,2.052765e0,1.988979e0,1.884703e0,1.920727e0,1.891348e0,1.846280e0,1.779088e0]}