{"n_vecs":32768,"dim":128,"block_size":512,"n_blocks":64,"variance_ratio":0.95,"per_block_mean_mse":2.605103e-1,"layer_pooled_mean_mse":5.345866e-1,"first_block_mean_mse":3.568340e0,"pooled_over_per_block_mean":2.0521,"pooled_over_per_block_median":1.5769,"pooled_over_per_block_max":6.7070,"first_over_per_block_mean":13.6975,"first_over_per_block_median":12.3518,"first_over_per_block_max":40.1469,"pooled_d_eff":57,"first_d_eff":59,"per_block_d_eff":[59,56,56,56,56,56,56,56,58,56,56,56,56,56,56,56,34,36,37,37,37,37,37,37,23,24,24,24,24,24,24,24,62,59,59,59,60,60,59,60,24,26,27,27,27,27,27,27,22,23,23,23,23,24,24,24,25,27,28,28,28,28,28,28],"per_block_mses":[1.440407e-1,1.340998e-1,1.338247e-1,1.349696e-1,1.344003e-1,1.346754e-1,1.342516e-1,1.350575e-1,1.099609e-1,1.035253e-1,1.019106e-1,1.039078e-1,1.021660e-1,1.034417e-1,1.025519e-1,1.039711e-1,3.553357e-1,3.204767e-1,3.045704e-1,3.043698e-1,3.048154e-1,3.055575e-1,3.060991e-1,3.078801e-1,3.899766e-1,3.718648e-1,3.818469e-1,3.819597e-1,3.885328e-1,3.900163e-1,3.957432e-1,3.960022e-1,1.205257e-1,1.179932e-1,1.165903e-1,1.175331e-1,1.114014e-1,1.118893e-1,1.158363e-1,1.115358e-1,3.533919e-1,3.364073e-1,3.265102e-1,3.291955e-1,3.331835e-1,3.363855e-1,3.401628e-1,3.454604e-1,3.447954e-1,3.367016e-1,3.500100e-1,3.502872e-1,3.570868e-1,3.322962e-1,3.389052e-1,3.406888e-1,3.643378e-1,3.470345e-1,3.381815e-1,3.385631e-1,3.420798e-1,3.451224e-1,3.480276e-1,3.527345e-1],"layer_pooled_mses":[8.004560e-1,7.873746e-1,8.048541e-1,8.647241e-1,8.736243e-1,8.232602e-1,7.973501e-1,8.013408e-1,5.213985e-1,4.620166e-1,4.380054e-1,4.514691e-1,4.731923e-1,4.745275e-1,4.411710e-1,4.703597e-1,5.310990e-1,5.053567e-1,5.268235e-1,5.085121e-1,4.848812e-1,5.154340e-1,5.193422e-1,5.512902e-1,4.512418e-1,4.315147e-1,4.203977e-1,4.163257e-1,4.318321e-1,4.394436e-1,4.115959e-1,4.546484e-1,7.596450e-1,7.236222e-1,7.250786e-1,7.248836e-1,7.199296e-1,7.044105e-1,6.997815e-1,7.480689e-1,4.031098e-1,4.119644e-1,4.226340e-1,4.480085e-1,4.178780e-1,4.083166e-1,4.383124e-1,4.748782e-1,3.678136e-1,3.572268e-1,3.450969e-1,3.607051e-1,3.963934e-1,3.912807e-1,4.070442e-1,4.768520e-1,4.602675e-1,5.043588e-1,4.839982e-1,4.681843e-1,4.988288e-1,5.095410e-1,4.954108e-1,5.751584e-1],"first_block_mses":[1.440407e-1,1.172995e0,1.298366e0,1.177472e0,1.889098e0,1.474642e0,1.390090e0,2.035774e0,3.284944e0,4.156221e0,3.632851e0,3.805012e0,3.747432e0,3.173748e0,3.517630e0,3.504443e0,4.322477e0,4.889361e0,4.412652e0,4.387466e0,4.629003e0,4.630939e0,5.143501e0,4.752694e0,3.693079e0,3.729099e0,3.955939e0,4.013135e0,3.808336e0,3.816417e0,3.766322e0,3.865076e0,3.150259e0,3.380302e0,3.156927e0,3.180779e0,3.506319e0,3.757746e0,3.816211e0,4.053206e0,3.332800e0,3.018048e0,3.002218e0,3.170224e0,3.236405e0,3.303023e0,3.465455e0,3.440309e0,4.146591e0,4.353319e0,4.323271e0,4.319992e0,4.421775e0,4.510523e0,4.605198e0,4.344004e0,3.564655e0,3.914048e0,3.999448e0,4.064693e0,4.029455e0,3.998985e0,4.342960e0,4.244366e0]}