{"n_vecs":32768,"dim":128,"block_size":512,"n_blocks":64,"variance_ratio":0.95,"per_block_mean_mse":1.281659e-1,"layer_pooled_mean_mse":2.935392e-1,"first_block_mean_mse":2.900610e0,"pooled_over_per_block_mean":2.2903,"pooled_over_per_block_median":2.1116,"pooled_over_per_block_max":4.5689,"first_over_per_block_mean":22.6317,"first_over_per_block_median":25.4044,"first_over_per_block_max":32.0942,"pooled_d_eff":70,"first_d_eff":55,"per_block_d_eff":[55,47,45,45,45,45,44,44,57,50,49,49,49,49,48,48,56,50,49,49,49,49,49,49,46,43,42,42,41,41,41,41,44,39,39,39,39,40,39,40,50,46,45,45,44,44,44,44,41,39,39,39,39,39,39,39,34,31,30,29,29,28,28,28],"per_block_mses":[1.247054e-1,1.183540e-1,1.202243e-1,1.186619e-1,1.171020e-1,1.155684e-1,1.171437e-1,1.150926e-1,1.210665e-1,1.124365e-1,1.109262e-1,1.111750e-1,1.099044e-1,1.077505e-1,1.106218e-1,1.094999e-1,9.454704e-2,8.785919e-2,8.415139e-2,8.393887e-2,8.161153e-2,8.123580e-2,7.873311e-2,7.787416e-2,1.219342e-1,1.112065e-1,1.118702e-1,1.113166e-1,1.168515e-1,1.168155e-1,1.169246e-1,1.149733e-1,1.192804e-1,1.233636e-1,1.230823e-1,1.247636e-1,1.249746e-1,1.199172e-1,1.246728e-1,1.192087e-1,1.682184e-1,1.493669e-1,1.436731e-1,1.446649e-1,1.477519e-1,1.486390e-1,1.426176e-1,1.429674e-1,1.338205e-1,1.276863e-1,1.288908e-1,1.286444e-1,1.304662e-1,1.299434e-1,1.303924e-1,1.278559e-1,1.972759e-1,1.867765e-1,1.894213e-1,1.972613e-1,1.951454e-1,2.040239e-1,1.996327e-1,1.961406e-1],"layer_pooled_mses":[4.481592e-1,3.419065e-1,3.186849e-1,3.138581e-1,3.141263e-1,3.256295e-1,3.350822e-1,3.667250e-1,5.531385e-1,4.711552e-1,4.518935e-1,4.445699e-1,4.487268e-1,4.541412e-1,4.400038e-1,4.533357e-1,3.920081e-1,3.109682e-1,2.851925e-1,2.866059e-1,2.680944e-1,2.678376e-1,2.665527e-1,2.833696e-1,2.758625e-1,2.505121e-1,2.486428e-1,2.319081e-1,2.398768e-1,2.367365e-1,2.449925e-1,2.479302e-1,2.567730e-1,2.229596e-1,2.197538e-1,2.163100e-1,2.137770e-1,2.162138e-1,2.201034e-1,2.517218e-1,3.832465e-1,3.072206e-1,2.881143e-1,2.846964e-1,2.848997e-1,2.813161e-1,2.827932e-1,2.951059e-1,2.239855e-1,2.270017e-1,2.375738e-1,2.390419e-1,2.393082e-1,2.424537e-1,2.462423e-1,2.790941e-1,2.812456e-1,2.348450e-1,2.247475e-1,2.237756e-1,2.166755e-1,1.979499e-1,1.995413e-1,2.297980e-1],"first_block_mses":[1.247054e-1,6.927947e-1,9.472471e-1,8.493194e-1,1.120132e0,1.131310e0,1.030662e0,1.021051e0,2.079360e0,2.203434e0,2.188000e0,2.250956e0,2.433539e0,2.389128e0,2.353441e0,2.427100e0,2.354037e0,2.320008e0,2.259817e0,2.564479e0,2.366137e0,2.457207e0,2.526878e0,2.263427e0,3.483637e0,3.424640e0,3.350036e0,3.398804e0,3.305740e0,3.391422e0,3.412053e0,3.567713e0,3.277114e0,3.152432e0,3.126834e0,3.185347e0,3.286950e0,3.103460e0,3.055862e0,3.181992e0,2.999793e0,2.869388e0,3.269225e0,3.439608e0,3.427397e0,3.481638e0,3.859372e0,3.798539e0,3.742192e0,3.894818e0,3.839167e0,3.705319e0,3.695000e0,3.929602e0,3.758218e0,3.885616e0,3.945509e0,3.852409e0,3.755394e0,3.862769e0,3.805050e0,3.954762e0,3.931702e0,3.878355e0]}