{"n_vecs":32768,"dim":128,"block_size":512,"n_blocks":64,"variance_ratio":0.95,"per_block_mean_mse":1.783814e-1,"layer_pooled_mean_mse":4.887921e0,"first_block_mean_mse":3.986563e0,"pooled_over_per_block_mean":27.4015,"pooled_over_per_block_median":27.3814,"pooled_over_per_block_max":42.8681,"first_over_per_block_mean":22.3485,"first_over_per_block_median":21.7151,"first_over_per_block_max":81.4910,"pooled_d_eff":1,"first_d_eff":64,"per_block_d_eff":[64,64,64,64,63,63,63,63,37,37,36,36,36,36,36,36,55,56,55,56,55,56,56,56,61,61,61,61,61,61,61,61,67,67,67,67,67,67,67,67,58,58,58,59,58,58,58,58,53,52,52,52,52,52,52,52,56,56,56,56,56,56,56,56],"per_block_mses":[1.519463e-1,1.501575e-1,1.511257e-1,1.505184e-1,1.580974e-1,1.571621e-1,1.582296e-1,1.572347e-1,1.845661e-1,1.775256e-1,1.844974e-1,1.845927e-1,1.832180e-1,1.837185e-1,1.827182e-1,1.834824e-1,1.025219e-1,9.809832e-2,1.021570e-1,9.865054e-2,1.021126e-1,9.884992e-2,9.788039e-2,9.895171e-2,2.002979e-1,1.998302e-1,1.997834e-1,2.000277e-1,2.002260e-1,1.996410e-1,2.004321e-1,1.995731e-1,1.630332e-1,1.669862e-1,1.675921e-1,1.682424e-1,1.681370e-1,1.686799e-1,1.685660e-1,1.692093e-1,1.881237e-1,1.924505e-1,1.935961e-1,1.863787e-1,1.945606e-1,1.949793e-1,1.951966e-1,1.953508e-1,1.851309e-1,1.976908e-1,1.999142e-1,2.005149e-1,2.010211e-1,2.016274e-1,2.016534e-1,2.022332e-1,2.261688e-1,2.280757e-1,2.318186e-1,2.305351e-1,2.333048e-1,2.314947e-1,2.336679e-1,2.326492e-1],"layer_pooled_mses":[4.094754e0,4.095598e0,4.086547e0,4.056395e0,4.078715e0,4.069611e0,4.143296e0,4.168752e0,5.624537e0,5.531828e0,5.476519e0,5.417127e0,5.411371e0,5.398430e0,5.441900e0,5.458709e0,4.350347e0,4.205290e0,4.097204e0,4.007078e0,3.962373e0,3.930084e0,3.954793e0,3.987117e0,5.484432e0,5.481036e0,5.498367e0,5.485305e0,5.530193e0,5.526868e0,5.594188e0,5.612305e0,5.894688e0,5.817424e0,5.849100e0,5.850522e0,5.938606e0,5.990863e0,6.121487e0,6.230330e0,4.333688e0,4.373705e0,4.348245e0,4.356843e0,4.350792e0,4.366731e0,4.369132e0,4.420167e0,4.392483e0,4.519498e0,4.630874e0,4.619079e0,4.706893e0,4.685259e0,4.769086e0,4.745313e0,5.078232e0,4.972147e0,4.937354e0,4.879262e0,4.911168e0,4.933339e0,5.032445e0,5.141092e0],"first_block_mses":[1.519463e-1,5.877011e-1,7.165308e-1,9.110013e-1,1.132344e0,1.166689e0,1.294476e0,1.360025e0,1.245169e0,1.143302e0,1.236560e0,1.102720e0,1.402723e0,1.392718e0,1.662221e0,1.784399e0,7.646388e0,7.522953e0,7.435348e0,7.816690e0,7.907463e0,8.055378e0,7.825821e0,7.863516e0,2.317371e0,2.426463e0,2.346988e0,2.203217e0,2.339702e0,2.397867e0,2.492598e0,2.666873e0,3.617064e0,3.694392e0,3.639287e0,3.784212e0,3.936370e0,3.985421e0,3.758906e0,3.691012e0,4.487923e0,4.315586e0,4.480299e0,4.641183e0,4.937539e0,5.165665e0,5.210686e0,5.309280e0,3.368476e0,3.313347e0,3.403772e0,3.303662e0,3.286069e0,3.287564e0,3.236890e0,3.342405e0,7.133017e0,7.269675e0,7.711024e0,7.588305e0,7.540046e0,7.795740e0,7.722732e0,7.627327e0]}