{"n_vecs":32768,"dim":128,"block_size":512,"n_blocks":64,"variance_ratio":0.95,"per_block_mean_mse":9.935840e-4,"layer_pooled_mean_mse":1.061735e-3,"first_block_mean_mse":1.251495e-2,"pooled_over_per_block_mean":1.0686,"pooled_over_per_block_median":1.1697,"pooled_over_per_block_max":1.7167,"first_over_per_block_mean":12.5958,"first_over_per_block_median":13.5036,"first_over_per_block_max":15.9880,"pooled_d_eff":108,"first_d_eff":50,"per_block_d_eff":[50,51,50,51,50,51,50,51,51,51,51,51,51,51,51,51,50,50,50,50,50,50,50,50,54,54,54,54,54,54,54,54,53,53,53,53,53,53,53,53,49,49,49,49,49,49,49,49,51,51,51,51,51,51,51,51,54,54,54,54,54,54,54,54],"per_block_mses":[8.699297e-4,8.058856e-4,8.680737e-4,8.081085e-4,8.674592e-4,8.057570e-4,8.685925e-4,8.058630e-4,1.765371e-3,1.769000e-3,1.765928e-3,1.767477e-3,1.765731e-3,1.765374e-3,1.771208e-3,1.765761e-3,1.123085e-3,1.149101e-3,1.119642e-3,1.153622e-3,1.115924e-3,1.151857e-3,1.117184e-3,1.149563e-3,9.237538e-4,9.333211e-4,9.233970e-4,9.334392e-4,9.243615e-4,9.316405e-4,9.273649e-4,9.292262e-4,7.465253e-4,7.395478e-4,7.445683e-4,7.413548e-4,7.437307e-4,7.396654e-4,7.442151e-4,7.404830e-4,9.137679e-4,9.164991e-4,9.135313e-4,9.182962e-4,9.139384e-4,9.152862e-4,9.151748e-4,9.154860e-4,9.911797e-4,1.010366e-3,9.916820e-4,1.011294e-3,9.923943e-4,1.009349e-3,9.933603e-4,1.009050e-3,6.175240e-4,6.271718e-4,6.168627e-4,6.290161e-4,6.159734e-4,6.270111e-4,6.167591e-4,6.263115e-4],"layer_pooled_mses":[1.017557e-3,1.021036e-3,1.019731e-3,1.017840e-3,1.020159e-3,1.017025e-3,1.023966e-3,1.014859e-3,1.201578e-3,1.211012e-3,1.203488e-3,1.207977e-3,1.205221e-3,1.205963e-3,1.206721e-3,1.206330e-3,1.065112e-3,1.062169e-3,1.066193e-3,1.061320e-3,1.066687e-3,1.059156e-3,1.067267e-3,1.061439e-3,1.148690e-3,1.163702e-3,1.151308e-3,1.163048e-3,1.150448e-3,1.161842e-3,1.151029e-3,1.161274e-3,1.023579e-3,1.020349e-3,1.022962e-3,1.019872e-3,1.025295e-3,1.016712e-3,1.027041e-3,1.016501e-3,9.144163e-4,9.158872e-4,9.151430e-4,9.154941e-4,9.151843e-4,9.146238e-4,9.176846e-4,9.142746e-4,1.056516e-3,1.059529e-3,1.055897e-3,1.057585e-3,1.056242e-3,1.057230e-3,1.057235e-3,1.056685e-3,1.056755e-3,1.054191e-3,1.056473e-3,1.052155e-3,1.057092e-3,1.050803e-3,1.058791e-3,1.051701e-3],"first_block_mses":[8.699297e-4,9.030341e-4,8.689924e-4,9.045863e-4,8.689300e-4,9.017798e-4,8.704767e-4,9.007563e-4,2.375078e-2,2.381690e-2,2.374336e-2,2.382749e-2,2.373634e-2,2.383884e-2,2.371980e-2,2.383835e-2,1.518014e-2,1.507717e-2,1.519990e-2,1.506010e-2,1.522622e-2,1.502619e-2,1.526909e-2,1.501308e-2,1.334550e-2,1.330730e-2,1.335084e-2,1.331074e-2,1.333150e-2,1.331434e-2,1.333145e-2,1.332421e-2,1.069163e-2,1.081841e-2,1.070608e-2,1.079874e-2,1.071462e-2,1.078605e-2,1.072937e-2,1.079500e-2,1.230369e-2,1.240693e-2,1.231220e-2,1.239545e-2,1.230752e-2,1.240986e-2,1.230313e-2,1.240451e-2,1.584699e-2,1.585157e-2,1.585279e-2,1.582088e-2,1.585495e-2,1.581651e-2,1.587392e-2,1.581285e-2,8.028870e-3,8.054471e-3,8.038698e-3,8.034610e-3,8.043915e-3,8.025060e-3,8.063481e-3,8.025877e-3]}