{"n_vecs":32768,"dim":128,"block_size":512,"n_blocks":64,"variance_ratio":0.95,"per_block_mean_mse":9.612561e-1,"layer_pooled_mean_mse":1.078651e0,"first_block_mean_mse":1.161332e1,"pooled_over_per_block_mean":1.1221,"pooled_over_per_block_median":1.2706,"pooled_over_per_block_max":2.0616,"first_over_per_block_mean":12.0814,"first_over_per_block_median":14.4846,"first_over_per_block_max":16.6558,"pooled_d_eff":108,"first_d_eff":62,"per_block_d_eff":[62,55,55,55,55,55,55,55,68,52,51,51,51,51,51,51,62,55,55,55,55,54,54,54,69,52,51,51,51,51,51,51,72,56,56,55,56,55,55,55,61,55,55,54,54,54,54,54,69,55,54,54,54,54,54,54,61,54,54,54,54,54,54,54],"per_block_mses":[1.072867e0,9.737374e-1,9.485813e-1,9.553819e-1,9.550782e-1,9.411488e-1,9.443691e-1,9.371848e-1,6.671093e-1,5.381796e-1,5.463197e-1,5.396007e-1,5.444254e-1,5.279173e-1,5.305391e-1,5.228674e-1,9.398398e-1,8.672959e-1,8.472332e-1,8.413817e-1,8.419316e-1,8.958893e-1,8.964912e-1,8.894190e-1,1.000689e0,1.095103e0,1.132788e0,1.117189e0,1.111619e0,1.099338e0,1.099908e0,1.101193e0,5.965041e-1,4.965827e-1,4.721619e-1,4.956246e-1,4.607004e-1,4.825981e-1,4.836033e-1,4.792301e-1,2.165389e0,1.957941e0,1.911868e0,2.053447e0,2.055710e0,2.022226e0,2.020442e0,2.015265e0,6.209454e-1,5.254338e-1,5.382252e-1,5.314531e-1,5.282702e-1,5.224264e-1,5.229082e-1,5.217235e-1,1.226429e0,1.167976e0,1.127808e0,1.136236e0,1.126567e0,1.118181e0,1.109797e0,1.104099e0],"layer_pooled_mses":[1.419664e0,1.161120e0,1.136918e0,1.127893e0,1.136086e0,1.121068e0,1.123738e0,1.110152e0,1.111660e0,7.889334e-1,7.613445e-1,7.724344e-1,7.699742e-1,7.718873e-1,7.694646e-1,7.813722e-1,1.365100e0,1.158771e0,1.118828e0,1.139256e0,1.119468e0,1.136788e0,1.123548e0,1.130099e0,1.377800e0,1.096844e0,1.092116e0,1.086665e0,1.090825e0,1.083719e0,1.109671e0,1.113556e0,1.229724e0,8.635294e-1,8.333193e-1,8.381237e-1,8.367641e-1,8.349506e-1,8.330090e-1,8.386409e-1,1.719516e0,1.267494e0,1.232480e0,1.232760e0,1.232026e0,1.231619e0,1.234282e0,1.234908e0,1.232805e0,9.174272e-1,9.024319e-1,8.829218e-1,8.749674e-1,8.666513e-1,8.720647e-1,8.648735e-1,1.483726e0,1.221376e0,1.208054e0,1.199183e0,1.205022e0,1.200205e0,1.203556e0,1.198522e0],"first_block_mses":[1.072867e0,9.624114e-1,1.029102e0,1.103705e0,1.109367e0,1.153994e0,1.157618e0,1.204651e0,9.765370e0,8.573646e0,8.436820e0,8.301684e0,8.347169e0,8.186909e0,8.266795e0,8.175461e0,1.186613e1,1.132358e1,1.126479e1,1.136864e1,1.137268e1,1.131937e1,1.138304e1,1.125633e1,1.552047e1,1.769448e1,1.794838e1,1.808737e1,1.808177e1,1.806416e1,1.824613e1,1.834130e1,8.640143e0,7.658344e0,7.450255e0,7.471355e0,7.390038e0,7.317244e0,7.291439e0,7.321258e0,2.595324e1,2.462933e1,2.426829e1,2.453603e1,2.442538e1,2.433709e1,2.430404e1,2.419189e1,9.015158e0,8.044365e0,7.922507e0,7.977679e0,7.935904e0,7.895393e0,7.900511e0,7.914985e0,1.485120e1,1.397344e1,1.378694e1,1.387172e1,1.383176e1,1.376592e1,1.373891e1,1.365461e1]}