{"n_vecs":32768,"dim":128,"block_size":512,"n_blocks":64,"variance_ratio":0.95,"per_block_mean_mse":1.062071e-1,"layer_pooled_mean_mse":4.121207e-1,"first_block_mean_mse":2.542766e0,"pooled_over_per_block_mean":3.8804,"pooled_over_per_block_median":4.2100,"pooled_over_per_block_max":7.8460,"first_over_per_block_mean":23.9416,"first_over_per_block_median":25.2294,"first_over_per_block_max":50.7592,"pooled_d_eff":57,"first_d_eff":32,"per_block_d_eff":[32,34,34,34,34,34,34,35,67,65,64,64,64,64,64,64,55,57,58,58,58,58,59,59,65,63,63,63,63,63,63,63,24,23,23,22,22,22,23,23,51,53,53,53,53,53,53,53,44,44,44,44,44,44,44,44,49,49,49,50,49,50,50,50],"per_block_mses":[1.177210e-1,1.042368e-1,1.054535e-1,1.057699e-1,1.059550e-1,1.073302e-1,1.080643e-1,1.031794e-1,8.163008e-2,6.981499e-2,6.991190e-2,7.130531e-2,7.018329e-2,7.145670e-2,7.063469e-2,7.122402e-2,1.118484e-1,8.110166e-2,7.507778e-2,7.513946e-2,7.470179e-2,7.452036e-2,7.165394e-2,7.151472e-2,1.127114e-1,1.012758e-1,9.919300e-2,9.955061e-2,9.959626e-2,9.962864e-2,1.000617e-1,1.003001e-1,1.719214e-1,1.765896e-1,1.776176e-1,1.993682e-1,2.007935e-1,1.987378e-1,1.885122e-1,1.797592e-1,1.166569e-1,9.228788e-2,9.122953e-2,9.315890e-2,9.167889e-2,9.263362e-2,9.273354e-2,9.353911e-2,1.129183e-1,9.527365e-2,9.378749e-2,9.400813e-2,9.378856e-2,9.340843e-2,9.348633e-2,9.448522e-2,1.278275e-1,1.108867e-1,1.097256e-1,1.059803e-1,1.108105e-1,1.065156e-1,1.070562e-1,1.083311e-1],"layer_pooled_mses":[2.140700e-1,2.211441e-1,2.260617e-1,2.340667e-1,2.464930e-1,2.301800e-1,2.320265e-1,2.632430e-1,4.878302e-1,4.604695e-1,4.548428e-1,4.743911e-1,4.645912e-1,4.402039e-1,4.340472e-1,4.568705e-1,4.854527e-1,4.048115e-1,3.992751e-1,3.955096e-1,3.852318e-1,4.053190e-1,4.058291e-1,4.215094e-1,7.993842e-1,7.705080e-1,7.703955e-1,7.727047e-1,7.763435e-1,7.646881e-1,7.683327e-1,7.869495e-1,3.028664e-1,2.056074e-1,1.978178e-1,1.986541e-1,2.046035e-1,2.070046e-1,2.136895e-1,2.044539e-1,4.155033e-1,4.304669e-1,4.569647e-1,4.587903e-1,4.565543e-1,4.655654e-1,4.588159e-1,4.839545e-1,3.969832e-1,3.687688e-1,3.545844e-1,3.774656e-1,3.937730e-1,3.932498e-1,3.555889e-1,3.903153e-1,3.528746e-1,3.447858e-1,3.482364e-1,3.634671e-1,3.706922e-1,3.789308e-1,3.900628e-1,3.818581e-1],"first_block_mses":[1.177210e-1,6.412100e-1,9.055415e-1,1.015969e0,1.349111e0,1.276208e0,1.336709e0,1.558647e0,2.065319e0,2.840518e0,2.980965e0,3.093099e0,3.230235e0,3.227474e0,3.427815e0,3.416328e0,2.327657e0,2.897731e0,2.946236e0,2.893644e0,2.895984e0,3.043686e0,2.749907e0,2.518790e0,3.315581e0,4.357406e0,4.668780e0,4.927456e0,5.004817e0,4.947665e0,5.017944e0,5.091155e0,1.389171e0,1.326380e0,1.390064e0,1.344844e0,1.396956e0,1.504196e0,1.499650e0,1.563682e0,2.002876e0,2.717751e0,2.900425e0,3.218725e0,3.288810e0,3.304519e0,3.290959e0,3.022705e0,1.759269e0,2.061882e0,2.130422e0,2.259720e0,2.360810e0,2.310474e0,2.405610e0,2.383807e0,1.549097e0,2.080050e0,2.193795e0,2.273677e0,2.424077e0,2.490622e0,2.441466e0,2.363227e0]}