{"n_vecs":32768,"dim":128,"block_size":512,"n_blocks":64,"variance_ratio":0.95,"per_block_mean_mse":8.263954e-4,"layer_pooled_mean_mse":9.837641e-4,"first_block_mean_mse":1.043430e-2,"pooled_over_per_block_mean":1.1904,"pooled_over_per_block_median":1.3591,"pooled_over_per_block_max":1.7909,"first_over_per_block_mean":12.6263,"first_over_per_block_median":13.6754,"first_over_per_block_max":18.4868,"pooled_d_eff":105,"first_d_eff":54,"per_block_d_eff":[54,52,51,52,51,52,51,52,54,52,52,52,52,52,52,52,58,57,57,57,57,57,57,57,54,53,53,53,53,52,53,52,58,57,57,57,57,57,57,57,53,50,50,49,49,49,49,49,52,50,50,50,50,50,50,50,51,49,49,49,49,49,49,49],"per_block_mses":[8.483990e-4,8.355275e-4,8.755989e-4,8.243110e-4,8.706315e-4,8.216394e-4,8.681055e-4,8.190542e-4,5.840447e-4,5.511333e-4,5.460783e-4,5.426399e-4,5.439491e-4,5.413219e-4,5.409758e-4,5.404901e-4,8.899307e-4,8.844167e-4,8.793399e-4,8.748466e-4,8.744754e-4,8.725395e-4,8.725909e-4,8.709406e-4,8.734379e-4,7.312527e-4,7.186314e-4,7.167175e-4,7.145960e-4,7.605273e-4,7.100278e-4,7.584992e-4,7.844975e-4,7.645982e-4,7.657144e-4,7.579987e-4,7.625597e-4,7.561660e-4,7.603421e-4,7.542870e-4,3.961439e-4,3.823494e-4,3.816633e-4,4.000111e-4,4.036004e-4,3.982761e-4,4.014421e-4,3.976216e-4,9.873325e-4,9.709084e-4,9.541698e-4,9.599059e-4,9.509576e-4,9.557378e-4,9.460688e-4,9.540676e-4,1.590104e-3,1.481357e-3,1.463721e-3,1.456573e-3,1.454693e-3,1.446777e-3,1.448197e-3,1.444795e-3],"layer_pooled_mses":[1.082141e-3,9.750145e-4,9.706026e-4,9.652325e-4,9.657553e-4,9.609797e-4,9.636404e-4,9.629666e-4,9.195629e-4,8.406474e-4,8.404881e-4,8.399269e-4,8.394747e-4,8.397748e-4,8.381700e-4,8.404984e-4,1.244154e-3,1.193742e-3,1.192299e-3,1.185603e-3,1.187548e-3,1.185071e-3,1.184969e-3,1.183679e-3,1.214278e-3,1.007702e-3,1.004207e-3,9.958003e-4,9.974420e-4,9.905458e-4,9.938141e-4,9.899534e-4,1.149846e-3,1.100539e-3,1.095631e-3,1.092169e-3,1.091966e-3,1.089874e-3,1.089784e-3,1.090568e-3,7.094386e-4,6.027014e-4,5.899124e-4,5.925622e-4,5.863390e-4,5.905222e-4,5.861583e-4,5.911752e-4,1.113467e-3,1.043104e-3,1.034888e-3,1.034023e-3,1.030175e-3,1.030338e-3,1.027813e-3,1.030871e-3,1.238076e-3,1.065708e-3,1.043344e-3,1.048546e-3,1.040201e-3,1.045914e-3,1.039903e-3,1.049662e-3],"first_block_mses":[8.483990e-4,8.491501e-4,8.429111e-4,8.915674e-4,8.694487e-4,9.069674e-4,8.781347e-4,9.151269e-4,9.328569e-3,9.647896e-3,9.762975e-3,9.840551e-3,9.870242e-3,9.897991e-3,9.913759e-3,9.930866e-3,1.156049e-2,1.152799e-2,1.157897e-2,1.154484e-2,1.158206e-2,1.152814e-2,1.160005e-2,1.151428e-2,1.193783e-2,1.118628e-2,1.113770e-2,1.108341e-2,1.104224e-2,1.101670e-2,1.098791e-2,1.099631e-2,1.010429e-2,1.009677e-2,1.002679e-2,1.006253e-2,1.000872e-2,1.004197e-2,9.997353e-3,1.003785e-2,6.515155e-3,6.912004e-3,7.055732e-3,7.105910e-3,7.156387e-3,7.160203e-3,7.196883e-3,7.190454e-3,1.268567e-2,1.288605e-2,1.304866e-2,1.296986e-2,1.304530e-2,1.294983e-2,1.302469e-2,1.295903e-2,2.031720e-2,2.006921e-2,2.010863e-2,2.001689e-2,2.006196e-2,1.997000e-2,2.004467e-2,1.994847e-2]}