{"n_vecs":32768,"dim":128,"block_size":512,"n_blocks":64,"variance_ratio":0.95,"per_block_mean_mse":2.547412e0,"layer_pooled_mean_mse":2.866586e0,"first_block_mean_mse":3.026583e1,"pooled_over_per_block_mean":1.1253,"pooled_over_per_block_median":1.2455,"pooled_over_per_block_max":2.2151,"first_over_per_block_mean":11.8810,"first_over_per_block_median":12.4840,"first_over_per_block_max":16.6399,"pooled_d_eff":108,"first_d_eff":64,"per_block_d_eff":[64,50,49,49,49,49,49,49,62,51,51,51,51,51,51,51,60,54,54,54,53,53,53,53,61,55,55,55,55,55,54,55,74,56,56,55,55,55,55,55,61,54,54,54,54,54,54,54,62,54,54,54,54,54,54,54,63,54,54,54,54,54,54,54],"per_block_mses":[1.437643e0,1.249596e0,1.282513e0,1.292719e0,1.267387e0,1.265117e0,1.256326e0,1.266416e0,2.191492e0,2.061651e0,1.993689e0,2.004703e0,1.972539e0,1.967636e0,1.954532e0,1.954307e0,5.354871e0,4.661851e0,4.591764e0,4.609330e0,4.944672e0,4.913936e0,4.901473e0,4.860669e0,3.561920e0,3.074762e0,3.028528e0,3.045100e0,3.032059e0,3.005625e0,3.222167e0,2.980888e0,8.797600e-1,8.599771e-1,8.468056e-1,8.896218e-1,8.923112e-1,8.765895e-1,8.891110e-1,8.785847e-1,3.113300e0,2.772771e0,2.708741e0,2.723656e0,2.695947e0,2.681484e0,2.664875e0,2.657678e0,2.774278e0,2.568512e0,2.505478e0,2.503599e0,2.487247e0,2.457368e0,2.458548e0,2.428543e0,3.166795e0,2.990700e0,2.940423e0,2.947785e0,2.922029e0,2.891263e0,2.873578e0,2.879152e0],"layer_pooled_mses":[2.425039e0,1.880511e0,1.876685e0,1.850468e0,1.875174e0,1.830046e0,1.876827e0,1.854298e0,3.439215e0,2.675091e0,2.615207e0,2.618972e0,2.612721e0,2.593063e0,2.598336e0,2.578040e0,4.679655e0,3.397260e0,3.326009e0,3.336055e0,3.350567e0,3.324338e0,3.364271e0,3.347211e0,4.179419e0,3.340908e0,3.275753e0,3.295839e0,3.255152e0,3.242253e0,3.217714e0,3.218648e0,1.948763e0,1.811842e0,1.798116e0,1.821229e0,1.800780e0,1.804008e0,1.810455e0,1.834106e0,3.877717e0,3.074186e0,2.966740e0,3.001020e0,2.958529e0,2.946011e0,2.925309e0,2.913510e0,3.968652e0,3.162027e0,3.131639e0,3.112910e0,3.136495e0,3.086534e0,3.123357e0,3.087413e0,4.034492e0,3.210177e0,3.129979e0,3.152186e0,3.123462e0,3.127907e0,3.111001e0,3.120203e0],"first_block_mses":[1.437643e0,1.225383e0,1.352053e0,1.484883e0,1.490489e0,1.556695e0,1.571404e0,1.668032e0,2.813616e1,2.593482e1,2.572532e1,2.584065e1,2.587042e1,2.572804e1,2.570918e1,2.558001e1,6.178266e1,5.643938e1,5.587117e1,5.622767e1,5.627400e1,5.579161e1,5.592075e1,5.547127e1,4.162573e1,3.833042e1,3.780829e1,3.812347e1,3.799720e1,3.784958e1,3.774490e1,3.743476e1,1.377872e1,1.400220e1,1.409073e1,1.432000e1,1.422176e1,1.423919e1,1.434575e1,1.446792e1,3.688789e1,3.395440e1,3.336337e1,3.366519e1,3.351719e1,3.344995e1,3.329586e1,3.307570e1,3.734299e1,3.420714e1,3.389323e1,3.427543e1,3.428616e1,3.413673e1,3.413819e1,3.394399e1,4.105352e1,3.691222e1,3.658213e1,3.635236e1,3.640150e1,3.602545e1,3.611163e1,3.567067e1]}