{"n_vecs":32768,"dim":128,"block_size":512,"n_blocks":64,"variance_ratio":0.95,"per_block_mean_mse":1.020507e-1,"layer_pooled_mean_mse":2.599413e-1,"first_block_mean_mse":2.439732e0,"pooled_over_per_block_mean":2.5472,"pooled_over_per_block_median":2.5957,"pooled_over_per_block_max":3.6306,"first_over_per_block_mean":23.9071,"first_over_per_block_median":21.8369,"first_over_per_block_max":61.1620,"pooled_d_eff":78,"first_d_eff":63,"per_block_d_eff":[63,59,59,58,58,58,58,58,58,52,52,52,51,51,51,51,38,34,33,34,33,33,33,34,56,54,54,54,53,53,53,53,60,56,56,56,56,56,56,56,52,47,47,46,46,46,46,46,51,47,47,47,46,47,47,47,61,56,55,55,55,55,55,54],"per_block_mses":[8.952956e-2,8.192329e-2,8.037348e-2,8.330115e-2,8.274974e-2,8.314762e-2,8.306837e-2,8.276152e-2,1.159230e-1,1.142693e-1,1.098462e-1,1.095678e-1,1.131370e-1,1.129988e-1,1.116874e-1,1.117567e-1,1.207055e-1,1.104224e-1,1.149293e-1,1.123810e-1,1.189044e-1,1.182686e-1,1.199512e-1,1.140293e-1,1.012654e-1,8.848052e-2,8.654030e-2,8.598045e-2,8.937044e-2,8.914869e-2,8.885769e-2,8.865711e-2,1.378123e-1,1.253137e-1,1.228726e-1,1.233707e-1,1.246123e-1,1.218070e-1,1.240011e-1,1.227201e-1,1.241044e-1,1.226353e-1,1.189842e-1,1.231279e-1,1.224750e-1,1.208968e-1,1.218444e-1,1.197508e-1,1.172628e-1,1.100838e-1,1.078626e-1,1.099439e-1,1.121476e-1,1.098225e-1,1.095515e-1,1.123181e-1,5.914267e-2,5.446784e-2,5.608601e-2,5.663097e-2,5.591770e-2,5.594994e-2,5.545885e-2,5.833726e-2],"layer_pooled_mses":[3.250432e-1,2.674961e-1,2.626077e-1,2.681414e-1,2.624755e-1,2.698318e-1,2.741566e-1,2.986592e-1,3.396372e-1,2.805141e-1,2.694164e-1,2.667608e-1,2.610246e-1,2.719679e-1,2.688618e-1,2.901926e-1,2.675979e-1,1.797404e-1,1.715962e-1,1.731027e-1,1.747807e-1,1.773079e-1,1.821187e-1,1.991088e-1,3.234176e-1,2.952403e-1,2.884468e-1,2.760435e-1,2.931720e-1,2.839052e-1,2.859784e-1,2.991460e-1,3.350560e-1,2.785733e-1,2.729794e-1,2.768199e-1,2.742106e-1,2.768743e-1,2.939030e-1,3.116443e-1,4.423520e-1,3.840301e-1,3.744434e-1,3.513499e-1,3.521218e-1,3.645993e-1,3.622373e-1,3.736682e-1,2.698490e-1,2.019503e-1,1.889479e-1,2.006085e-1,1.992308e-1,1.989518e-1,2.027322e-1,2.249523e-1,1.989581e-1,1.530893e-1,1.441590e-1,1.462927e-1,1.451481e-1,1.503514e-1,1.546097e-1,1.840569e-1],"first_block_mses":[8.952956e-2,5.953184e-1,7.930521e-1,9.710653e-1,1.193960e0,1.187983e0,1.141449e0,1.305891e0,2.161118e0,2.360731e0,2.544619e0,2.828829e0,2.781890e0,2.829108e0,2.882771e0,2.775209e0,2.596599e0,3.075828e0,2.917955e0,2.766626e0,2.607929e0,2.582618e0,2.682510e0,2.835296e0,1.512491e0,1.713936e0,1.649210e0,1.651207e0,1.861819e0,1.773293e0,1.885722e0,2.015442e0,1.807324e0,2.000011e0,2.122293e0,2.229970e0,2.542462e0,2.495674e0,2.537742e0,2.479439e0,3.195715e0,3.264222e0,3.582805e0,3.670319e0,3.807008e0,3.704459e0,3.555270e0,3.474858e0,1.919769e0,2.050855e0,2.276376e0,2.441402e0,2.511669e0,2.394039e0,2.369295e0,2.448791e0,3.409767e0,3.253347e0,3.315198e0,3.392753e0,3.420040e0,3.229403e0,3.375125e0,3.294416e0]}