{"n_vecs":32768,"dim":128,"block_size":512,"n_blocks":64,"variance_ratio":0.95,"per_block_mean_mse":1.435699e-1,"layer_pooled_mean_mse":8.018294e-1,"first_block_mean_mse":3.342021e0,"pooled_over_per_block_mean":5.5849,"pooled_over_per_block_median":5.5222,"pooled_over_per_block_max":7.8775,"first_over_per_block_mean":23.2780,"first_over_per_block_median":22.8497,"first_over_per_block_max":43.6446,"pooled_d_eff":37,"first_d_eff":48,"per_block_d_eff":[48,45,44,43,44,44,44,43,46,45,44,44,44,44,43,43,45,44,43,43,43,43,43,42,50,46,45,44,44,44,43,43,50,46,45,45,45,45,44,44,48,41,40,39,39,39,39,39,50,49,48,48,48,48,48,48,50,48,46,45,45,45,44,44],"per_block_mses":[2.011886e-1,1.654141e-1,1.606884e-1,1.656686e-1,1.570016e-1,1.576854e-1,1.551880e-1,1.606856e-1,1.648727e-1,1.282852e-1,1.278102e-1,1.216086e-1,1.189868e-1,1.179455e-1,1.203100e-1,1.190152e-1,1.936609e-1,1.564096e-1,1.564608e-1,1.556338e-1,1.536183e-1,1.511767e-1,1.493696e-1,1.549593e-1,1.565745e-1,1.336488e-1,1.292481e-1,1.312186e-1,1.275554e-1,1.273180e-1,1.306720e-1,1.301570e-1,1.907104e-1,1.695207e-1,1.679024e-1,1.660141e-1,1.632024e-1,1.652409e-1,1.679373e-1,1.691997e-1,1.347750e-1,1.222274e-1,1.196676e-1,1.244208e-1,1.203419e-1,1.205443e-1,1.175997e-1,1.175440e-1,1.660854e-1,1.467755e-1,1.501910e-1,1.476084e-1,1.463933e-1,1.459767e-1,1.441307e-1,1.430972e-1,1.444784e-1,1.197058e-1,1.198977e-1,1.217713e-1,1.190622e-1,1.172460e-1,1.202625e-1,1.189099e-1],"layer_pooled_mses":[1.111013e0,9.555223e-1,9.489781e-1,9.344054e-1,9.390661e-1,9.355365e-1,9.305289e-1,9.423382e-1,8.577370e-1,8.235411e-1,7.991519e-1,7.501501e-1,7.491593e-1,7.413438e-1,7.722685e-1,7.714308e-1,9.338523e-1,6.978074e-1,6.795154e-1,6.616684e-1,6.504135e-1,6.621001e-1,6.531731e-1,6.717174e-1,8.681369e-1,6.807618e-1,6.758438e-1,6.744999e-1,6.708160e-1,6.653160e-1,6.468863e-1,6.548617e-1,8.957728e-1,7.801060e-1,7.675591e-1,7.313559e-1,7.073296e-1,7.295175e-1,7.259253e-1,7.518257e-1,6.479204e-1,5.437809e-1,5.283166e-1,5.279782e-1,5.321764e-1,5.264093e-1,5.186031e-1,5.545296e-1,1.308337e0,1.076359e0,1.067511e0,1.066408e0,1.069588e0,1.074627e0,1.050526e0,1.060703e0,1.000087e0,9.254477e-1,8.659297e-1,8.158621e-1,8.231491e-1,8.153554e-1,8.607502e-1,8.577906e-1],"first_block_mses":[2.011886e-1,1.037413e0,1.760792e0,3.081586e0,3.705786e0,3.683050e0,3.162551e0,3.737502e0,1.869927e0,2.039048e0,1.989257e0,2.417953e0,2.658367e0,2.785335e0,2.501470e0,2.274090e0,2.943270e0,3.119640e0,4.247730e0,5.650100e0,6.704617e0,5.975674e0,5.325002e0,4.675878e0,2.629282e0,3.010930e0,3.296963e0,3.407935e0,3.964291e0,4.453876e0,4.661673e0,4.371036e0,2.747834e0,3.351673e0,4.168019e0,4.794273e0,5.460226e0,5.285333e0,4.811024e0,5.013099e0,1.528720e0,2.057309e0,2.627993e0,3.286237e0,3.692050e0,4.222134e0,4.415449e0,3.994153e0,2.222670e0,2.597170e0,3.002014e0,3.369543e0,3.656911e0,3.515013e0,3.106392e0,2.713356e0,2.360794e0,2.358470e0,2.455795e0,2.782438e0,2.925313e0,2.681874e0,2.712953e0,2.629926e0]}