{"n_vecs":32768,"dim":128,"block_size":512,"n_blocks":64,"variance_ratio":0.95,"per_block_mean_mse":6.314679e-3,"layer_pooled_mean_mse":8.659211e-3,"first_block_mean_mse":9.186860e-2,"pooled_over_per_block_mean":1.3713,"pooled_over_per_block_median":1.2710,"pooled_over_per_block_max":2.1521,"first_over_per_block_mean":14.5484,"first_over_per_block_median":15.0204,"first_over_per_block_max":22.3622,"pooled_d_eff":101,"first_d_eff":64,"per_block_d_eff":[64,49,47,47,47,47,47,46,61,47,46,46,46,46,46,46,65,51,50,50,50,50,50,49,65,50,49,50,49,50,50,50,63,50,49,49,49,49,49,49,64,50,48,48,47,48,47,47,64,50,49,49,49,49,49,49,63,47,46,46,46,45,45,45],"per_block_mses":[1.049676e-2,7.269462e-3,7.120425e-3,6.759795e-3,6.604949e-3,6.516193e-3,6.367129e-3,6.536475e-3,1.216878e-2,9.159288e-3,8.651724e-3,8.301407e-3,8.026206e-3,7.964730e-3,7.741894e-3,7.594604e-3,1.174622e-2,7.460418e-3,6.868010e-3,6.529087e-3,6.318934e-3,6.213989e-3,6.118145e-3,6.327409e-3,7.930986e-3,4.864204e-3,4.488405e-3,4.015069e-3,4.119517e-3,3.858807e-3,3.755860e-3,3.679160e-3,8.206547e-3,5.557203e-3,5.245400e-3,5.023146e-3,4.910019e-3,4.812706e-3,4.738024e-3,4.580263e-3,8.579703e-3,6.007192e-3,6.000981e-3,5.754572e-3,5.940340e-3,5.506932e-3,5.713202e-3,5.596790e-3,9.472575e-3,5.411119e-3,4.999469e-3,4.749519e-3,4.571718e-3,4.518022e-3,4.402753e-3,4.293745e-3,8.824019e-3,6.273603e-3,5.736868e-3,5.479397e-3,5.310493e-3,5.569024e-3,5.445660e-3,5.334395e-3],"layer_pooled_mses":[1.913705e-2,9.347085e-3,8.319531e-3,7.814245e-3,7.747871e-3,7.618789e-3,7.624936e-3,7.494803e-3,1.892573e-2,9.543667e-3,8.710418e-3,8.325471e-3,8.243583e-3,8.156707e-3,8.100369e-3,7.945182e-3,1.939700e-2,9.039402e-3,8.033875e-3,7.657746e-3,7.527693e-3,7.467172e-3,7.378253e-3,7.308282e-3,1.706836e-2,7.862589e-3,7.046081e-3,6.712073e-3,6.559193e-3,6.570002e-3,6.459024e-3,6.411028e-3,1.582297e-2,7.936209e-3,7.212857e-3,6.907548e-3,6.826532e-3,6.785133e-3,6.666577e-3,6.602878e-3,1.596486e-2,8.168853e-3,7.387406e-3,7.068673e-3,6.994541e-3,6.999191e-3,6.901968e-3,6.905849e-3,1.959321e-2,7.964204e-3,7.118314e-3,6.705399e-3,6.607649e-3,6.506514e-3,6.480262e-3,6.347951e-3,1.617726e-2,7.900721e-3,7.092992e-3,6.674804e-3,6.649137e-3,6.567027e-3,6.617125e-3,6.481678e-3],"first_block_mses":[1.049676e-2,8.999136e-3,1.023684e-2,1.135219e-2,1.187237e-2,1.250748e-2,1.278051e-2,1.337762e-2,1.893109e-1,1.749723e-1,1.736026e-1,1.689999e-1,1.680885e-1,1.672813e-1,1.677077e-1,1.683031e-1,1.424804e-1,1.049784e-1,1.013449e-1,9.748796e-2,9.491276e-2,9.439901e-2,9.370207e-2,9.440126e-2,1.033105e-1,6.928353e-2,6.658589e-2,6.407240e-2,6.297001e-2,6.201684e-2,6.173568e-2,6.102859e-2,1.147692e-1,9.826497e-2,9.667494e-2,9.400314e-2,9.313475e-2,9.264261e-2,9.284349e-2,9.285328e-2,1.056648e-1,8.878250e-2,8.763319e-2,8.444240e-2,8.435488e-2,8.326936e-2,8.339302e-2,8.249787e-2,1.132375e-1,7.303828e-2,6.969317e-2,6.629448e-2,6.502630e-2,6.375515e-2,6.364639e-2,6.234115e-2,1.388386e-1,1.256412e-1,1.251609e-1,1.197571e-1,1.183795e-1,1.177178e-1,1.179506e-1,1.192887e-1]}