{"n_vecs":32768,"dim":128,"block_size":512,"n_blocks":64,"variance_ratio":0.95,"per_block_mean_mse":3.459857e-2,"layer_pooled_mean_mse":4.179957e-2,"first_block_mean_mse":4.161784e-1,"pooled_over_per_block_mean":1.2081,"pooled_over_per_block_median":1.3271,"pooled_over_per_block_max":2.6768,"first_over_per_block_mean":12.0288,"first_over_per_block_median":13.1009,"first_over_per_block_max":15.5873,"pooled_d_eff":93,"first_d_eff":65,"per_block_d_eff":[65,47,46,46,46,45,45,45,29,42,29,33,38,33,33,35,60,42,40,40,41,40,40,39,47,42,37,38,40,38,39,39,34,43,32,35,39,35,35,37,40,45,35,38,41,38,38,40,34,46,32,36,41,36,36,38,38,47,34,38,42,38,38,40],"per_block_mses":[2.709598e-2,2.104013e-2,1.964381e-2,1.926961e-2,1.862648e-2,1.913392e-2,1.898143e-2,1.834097e-2,7.278819e-2,1.834599e-2,3.250098e-2,2.578717e-2,1.896770e-2,2.400223e-2,2.361561e-2,2.060200e-2,3.682758e-2,3.115056e-2,3.037247e-2,2.966842e-2,2.742832e-2,2.768467e-2,2.744256e-2,2.776389e-2,1.054175e-1,5.676255e-2,6.481610e-2,6.034412e-2,5.240950e-2,5.676484e-2,5.384413e-2,5.111119e-2,1.101590e-1,3.294254e-2,5.229313e-2,4.243523e-2,3.309187e-2,3.939642e-2,3.986536e-2,3.388493e-2,5.657916e-2,1.744609e-2,2.591246e-2,2.143226e-2,1.766448e-2,2.003873e-2,1.984429e-2,1.722761e-2,7.595989e-2,1.883606e-2,3.354014e-2,2.687565e-2,2.001941e-2,2.472521e-2,2.463520e-2,2.160997e-2,7.594161e-2,2.028260e-2,3.414548e-2,2.682861e-2,2.098022e-2,2.485883e-2,2.482232e-2,2.148302e-2],"layer_pooled_mses":[7.253014e-2,4.329747e-2,3.894701e-2,3.817424e-2,3.680606e-2,3.703926e-2,3.652592e-2,3.661286e-2,5.826442e-2,3.418433e-2,3.085832e-2,2.921239e-2,2.865313e-2,2.794849e-2,2.764797e-2,2.687961e-2,8.431683e-2,4.676759e-2,4.230717e-2,4.019157e-2,3.916700e-2,3.874462e-2,3.947840e-2,3.957744e-2,1.140045e-1,5.539643e-2,4.730311e-2,4.573964e-2,4.467631e-2,4.487090e-2,4.583492e-2,4.627130e-2,8.626232e-2,4.618435e-2,4.128646e-2,3.949100e-2,3.898882e-2,3.878315e-2,3.874064e-2,3.922613e-2,6.434161e-2,3.518409e-2,3.138892e-2,3.093411e-2,2.995748e-2,2.927057e-2,2.874724e-2,2.839175e-2,6.753651e-2,3.699847e-2,3.346911e-2,3.224614e-2,3.135862e-2,3.091845e-2,3.057988e-2,3.011264e-2,7.410358e-2,4.017662e-2,3.587664e-2,3.487376e-2,3.367160e-2,3.299041e-2,3.279773e-2,3.205417e-2],"first_block_mses":[2.709598e-2,2.757584e-2,3.362847e-2,3.811660e-2,3.960866e-2,4.310664e-2,4.425989e-2,4.698728e-2,7.367656e-1,2.859647e-1,3.976501e-1,3.378121e-1,2.776002e-1,3.115256e-1,3.075207e-1,2.794565e-1,4.593015e-1,4.205823e-1,4.019617e-1,4.004088e-1,3.876323e-1,3.917005e-1,3.876862e-1,3.889194e-1,1.253499e0,7.808187e-1,8.647244e-1,7.979830e-1,7.219362e-1,7.560107e-1,7.386885e-1,7.136063e-1,1.309268e0,4.353956e-1,6.659706e-1,5.594885e-1,4.454314e-1,5.161272e-1,5.112333e-1,4.652313e-1,7.025893e-1,2.570586e-1,3.617072e-1,3.099537e-1,2.569693e-1,2.865937e-1,2.841461e-1,2.569974e-1,8.050352e-1,2.827727e-1,4.194298e-1,3.509218e-1,2.810451e-1,3.218817e-1,3.210135e-1,2.873795e-1,7.323016e-1,2.621506e-1,3.844576e-1,3.256109e-1,2.670945e-1,2.993908e-1,2.998398e-1,2.707975e-1]}