{"n_vecs":32768,"dim":128,"block_size":512,"n_blocks":64,"variance_ratio":0.95,"per_block_mean_mse":1.270205e-1,"layer_pooled_mean_mse":2.144459e-1,"first_block_mean_mse":3.251474e0,"pooled_over_per_block_mean":1.6883,"pooled_over_per_block_median":1.6996,"pooled_over_per_block_max":3.6285,"first_over_per_block_mean":25.5980,"first_over_per_block_median":25.6606,"first_over_per_block_max":39.3878,"pooled_d_eff":84,"first_d_eff":54,"per_block_d_eff":[54,50,49,48,48,48,48,48,58,55,55,55,55,55,55,55,49,49,50,50,50,50,51,51,49,48,48,48,48,48,48,48,50,48,48,48,48,48,48,48,49,46,46,46,45,45,45,45,57,56,56,56,56,56,56,56,34,34,34,34,34,34,34,35],"per_block_mses":[1.014028e-1,9.141879e-2,9.050468e-2,9.365805e-2,9.164401e-2,9.185416e-2,9.152209e-2,9.224772e-2,1.557057e-1,1.449408e-1,1.425980e-1,1.417144e-1,1.413775e-1,1.400583e-1,1.411485e-1,1.401735e-1,1.309965e-1,1.087436e-1,1.034275e-1,1.044970e-1,1.039890e-1,1.039578e-1,1.003945e-1,9.972621e-2,1.407670e-1,1.332859e-1,1.335012e-1,1.338917e-1,1.328426e-1,1.339382e-1,1.340651e-1,1.351025e-1,1.273012e-1,1.138807e-1,1.103912e-1,1.127656e-1,1.103851e-1,1.120063e-1,1.103648e-1,1.127661e-1,1.606187e-1,1.501414e-1,1.465890e-1,1.466751e-1,1.522608e-1,1.522921e-1,1.528020e-1,1.537040e-1,1.253321e-1,1.068236e-1,1.049624e-1,1.063799e-1,1.049526e-1,1.062861e-1,1.057574e-1,1.063074e-1,1.720793e-1,1.583790e-1,1.630253e-1,1.634453e-1,1.640621e-1,1.649921e-1,1.661863e-1,1.603031e-1],"layer_pooled_mses":[3.311542e-1,3.317171e-1,3.279949e-1,3.298581e-1,3.257608e-1,3.236116e-1,3.211998e-1,3.182562e-1,2.777143e-1,2.574224e-1,2.504690e-1,2.471754e-1,2.402821e-1,2.392804e-1,2.503861e-1,2.697470e-1,2.245524e-1,1.901813e-1,1.784427e-1,1.897602e-1,1.766439e-1,1.718680e-1,1.764714e-1,2.014345e-1,2.132295e-1,1.994304e-1,1.892564e-1,1.921710e-1,1.911130e-1,1.897717e-1,1.953737e-1,2.125618e-1,1.959673e-1,1.887819e-1,1.766878e-1,1.900163e-1,1.885091e-1,1.868735e-1,1.874122e-1,1.985980e-1,2.182349e-1,2.025790e-1,1.930196e-1,1.900645e-1,1.917463e-1,1.983515e-1,2.056898e-1,2.057669e-1,2.326767e-1,2.200281e-1,2.059786e-1,2.026854e-1,2.063907e-1,2.088754e-1,2.150507e-1,2.203324e-1,1.522028e-1,1.398209e-1,1.385224e-1,1.398952e-1,1.487921e-1,1.407449e-1,1.397401e-1,1.602129e-1],"first_block_mses":[1.014028e-1,3.990090e-1,4.736241e-1,4.950082e-1,4.335435e-1,4.695480e-1,5.855525e-1,6.826064e-1,3.652888e0,3.413878e0,3.380545e0,3.420574e0,3.434673e0,3.318938e0,3.372167e0,3.512530e0,4.509329e0,3.794688e0,3.707526e0,3.585605e0,3.539686e0,3.675402e0,3.563033e0,3.407404e0,3.612161e0,3.567022e0,3.625697e0,3.651944e0,3.612358e0,3.622350e0,3.638157e0,3.582129e0,2.381063e0,2.285544e0,2.238245e0,2.414317e0,2.307119e0,2.403127e0,2.472597e0,2.345638e0,4.308377e0,4.840227e0,4.792764e0,4.820502e0,4.667077e0,4.815627e0,4.840674e0,5.035508e0,3.984083e0,3.961480e0,3.901515e0,3.889034e0,4.038372e0,4.127441e0,4.165546e0,4.036249e0,3.779011e0,3.600119e0,3.534597e0,3.675773e0,3.625099e0,3.681320e0,3.768742e0,3.516556e0]}