{"n_vecs":32768,"dim":128,"block_size":512,"n_blocks":64,"variance_ratio":0.95,"per_block_mean_mse":3.520737e-1,"layer_pooled_mean_mse":5.205817e0,"first_block_mean_mse":2.596509e0,"pooled_over_per_block_mean":14.7862,"pooled_over_per_block_median":15.6446,"pooled_over_per_block_max":22.2264,"first_over_per_block_mean":7.3749,"first_over_per_block_median":5.8924,"first_over_per_block_max":20.1411,"pooled_d_eff":1,"first_d_eff":39,"per_block_d_eff":[39,38,38,38,38,38,38,38,47,48,49,49,49,49,49,49,30,31,31,31,31,31,31,31,37,40,40,40,40,40,40,39,46,47,47,47,47,47,47,48,42,41,41,41,40,41,40,41,26,26,26,26,26,26,26,26,35,37,37,36,37,36,37,36],"per_block_mses":[2.548558e-1,2.496781e-1,2.496431e-1,2.458800e-1,2.473627e-1,2.441908e-1,2.466460e-1,2.435591e-1,4.403183e-1,4.148954e-1,3.996380e-1,3.966200e-1,3.981885e-1,3.959174e-1,3.973764e-1,3.956351e-1,6.815547e-1,6.322447e-1,6.271736e-1,6.253832e-1,6.241420e-1,6.227028e-1,6.232852e-1,6.217504e-1,2.835308e-1,2.355919e-1,2.328971e-1,2.325183e-1,2.297374e-1,2.307736e-1,2.283482e-1,2.417836e-1,3.705817e-1,3.485740e-1,3.484260e-1,3.464437e-1,3.469049e-1,3.453874e-1,3.467630e-1,3.299514e-1,2.463657e-1,2.491884e-1,2.481340e-1,2.473585e-1,2.573184e-1,2.463533e-1,2.560722e-1,2.458657e-1,3.732408e-1,3.663651e-1,3.696715e-1,3.684058e-1,3.705185e-1,3.691619e-1,3.708694e-1,3.694812e-1,3.394422e-1,3.147343e-1,3.181880e-1,3.308345e-1,3.184926e-1,3.304219e-1,3.185188e-1,3.308621e-1],"layer_pooled_mses":[4.087601e0,3.968508e0,3.941264e0,3.844579e0,3.859104e0,3.849204e0,3.945262e0,4.012039e0,5.543118e0,5.494457e0,5.501383e0,5.491085e0,5.495024e0,5.514486e0,5.563633e0,5.602941e0,6.850808e0,6.938949e0,7.004232e0,7.023335e0,7.050754e0,7.020042e0,7.042693e0,7.062330e0,4.199438e0,4.331544e0,4.348397e0,4.416273e0,4.428808e0,4.479229e0,4.451911e0,4.521286e0,5.687879e0,5.680054e0,5.720457e0,5.716028e0,5.798781e0,5.841079e0,5.962885e0,6.045678e0,3.944837e0,3.867071e0,3.859923e0,3.869835e0,3.885250e0,3.887271e0,3.909990e0,3.956972e0,7.928309e0,8.142988e0,8.149860e0,8.153574e0,8.115793e0,8.071760e0,8.021156e0,7.970524e0,2.967757e0,3.045559e0,3.040310e0,3.006249e0,2.984646e0,2.988462e0,3.008830e0,3.058781e0],"first_block_mses":[2.548558e-1,7.850655e-1,9.832714e-1,1.111821e0,1.208852e0,1.191675e0,1.198119e0,1.435150e0,3.181534e0,3.080787e0,3.002194e0,2.854809e0,2.962673e0,3.097809e0,3.086422e0,3.032637e0,3.257496e0,3.300127e0,3.644589e0,3.583122e0,3.695050e0,4.007169e0,4.236714e0,4.323295e0,3.566997e0,3.930018e0,4.037504e0,3.805275e0,4.064590e0,4.279139e0,4.409700e0,4.869780e0,1.781295e0,1.735522e0,2.003457e0,1.853513e0,1.936076e0,2.199200e0,2.142294e0,2.321857e0,3.728131e0,3.648088e0,3.618325e0,3.555097e0,3.567693e0,3.615095e0,3.558353e0,3.579701e0,1.636012e0,1.633307e0,1.493660e0,1.615593e0,1.571530e0,1.446884e0,1.477776e0,1.488550e0,1.787330e0,1.652294e0,1.596222e0,1.599970e0,1.709876e0,1.730409e0,1.737782e0,1.677454e0]}