{"n_vecs":32768,"dim":128,"block_size":512,"n_blocks":64,"variance_ratio":0.95,"per_block_mean_mse":5.461711e-2,"layer_pooled_mean_mse":8.454460e-2,"first_block_mean_mse":9.323964e-1,"pooled_over_per_block_mean":1.5480,"pooled_over_per_block_median":1.5640,"pooled_over_per_block_max":2.7673,"first_over_per_block_mean":17.0715,"first_over_per_block_median":17.4442,"first_over_per_block_max":29.8289,"pooled_d_eff":96,"first_d_eff":62,"per_block_d_eff":[62,43,41,40,41,40,40,40,69,49,47,46,47,46,46,46,66,46,44,43,44,43,43,42,69,50,48,48,48,47,47,47,59,41,40,40,40,40,40,40,68,50,49,48,48,48,48,47,59,42,41,41,41,40,40,40,60,44,44,43,43,43,43,43],"per_block_mses":[5.205078e-2,3.858750e-2,3.611274e-2,3.545483e-2,3.310071e-2,3.243216e-2,3.163233e-2,3.030619e-2,8.834661e-2,6.708482e-2,6.279341e-2,6.353079e-2,5.853569e-2,5.859273e-2,5.687535e-2,5.485333e-2,4.946561e-2,3.966506e-2,3.683102e-2,3.772782e-2,3.502886e-2,3.474054e-2,3.461105e-2,3.449384e-2,7.920935e-2,6.248207e-2,5.960543e-2,5.903740e-2,5.636623e-2,5.616436e-2,5.524106e-2,5.297476e-2,9.390325e-2,7.287642e-2,6.605396e-2,6.426113e-2,6.310271e-2,5.800125e-2,5.804994e-2,5.526905e-2,5.959122e-2,4.482340e-2,3.932834e-2,4.010504e-2,3.988124e-2,3.826987e-2,3.715066e-2,3.781945e-2,1.137796e-1,8.538261e-2,7.905555e-2,7.778269e-2,7.654646e-2,7.374830e-2,7.388559e-2,7.045315e-2,6.708269e-2,5.198783e-2,4.623148e-2,4.752653e-2,4.659715e-2,4.474309e-2,4.521882e-2,4.305220e-2],"layer_pooled_mses":[1.212705e-1,6.793962e-2,5.950522e-2,5.767202e-2,5.506232e-2,5.321756e-2,5.220904e-2,5.244009e-2,2.027062e-1,9.891752e-2,8.676734e-2,8.373905e-2,8.217897e-2,7.991124e-2,8.003090e-2,7.986136e-2,1.368871e-1,7.787884e-2,6.896075e-2,6.594704e-2,6.253360e-2,6.056652e-2,6.049709e-2,5.921276e-2,1.887908e-1,9.774923e-2,8.697521e-2,8.466938e-2,8.319154e-2,8.201616e-2,8.137834e-2,8.217725e-2,1.631398e-1,8.319570e-2,7.257778e-2,7.213560e-2,7.092930e-2,6.911573e-2,6.955858e-2,6.908072e-2,1.580959e-1,8.681247e-2,7.594486e-2,7.527715e-2,7.323997e-2,7.341522e-2,7.143267e-2,7.115773e-2,1.791831e-1,9.352571e-2,8.101607e-2,7.790445e-2,7.696646e-2,7.326796e-2,7.308633e-2,7.265258e-2,1.360185e-1,7.929636e-2,6.983575e-2,7.114541e-2,7.004135e-2,6.998028e-2,6.976328e-2,6.920130e-2],"first_block_mses":[5.205078e-2,5.145412e-2,6.001065e-2,6.746267e-2,7.022892e-2,7.595999e-2,8.022005e-2,8.449587e-2,1.343253e0,1.234965e0,1.146187e0,1.157699e0,1.111577e0,1.108062e0,1.061915e0,1.060348e0,8.743015e-1,8.472606e-1,8.365734e-1,8.278270e-1,8.049306e-1,7.978874e-1,7.849669e-1,7.873724e-1,1.134794e0,1.019967e0,9.600483e-1,9.659135e-1,9.395406e-1,9.467956e-1,9.188793e-1,9.241023e-1,1.400479e0,1.170667e0,1.069532e0,1.058232e0,1.018721e0,9.948143e-1,9.725289e-1,9.661945e-1,1.063114e0,1.111762e0,1.108549e0,1.116740e0,1.107873e0,1.115385e0,1.108162e0,1.107846e0,1.622800e0,1.391934e0,1.273552e0,1.281219e0,1.224679e0,1.213538e0,1.176396e0,1.171412e0,1.116844e0,1.022828e0,9.582889e-1,9.516790e-1,9.334481e-1,9.159694e-1,9.035936e-1,8.875402e-1]}