{"n_vecs":32768,"dim":128,"block_size":512,"n_blocks":64,"variance_ratio":0.95,"per_block_mean_mse":4.910563e-4,"layer_pooled_mean_mse":5.224377e-4,"first_block_mean_mse":5.677655e-3,"pooled_over_per_block_mean":1.0639,"pooled_over_per_block_median":1.1100,"pooled_over_per_block_max":1.4465,"first_over_per_block_mean":11.5621,"first_over_per_block_median":12.8716,"first_over_per_block_max":14.1274,"pooled_d_eff":108,"first_d_eff":55,"per_block_d_eff":[55,54,54,54,54,54,54,54,51,50,50,50,50,50,50,50,53,53,53,53,53,53,53,53,56,55,55,55,55,55,55,55,53,53,53,53,53,53,53,53,53,52,52,52,52,52,52,52,56,55,55,55,55,55,55,55,52,52,52,52,52,52,52,52],"per_block_mses":[4.697524e-4,4.863188e-4,4.859700e-4,4.844407e-4,4.854998e-4,4.846837e-4,4.845802e-4,4.842619e-4,5.132358e-4,5.243759e-4,5.224816e-4,5.217000e-4,5.221144e-4,5.216242e-4,5.227352e-4,5.207487e-4,6.436165e-4,6.044494e-4,6.010474e-4,6.021601e-4,6.006346e-4,6.012547e-4,6.010701e-4,6.003983e-4,5.495347e-4,5.795676e-4,5.825517e-4,5.768415e-4,5.823226e-4,5.765528e-4,5.829788e-4,5.762956e-4,5.822950e-4,5.537266e-4,5.522601e-4,5.531360e-4,5.519283e-4,5.521465e-4,5.516191e-4,5.513867e-4,4.521010e-4,4.486802e-4,4.494176e-4,4.455235e-4,4.485973e-4,4.448155e-4,4.483699e-4,4.448226e-4,3.540339e-4,3.527394e-4,3.515904e-4,3.514618e-4,3.515298e-4,3.507858e-4,3.511167e-4,3.503592e-4,4.081860e-4,3.843471e-4,3.834355e-4,3.822326e-4,3.836387e-4,3.812961e-4,3.832926e-4,3.809351e-4],"layer_pooled_mses":[5.484674e-4,5.417573e-4,5.394118e-4,5.399362e-4,5.392579e-4,5.387577e-4,5.399819e-4,5.393833e-4,5.059217e-4,4.949840e-4,4.933775e-4,4.933389e-4,4.928854e-4,4.924553e-4,4.927157e-4,4.927159e-4,5.588828e-4,5.473366e-4,5.389634e-4,5.452192e-4,5.378071e-4,5.439365e-4,5.380072e-4,5.444718e-4,5.879899e-4,5.840361e-4,5.843362e-4,5.835562e-4,5.853583e-4,5.829695e-4,5.854264e-4,5.833903e-4,5.532671e-4,5.457233e-4,5.451911e-4,5.458076e-4,5.446832e-4,5.456608e-4,5.446878e-4,5.459842e-4,5.303753e-4,5.217292e-4,5.168402e-4,5.197532e-4,5.158557e-4,5.188970e-4,5.153931e-4,5.186343e-4,5.120948e-4,4.980632e-4,4.974622e-4,4.961822e-4,4.970321e-4,4.958267e-4,4.970648e-4,4.961020e-4,4.578944e-4,4.494606e-4,4.469949e-4,4.508577e-4,4.461521e-4,4.516142e-4,4.460248e-4,4.516656e-4],"first_block_mses":[4.697524e-4,4.729467e-4,4.620831e-4,4.764225e-4,4.651420e-4,4.786809e-4,4.659683e-4,4.792687e-4,6.717049e-3,6.694929e-3,6.717622e-3,6.704089e-3,6.715845e-3,6.708062e-3,6.711818e-3,6.702894e-3,7.920355e-3,7.822261e-3,7.839842e-3,7.820450e-3,7.811093e-3,7.821558e-3,7.809810e-3,7.816619e-3,6.852105e-3,6.850111e-3,6.852701e-3,6.849979e-3,6.859106e-3,6.844475e-3,6.860426e-3,6.846214e-3,7.471488e-3,7.465315e-3,7.506370e-3,7.476592e-3,7.512935e-3,7.481852e-3,7.526230e-3,7.488147e-3,6.186755e-3,6.246394e-3,6.158000e-3,6.244679e-3,6.148705e-3,6.240884e-3,6.152107e-3,6.243216e-3,4.494884e-3,4.483883e-3,4.490997e-3,4.490465e-3,4.493443e-3,4.495779e-3,4.501237e-3,4.500876e-3,5.342328e-3,5.358135e-3,5.359923e-3,5.370785e-3,5.373112e-3,5.376437e-3,5.386680e-3,5.381640e-3]}