{"n_vecs":32768,"dim":128,"block_size":512,"n_blocks":64,"variance_ratio":0.95,"per_block_mean_mse":1.001256e-1,"layer_pooled_mean_mse":3.234989e-1,"first_block_mean_mse":2.029453e0,"pooled_over_per_block_mean":3.2309,"pooled_over_per_block_median":3.7415,"pooled_over_per_block_max":4.6101,"first_over_per_block_mean":20.2691,"first_over_per_block_median":19.8930,"first_over_per_block_max":37.4453,"pooled_d_eff":69,"first_d_eff":70,"per_block_d_eff":[70,65,63,62,62,62,62,62,69,66,64,64,64,64,64,64,47,41,41,40,40,39,40,40,55,50,48,48,48,48,47,47,66,60,58,58,58,58,57,57,73,68,67,66,66,66,66,66,63,57,56,55,55,55,55,55,63,57,57,57,56,57,56,56],"per_block_mses":[1.171207e-1,1.028281e-1,1.039146e-1,1.055416e-1,1.041208e-1,1.038370e-1,1.024915e-1,1.015813e-1,9.461935e-2,7.727568e-2,7.542532e-2,7.414156e-2,7.134864e-2,7.300793e-2,7.034651e-2,7.026980e-2,1.433161e-1,1.345767e-1,1.292336e-1,1.290119e-1,1.283385e-1,1.330251e-1,1.264859e-1,1.250940e-1,1.215851e-1,1.056203e-1,1.074752e-1,1.053419e-1,1.032937e-1,1.036775e-1,1.064832e-1,1.063171e-1,1.155086e-1,9.998567e-2,9.997860e-2,9.780600e-2,9.579158e-2,9.598947e-2,9.753464e-2,9.677866e-2,8.332950e-2,7.438636e-2,7.268117e-2,7.242747e-2,7.291114e-2,7.209311e-2,7.227894e-2,7.047789e-2,1.171477e-1,1.128738e-1,1.136101e-1,1.157384e-1,1.156295e-1,1.164688e-1,1.162854e-1,1.157443e-1,1.117144e-1,9.536087e-2,8.943921e-2,8.763933e-2,9.007733e-2,8.620432e-2,8.873719e-2,8.866244e-2],"layer_pooled_mses":[4.660327e-1,4.184227e-1,4.035070e-1,3.955828e-1,3.932225e-1,4.008072e-1,4.074902e-1,4.058688e-1,3.756726e-1,3.296385e-1,2.916526e-1,2.834224e-1,2.697386e-1,2.792265e-1,2.766529e-1,2.860581e-1,3.062448e-1,2.785411e-1,2.731964e-1,2.531467e-1,2.374712e-1,2.371710e-1,2.428716e-1,2.522208e-1,3.115709e-1,2.591880e-1,2.455770e-1,2.307899e-1,2.231706e-1,2.237410e-1,2.366890e-1,2.613787e-1,4.122006e-1,3.628919e-1,3.400783e-1,3.290748e-1,3.332206e-1,3.568664e-1,3.534650e-1,3.594257e-1,3.663718e-1,3.338130e-1,3.126953e-1,3.104134e-1,3.113877e-1,3.164949e-1,3.100975e-1,3.080980e-1,3.604586e-1,3.045819e-1,2.887612e-1,2.887236e-1,2.823932e-1,2.874990e-1,2.949407e-1,3.047513e-1,4.179769e-1,3.878680e-1,3.822454e-1,3.865379e-1,3.792137e-1,3.777466e-1,3.789321e-1,4.087405e-1],"first_block_mses":[1.171207e-1,5.743118e-1,5.882052e-1,7.801818e-1,9.095865e-1,9.537329e-1,1.052768e0,1.104907e0,1.960167e0,2.292894e0,2.381172e0,2.407440e0,2.427784e0,2.488452e0,2.522058e0,2.541397e0,2.407764e0,2.386027e0,2.461476e0,2.518327e0,2.488041e0,2.486543e0,2.516181e0,2.424408e0,1.439659e0,1.575855e0,1.601061e0,1.559873e0,1.481374e0,1.405654e0,1.318972e0,1.226766e0,2.270141e0,2.567002e0,2.691436e0,2.756431e0,2.854609e0,3.026643e0,2.954148e0,2.842760e0,2.090669e0,2.311836e0,2.543224e0,2.622004e0,2.730178e0,2.644117e0,2.610485e0,2.374755e0,1.270574e0,1.245949e0,1.276866e0,1.319186e0,1.108865e0,1.011384e0,8.922578e-1,9.488393e-1,2.394595e0,2.599734e0,2.854100e0,2.859309e0,2.977000e0,2.897897e0,2.997501e0,2.940351e0]}