{"n_vecs":32768,"dim":128,"block_size":512,"n_blocks":64,"variance_ratio":0.95,"per_block_mean_mse":1.281781e-2,"layer_pooled_mean_mse":1.646736e-2,"first_block_mean_mse":1.794486e-1,"pooled_over_per_block_mean":1.2847,"pooled_over_per_block_median":1.1559,"pooled_over_per_block_max":2.3386,"first_over_per_block_mean":13.9999,"first_over_per_block_median":15.3574,"first_over_per_block_max":26.1189,"pooled_d_eff":101,"first_d_eff":61,"per_block_d_eff":[61,42,41,40,39,39,39,39,69,47,46,46,45,45,45,45,71,51,50,50,49,49,48,49,67,51,48,48,48,47,46,46,68,49,48,48,47,47,47,47,60,43,41,41,40,41,40,40,71,51,50,50,49,49,49,49,60,45,43,43,42,42,42,41],"per_block_mses":[1.601493e-2,1.292844e-2,1.216739e-2,1.215350e-2,1.252057e-2,1.201304e-2,1.186347e-2,1.162777e-2,1.811187e-2,1.437263e-2,1.362005e-2,1.290731e-2,1.314225e-2,1.265677e-2,1.248916e-2,1.242935e-2,1.517751e-2,9.776231e-3,9.234820e-3,8.733026e-3,8.955370e-3,8.622230e-3,8.918356e-3,8.256384e-3,1.153597e-2,6.888468e-3,7.081629e-3,6.730899e-3,6.456541e-3,6.598649e-3,6.847311e-3,6.707830e-3,1.918674e-2,1.496114e-2,1.423289e-2,1.359986e-2,1.411765e-2,1.369642e-2,1.349619e-2,1.312117e-2,2.280722e-2,1.680486e-2,1.707200e-2,1.640571e-2,1.691579e-2,1.553963e-2,1.605499e-2,1.593286e-2,1.393173e-2,1.014340e-2,9.520446e-3,9.123744e-3,9.388706e-3,9.043483e-3,8.941334e-3,8.796646e-3,2.436060e-2,1.685502e-2,1.695566e-2,1.615091e-2,1.674883e-2,1.624456e-2,1.606074e-2,1.658909e-2],"layer_pooled_mses":[2.830835e-2,1.484673e-2,1.325377e-2,1.269690e-2,1.234005e-2,1.209806e-2,1.205980e-2,1.219391e-2,3.306577e-2,1.645743e-2,1.512230e-2,1.474926e-2,1.462854e-2,1.441019e-2,1.437150e-2,1.472643e-2,3.423697e-2,1.675749e-2,1.505512e-2,1.432202e-2,1.421093e-2,1.374758e-2,1.380583e-2,1.378683e-2,2.584234e-2,1.351168e-2,1.226915e-2,1.172567e-2,1.164629e-2,1.130434e-2,1.130004e-2,1.133594e-2,3.513616e-2,1.786979e-2,1.606723e-2,1.560449e-2,1.542165e-2,1.532696e-2,1.499746e-2,1.516693e-2,3.097292e-2,1.538865e-2,1.365878e-2,1.324028e-2,1.317479e-2,1.320178e-2,1.305885e-2,1.362499e-2,3.258044e-2,1.707484e-2,1.577720e-2,1.520699e-2,1.532860e-2,1.491201e-2,1.500377e-2,1.495126e-2,3.482178e-2,1.749468e-2,1.554402e-2,1.469444e-2,1.488358e-2,1.435040e-2,1.461262e-2,1.457568e-2],"first_block_mses":[1.601493e-2,1.492005e-2,1.846573e-2,2.114407e-2,2.218750e-2,2.374498e-2,2.463129e-2,2.636487e-2,2.433802e-1,2.048332e-1,1.978631e-1,1.938064e-1,1.962990e-1,1.891902e-1,1.907205e-1,1.893533e-1,1.991986e-1,1.461722e-1,1.408113e-1,1.371816e-1,1.381365e-1,1.330327e-1,1.345006e-1,1.318244e-1,1.979585e-1,1.610397e-1,1.689075e-1,1.691628e-1,1.679613e-1,1.680203e-1,1.711115e-1,1.752014e-1,2.498056e-1,2.263627e-1,2.246837e-1,2.207103e-1,2.230216e-1,2.181507e-1,2.197141e-1,2.171264e-1,3.193243e-1,2.591375e-1,2.602448e-1,2.519497e-1,2.550348e-1,2.460626e-1,2.517643e-1,2.540758e-1,1.911737e-1,1.564806e-1,1.496285e-1,1.459228e-1,1.459646e-1,1.420173e-1,1.420038e-1,1.401986e-1,3.166833e-1,2.524503e-1,2.538759e-1,2.488631e-1,2.479320e-1,2.437333e-1,2.468095e-1,2.506622e-1]}