{"n_vecs":32768,"dim":128,"block_size":512,"n_blocks":64,"variance_ratio":0.95,"per_block_mean_mse":2.443215e-1,"layer_pooled_mean_mse":4.323675e-1,"first_block_mean_mse":3.779048e0,"pooled_over_per_block_mean":1.7697,"pooled_over_per_block_median":1.4883,"pooled_over_per_block_max":5.7019,"first_over_per_block_mean":15.4675,"first_over_per_block_median":15.7322,"first_over_per_block_max":28.1446,"pooled_d_eff":57,"first_d_eff":55,"per_block_d_eff":[55,54,54,54,54,54,54,54,58,58,58,58,58,57,58,57,29,32,33,33,33,33,34,34,25,27,27,27,27,27,27,28,34,36,37,37,37,37,37,38,23,25,25,25,25,26,26,26,25,27,27,27,27,27,27,28,35,38,38,38,38,39,39,39],"per_block_mses":[1.506689e-1,1.417338e-1,1.419651e-1,1.417181e-1,1.422224e-1,1.419847e-1,1.425871e-1,1.424595e-1,1.236193e-1,1.107147e-1,1.081188e-1,1.084965e-1,1.083337e-1,1.132928e-1,1.080446e-1,1.133749e-1,2.590510e-1,2.388672e-1,2.309811e-1,2.338901e-1,2.336519e-1,2.357299e-1,2.266160e-1,2.282467e-1,3.319021e-1,3.101040e-1,3.168831e-1,3.176437e-1,3.197906e-1,3.220399e-1,3.252477e-1,3.072268e-1,2.919491e-1,2.660409e-1,2.579488e-1,2.600971e-1,2.622006e-1,2.651204e-1,2.657535e-1,2.568353e-1,3.444899e-1,3.205921e-1,3.286636e-1,3.289189e-1,3.336884e-1,3.151669e-1,3.211571e-1,3.225558e-1,3.022033e-1,2.907022e-1,2.971893e-1,2.989056e-1,3.015933e-1,3.032965e-1,3.068181e-1,2.905791e-1,2.743599e-1,2.498209e-1,2.516144e-1,2.537137e-1,2.545784e-1,2.463613e-1,2.472024e-1,2.492542e-1],"layer_pooled_mses":[7.936786e-1,7.837695e-1,7.955293e-1,8.080615e-1,7.976424e-1,7.906056e-1,7.992866e-1,8.114421e-1,5.360021e-1,5.437976e-1,5.330100e-1,5.374458e-1,5.443916e-1,5.376322e-1,5.422381e-1,5.691653e-1,3.502766e-1,3.515324e-1,3.623607e-1,3.635058e-1,3.639964e-1,3.651150e-1,3.618218e-1,3.874515e-1,3.428371e-1,3.766015e-1,3.704238e-1,3.703024e-1,3.743286e-1,3.814318e-1,3.959538e-1,4.108571e-1,3.666194e-1,3.703217e-1,3.827918e-1,3.783813e-1,3.790545e-1,3.785004e-1,3.955223e-1,4.274434e-1,3.099769e-1,2.812505e-1,2.712787e-1,2.693495e-1,2.732464e-1,2.734319e-1,2.788727e-1,2.942460e-1,2.790793e-1,2.943125e-1,2.959999e-1,2.976437e-1,2.931177e-1,2.934358e-1,2.976484e-1,3.108552e-1,4.176850e-1,4.212454e-1,4.064413e-1,3.992625e-1,4.015264e-1,4.048663e-1,4.074284e-1,4.681902e-1],"first_block_mses":[1.506689e-1,9.313378e-1,1.400905e0,1.133203e0,1.487033e0,1.784008e0,1.653594e0,1.436806e0,2.240598e0,2.577672e0,2.770900e0,2.633062e0,2.598691e0,2.955501e0,3.040874e0,2.798182e0,3.588495e0,3.887028e0,4.107065e0,4.347500e0,4.455629e0,4.304701e0,4.620371e0,4.501427e0,4.369163e0,4.163589e0,4.156683e0,4.267275e0,4.401548e0,4.142224e0,4.024082e0,4.232376e0,3.669973e0,3.659255e0,3.582486e0,3.375941e0,3.386095e0,3.485561e0,3.424201e0,3.520691e0,4.448200e0,4.638450e0,4.728059e0,5.023004e0,5.139412e0,4.958272e0,4.800105e0,4.716979e0,4.768803e0,4.973472e0,5.175087e0,5.132451e0,5.021226e0,4.976618e0,5.056720e0,4.753439e0,4.442122e0,4.551568e0,4.470405e0,4.480221e0,4.446880e0,4.419039e0,4.651325e0,4.820824e0]}