{"n_vecs":32768,"dim":128,"block_size":512,"n_blocks":64,"variance_ratio":0.95,"per_block_mean_mse":4.681702e-2,"layer_pooled_mean_mse":6.495238e-2,"first_block_mean_mse":6.094864e-1,"pooled_over_per_block_mean":1.3874,"pooled_over_per_block_median":1.3590,"pooled_over_per_block_max":2.5451,"first_over_per_block_mean":13.0185,"first_over_per_block_median":13.7356,"first_over_per_block_max":21.9874,"pooled_d_eff":99,"first_d_eff":71,"per_block_d_eff":[71,48,47,46,46,45,45,44,57,42,40,40,40,39,40,39,67,45,43,43,43,42,42,41,67,46,45,44,44,43,44,43,70,50,48,48,48,47,48,47,71,49,47,47,47,45,46,45,70,49,47,46,46,45,46,45,67,46,45,44,45,43,44,43],"per_block_mses":[5.895617e-2,5.034881e-2,4.481790e-2,4.444355e-2,4.323124e-2,4.237819e-2,4.208331e-2,4.175896e-2,7.702306e-2,6.219174e-2,6.093124e-2,5.935029e-2,5.786722e-2,5.911863e-2,5.523232e-2,5.661283e-2,6.214616e-2,5.060411e-2,4.871343e-2,4.658763e-2,4.495769e-2,4.412041e-2,4.411978e-2,4.359407e-2,1.016423e-1,7.687961e-2,6.827623e-2,7.004574e-2,6.646308e-2,6.491468e-2,6.036035e-2,6.102667e-2,4.874088e-2,3.405570e-2,3.126647e-2,2.963418e-2,2.904511e-2,2.812748e-2,2.593055e-2,2.635845e-2,5.758192e-2,4.437272e-2,4.041442e-2,3.860560e-2,3.741040e-2,3.806904e-2,3.571075e-2,3.605340e-2,4.544014e-2,3.434893e-2,3.211581e-2,3.212293e-2,3.089074e-2,3.062098e-2,2.932486e-2,2.925082e-2,5.767214e-2,4.697273e-2,4.202753e-2,4.168424e-2,3.824943e-2,3.965116e-2,3.660079e-2,3.714188e-2],"layer_pooled_mses":[1.232727e-1,6.885914e-2,6.090649e-2,5.918299e-2,5.736344e-2,5.490864e-2,5.464988e-2,5.400028e-2,1.121017e-1,6.479017e-2,5.731868e-2,5.716960e-2,5.584993e-2,5.581290e-2,5.572190e-2,5.611413e-2,1.190364e-1,6.133085e-2,5.451762e-2,5.211368e-2,5.133836e-2,4.880070e-2,4.937266e-2,4.850594e-2,1.810304e-1,8.003752e-2,6.774329e-2,6.414904e-2,6.209326e-2,6.008876e-2,6.096373e-2,6.105577e-2,1.192258e-1,6.132116e-2,5.268729e-2,5.041666e-2,4.877531e-2,4.709832e-2,4.653462e-2,4.664507e-2,1.465511e-1,7.162709e-2,6.013963e-2,5.692031e-2,5.530877e-2,5.425345e-2,5.612006e-2,5.646496e-2,1.126428e-1,5.909881e-2,5.155388e-2,5.085736e-2,4.850886e-2,4.747725e-2,4.674204e-2,4.665971e-2,1.177619e-1,6.513036e-2,5.649435e-2,5.368690e-2,5.192946e-2,4.957391e-2,4.958354e-2,4.896061e-2],"first_block_mses":[5.895617e-2,5.818233e-2,6.741520e-2,7.554296e-2,7.863788e-2,8.281325e-2,8.539021e-2,8.753529e-2,1.003426e0,1.008361e0,9.815727e-1,9.746385e-1,9.547991e-1,9.462242e-1,9.411317e-1,9.309439e-1,6.270092e-1,5.656120e-1,5.291372e-1,5.329916e-1,5.105805e-1,5.082139e-1,4.963185e-1,4.892212e-1,1.198743e0,1.102305e0,1.006034e0,9.982433e-1,9.510498e-1,9.323868e-1,9.050394e-1,9.044050e-1,8.258647e-1,7.034331e-1,6.392473e-1,6.268398e-1,5.963861e-1,5.891182e-1,5.701460e-1,5.669809e-1,7.436426e-1,7.382347e-1,6.913854e-1,6.778538e-1,6.618297e-1,6.507842e-1,6.381019e-1,6.349372e-1,5.031427e-1,4.260077e-1,4.117051e-1,4.031405e-1,3.974976e-1,3.958359e-1,3.886340e-1,3.827504e-1,6.959656e-1,6.278568e-1,5.679217e-1,5.678938e-1,5.363542e-1,5.360834e-1,5.085262e-1,5.101658e-1]}