{"n_vecs":32768,"dim":128,"block_size":512,"n_blocks":64,"variance_ratio":0.95,"per_block_mean_mse":8.715123e-2,"layer_pooled_mean_mse":2.237090e-1,"first_block_mean_mse":1.912313e0,"pooled_over_per_block_mean":2.5669,"pooled_over_per_block_median":2.6556,"pooled_over_per_block_max":4.3886,"first_over_per_block_mean":21.9425,"first_over_per_block_median":23.8612,"first_over_per_block_max":43.7787,"pooled_d_eff":80,"first_d_eff":49,"per_block_d_eff":[49,47,46,46,46,46,47,46,64,62,61,61,61,61,61,61,69,68,67,68,67,68,68,68,46,46,47,47,47,47,47,47,44,44,44,44,44,44,44,44,71,68,68,68,68,68,68,68,58,57,57,57,57,57,57,57,67,64,64,65,65,65,65,65],"per_block_mses":[9.645844e-2,9.230351e-2,9.486899e-2,9.553968e-2,9.531979e-2,9.602476e-2,9.205764e-2,9.695453e-2,6.096612e-2,5.925411e-2,6.038032e-2,6.051269e-2,5.991574e-2,5.987867e-2,5.979905e-2,6.011721e-2,1.098292e-1,9.760379e-2,1.002294e-1,9.769116e-2,1.015144e-1,9.794348e-2,9.707512e-2,9.773986e-2,1.025209e-1,9.293036e-2,8.772431e-2,8.804979e-2,8.813472e-2,8.844698e-2,8.811793e-2,8.849406e-2,1.086751e-1,1.032036e-1,1.032943e-1,1.036246e-1,1.035456e-1,1.044508e-1,1.034924e-1,1.044088e-1,9.811886e-2,9.291926e-2,9.173559e-2,9.077228e-2,9.101938e-2,8.989668e-2,9.016840e-2,8.999821e-2,1.082951e-1,9.917616e-2,9.728829e-2,9.726299e-2,9.706812e-2,9.741678e-2,9.782559e-2,9.789267e-2,6.182997e-2,5.751460e-2,5.727500e-2,5.501024e-2,5.491448e-2,5.496262e-2,5.512579e-2,5.509953e-2],"layer_pooled_mses":[2.215142e-1,1.925115e-1,1.895764e-1,1.919528e-1,1.826552e-1,1.773873e-1,1.797885e-1,1.847888e-1,1.941331e-1,1.558078e-1,1.571807e-1,1.767441e-1,1.869843e-1,1.622055e-1,1.538924e-1,1.666024e-1,3.098191e-1,3.015437e-1,2.998850e-1,3.017423e-1,3.016704e-1,3.065684e-1,3.068882e-1,3.085142e-1,1.780343e-1,1.728278e-1,1.707129e-1,1.766012e-1,1.719873e-1,1.664135e-1,1.748591e-1,1.929708e-1,1.799098e-1,1.693594e-1,1.686042e-1,1.747314e-1,1.747155e-1,1.715031e-1,1.666360e-1,1.808665e-1,3.072260e-1,2.793690e-1,2.760022e-1,2.773617e-1,2.764852e-1,2.795286e-1,2.783954e-1,2.841663e-1,2.533432e-1,2.481523e-1,2.503228e-1,2.606965e-1,2.577756e-1,2.531855e-1,2.552850e-1,2.619686e-1,2.459321e-1,2.458530e-1,2.405523e-1,2.368463e-1,2.373719e-1,2.341934e-1,2.344637e-1,2.418077e-1],"first_block_mses":[9.645844e-2,4.900059e-1,6.599008e-1,8.123492e-1,8.162293e-1,9.025777e-1,8.994182e-1,9.664680e-1,1.067464e0,1.444882e0,1.440748e0,1.579348e0,1.990120e0,1.745659e0,1.878178e0,2.150599e0,1.893788e0,2.567307e0,2.661352e0,2.618628e0,2.882719e0,2.665321e0,2.727695e0,3.150920e0,1.255556e0,1.478215e0,1.559921e0,1.559798e0,1.664891e0,1.724303e0,1.748119e0,1.843655e0,1.424969e0,1.733867e0,1.829757e0,2.014705e0,1.999286e0,2.339244e0,2.403149e0,2.283261e0,2.028331e0,2.221949e0,2.129734e0,2.107814e0,2.216936e0,2.290956e0,2.485770e0,2.566112e0,1.811667e0,1.899765e0,2.066911e0,2.511080e0,2.355999e0,2.758906e0,2.804723e0,2.561378e0,1.909692e0,1.741100e0,1.956726e0,2.173642e0,1.951330e0,2.406192e0,2.283297e0,2.177162e0]}