{"n_vecs":32768,"dim":128,"block_size":512,"n_blocks":64,"variance_ratio":0.95,"per_block_mean_mse":2.507423e0,"layer_pooled_mean_mse":2.917669e0,"first_block_mean_mse":2.992176e1,"pooled_over_per_block_mean":1.1636,"pooled_over_per_block_median":1.2416,"pooled_over_per_block_max":1.6943,"first_over_per_block_mean":11.9333,"first_over_per_block_median":13.0813,"first_over_per_block_max":16.9060,"pooled_d_eff":109,"first_d_eff":63,"per_block_d_eff":[63,54,53,53,53,53,53,53,62,54,54,54,54,54,53,54,62,54,54,54,54,54,54,54,64,56,55,56,55,55,55,55,65,55,55,55,55,54,54,54,63,53,53,53,53,53,53,53,69,56,56,56,56,56,56,56,64,54,54,54,54,54,54,54],"per_block_mses":[2.851814e0,2.429963e0,2.532577e0,2.524873e0,2.512306e0,2.477371e0,2.479523e0,2.475396e0,3.542114e0,3.141227e0,3.054193e0,3.051212e0,3.032216e0,2.994437e0,3.219732e0,2.975022e0,3.314702e0,2.973041e0,2.904890e0,2.911435e0,2.903354e0,2.864783e0,2.854824e0,2.831899e0,1.962517e0,1.646262e0,1.708954e0,1.605418e0,1.708129e0,1.688799e0,1.681251e0,1.678716e0,3.979291e0,3.501776e0,3.374780e0,3.357226e0,3.338575e0,3.536673e0,3.514401e0,3.478564e0,2.367806e0,2.141075e0,2.090082e0,2.097090e0,2.096263e0,2.071832e0,2.070632e0,2.053543e0,2.132139e0,1.916978e0,1.854442e0,1.871566e0,1.862103e0,1.845011e0,1.845488e0,1.840476e0,2.504967e0,2.231379e0,2.165264e0,2.186236e0,2.168870e0,2.154117e0,2.146426e0,2.147028e0],"layer_pooled_mses":[3.723062e0,2.831177e0,2.733731e0,2.769273e0,2.746737e0,2.740550e0,2.741038e0,2.736651e0,3.973459e0,3.044726e0,2.956732e0,2.984245e0,2.961943e0,2.980648e0,2.954307e0,2.956298e0,3.871605e0,2.964005e0,2.854801e0,2.853646e0,2.841450e0,2.816308e0,2.819977e0,2.796057e0,3.325063e0,2.709641e0,2.653857e0,2.692034e0,2.684010e0,2.663373e0,2.677000e0,2.658835e0,4.361790e0,3.167809e0,3.036938e0,3.059706e0,3.017688e0,3.023607e0,3.011743e0,3.016985e0,3.416509e0,2.688524e0,2.593459e0,2.623467e0,2.602677e0,2.601179e0,2.586185e0,2.601958e0,3.530253e0,2.747120e0,2.678553e0,2.685369e0,2.661040e0,2.660419e0,2.662968e0,2.677285e0,3.737429e0,2.866476e0,2.766301e0,2.799934e0,2.799778e0,2.783477e0,2.786298e0,2.761656e0],"first_block_mses":[2.851814e0,2.443104e0,2.568506e0,2.825693e0,2.828014e0,2.972481e0,2.980647e0,3.132304e0,4.483528e1,4.064720e1,4.019191e1,4.023956e1,4.034255e1,3.983600e1,4.001387e1,3.941393e1,4.010370e1,3.609142e1,3.548701e1,3.571872e1,3.564159e1,3.535717e1,3.531470e1,3.501703e1,2.513396e1,2.301184e1,2.281847e1,2.296808e1,2.296535e1,2.277611e1,2.280993e1,2.269380e1,4.993967e1,4.510509e1,4.396508e1,4.459480e1,4.423679e1,4.400702e1,4.383594e1,4.370374e1,3.354249e1,3.103610e1,3.077496e1,3.104764e1,3.108861e1,3.088230e1,3.094457e1,3.069982e1,3.458867e1,3.174687e1,3.132015e1,3.155611e1,3.133498e1,3.119174e1,3.117771e1,3.107810e1,3.207699e1,2.850651e1,2.814468e1,2.829230e1,2.837173e1,2.806877e1,2.818176e1,2.791952e1]}