{"n_vecs":32768,"dim":128,"block_size":512,"n_blocks":64,"variance_ratio":0.95,"per_block_mean_mse":9.545815e-3,"layer_pooled_mean_mse":1.363056e-2,"first_block_mean_mse":1.452222e-1,"pooled_over_per_block_mean":1.4279,"pooled_over_per_block_median":1.5388,"pooled_over_per_block_max":2.8552,"first_over_per_block_mean":15.2132,"first_over_per_block_median":16.3783,"first_over_per_block_max":21.9956,"pooled_d_eff":95,"first_d_eff":59,"per_block_d_eff":[59,48,45,45,45,45,45,44,44,42,37,37,38,39,38,36,68,50,49,49,49,49,49,49,65,49,47,47,47,47,46,46,61,51,48,47,48,48,48,46,42,43,36,37,38,39,38,35,46,47,40,40,42,42,41,39,65,46,44,43,44,43,44,43],"per_block_mses":[1.291294e-2,7.236369e-3,7.428852e-3,7.021059e-3,6.877662e-3,6.662987e-3,6.624851e-3,6.743647e-3,2.744198e-2,1.118014e-2,1.298223e-2,1.232836e-2,1.135786e-2,1.052683e-2,1.106697e-2,1.203492e-2,1.012584e-2,6.969940e-3,6.438738e-3,6.124498e-3,6.015922e-3,5.908365e-3,5.828394e-3,5.678671e-3,1.113091e-2,7.328008e-3,7.152272e-3,6.732470e-3,6.551228e-3,6.412509e-3,6.727535e-3,6.535462e-3,1.466796e-2,7.143788e-3,7.387878e-3,7.510268e-3,6.854052e-3,6.769577e-3,6.642074e-3,7.316908e-3,2.327078e-2,7.825525e-3,9.947733e-3,9.050350e-3,8.358487e-3,7.782007e-3,8.127951e-3,9.266860e-3,2.507018e-2,9.159466e-3,1.175152e-2,1.124908e-2,9.877650e-3,9.674894e-3,1.009085e-2,1.091611e-2,1.423323e-2,1.066938e-2,1.035216e-2,1.023668e-2,9.434832e-3,9.765042e-3,9.088205e-3,9.352258e-3],"layer_pooled_mses":[2.487404e-2,1.273485e-2,1.143153e-2,1.087082e-2,1.060779e-2,1.051401e-2,1.045405e-2,1.036411e-2,3.146246e-2,1.349816e-2,1.177341e-2,1.125376e-2,1.105388e-2,1.104316e-2,1.098699e-2,1.101721e-2,2.891126e-2,1.392115e-2,1.246901e-2,1.199603e-2,1.177278e-2,1.171972e-2,1.177576e-2,1.177012e-2,2.760535e-2,1.371486e-2,1.228638e-2,1.179314e-2,1.141378e-2,1.128436e-2,1.118977e-2,1.114699e-2,2.829784e-2,1.375794e-2,1.227190e-2,1.196164e-2,1.171453e-2,1.166752e-2,1.161673e-2,1.156285e-2,2.468013e-2,1.137361e-2,1.002458e-2,9.653147e-3,9.352844e-3,9.361698e-3,9.287722e-3,9.162591e-3,2.868817e-2,1.337132e-2,1.182163e-2,1.143978e-2,1.121425e-2,1.117856e-2,1.116889e-2,1.115269e-2,3.169834e-2,1.457762e-2,1.259012e-2,1.213109e-2,1.183096e-2,1.174448e-2,1.166818e-2,1.162162e-2],"first_block_mses":[1.291294e-2,1.124234e-2,1.268157e-2,1.416033e-2,1.460983e-2,1.530770e-2,1.555119e-2,1.614503e-2,3.535464e-1,1.614813e-1,1.895145e-1,1.836318e-1,1.711353e-1,1.641955e-1,1.718405e-1,1.852016e-1,1.566115e-1,1.309045e-1,1.287214e-1,1.267767e-1,1.251804e-1,1.247288e-1,1.252183e-1,1.249057e-1,1.585561e-1,1.356119e-1,1.365302e-1,1.311136e-1,1.283667e-1,1.265152e-1,1.277753e-1,1.269326e-1,1.899575e-1,1.101530e-1,1.149101e-1,1.126869e-1,1.067106e-1,1.044259e-1,1.056066e-1,1.098202e-1,3.035945e-1,1.278994e-1,1.553780e-1,1.495796e-1,1.385774e-1,1.312091e-1,1.379856e-1,1.497678e-1,3.112070e-1,1.681820e-1,1.924703e-1,1.877247e-1,1.771267e-1,1.717574e-1,1.778713e-1,1.898539e-1,2.271020e-1,2.128764e-1,2.105723e-1,2.087265e-1,2.006529e-1,2.019225e-1,1.994572e-1,2.008458e-1]}