{"n_vecs":32768,"dim":128,"block_size":512,"n_blocks":64,"variance_ratio":0.95,"per_block_mean_mse":2.497003e-1,"layer_pooled_mean_mse":3.423735e-1,"first_block_mean_mse":3.231855e0,"pooled_over_per_block_mean":1.3711,"pooled_over_per_block_median":1.3393,"pooled_over_per_block_max":2.6126,"first_over_per_block_mean":12.9429,"first_over_per_block_median":12.5298,"first_over_per_block_max":18.5474,"pooled_d_eff":102,"first_d_eff":72,"per_block_d_eff":[72,55,54,53,53,52,53,52,58,49,48,48,48,48,48,48,62,52,51,51,51,51,51,50,62,43,43,42,42,42,42,42,64,52,51,50,50,50,50,50,69,51,51,50,50,49,50,49,59,46,45,45,45,45,45,45,64,50,50,49,49,49,49,48],"per_block_mses":[1.676902e-1,1.303559e-1,1.232741e-1,1.269757e-1,1.240926e-1,1.248024e-1,1.171113e-1,1.210138e-1,4.153271e-1,3.751040e-1,3.756045e-1,3.725802e-1,3.673001e-1,3.641734e-1,3.605410e-1,3.567212e-1,3.235907e-1,2.867467e-1,2.791846e-1,2.772668e-1,2.708871e-1,2.664859e-1,2.636195e-1,2.779920e-1,3.609172e-1,2.967914e-1,2.628327e-1,2.651196e-1,2.591058e-1,2.464812e-1,2.478793e-1,2.411139e-1,2.805335e-1,2.193949e-1,2.117596e-1,2.185063e-1,2.151901e-1,2.076639e-1,2.063392e-1,2.044263e-1,2.468035e-1,1.948259e-1,1.753964e-1,1.776448e-1,1.740120e-1,1.751915e-1,1.681992e-1,1.726498e-1,3.098272e-1,2.454598e-1,2.418102e-1,2.353128e-1,2.298195e-1,2.224165e-1,2.218496e-1,2.180495e-1,3.745591e-1,3.078637e-1,2.775362e-1,2.907359e-1,2.851429e-1,2.723522e-1,2.691167e-1,2.817482e-1],"layer_pooled_mses":[4.381036e-1,2.815376e-1,2.594474e-1,2.577371e-1,2.493651e-1,2.500666e-1,2.461404e-1,2.491718e-1,5.701581e-1,3.827392e-1,3.666160e-1,3.621175e-1,3.585719e-1,3.559766e-1,3.583705e-1,3.568538e-1,5.161915e-1,3.722166e-1,3.529024e-1,3.532288e-1,3.541451e-1,3.518798e-1,3.582265e-1,3.536535e-1,5.601416e-1,3.070973e-1,2.760408e-1,2.673996e-1,2.566849e-1,2.549345e-1,2.538825e-1,2.543480e-1,5.320298e-1,3.424788e-1,3.252620e-1,3.210448e-1,3.190017e-1,3.142834e-1,3.153411e-1,3.128048e-1,5.412593e-1,3.195256e-1,2.927674e-1,2.888575e-1,2.825528e-1,2.797298e-1,2.782478e-1,2.791582e-1,4.889384e-1,3.126390e-1,2.934319e-1,2.907643e-1,2.855907e-1,2.824907e-1,2.843648e-1,2.798426e-1,6.547480e-1,4.123129e-1,3.752450e-1,3.733182e-1,3.659679e-1,3.636082e-1,3.593791e-1,3.589678e-1],"first_block_mses":[1.676902e-1,1.620443e-1,1.870219e-1,2.155836e-1,2.170320e-1,2.320527e-1,2.358365e-1,2.509240e-1,4.518851e0,4.262825e0,4.176177e0,4.185479e0,4.173927e0,4.135072e0,4.159241e0,4.110765e0,3.734127e0,3.580733e0,3.438339e0,3.461565e0,3.383659e0,3.391253e0,3.358588e0,3.356495e0,4.885127e0,4.602483e0,4.428623e0,4.323229e0,4.260795e0,4.186034e0,4.164441e0,4.036048e0,3.080023e0,2.686861e0,2.625447e0,2.627702e0,2.614620e0,2.601984e0,2.588277e0,2.576343e0,3.165481e0,2.937537e0,2.851472e0,2.860076e0,2.807353e0,2.826549e0,2.794363e0,2.809292e0,3.468942e0,3.029274e0,2.922619e0,2.885838e0,2.859012e0,2.838689e0,2.835703e0,2.813926e0,5.575651e0,5.375321e0,5.147572e0,5.074380e0,4.945290e0,4.877125e0,4.862716e0,4.891191e0]}