{"n_vecs":32768,"dim":128,"block_size":512,"n_blocks":64,"variance_ratio":0.95,"per_block_mean_mse":3.889234e-2,"layer_pooled_mean_mse":5.195274e-2,"first_block_mean_mse":7.243352e-1,"pooled_over_per_block_mean":1.3358,"pooled_over_per_block_median":1.4278,"pooled_over_per_block_max":2.3647,"first_over_per_block_mean":18.6241,"first_over_per_block_median":22.4552,"first_over_per_block_max":30.9851,"pooled_d_eff":94,"first_d_eff":39,"per_block_d_eff":[39,47,34,37,42,37,38,39,44,46,36,38,42,39,40,40,45,49,37,40,44,40,41,42,60,47,43,43,44,43,43,43,66,46,45,44,45,44,44,43,38,47,35,37,42,38,39,40,61,49,44,44,46,43,44,44,40,47,35,38,42,39,39,40],"per_block_mses":[1.378335e-1,4.168454e-2,6.724803e-2,5.507883e-2,4.071707e-2,5.027871e-2,4.743703e-2,4.257170e-2,8.187916e-2,3.024639e-2,4.188010e-2,3.667293e-2,2.904458e-2,3.222640e-2,3.074050e-2,2.888726e-2,5.872357e-2,1.970916e-2,2.955756e-2,2.481749e-2,1.967078e-2,2.245236e-2,2.139995e-2,1.917228e-2,6.654593e-2,4.415319e-2,4.479646e-2,4.277544e-2,3.916502e-2,3.873503e-2,3.877687e-2,3.668217e-2,4.670309e-2,3.699593e-2,3.249340e-2,3.357351e-2,3.079361e-2,3.047371e-2,3.078639e-2,3.080064e-2,9.088037e-2,2.573604e-2,4.048960e-2,3.566727e-2,2.617726e-2,3.065546e-2,2.940224e-2,2.627227e-2,5.294521e-2,3.076054e-2,3.131791e-2,3.008720e-2,2.649694e-2,2.839673e-2,2.716125e-2,2.569878e-2,8.226665e-2,2.676806e-2,4.080506e-2,3.392867e-2,2.669226e-2,2.989711e-2,2.979157e-2,2.663530e-2],"layer_pooled_mses":[1.160306e-1,6.316953e-2,5.349182e-2,5.215037e-2,4.992050e-2,4.846540e-2,4.847618e-2,4.784180e-2,8.772587e-2,5.004924e-2,4.406342e-2,4.240560e-2,4.146973e-2,3.946717e-2,3.970706e-2,3.908528e-2,7.651040e-2,4.425263e-2,3.895749e-2,3.695852e-2,3.598653e-2,3.502287e-2,3.536255e-2,3.504702e-2,1.173183e-1,6.247067e-2,5.434874e-2,5.321940e-2,5.156785e-2,5.072998e-2,5.057226e-2,5.024874e-2,1.104398e-1,5.806579e-2,4.981153e-2,4.984298e-2,4.806353e-2,4.727357e-2,4.686317e-2,4.703231e-2,8.386535e-2,4.725254e-2,4.141865e-2,4.055147e-2,3.967854e-2,3.817435e-2,3.866897e-2,3.818225e-2,1.054564e-1,5.684857e-2,4.678174e-2,4.556801e-2,4.316604e-2,4.307257e-2,4.359810e-2,4.298709e-2,8.755202e-2,4.843051e-2,4.186115e-2,4.124169e-2,4.034136e-2,4.014349e-2,4.060045e-2,4.004814e-2],"first_block_mses":[1.378335e-1,1.233572e-1,1.369035e-1,1.494427e-1,1.528076e-1,1.608535e-1,1.632117e-1,1.722470e-1,1.362997e0,6.433228e-1,8.145152e-1,7.261299e-1,6.280376e-1,6.823500e-1,6.697717e-1,6.275594e-1,1.146057e0,6.106911e-1,7.332797e-1,6.669374e-1,5.812360e-1,6.242500e-1,6.143600e-1,5.814294e-1,1.212982e0,9.648059e-1,9.261601e-1,9.144989e-1,8.548409e-1,8.718212e-1,8.481858e-1,8.389218e-1,8.973099e-1,8.617538e-1,8.145717e-1,8.049635e-1,7.831630e-1,7.823809e-1,7.730646e-1,7.742212e-1,1.522254e0,5.978722e-1,8.159934e-1,7.152890e-1,5.803610e-1,6.538652e-1,6.369387e-1,5.899486e-1,1.052081e0,7.945014e-1,7.833755e-1,7.501326e-1,6.983254e-1,7.102714e-1,6.963747e-1,6.771398e-1,1.504046e0,8.050608e-1,9.664239e-1,8.767825e-1,7.455301e-1,8.111201e-1,7.909688e-1,7.495688e-1]}