{"n_vecs":32768,"dim":128,"block_size":512,"n_blocks":64,"variance_ratio":0.95,"per_block_mean_mse":1.007017e-1,"layer_pooled_mean_mse":4.437668e-1,"first_block_mean_mse":2.275620e0,"pooled_over_per_block_mean":4.4067,"pooled_over_per_block_median":4.4178,"pooled_over_per_block_max":5.2860,"first_over_per_block_mean":22.5976,"first_over_per_block_median":22.4547,"first_over_per_block_max":32.2912,"pooled_d_eff":48,"first_d_eff":54,"per_block_d_eff":[54,52,52,52,52,52,52,52,54,52,52,52,52,52,52,52,51,49,49,49,49,49,49,49,61,60,60,60,60,60,60,60,59,58,59,59,59,59,59,59,52,51,51,51,51,51,51,51,59,59,59,59,59,59,59,59,58,54,54,54,54,54,54,54],"per_block_mses":[6.592020e-2,6.489829e-2,6.456252e-2,6.549557e-2,6.467531e-2,6.574467e-2,6.496973e-2,6.587054e-2,6.554197e-2,6.504124e-2,6.406924e-2,6.522001e-2,6.441650e-2,6.519456e-2,6.441739e-2,6.481070e-2,9.529927e-2,9.339141e-2,9.272223e-2,9.395707e-2,9.263294e-2,9.399256e-2,9.277081e-2,9.395651e-2,1.185282e-1,1.157658e-1,1.153979e-1,1.165359e-1,1.159592e-1,1.166157e-1,1.161051e-1,1.165066e-1,1.043188e-1,1.020732e-1,9.944892e-2,1.003167e-1,1.005970e-1,1.009697e-1,1.013066e-1,1.017195e-1,1.100517e-1,1.036338e-1,1.034684e-1,1.052051e-1,1.045618e-1,1.056751e-1,1.052221e-1,1.060820e-1,1.247131e-1,1.187284e-1,1.187239e-1,1.194742e-1,1.193755e-1,1.195268e-1,1.198027e-1,1.198779e-1,1.335305e-1,1.411572e-1,1.383351e-1,1.395132e-1,1.384885e-1,1.399796e-1,1.387866e-1,1.392615e-1],"layer_pooled_mses":[2.659928e-1,2.606764e-1,2.603234e-1,2.638735e-1,2.674562e-1,2.645562e-1,2.668027e-1,2.592268e-1,2.480444e-1,2.445678e-1,2.384088e-1,2.417357e-1,2.382246e-1,2.379439e-1,2.347117e-1,2.399406e-1,4.397967e-1,4.238811e-1,4.226956e-1,4.235243e-1,4.157399e-1,4.235607e-1,4.208904e-1,4.274524e-1,5.877721e-1,5.579678e-1,5.517368e-1,5.377186e-1,5.422648e-1,5.591282e-1,5.830533e-1,5.897747e-1,4.789361e-1,4.647898e-1,4.481364e-1,4.534403e-1,4.444158e-1,4.659538e-1,5.246455e-1,4.965647e-1,4.463399e-1,4.229577e-1,4.107676e-1,4.082889e-1,4.102580e-1,4.068867e-1,4.166271e-1,4.272833e-1,6.223923e-1,6.083069e-1,6.275711e-1,6.201317e-1,6.241144e-1,6.029471e-1,6.264754e-1,6.151761e-1,5.560189e-1,5.481153e-1,5.410031e-1,5.439327e-1,5.461211e-1,5.461560e-1,5.542178e-1,5.526629e-1],"first_block_mses":[6.592020e-2,3.295629e-1,2.971628e-1,3.973195e-1,3.786339e-1,4.463159e-1,3.923254e-1,3.851000e-1,1.558155e0,1.727775e0,1.657663e0,1.620468e0,1.683466e0,1.667490e0,1.712268e0,1.692637e0,1.891991e0,1.983009e0,1.911247e0,1.844758e0,1.785835e0,1.763028e0,1.875078e0,1.932199e0,2.516312e0,2.743294e0,2.682385e0,2.709598e0,2.627737e0,2.618568e0,2.625753e0,2.754678e0,2.798333e0,2.835388e0,2.970455e0,3.164492e0,2.858989e0,2.838478e0,2.831725e0,2.817885e0,2.005116e0,2.064086e0,2.156851e0,2.234058e0,2.276368e0,2.192625e0,2.204711e0,2.187772e0,3.584928e0,3.833882e0,3.630589e0,3.538844e0,3.570976e0,3.737772e0,3.838162e0,3.662894e0,3.055065e0,3.051557e0,2.967644e0,2.944560e0,2.869698e0,2.822381e0,2.828982e0,2.986663e0]}