{"n_vecs":32768,"dim":128,"block_size":512,"n_blocks":64,"variance_ratio":0.95,"per_block_mean_mse":1.926892e-1,"layer_pooled_mean_mse":4.419640e-1,"first_block_mean_mse":3.044854e0,"pooled_over_per_block_mean":2.2937,"pooled_over_per_block_median":3.2304,"pooled_over_per_block_max":5.6274,"first_over_per_block_mean":15.8019,"first_over_per_block_median":17.2544,"first_over_per_block_max":46.8263,"pooled_d_eff":69,"first_d_eff":30,"per_block_d_eff":[30,32,32,33,33,33,33,33,66,62,62,62,62,62,62,62,37,37,38,38,38,38,38,38,42,42,42,43,42,43,42,43,70,66,66,66,66,66,66,66,63,61,61,61,61,61,61,61,61,58,58,58,58,58,58,58,28,29,30,30,30,30,30,30],"per_block_mses":[2.894716e-1,2.738241e-1,2.778493e-1,2.660342e-1,2.685234e-1,2.693865e-1,2.725130e-1,2.736843e-1,1.001861e-1,9.476901e-2,9.371491e-2,9.321394e-2,9.372807e-2,9.317805e-2,9.354180e-2,9.330241e-2,2.569964e-1,2.550612e-1,2.485102e-1,2.492586e-1,2.523773e-1,2.527132e-1,2.562722e-1,2.559030e-1,2.507139e-1,2.291957e-1,2.292255e-1,2.202683e-1,2.283790e-1,2.208076e-1,2.304197e-1,2.231754e-1,1.161146e-1,1.087901e-1,1.070813e-1,1.069722e-1,1.070856e-1,1.060282e-1,1.060584e-1,1.062534e-1,1.658218e-1,1.547091e-1,1.508298e-1,1.527798e-1,1.513547e-1,1.525959e-1,1.511252e-1,1.526616e-1,1.503039e-1,1.402461e-1,1.377852e-1,1.397788e-1,1.385078e-1,1.401896e-1,1.389385e-1,1.404043e-1,3.035302e-1,2.928754e-1,2.797708e-1,2.801497e-1,2.852493e-1,2.854840e-1,2.876596e-1,2.887759e-1],"layer_pooled_mses":[3.249653e-1,3.292951e-1,3.322407e-1,3.358714e-1,3.281870e-1,3.349337e-1,3.167405e-1,3.296497e-1,5.603531e-1,5.049402e-1,4.973319e-1,4.889530e-1,4.837243e-1,4.925813e-1,5.142595e-1,5.250545e-1,3.203880e-1,3.319193e-1,3.392456e-1,3.404040e-1,3.644221e-1,3.683231e-1,3.633424e-1,3.773769e-1,4.107425e-1,4.052112e-1,4.039747e-1,4.052270e-1,4.138584e-1,4.189070e-1,4.152787e-1,4.420300e-1,6.092157e-1,5.419999e-1,5.333482e-1,5.113408e-1,5.020060e-1,5.227839e-1,5.348247e-1,5.574926e-1,6.066606e-1,5.903068e-1,6.272737e-1,6.483782e-1,6.080287e-1,5.934043e-1,5.833302e-1,5.987815e-1,4.878236e-1,4.675376e-1,4.637221e-1,4.554683e-1,4.474332e-1,4.557125e-1,4.538970e-1,4.822661e-1,2.839044e-1,3.007872e-1,3.401751e-1,3.416393e-1,3.316114e-1,3.208061e-1,3.244518e-1,3.395544e-1],"first_block_mses":[2.894716e-1,7.284211e-1,1.070085e0,1.258845e0,1.562197e0,1.613973e0,1.584132e0,1.615837e0,3.466753e0,3.453118e0,3.511542e0,3.469597e0,3.576967e0,3.768586e0,3.803310e0,3.815018e0,2.442681e0,2.755394e0,2.855326e0,2.812981e0,2.731259e0,2.824738e0,2.853099e0,2.862869e0,2.675184e0,2.973809e0,3.014244e0,3.023673e0,2.891133e0,2.852766e0,2.782581e0,2.926058e0,4.526134e0,4.983348e0,5.014220e0,4.996424e0,4.985746e0,4.944500e0,4.907109e0,4.950304e0,2.861159e0,2.933978e0,3.005950e0,3.063352e0,3.120866e0,3.242131e0,3.306489e0,3.379473e0,2.621058e0,2.905240e0,3.066268e0,3.224489e0,3.539247e0,3.575601e0,3.573821e0,3.566188e0,2.308027e0,2.590678e0,2.623207e0,2.515809e0,2.471764e0,2.541326e0,2.720499e0,2.940586e0]}