{"n_vecs":32768,"dim":128,"block_size":512,"n_blocks":64,"variance_ratio":0.95,"per_block_mean_mse":1.703616e0,"layer_pooled_mean_mse":1.129594e1,"first_block_mean_mse":6.987574e0,"pooled_over_per_block_mean":6.6306,"pooled_over_per_block_median":6.9922,"pooled_over_per_block_max":48.3619,"first_over_per_block_mean":4.1016,"first_over_per_block_median":3.5774,"first_over_per_block_max":30.4781,"pooled_d_eff":1,"first_d_eff":5,"per_block_d_eff":[5,5,5,5,5,5,5,5,24,23,24,23,24,23,24,23,3,3,3,3,3,3,3,3,10,10,10,10,10,9,10,9,13,13,13,13,13,13,13,13,20,21,20,21,20,21,20,21,3,3,3,3,3,3,3,3,3,3,3,3,3,3,3,3],"per_block_mses":[1.596566e0,1.595431e0,1.596971e0,1.593480e0,1.596545e0,1.592944e0,1.599344e0,1.593256e0,2.498415e-1,2.629423e-1,2.494796e-1,2.628327e-1,2.497038e-1,2.624957e-1,2.498743e-1,2.624433e-1,2.990554e0,2.977128e0,2.996820e0,2.973203e0,3.001878e0,2.964660e0,3.010205e0,2.966690e0,1.881807e0,1.876952e0,1.881023e0,1.877541e0,1.882496e0,1.984177e0,1.882538e0,1.984209e0,1.022675e0,1.034184e0,1.022183e0,1.033266e0,1.023334e0,1.032255e0,1.022993e0,1.033273e0,4.948668e-1,4.716670e-1,4.931842e-1,4.719726e-1,4.938061e-1,4.718864e-1,4.931509e-1,4.715483e-1,3.432918e0,3.434119e0,3.438067e0,3.424963e0,3.438421e0,3.425154e0,3.449669e0,3.425449e0,1.940818e0,1.941883e0,1.941027e0,1.940287e0,1.941514e0,1.939245e0,1.945563e0,1.940069e0],"layer_pooled_mses":[7.561501e0,7.319939e0,7.203244e0,7.063338e0,7.131836e0,7.087966e0,7.320260e0,7.362781e0,1.208280e1,1.194474e1,1.201379e1,1.194399e1,1.200893e1,1.199083e1,1.205368e1,1.202953e1,1.617996e1,1.544111e1,1.518997e1,1.469506e1,1.495790e1,1.473495e1,1.571263e1,1.562119e1,1.409025e1,1.386965e1,1.384818e1,1.372609e1,1.394833e1,1.387371e1,1.416206e1,1.421193e1,1.852789e1,1.805015e1,1.817257e1,1.784622e1,1.809689e1,1.790048e1,1.814025e1,1.818308e1,8.051240e0,7.831742e0,7.745913e0,7.664146e0,7.723962e0,7.795817e0,8.034238e0,8.172489e0,1.098292e1,1.057175e1,9.961886e0,9.968018e0,9.737294e0,1.016504e1,1.041194e1,1.113554e1,5.839861e0,5.496733e0,5.369436e0,5.172444e0,5.275287e0,5.262808e0,5.532552e0,5.737675e0],"first_block_mses":[1.596566e0,2.097050e0,2.179782e0,2.494627e0,2.677845e0,2.921137e0,3.749257e0,3.901032e0,7.605577e0,7.702463e0,7.603662e0,7.413854e0,7.435290e0,7.581722e0,7.484160e0,7.371978e0,4.670688e0,4.945393e0,5.021080e0,5.228202e0,5.980154e0,6.202603e0,7.802353e0,8.047166e0,4.410963e0,4.882198e0,4.913843e0,5.296242e0,5.621010e0,5.779012e0,6.734628e0,6.723532e0,6.395518e0,6.484071e0,6.440818e0,6.827622e0,7.110716e0,7.000794e0,7.576607e0,7.888541e0,7.725263e0,7.989091e0,7.975085e0,7.992454e0,8.029449e0,8.502221e0,8.843003e0,9.027406e0,1.002467e1,9.950356e0,1.049020e1,1.118180e1,1.162652e1,1.305543e1,1.355698e1,1.550026e1,6.145421e0,6.255595e0,6.345607e0,6.525975e0,6.979298e0,7.343495e0,8.006809e0,8.332557e0]}