{"n_vecs":32768,"dim":128,"block_size":512,"n_blocks":64,"variance_ratio":0.95,"per_block_mean_mse":1.185978e-1,"layer_pooled_mean_mse":1.602207e0,"first_block_mean_mse":3.701311e0,"pooled_over_per_block_mean":13.5096,"pooled_over_per_block_median":13.4265,"pooled_over_per_block_max":19.0142,"first_over_per_block_mean":31.2089,"first_over_per_block_median":29.6729,"first_over_per_block_max":68.2702,"pooled_d_eff":12,"first_d_eff":57,"per_block_d_eff":[57,54,54,53,53,53,53,53,52,47,46,45,45,45,45,44,51,52,52,52,51,52,51,52,43,50,50,50,50,50,50,50,52,49,48,48,48,48,48,48,52,47,46,46,46,46,45,45,55,53,53,53,53,53,53,52,45,45,44,44,44,44,44,43],"per_block_mses":[1.325812e-1,1.114690e-1,1.078541e-1,1.096068e-1,1.100245e-1,1.086643e-1,1.087370e-1,1.065120e-1,1.239151e-1,1.085781e-1,1.083636e-1,1.106690e-1,1.095279e-1,1.085506e-1,1.076439e-1,1.109495e-1,1.343361e-1,1.100890e-1,1.057328e-1,1.041282e-1,1.074472e-1,1.028312e-1,1.059271e-1,1.007139e-1,2.148574e-1,1.330554e-1,1.290737e-1,1.276362e-1,1.270409e-1,1.269821e-1,1.269131e-1,1.252801e-1,1.582071e-1,1.333538e-1,1.338701e-1,1.323480e-1,1.303653e-1,1.304506e-1,1.286995e-1,1.278106e-1,1.502454e-1,1.360505e-1,1.358371e-1,1.324883e-1,1.314347e-1,1.306045e-1,1.349667e-1,1.335707e-1,1.456451e-1,1.293558e-1,1.253303e-1,1.230064e-1,1.222611e-1,1.215534e-1,1.214989e-1,1.250564e-1,1.087489e-1,7.999011e-2,7.848865e-2,7.788553e-2,7.603454e-2,7.654701e-2,7.449558e-2,7.837078e-2],"layer_pooled_mses":[1.853759e0,1.625700e0,1.598428e0,1.600581e0,1.602271e0,1.578821e0,1.586766e0,1.679521e0,1.408052e0,1.341779e0,1.336589e0,1.306570e0,1.293738e0,1.316459e0,1.321134e0,1.336263e0,2.381285e0,1.809133e0,1.619107e0,1.520495e0,1.498215e0,1.575291e0,1.697504e0,1.914998e0,2.469653e0,2.079455e0,1.975451e0,1.893124e0,1.856071e0,1.886844e0,1.935375e0,2.009210e0,1.970473e0,1.753289e0,1.693599e0,1.669619e0,1.652036e0,1.672198e0,1.675460e0,1.716053e0,1.708259e0,1.472563e0,1.390226e0,1.352949e0,1.353466e0,1.373988e0,1.409088e0,1.528081e0,1.784757e0,1.550618e0,1.523775e0,1.500529e0,1.498862e0,1.494864e0,1.510893e0,1.548582e0,1.637092e0,1.397223e0,1.318146e0,1.267008e0,1.236119e0,1.270163e0,1.307973e0,1.395684e0],"first_block_mses":[1.325812e-1,7.160137e-1,1.113268e0,1.707724e0,2.614197e0,3.026613e0,2.844528e0,3.430706e0,2.176545e0,2.958310e0,2.445583e0,2.091331e0,2.770553e0,4.367241e0,5.936704e0,7.574546e0,2.424574e0,2.979874e0,3.001856e0,3.132180e0,3.630741e0,3.751185e0,3.952415e0,4.437505e0,2.356747e0,3.216590e0,3.646848e0,3.835759e0,4.240673e0,4.404480e0,4.854977e0,5.328887e0,2.765638e0,3.853207e0,4.646757e0,5.337006e0,6.070585e0,6.283913e0,5.918343e0,6.725324e0,3.471562e0,4.461957e0,5.283804e0,6.075610e0,6.732414e0,7.208433e0,6.417125e0,7.527232e0,2.213449e0,2.628451e0,2.835114e0,2.387539e0,3.065512e0,3.832199e0,4.903007e0,6.225696e0,1.472259e0,1.390486e0,1.439277e0,1.792221e0,1.991609e0,2.184952e0,2.316015e0,2.325488e0]}