{"n_vecs":32768,"dim":128,"block_size":512,"n_blocks":64,"variance_ratio":0.95,"per_block_mean_mse":3.527342e-1,"layer_pooled_mean_mse":4.325102e-1,"first_block_mean_mse":5.553472e0,"pooled_over_per_block_mean":1.2262,"pooled_over_per_block_median":1.3380,"pooled_over_per_block_max":2.4834,"first_over_per_block_mean":15.7441,"first_over_per_block_median":17.8833,"first_over_per_block_max":25.7340,"pooled_d_eff":105,"first_d_eff":51,"per_block_d_eff":[51,40,39,39,39,38,38,38,64,55,54,54,54,54,54,54,71,55,54,53,53,53,53,53,66,52,51,51,51,51,51,51,66,51,51,50,50,50,50,50,63,56,55,55,55,55,54,55,73,57,56,56,56,56,56,56,63,53,52,52,52,52,52,52],"per_block_mses":[4.542551e-1,3.929584e-1,3.921802e-1,3.781705e-1,3.757645e-1,3.958996e-1,3.960264e-1,3.913320e-1,6.530097e-1,5.998513e-1,6.074743e-1,6.111708e-1,6.011646e-1,6.003455e-1,5.950683e-1,5.921193e-1,1.611472e-1,1.068346e-1,1.011723e-1,1.025955e-1,1.023187e-1,9.756540e-2,9.916123e-2,9.655238e-2,4.063752e-1,3.193951e-1,3.165550e-1,3.070688e-1,3.061776e-1,2.962784e-1,2.968379e-1,2.903788e-1,3.373942e-1,2.833721e-1,2.589335e-1,2.711144e-1,2.683837e-1,2.612883e-1,2.621274e-1,2.575074e-1,4.892950e-1,4.525394e-1,4.623472e-1,4.632559e-1,4.560998e-1,4.540058e-1,4.881902e-1,4.496517e-1,2.299822e-1,1.828369e-1,1.813375e-1,1.784134e-1,1.767111e-1,1.690161e-1,1.702731e-1,1.656049e-1,5.118103e-1,4.695502e-1,4.745420e-1,4.723567e-1,4.657775e-1,4.610647e-1,4.560523e-1,4.509471e-1],"layer_pooled_mses":[5.670785e-1,3.571232e-1,3.396540e-1,3.301696e-1,3.298365e-1,3.230486e-1,3.319687e-1,3.280337e-1,7.902719e-1,5.720088e-1,5.470681e-1,5.462208e-1,5.462828e-1,5.509681e-1,5.504449e-1,5.494982e-1,4.002004e-1,2.368083e-1,2.282340e-1,2.265652e-1,2.247655e-1,2.210045e-1,2.260521e-1,2.226643e-1,6.662815e-1,4.396243e-1,4.179720e-1,4.199712e-1,4.176549e-1,4.171003e-1,4.213882e-1,4.215161e-1,6.239699e-1,3.844733e-1,3.591476e-1,3.620732e-1,3.590974e-1,3.566685e-1,3.568149e-1,3.558004e-1,6.720927e-1,5.205393e-1,5.056302e-1,5.137294e-1,5.104938e-1,5.157350e-1,5.178973e-1,5.193978e-1,5.375505e-1,3.772982e-1,3.545152e-1,3.512699e-1,3.492424e-1,3.479326e-1,3.493110e-1,3.491879e-1,7.109087e-1,4.951992e-1,4.754320e-1,4.777019e-1,4.764068e-1,4.755606e-1,4.762888e-1,4.758099e-1],"first_block_mses":[4.542551e-1,4.036294e-1,4.374819e-1,4.734477e-1,4.865705e-1,5.151297e-1,5.295544e-1,5.575468e-1,1.115882e1,1.059934e1,1.056633e1,1.061063e1,1.064674e1,1.058966e1,1.063203e1,1.051795e1,3.384880e0,2.649812e0,2.574812e0,2.571789e0,2.527028e0,2.508514e0,2.504953e0,2.484680e0,6.329421e0,5.471862e0,5.419990e0,5.435012e0,5.444307e0,5.373625e0,5.435479e0,5.377647e0,6.110332e0,5.375045e0,5.152742e0,5.233846e0,5.157325e0,5.205515e0,5.141017e0,5.199467e0,7.630783e0,7.557571e0,7.580204e0,7.619826e0,7.672385e0,7.637437e0,7.715708e0,7.633277e0,4.308981e0,3.778241e0,3.700458e0,3.672216e0,3.666628e0,3.636858e0,3.647292e0,3.607742e0,8.824696e0,8.397100e0,8.319326e0,8.332075e0,8.344469e0,8.295474e0,8.332591e0,8.262670e0]}