{"n_vecs":32768,"dim":128,"block_size":512,"n_blocks":64,"variance_ratio":0.95,"per_block_mean_mse":1.071130e-1,"layer_pooled_mean_mse":2.595207e-1,"first_block_mean_mse":2.477831e0,"pooled_over_per_block_mean":2.4229,"pooled_over_per_block_median":2.7623,"pooled_over_per_block_max":3.6663,"first_over_per_block_mean":23.1329,"first_over_per_block_median":23.8166,"first_over_per_block_max":38.9343,"pooled_d_eff":81,"first_d_eff":54,"per_block_d_eff":[54,50,49,49,48,48,48,48,42,39,39,39,39,39,39,39,34,31,31,31,31,30,30,30,60,53,53,53,53,53,53,53,56,50,49,49,49,48,48,48,57,51,50,51,50,50,50,50,57,55,54,54,54,54,54,54,57,51,50,50,50,50,50,50],"per_block_mses":[9.235770e-2,8.473187e-2,8.538140e-2,8.780093e-2,9.016575e-2,9.263968e-2,9.187983e-2,9.365302e-2,1.171986e-1,1.153576e-1,1.164611e-1,1.203558e-1,1.210762e-1,1.212169e-1,1.229569e-1,1.243902e-1,1.597591e-1,1.359268e-1,1.377537e-1,1.363591e-1,1.376298e-1,1.410228e-1,1.433300e-1,1.404789e-1,9.098885e-2,9.218623e-2,9.017053e-2,9.029649e-2,8.894411e-2,8.841677e-2,8.879985e-2,8.811545e-2,1.252131e-1,1.172987e-1,1.200186e-1,1.173352e-1,1.179932e-1,1.209774e-1,1.203948e-1,1.191848e-1,1.328031e-1,1.210197e-1,1.199759e-1,1.153685e-1,1.192563e-1,1.197512e-1,1.191419e-1,1.187637e-1,9.350870e-2,7.486880e-2,7.449148e-2,7.504807e-2,7.247115e-2,7.304257e-2,7.158243e-2,7.179076e-2,1.066698e-1,9.928835e-2,1.005843e-1,9.908788e-2,9.905175e-2,9.769191e-2,9.753973e-2,9.621576e-2],"layer_pooled_mses":[2.855273e-1,2.483220e-1,2.515403e-1,2.553345e-1,2.332978e-1,2.431440e-1,2.532425e-1,2.834004e-1,2.181470e-1,1.951740e-1,1.880414e-1,1.914852e-1,1.956800e-1,2.054908e-1,2.078462e-1,2.218584e-1,2.439175e-1,1.681724e-1,1.670150e-1,1.632431e-1,1.660572e-1,1.653562e-1,1.838611e-1,2.077371e-1,3.257256e-1,2.866687e-1,2.730305e-1,2.719436e-1,2.654035e-1,2.621783e-1,2.598271e-1,2.810828e-1,4.138776e-1,3.453516e-1,3.326062e-1,3.275894e-1,3.327341e-1,3.442623e-1,3.414012e-1,3.478804e-1,3.392929e-1,2.944315e-1,3.145219e-1,3.250878e-1,3.294247e-1,3.233512e-1,3.097022e-1,3.020983e-1,2.599466e-1,2.292468e-1,2.315426e-1,2.271404e-1,2.274552e-1,2.361378e-1,2.379807e-1,2.632080e-1,3.046010e-1,2.474000e-1,2.340044e-1,2.462278e-1,2.463905e-1,2.489246e-1,2.406293e-1,2.361226e-1],"first_block_mses":[9.235770e-2,5.225095e-1,8.099401e-1,1.000034e0,9.606995e-1,1.054072e0,1.265488e0,1.384381e0,1.943351e0,2.590755e0,2.673979e0,2.745648e0,2.493021e0,2.543999e0,2.696711e0,2.671177e0,2.053385e0,2.110512e0,2.206148e0,2.338276e0,2.346264e0,2.329198e0,2.303387e0,2.143597e0,2.553216e0,2.888020e0,2.706673e0,2.512246e0,2.492625e0,2.689041e0,2.905960e0,2.892969e0,3.028464e0,2.867388e0,2.866200e0,2.554821e0,2.836891e0,3.231046e0,3.115247e0,3.240245e0,2.268727e0,2.697548e0,2.528162e0,2.513391e0,2.741405e0,2.744793e0,2.837548e0,3.056596e0,2.092731e0,2.517806e0,2.689954e0,2.732378e0,2.734715e0,2.843859e0,2.568606e0,2.582211e0,2.857494e0,3.025274e0,3.093725e0,3.352269e0,3.693721e0,3.324112e0,3.106348e0,3.317841e0]}