{"n_vecs":32768,"dim":128,"block_size":512,"n_blocks":64,"variance_ratio":0.95,"per_block_mean_mse":7.849933e-1,"layer_pooled_mean_mse":9.358002e-1,"first_block_mean_mse":9.580017e0,"pooled_over_per_block_mean":1.1921,"pooled_over_per_block_median":1.2757,"pooled_over_per_block_max":1.9137,"first_over_per_block_mean":12.2039,"first_over_per_block_median":14.3203,"first_over_per_block_max":19.1545,"pooled_d_eff":107,"first_d_eff":63,"per_block_d_eff":[63,53,53,53,53,53,53,53,63,54,53,53,53,53,53,53,68,57,56,56,56,56,56,56,57,49,49,49,49,49,49,49,63,54,54,54,54,54,54,54,69,54,54,54,54,53,53,53,61,53,53,53,53,53,53,53,68,52,52,52,52,52,52,52],"per_block_mses":[1.089678e0,1.045497e0,1.022659e0,1.011928e0,1.008044e0,9.958770e-1,1.004444e0,9.870847e-1,7.895033e-1,6.996133e-1,7.225060e-1,7.146829e-1,7.174605e-1,7.040308e-1,7.068668e-1,6.975067e-1,9.130326e-1,7.824470e-1,8.003656e-1,8.025300e-1,7.959035e-1,7.797358e-1,7.845785e-1,7.710237e-1,9.185932e-1,8.186264e-1,7.844050e-1,7.898273e-1,7.842477e-1,7.777392e-1,7.779716e-1,7.717338e-1,1.141281e0,1.071466e0,1.040204e0,1.045344e0,1.034263e0,1.036561e0,1.025936e0,1.030693e0,6.166525e-1,4.953715e-1,4.682015e-1,4.612840e-1,4.608015e-1,4.782294e-1,4.816976e-1,4.773499e-1,1.167257e0,1.057033e0,1.013083e0,1.025373e0,1.012865e0,1.012919e0,1.003174e0,1.010537e0,4.792286e-1,3.581569e-1,3.408906e-1,3.325777e-1,3.293486e-1,3.210716e-1,3.233447e-1,3.172332e-1],"layer_pooled_mses":[1.302517e0,1.012790e0,9.885411e-1,9.924902e-1,9.796309e-1,9.823337e-1,9.857347e-1,9.844169e-1,1.200926e0,9.678745e-1,9.397007e-1,9.488396e-1,9.475781e-1,9.410224e-1,9.440494e-1,9.436662e-1,1.445491e0,1.061959e0,1.039268e0,1.023769e0,1.026059e0,1.015235e0,1.018905e0,1.013160e0,1.134073e0,8.463146e-1,8.193215e-1,8.318061e-1,8.280272e-1,8.282631e-1,8.280515e-1,8.309749e-1,1.379844e0,1.068130e0,1.023696e0,1.027455e0,1.034901e0,1.027361e0,1.025083e0,1.017555e0,1.082327e0,7.631010e-1,7.395865e-1,7.465442e-1,7.408114e-1,7.299875e-1,7.398038e-1,7.368182e-1,1.381421e0,1.028234e0,1.005656e0,9.992662e-1,1.004208e0,1.000170e0,1.004750e0,9.959233e-1,9.171062e-1,6.057114e-1,5.786093e-1,5.757861e-1,5.726069e-1,5.602319e-1,5.616789e-1,5.640597e-1],"first_block_mses":[1.089678e0,9.508058e-1,1.029690e0,1.096584e0,1.107107e0,1.157601e0,1.165539e0,1.216485e0,1.139448e1,1.099069e1,1.096041e1,1.100525e1,1.103213e1,1.098766e1,1.101234e1,1.094073e1,1.117066e1,1.035029e1,1.028409e1,1.034095e1,1.034465e1,1.026267e1,1.028952e1,1.018136e1,1.305700e1,1.261098e1,1.237047e1,1.242107e1,1.234036e1,1.228765e1,1.220849e1,1.217428e1,1.430166e1,1.333085e1,1.319680e1,1.329680e1,1.330537e1,1.321794e1,1.324329e1,1.313008e1,8.581941e0,7.363759e0,7.331128e0,7.228881e0,7.283171e0,7.087213e0,7.196013e0,7.071869e0,1.525215e1,1.454622e1,1.449897e1,1.448991e1,1.450451e1,1.441808e1,1.440124e1,1.431663e1,7.673185e0,6.288419e0,6.182432e0,6.144243e0,6.167515e0,6.065210e0,6.097539e0,6.076432e0]}