{"n_vecs":32768,"dim":128,"block_size":512,"n_blocks":64,"variance_ratio":0.95,"per_block_mean_mse":1.123363e-2,"layer_pooled_mean_mse":1.729595e-2,"first_block_mean_mse":2.114691e-1,"pooled_over_per_block_mean":1.5397,"pooled_over_per_block_median":1.6099,"pooled_over_per_block_max":3.1271,"first_over_per_block_mean":18.8247,"first_over_per_block_median":21.6100,"first_over_per_block_max":30.3679,"pooled_d_eff":98,"first_d_eff":60,"per_block_d_eff":[60,45,43,42,43,43,43,41,74,53,51,51,51,51,51,50,73,51,50,49,49,49,49,48,73,52,50,49,49,49,49,49,72,50,49,49,49,49,49,49,59,40,39,38,39,38,39,38,64,44,43,42,42,42,42,42,68,49,48,48,48,48,48,47],"per_block_mses":[1.985283e-2,1.227890e-2,1.173923e-2,1.166099e-2,1.061943e-2,1.030730e-2,1.009838e-2,1.100856e-2,1.113951e-2,6.432433e-3,6.126810e-3,5.780532e-3,5.446815e-3,5.285807e-3,5.118742e-3,5.238767e-3,1.822726e-2,1.082910e-2,9.960136e-3,9.780936e-3,9.360535e-3,8.996436e-3,8.808072e-3,9.059869e-3,1.448057e-2,9.951110e-3,9.555030e-3,9.528516e-3,9.166984e-3,8.825995e-3,8.704767e-3,8.445682e-3,1.151592e-2,6.776795e-3,6.141533e-3,5.740262e-3,5.414032e-3,5.255686e-3,5.165444e-3,4.946238e-3,1.645135e-2,1.253334e-2,1.173559e-2,1.178274e-2,1.087360e-2,1.109222e-2,1.039396e-2,1.059860e-2,2.904785e-2,1.898254e-2,1.700389e-2,1.665662e-2,1.611817e-2,1.552763e-2,1.529954e-2,1.447782e-2,2.342968e-2,1.553455e-2,1.439935e-2,1.348214e-2,1.293294e-2,1.258621e-2,1.246826e-2,1.277155e-2],"layer_pooled_mses":[3.658857e-2,1.672715e-2,1.448388e-2,1.369392e-2,1.331527e-2,1.310197e-2,1.307616e-2,1.302178e-2,3.483412e-2,1.457651e-2,1.283624e-2,1.212970e-2,1.176092e-2,1.157595e-2,1.149264e-2,1.138484e-2,4.593777e-2,1.836454e-2,1.603447e-2,1.502144e-2,1.461607e-2,1.421558e-2,1.426979e-2,1.406823e-2,3.812128e-2,1.835982e-2,1.602079e-2,1.549465e-2,1.498625e-2,1.486918e-2,1.484869e-2,1.487465e-2,3.245592e-2,1.397960e-2,1.205286e-2,1.156995e-2,1.119267e-2,1.109783e-2,1.097309e-2,1.096906e-2,2.978481e-2,1.432975e-2,1.255718e-2,1.196253e-2,1.174137e-2,1.154920e-2,1.149229e-2,1.139229e-2,5.246022e-2,1.932803e-2,1.652309e-2,1.567788e-2,1.533002e-2,1.517022e-2,1.517646e-2,1.504629e-2,4.565441e-2,1.882443e-2,1.658344e-2,1.571548e-2,1.553428e-2,1.528885e-2,1.547315e-2,1.535115e-2],"first_block_mses":[1.985283e-2,1.818852e-2,2.149538e-2,2.438250e-2,2.542056e-2,2.693691e-2,2.777900e-2,2.915169e-2,1.831265e-1,1.396259e-1,1.327624e-1,1.315942e-1,1.287295e-1,1.275793e-1,1.269495e-1,1.264585e-1,2.616630e-1,1.994344e-1,1.925456e-1,1.914774e-1,1.884643e-1,1.868881e-1,1.861460e-1,1.857184e-1,2.451086e-1,2.169107e-1,2.100879e-1,2.047405e-1,1.996522e-1,1.974042e-1,1.957678e-1,1.956414e-1,1.892894e-1,1.451277e-1,1.392702e-1,1.350930e-1,1.329270e-1,1.321887e-1,1.307802e-1,1.285827e-1,2.702714e-1,2.576006e-1,2.536064e-1,2.474854e-1,2.416537e-1,2.408745e-1,2.383580e-1,2.374706e-1,4.536483e-1,3.666670e-1,3.503181e-1,3.384043e-1,3.316999e-1,3.294505e-1,3.297876e-1,3.234576e-1,3.918837e-1,3.804399e-1,3.829265e-1,3.766127e-1,3.752652e-1,3.772596e-1,3.786353e-1,3.793043e-1]}