{"n_vecs":32768,"dim":128,"block_size":512,"n_blocks":64,"variance_ratio":0.95,"per_block_mean_mse":3.193604e-3,"layer_pooled_mean_mse":5.485092e-3,"first_block_mean_mse":5.931013e-2,"pooled_over_per_block_mean":1.7175,"pooled_over_per_block_median":1.6070,"pooled_over_per_block_max":2.8359,"first_over_per_block_mean":18.5715,"first_over_per_block_median":16.6399,"first_over_per_block_max":44.9835,"pooled_d_eff":98,"first_d_eff":60,"per_block_d_eff":[60,51,50,50,50,50,50,50,63,53,52,52,52,52,51,51,63,53,52,52,52,52,52,51,58,49,48,48,48,47,47,47,64,55,54,54,54,54,53,54,62,50,49,48,48,48,48,48,55,46,45,45,45,45,45,45,65,54,54,53,53,53,53,53],"per_block_mses":[4.054155e-3,2.793608e-3,2.695883e-3,2.600734e-3,2.521268e-3,2.509506e-3,2.452522e-3,2.421354e-3,4.951298e-3,3.509957e-3,3.375105e-3,3.257096e-3,3.177858e-3,3.147400e-3,3.301766e-3,3.238010e-3,5.474329e-3,3.742432e-3,3.659115e-3,3.518704e-3,3.437388e-3,3.409858e-3,3.360831e-3,3.508234e-3,5.380302e-3,3.973585e-3,3.926317e-3,3.779301e-3,3.706234e-3,3.893452e-3,3.865591e-3,3.777746e-3,3.377390e-3,2.218154e-3,2.131999e-3,2.060223e-3,2.011750e-3,1.996943e-3,2.102519e-3,1.933489e-3,4.514059e-3,3.855462e-3,3.837932e-3,3.941840e-3,3.882027e-3,3.848461e-3,3.819699e-3,3.743657e-3,4.197553e-3,3.216584e-3,3.139048e-3,3.056245e-3,2.977650e-3,2.951044e-3,2.909682e-3,2.863995e-3,3.204833e-3,2.224943e-3,2.013372e-3,2.067941e-3,2.013274e-3,1.986300e-3,1.958689e-3,1.912989e-3],"layer_pooled_mses":[9.143966e-3,5.264897e-3,4.904466e-3,4.706067e-3,4.646043e-3,4.599720e-3,4.570996e-3,4.484265e-3,1.050837e-2,5.689186e-3,5.309663e-3,5.146335e-3,5.106939e-3,5.071661e-3,5.051508e-3,4.993268e-3,1.075915e-2,5.928678e-3,5.559410e-3,5.350432e-3,5.345523e-3,5.269748e-3,5.279689e-3,5.176303e-3,9.605773e-3,5.599567e-3,5.279716e-3,5.095696e-3,5.022507e-3,5.016566e-3,5.011288e-3,5.015777e-3,9.132184e-3,5.357870e-3,5.014112e-3,4.807160e-3,4.769803e-3,4.724344e-3,4.712791e-3,4.619746e-3,9.198450e-3,5.447056e-3,5.189138e-3,5.071565e-3,5.045099e-3,5.060178e-3,5.038330e-3,5.044262e-3,8.320439e-3,4.761160e-3,4.445440e-3,4.336822e-3,4.268311e-3,4.279853e-3,4.261031e-3,4.245647e-3,9.088730e-3,5.042983e-3,4.610039e-3,4.421760e-3,4.351421e-3,4.315021e-3,4.305124e-3,4.246829e-3],"first_block_mses":[4.054155e-3,3.596176e-3,4.117284e-3,4.526889e-3,4.709987e-3,4.919448e-3,5.041148e-3,5.178222e-3,6.932649e-2,5.644550e-2,5.469098e-2,5.336488e-2,5.287939e-2,5.230172e-2,5.217505e-2,5.161261e-2,7.399621e-2,6.291929e-2,6.152529e-2,6.085412e-2,6.025902e-2,6.014723e-2,5.976216e-2,5.948043e-2,1.121582e-1,1.384612e-1,1.476858e-1,1.528308e-1,1.580791e-1,1.604259e-1,1.658629e-1,1.699361e-1,4.447986e-2,3.515769e-2,3.455514e-2,3.353493e-2,3.380856e-2,3.321809e-2,3.350723e-2,3.286197e-2,6.615569e-2,6.787234e-2,6.984832e-2,6.904902e-2,6.982196e-2,6.905372e-2,6.988690e-2,6.897971e-2,6.582350e-2,6.576779e-2,6.678754e-2,6.691656e-2,6.717065e-2,6.714633e-2,6.747477e-2,6.779629e-2,4.134845e-2,3.128976e-2,2.979018e-2,2.927041e-2,2.874878e-2,2.878988e-2,2.837331e-2,2.823914e-2]}