{"n_vecs":32768,"dim":128,"block_size":512,"n_blocks":64,"variance_ratio":0.95,"per_block_mean_mse":7.669335e-1,"layer_pooled_mean_mse":8.635692e-1,"first_block_mean_mse":9.317892e0,"pooled_over_per_block_mean":1.1260,"pooled_over_per_block_median":1.1778,"pooled_over_per_block_max":2.3743,"first_over_per_block_mean":12.1495,"first_over_per_block_median":15.4811,"first_over_per_block_max":23.7261,"pooled_d_eff":107,"first_d_eff":62,"per_block_d_eff":[62,51,50,50,50,50,50,50,66,54,53,53,53,53,53,53,72,56,55,55,55,55,55,55,62,54,54,54,54,54,54,54,61,55,55,55,55,55,55,55,61,52,52,52,52,52,52,52,58,50,49,49,49,49,49,49,69,54,53,53,52,52,52,52],"per_block_mses":[1.818979e0,1.643157e0,1.661067e0,1.651283e0,1.637732e0,1.606467e0,1.629048e0,1.608749e0,6.234378e-1,5.478444e-1,5.538283e-1,5.396642e-1,5.360821e-1,5.246546e-1,5.240573e-1,5.151823e-1,3.431070e-1,2.780502e-1,2.761718e-1,2.657746e-1,2.661247e-1,2.548139e-1,2.602996e-1,2.531799e-1,9.622297e-1,8.853450e-1,8.319266e-1,8.340964e-1,8.212201e-1,8.155696e-1,8.128069e-1,8.087615e-1,1.127000e0,1.047518e0,1.008031e0,1.003239e0,1.002704e0,9.886927e-1,9.984303e-1,9.742328e-1,8.690529e-1,8.135448e-1,7.737595e-1,7.787779e-1,7.688685e-1,7.695104e-1,7.674609e-1,7.659695e-1,7.854519e-1,6.993770e-1,7.120830e-1,7.032572e-1,7.021270e-1,6.894569e-1,6.930168e-1,6.835052e-1,4.036869e-1,2.926078e-1,2.853063e-1,2.744861e-1,2.863521e-1,2.764718e-1,2.770769e-1,2.719764e-1],"layer_pooled_mses":[1.687445e0,1.093417e0,1.034911e0,1.015868e0,1.021566e0,1.011917e0,1.037359e0,1.037279e0,1.164639e0,8.220203e-1,7.757075e-1,7.699809e-1,7.635308e-1,7.587330e-1,7.553572e-1,7.472751e-1,8.146250e-1,5.986430e-1,5.673012e-1,5.680490e-1,5.627266e-1,5.578673e-1,5.552834e-1,5.605771e-1,1.250254e0,9.775947e-1,9.498207e-1,9.495921e-1,9.480632e-1,9.464079e-1,9.506184e-1,9.433606e-1,1.289700e0,1.014355e0,9.701939e-1,9.860577e-1,9.738593e-1,9.768872e-1,9.742220e-1,9.738946e-1,1.194995e0,9.491114e-1,9.085042e-1,9.132272e-1,9.028905e-1,9.157219e-1,9.072286e-1,9.173270e-1,1.053496e0,8.272795e-1,8.088800e-1,8.015793e-1,8.008247e-1,7.988073e-1,8.015784e-1,8.050070e-1,8.309516e-1,5.765836e-1,5.421559e-1,5.426562e-1,5.322855e-1,5.277667e-1,5.303568e-1,5.222560e-1],"first_block_mses":[1.818979e0,1.749737e0,1.945104e0,2.114240e0,2.154167e0,2.288199e0,2.367859e0,2.491480e0,1.058571e1,1.003319e1,9.865388e0,9.918205e0,9.822766e0,9.815201e0,9.798471e0,9.773095e0,7.169021e0,6.251749e0,6.117220e0,6.086719e0,6.062970e0,6.041827e0,6.051551e0,6.006975e0,1.327456e1,1.266751e1,1.248161e1,1.261846e1,1.260304e1,1.257460e1,1.258695e1,1.252054e1,1.584994e1,1.539597e1,1.529443e1,1.529963e1,1.526998e1,1.515629e1,1.516326e1,1.498735e1,1.288789e1,1.227162e1,1.203247e1,1.207112e1,1.203544e1,1.201719e1,1.199108e1,1.194760e1,1.126000e1,1.074304e1,1.058372e1,1.042463e1,1.045419e1,1.028013e1,1.035982e1,1.019150e1,6.846140e0,5.627251e0,5.513468e0,5.380201e0,5.414510e0,5.303381e0,5.374376e0,5.260404e0]}