{"n_vecs":32768,"dim":128,"block_size":512,"n_blocks":64,"variance_ratio":0.95,"per_block_mean_mse":1.092809e-1,"layer_pooled_mean_mse":2.474664e-1,"first_block_mean_mse":1.312462e0,"pooled_over_per_block_mean":2.2645,"pooled_over_per_block_median":2.4817,"pooled_over_per_block_max":3.0483,"first_over_per_block_mean":12.0100,"first_over_per_block_median":12.1212,"first_over_per_block_max":17.2906,"pooled_d_eff":70,"first_d_eff":56,"per_block_d_eff":[56,51,49,49,49,49,49,48,58,53,51,52,52,52,51,51,54,49,47,48,48,48,47,48,44,41,42,41,42,42,42,42,45,39,38,38,38,37,37,37,58,52,50,51,51,51,51,50,56,50,50,50,51,51,51,51,38,35,35,35,35,35,35,35],"per_block_mses":[9.109884e-2,8.253187e-2,8.311168e-2,8.344318e-2,8.105045e-2,7.945842e-2,7.914793e-2,8.185925e-2,1.055176e-1,9.315876e-2,9.554738e-2,9.485959e-2,9.259360e-2,9.193369e-2,9.423119e-2,9.349564e-2,1.257318e-1,1.104792e-1,1.123424e-1,1.079752e-1,1.056235e-1,1.032086e-1,1.060515e-1,1.010769e-1,1.264574e-1,1.269355e-1,1.216025e-1,1.281328e-1,1.227754e-1,1.217196e-1,1.222119e-1,1.211947e-1,1.016279e-1,9.619604e-2,9.611319e-2,9.566267e-2,9.433021e-2,9.745209e-2,9.646138e-2,9.552581e-2,1.310938e-1,1.185155e-1,1.218555e-1,1.184016e-1,1.171772e-1,1.135385e-1,1.136369e-1,1.145369e-1,1.131236e-1,1.099746e-1,1.052142e-1,1.065468e-1,1.011647e-1,9.969115e-2,1.010224e-1,1.002076e-1,1.454108e-1,1.482497e-1,1.440377e-1,1.428844e-1,1.461026e-1,1.410737e-1,1.403487e-1,1.402398e-1],"layer_pooled_mses":[2.406185e-1,1.987702e-1,1.863078e-1,1.832135e-1,1.833953e-1,1.854941e-1,1.846436e-1,1.904191e-1,3.095995e-1,2.674662e-1,2.576791e-1,2.452691e-1,2.380321e-1,2.356747e-1,2.364544e-1,2.602111e-1,3.246087e-1,2.750739e-1,2.621563e-1,2.727865e-1,2.791497e-1,2.651273e-1,2.487009e-1,2.882617e-1,2.144037e-1,2.088205e-1,2.134969e-1,2.169040e-1,2.229666e-1,2.111979e-1,2.156751e-1,2.327959e-1,3.097918e-1,2.728398e-1,2.696374e-1,2.842105e-1,2.811535e-1,2.769611e-1,2.811625e-1,2.758125e-1,3.478708e-1,2.979407e-1,2.804853e-1,2.876574e-1,2.908023e-1,2.815965e-1,2.804129e-1,2.759544e-1,2.985132e-1,2.672410e-1,2.600831e-1,2.689461e-1,2.627983e-1,2.601952e-1,2.525491e-1,2.719660e-1,2.253132e-1,1.806065e-1,1.748857e-1,1.862779e-1,1.909872e-1,1.834285e-1,1.826655e-1,2.217278e-1],"first_block_mses":[9.109884e-2,5.048109e-1,5.874860e-1,7.591678e-1,8.723864e-1,8.473730e-1,9.059502e-1,1.039541e0,1.370297e0,1.429802e0,1.367298e0,1.318543e0,1.390144e0,1.417423e0,1.283673e0,1.193989e0,1.290223e0,1.414198e0,1.361728e0,1.379958e0,1.149904e0,1.134950e0,1.236738e0,1.220823e0,1.663182e0,1.764893e0,1.702731e0,1.685290e0,1.747220e0,1.651349e0,1.707458e0,1.708697e0,1.026496e0,1.088671e0,1.073281e0,1.061918e0,1.120165e0,1.210812e0,1.079741e0,1.133336e0,1.050376e0,1.142648e0,1.292248e0,1.378855e0,1.456066e0,1.510005e0,1.433109e0,1.383120e0,1.749294e0,1.721105e0,1.790575e0,1.606181e0,1.558503e0,1.723716e0,1.692202e0,1.661405e0,1.388009e0,1.303142e0,1.314717e0,1.371642e0,1.381910e0,1.347936e0,1.374374e0,1.373679e0]}