{"n_vecs":32768,"dim":128,"block_size":512,"n_blocks":64,"variance_ratio":0.95,"per_block_mean_mse":1.463429e-1,"layer_pooled_mean_mse":1.747863e0,"first_block_mean_mse":3.255788e0,"pooled_over_per_block_mean":11.9436,"pooled_over_per_block_median":12.3973,"pooled_over_per_block_max":14.1939,"first_over_per_block_mean":22.2477,"first_over_per_block_median":23.3493,"first_over_per_block_max":32.7554,"pooled_d_eff":12,"first_d_eff":40,"per_block_d_eff":[40,41,40,41,41,41,41,41,47,46,45,46,46,46,46,45,47,48,48,48,48,48,48,48,49,48,46,47,47,47,47,46,51,50,49,49,49,49,49,49,53,54,52,52,52,52,51,51,51,50,50,49,50,49,49,49,55,56,54,54,54,54,53,53],"per_block_mses":[1.963824e-1,1.471108e-1,1.431706e-1,1.346399e-1,1.324549e-1,1.318495e-1,1.287010e-1,1.284200e-1,1.975664e-1,1.689421e-1,1.734007e-1,1.682072e-1,1.660967e-1,1.675678e-1,1.647426e-1,1.743942e-1,1.903083e-1,1.519344e-1,1.507465e-1,1.518126e-1,1.502924e-1,1.516071e-1,1.498202e-1,1.517430e-1,1.190454e-1,1.002651e-1,1.061090e-1,9.996468e-2,9.921010e-2,9.671355e-2,9.680689e-2,9.951335e-2,1.717535e-1,1.409744e-1,1.413539e-1,1.425783e-1,1.400790e-1,1.402482e-1,1.386634e-1,1.390595e-1,1.628375e-1,1.356111e-1,1.440876e-1,1.439652e-1,1.412052e-1,1.427967e-1,1.461938e-1,1.474911e-1,1.961378e-1,1.601975e-1,1.568505e-1,1.643018e-1,1.555003e-1,1.619696e-1,1.603499e-1,1.605661e-1,1.615576e-1,1.333027e-1,1.424479e-1,1.414985e-1,1.379162e-1,1.387324e-1,1.432372e-1,1.429446e-1],"layer_pooled_mses":[1.823352e0,1.459971e0,1.379035e0,1.375494e0,1.351812e0,1.331428e0,1.271012e0,1.357457e0,2.104721e0,1.908956e0,1.886439e0,1.945047e0,1.948549e0,1.940461e0,1.931448e0,2.063687e0,1.996843e0,1.849307e0,1.876809e0,1.890134e0,1.898244e0,1.919340e0,1.935831e0,1.998506e0,1.402932e0,1.256497e0,1.222730e0,1.215762e0,1.242223e0,1.236997e0,1.297332e0,1.412479e0,2.129276e0,1.860000e0,1.752715e0,1.750528e0,1.732553e0,1.742766e0,1.785321e0,1.833247e0,1.888281e0,1.791390e0,1.787209e0,1.819580e0,1.831271e0,1.826908e0,1.819423e0,1.941425e0,2.160048e0,1.943811e0,1.862299e0,1.838319e0,1.807848e0,1.829773e0,1.875932e0,2.012463e0,1.941648e0,1.818139e0,1.789625e0,1.768049e0,1.757258e0,1.803296e0,1.794546e0,1.837486e0],"first_block_mses":[1.963824e-1,1.330155e0,1.426555e0,2.068964e0,2.645499e0,3.150011e0,4.065804e0,4.055727e0,3.075311e0,3.573491e0,3.666223e0,3.653202e0,3.688298e0,3.940705e0,4.168596e0,4.137476e0,3.314858e0,2.932892e0,3.247503e0,3.102650e0,3.332689e0,3.556186e0,3.642970e0,3.797394e0,2.044116e0,2.046687e0,2.206761e0,2.306826e0,2.200624e0,1.948886e0,2.173155e0,2.471290e0,2.720527e0,3.351106e0,3.236842e0,3.550152e0,3.705334e0,4.072152e0,4.541975e0,4.431518e0,3.182401e0,3.712205e0,3.768723e0,3.729250e0,3.512913e0,3.334205e0,3.570239e0,3.774299e0,2.916865e0,3.481365e0,3.459719e0,3.395561e0,3.789983e0,4.238960e0,4.569384e0,4.454312e0,2.719607e0,3.127426e0,3.004718e0,3.177906e0,3.463066e0,3.529693e0,4.007850e0,3.672273e0]}