{"n_vecs":32768,"dim":128,"block_size":512,"n_blocks":64,"variance_ratio":0.95,"per_block_mean_mse":1.605495e-1,"layer_pooled_mean_mse":2.276522e-1,"first_block_mean_mse":2.232284e0,"pooled_over_per_block_mean":1.4180,"pooled_over_per_block_median":1.4929,"pooled_over_per_block_max":2.7193,"first_over_per_block_mean":13.9040,"first_over_per_block_median":13.5084,"first_over_per_block_max":24.8452,"pooled_d_eff":96,"first_d_eff":70,"per_block_d_eff":[70,51,49,49,49,49,49,49,54,38,37,37,37,37,37,36,63,45,44,43,44,42,44,43,59,42,41,40,40,40,40,40,53,38,37,37,37,36,37,36,64,47,46,45,45,45,45,45,67,47,46,46,46,45,46,45,63,42,40,40,40,39,39,38],"per_block_mses":[1.546844e-1,1.242864e-1,1.166012e-1,1.151597e-1,1.110250e-1,1.060239e-1,1.046127e-1,1.020544e-1,3.330436e-1,2.883953e-1,2.756963e-1,2.670463e-1,2.631326e-1,2.547584e-1,2.524174e-1,2.592507e-1,2.064831e-1,1.571723e-1,1.412144e-1,1.420412e-1,1.326995e-1,1.397812e-1,1.256029e-1,1.270752e-1,2.214666e-1,1.824793e-1,1.715362e-1,1.745764e-1,1.688063e-1,1.633795e-1,1.615263e-1,1.574441e-1,1.742396e-1,1.444133e-1,1.353487e-1,1.328313e-1,1.284819e-1,1.316683e-1,1.231395e-1,1.255204e-1,1.469307e-1,1.074632e-1,9.767559e-2,9.762449e-2,9.461515e-2,8.913368e-2,8.764461e-2,8.635327e-2,2.064315e-1,1.547474e-1,1.421484e-1,1.368531e-1,1.336939e-1,1.338278e-1,1.274308e-1,1.287946e-1,2.271176e-1,2.001579e-1,1.887867e-1,1.839303e-1,1.782473e-1,1.766850e-1,1.734323e-1,1.783258e-1],"layer_pooled_mses":[4.206267e-1,2.501284e-1,2.276896e-1,2.230518e-1,2.217166e-1,2.183282e-1,2.208364e-1,2.143238e-1,4.444025e-1,2.390562e-1,2.154041e-1,2.078799e-1,2.073439e-1,2.071864e-1,2.075183e-1,2.067112e-1,4.460405e-1,2.434893e-1,2.108853e-1,2.074206e-1,2.015232e-1,2.010427e-1,1.978752e-1,1.989093e-1,4.123763e-1,2.315803e-1,2.102594e-1,2.093133e-1,2.064596e-1,2.045690e-1,2.034821e-1,2.060445e-1,3.094909e-1,1.803336e-1,1.651674e-1,1.617690e-1,1.607872e-1,1.591682e-1,1.583159e-1,1.585692e-1,3.552796e-1,2.092020e-1,1.874424e-1,1.778196e-1,1.749291e-1,1.714068e-1,1.703042e-1,1.671157e-1,4.622356e-1,2.371257e-1,2.131958e-1,2.057803e-1,1.995898e-1,1.986810e-1,1.995198e-1,1.957679e-1,4.075991e-1,2.402001e-1,2.133535e-1,2.048078e-1,2.023557e-1,2.019312e-1,1.985984e-1,1.984242e-1],"first_block_mses":[1.546844e-1,1.542566e-1,1.750319e-1,1.975075e-1,2.034994e-1,2.208898e-1,2.330004e-1,2.430035e-1,3.867809e0,3.615620e0,3.439568e0,3.484652e0,3.360866e0,3.363358e0,3.248433e0,3.290756e0,2.905221e0,2.709045e0,2.587500e0,2.642028e0,2.577410e0,2.631673e0,2.564198e0,2.584230e0,3.566795e0,3.884937e0,3.901184e0,3.952149e0,3.900796e0,3.914660e0,3.902134e0,3.911739e0,2.299804e0,2.032590e0,1.893992e0,1.908481e0,1.835071e0,1.826298e0,1.770281e0,1.773223e0,1.748988e0,1.427940e0,1.300547e0,1.286039e0,1.236917e0,1.231385e0,1.183941e0,1.175205e0,2.533068e0,2.043652e0,1.900270e0,1.898561e0,1.805805e0,1.780176e0,1.717361e0,1.715640e0,2.672751e0,2.598137e0,2.539859e0,2.509347e0,2.498183e0,2.471687e0,2.445404e0,2.416943e0]}