{"n_vecs":32768,"dim":128,"block_size":512,"n_blocks":64,"variance_ratio":0.95,"per_block_mean_mse":2.144964e-2,"layer_pooled_mean_mse":3.148861e-2,"first_block_mean_mse":3.604859e-1,"pooled_over_per_block_mean":1.4680,"pooled_over_per_block_median":1.5130,"pooled_over_per_block_max":3.1163,"first_over_per_block_mean":16.8061,"first_over_per_block_median":18.1076,"first_over_per_block_max":27.6087,"pooled_d_eff":97,"first_d_eff":56,"per_block_d_eff":[56,48,44,45,45,45,44,45,58,44,43,42,42,41,41,41,63,45,44,44,43,43,43,43,71,50,50,49,49,49,49,49,71,56,55,54,54,54,54,54,39,41,37,37,39,37,37,37,58,42,41,41,41,41,40,40,62,43,42,41,41,40,40,40],"per_block_mses":[3.897247e-2,1.840695e-2,1.976550e-2,1.829705e-2,1.787977e-2,1.708056e-2,1.805602e-2,1.667053e-2,2.267061e-2,1.706871e-2,1.608222e-2,1.637010e-2,1.606481e-2,1.668916e-2,1.641646e-2,1.623441e-2,2.158343e-2,1.467272e-2,1.367815e-2,1.324356e-2,1.373939e-2,1.316042e-2,1.308867e-2,1.297853e-2,1.601749e-2,1.135976e-2,1.017776e-2,1.042012e-2,1.039771e-2,1.006845e-2,1.015602e-2,9.942662e-3,3.711156e-2,3.066379e-2,2.954764e-2,3.064417e-2,3.027396e-2,3.004555e-2,2.968977e-2,2.953562e-2,3.847077e-2,1.440018e-2,1.594424e-2,1.544903e-2,1.359175e-2,1.486743e-2,1.470013e-2,1.433516e-2,4.789811e-2,3.867609e-2,3.673405e-2,3.621369e-2,3.556732e-2,3.490216e-2,3.623043e-2,3.590522e-2,2.818186e-2,2.200715e-2,2.033526e-2,2.084770e-2,2.031385e-2,2.098854e-2,2.075726e-2,2.053757e-2],"layer_pooled_mses":[6.055480e-2,3.067468e-2,2.686445e-2,2.620241e-2,2.618496e-2,2.567404e-2,2.580229e-2,2.610266e-2,5.037380e-2,2.833227e-2,2.575552e-2,2.507830e-2,2.472259e-2,2.491319e-2,2.513934e-2,2.568580e-2,5.029741e-2,2.565293e-2,2.330891e-2,2.263641e-2,2.275680e-2,2.227439e-2,2.234553e-2,2.235671e-2,4.991530e-2,2.631523e-2,2.355620e-2,2.327094e-2,2.317757e-2,2.316074e-2,2.321297e-2,2.331047e-2,8.253214e-2,4.639574e-2,4.246184e-2,4.153606e-2,4.124229e-2,4.143040e-2,4.167009e-2,4.268376e-2,4.581376e-2,2.497386e-2,2.203677e-2,2.160653e-2,2.162590e-2,2.136703e-2,2.175257e-2,2.175825e-2,6.836947e-2,3.449271e-2,3.008667e-2,2.921915e-2,2.895932e-2,2.950944e-2,2.986561e-2,3.052487e-2,5.988700e-2,3.058594e-2,2.715985e-2,2.633911e-2,2.599932e-2,2.585848e-2,2.602562e-2,2.589170e-2],"first_block_mses":[3.897247e-2,3.483947e-2,4.132804e-2,4.606212e-2,4.790098e-2,5.106213e-2,5.200115e-2,5.463462e-2,4.119275e-1,4.299791e-1,4.380149e-1,4.372937e-1,4.379637e-1,4.376185e-1,4.493313e-1,4.482113e-1,3.345122e-1,2.531769e-1,2.424941e-1,2.407628e-1,2.408025e-1,2.353164e-1,2.370048e-1,2.343760e-1,2.477660e-1,2.054182e-1,1.968451e-1,1.994907e-1,1.976934e-1,1.966788e-1,1.957226e-1,1.951716e-1,5.260508e-1,4.978964e-1,4.901385e-1,4.892417e-1,4.864224e-1,4.833695e-1,4.848278e-1,4.859128e-1,5.227209e-1,2.750428e-1,2.817028e-1,2.705249e-1,2.554586e-1,2.600603e-1,2.628255e-1,2.567438e-1,7.856732e-1,7.240999e-1,7.031673e-1,7.161769e-1,7.070705e-1,7.139297e-1,7.172506e-1,7.218047e-1,4.649478e-1,4.304206e-1,4.245596e-1,4.255157e-1,4.216150e-1,4.243191e-1,4.247109e-1,4.265244e-1]}