{"n_vecs":32768,"dim":128,"block_size":512,"n_blocks":64,"variance_ratio":0.95,"per_block_mean_mse":2.804512e-1,"layer_pooled_mean_mse":1.568678e0,"first_block_mean_mse":4.130029e0,"pooled_over_per_block_mean":5.5934,"pooled_over_per_block_median":7.1175,"pooled_over_per_block_max":10.0896,"first_over_per_block_mean":14.7264,"first_over_per_block_median":17.6931,"first_over_per_block_max":31.3909,"pooled_d_eff":18,"first_d_eff":35,"per_block_d_eff":[35,34,34,36,35,36,36,36,13,14,14,14,14,14,14,14,34,33,33,34,33,34,34,34,45,42,41,41,41,40,40,40,42,39,38,38,38,37,37,37,45,41,40,41,41,40,40,40,32,29,28,28,28,28,28,28,44,43,43,43,43,43,42,42],"per_block_mses":[2.647964e-1,2.343141e-1,2.237802e-1,2.102422e-1,2.158118e-1,2.097760e-1,2.081724e-1,2.086020e-1,6.843938e-1,6.787592e-1,6.814285e-1,6.889106e-1,6.917468e-1,6.982047e-1,7.086418e-1,7.080984e-1,2.545184e-1,2.455683e-1,2.393837e-1,2.292116e-1,2.362974e-1,2.279411e-1,2.258064e-1,2.278804e-1,1.574887e-1,1.477806e-1,1.484426e-1,1.540810e-1,1.506537e-1,1.574462e-1,1.572700e-1,1.571803e-1,1.839311e-1,1.795356e-1,1.832190e-1,1.834212e-1,1.814169e-1,1.889205e-1,1.867128e-1,1.857791e-1,2.005588e-1,1.947351e-1,1.959961e-1,1.893398e-1,1.847603e-1,1.898635e-1,1.900401e-1,1.881743e-1,3.719347e-1,3.555344e-1,3.613696e-1,3.557775e-1,3.539987e-1,3.469211e-1,3.443436e-1,3.369653e-1,2.452486e-1,2.106343e-1,2.043825e-1,2.052903e-1,2.029757e-1,2.016593e-1,2.067795e-1,2.060268e-1],"layer_pooled_mses":[1.631705e0,1.436809e0,1.367064e0,1.341969e0,1.291196e0,1.336111e0,1.363165e0,1.448472e0,1.205574e0,1.194838e0,1.186135e0,1.169919e0,1.178014e0,1.210697e0,1.237964e0,1.272584e0,1.731981e0,1.640959e0,1.554421e0,1.512297e0,1.513181e0,1.575262e0,1.616067e0,1.673815e0,1.588996e0,1.385544e0,1.354013e0,1.371008e0,1.361057e0,1.374830e0,1.396832e0,1.462668e0,1.690415e0,1.438099e0,1.362718e0,1.304464e0,1.291231e0,1.318732e0,1.356391e0,1.419795e0,1.723830e0,1.616411e0,1.586630e0,1.598844e0,1.573275e0,1.592364e0,1.591492e0,1.622284e0,2.398262e0,2.244631e0,2.171097e0,2.122670e0,2.127833e0,2.138101e0,2.210254e0,2.289587e0,1.823071e0,1.759707e0,1.685702e0,1.663238e0,1.645405e0,1.649679e0,1.671959e0,1.722058e0],"first_block_mses":[2.647964e-1,1.057700e0,1.899825e0,1.996688e0,2.230666e0,3.160918e0,3.340544e0,3.251423e0,2.972386e0,3.441371e0,3.479000e0,3.421575e0,3.629355e0,3.920927e0,4.248317e0,4.523415e0,3.721361e0,4.344867e0,4.765436e0,5.036926e0,5.055459e0,4.981558e0,5.269885e0,5.545013e0,3.468172e0,3.541750e0,3.771560e0,4.267872e0,4.390694e0,4.576505e0,4.765799e0,4.674418e0,2.387384e0,2.316899e0,2.354070e0,2.518626e0,2.706925e0,2.887969e0,3.310636e0,3.875658e0,3.706731e0,4.172151e0,4.428856e0,4.379470e0,4.638412e0,4.791954e0,5.160162e0,5.437156e0,3.676304e0,4.140619e0,5.060983e0,5.580053e0,5.784492e0,5.906745e0,5.910046e0,5.753752e0,3.848884e0,4.199571e0,5.090214e0,5.992753e0,6.167610e0,6.330275e0,6.350335e0,6.439967e0]}