{"n_vecs":32768,"dim":128,"block_size":512,"n_blocks":64,"variance_ratio":0.95,"per_block_mean_mse":4.532589e-3,"layer_pooled_mean_mse":6.063194e-3,"first_block_mean_mse":7.659539e-2,"pooled_over_per_block_mean":1.3377,"pooled_over_per_block_median":1.4261,"pooled_over_per_block_max":1.8383,"first_over_per_block_mean":16.8988,"first_over_per_block_median":16.5333,"first_over_per_block_max":25.1759,"pooled_d_eff":104,"first_d_eff":49,"per_block_d_eff":[49,42,42,41,42,41,41,41,60,55,55,55,55,55,55,55,60,53,52,52,52,52,52,52,60,53,53,53,53,53,53,53,59,56,56,56,56,56,56,56,61,56,56,56,56,56,56,56,59,52,52,51,51,51,51,51,61,55,55,55,55,54,55,54],"per_block_mses":[4.296722e-3,3.943859e-3,3.758446e-3,3.845137e-3,3.616944e-3,3.748261e-3,3.737200e-3,3.701466e-3,5.472267e-3,4.780715e-3,4.554667e-3,4.421661e-3,4.395405e-3,4.315450e-3,4.311239e-3,4.263748e-3,5.164481e-3,4.324880e-3,4.378075e-3,4.274689e-3,4.250133e-3,4.185447e-3,4.179768e-3,4.133452e-3,4.657404e-3,4.058947e-3,3.810592e-3,3.733076e-3,3.679292e-3,3.644863e-3,3.606370e-3,3.597893e-3,5.865232e-3,4.618695e-3,4.383176e-3,4.332446e-3,4.260891e-3,4.225223e-3,4.190102e-3,4.185536e-3,4.794396e-3,3.714983e-3,3.508378e-3,3.433677e-3,3.395699e-3,3.356469e-3,3.332895e-3,3.322029e-3,7.952008e-3,6.985571e-3,6.686341e-3,6.987989e-3,6.931604e-3,6.859211e-3,6.819300e-3,6.787858e-3,5.408844e-3,4.735106e-3,4.471989e-3,4.316891e-3,4.281780e-3,4.499943e-3,4.180552e-3,4.418318e-3],"layer_pooled_mses":[5.363562e-3,4.082900e-3,3.942057e-3,3.865139e-3,3.852294e-3,3.833148e-3,3.824124e-3,3.818158e-3,9.161151e-3,6.751568e-3,6.468589e-3,6.306891e-3,6.268194e-3,6.186412e-3,6.173957e-3,6.137598e-3,8.526072e-3,5.935843e-3,5.711381e-3,5.654270e-3,5.632673e-3,5.618371e-3,5.615791e-3,5.625507e-3,8.441917e-3,5.990191e-3,5.719882e-3,5.612304e-3,5.545594e-3,5.529179e-3,5.492758e-3,5.495367e-3,9.404993e-3,6.981524e-3,6.589060e-3,6.461253e-3,6.378047e-3,6.328888e-3,6.274250e-3,6.259109e-3,8.813416e-3,6.250502e-3,5.961233e-3,5.773708e-3,5.741849e-3,5.669772e-3,5.649091e-3,5.634357e-3,9.653787e-3,6.208654e-3,5.871578e-3,5.810249e-3,5.771955e-3,5.786751e-3,5.753409e-3,5.794289e-3,8.854276e-3,6.474026e-3,6.142678e-3,5.997848e-3,5.944843e-3,5.905269e-3,5.858238e-3,5.862671e-3],"first_block_mses":[4.296722e-3,3.788730e-3,4.000580e-3,4.330175e-3,4.448320e-3,4.650342e-3,4.699855e-3,4.906104e-3,8.445345e-2,7.305456e-2,7.095424e-2,6.970738e-2,6.902035e-2,6.853754e-2,6.807502e-2,6.785199e-2,8.634016e-2,9.093813e-2,9.135718e-2,9.151739e-2,9.116614e-2,9.122029e-2,9.097084e-2,9.118032e-2,8.719159e-2,8.136656e-2,8.037821e-2,8.024359e-2,7.962059e-2,7.973418e-2,7.930104e-2,7.941298e-2,8.233263e-2,6.840845e-2,6.656183e-2,6.464396e-2,6.452557e-2,6.344222e-2,6.358470e-2,6.269868e-2,7.211989e-2,6.091662e-2,5.862551e-2,5.735198e-2,5.614223e-2,5.579329e-2,5.538495e-2,5.487327e-2,1.443801e-1,1.619589e-1,1.660680e-1,1.684190e-1,1.690793e-1,1.697221e-1,1.702018e-1,1.708903e-1,8.653987e-2,7.660200e-2,7.347361e-2,7.318250e-2,7.157168e-2,7.195850e-2,7.065488e-2,7.128183e-2]}