{"n_vecs":32768,"dim":128,"block_size":512,"n_blocks":64,"variance_ratio":0.95,"per_block_mean_mse":2.490535e-1,"layer_pooled_mean_mse":4.829813e0,"first_block_mean_mse":7.152671e0,"pooled_over_per_block_mean":19.3927,"pooled_over_per_block_median":21.4016,"pooled_over_per_block_max":35.2189,"first_over_per_block_mean":28.7194,"first_over_per_block_median":22.7314,"first_over_per_block_max":69.7020,"pooled_d_eff":3,"first_d_eff":60,"per_block_d_eff":[60,62,61,61,60,61,60,61,47,46,47,46,47,46,47,46,37,35,35,34,35,34,35,34,54,55,55,54,55,54,54,54,47,46,46,46,46,46,46,45,55,54,54,54,54,55,54,55,31,30,29,30,29,30,29,30,53,55,55,55,55,55,55,55],"per_block_mses":[2.896319e-1,2.246936e-1,2.249385e-1,2.208319e-1,2.282877e-1,2.171653e-1,2.250714e-1,2.144410e-1,4.179452e-1,3.712761e-1,3.484400e-1,3.533050e-1,3.393769e-1,3.485935e-1,3.351076e-1,3.434500e-1,2.960819e-1,2.866693e-1,2.784312e-1,2.879066e-1,2.744358e-1,2.862680e-1,2.732461e-1,2.849883e-1,3.014698e-1,2.515486e-1,2.438228e-1,2.504595e-1,2.389834e-1,2.478200e-1,2.461869e-1,2.445354e-1,1.951311e-1,1.552042e-1,1.507632e-1,1.467942e-1,1.464251e-1,1.451766e-1,1.449745e-1,1.504137e-1,2.986067e-1,2.733576e-1,2.674083e-1,2.661913e-1,2.633493e-1,2.534023e-1,2.613750e-1,2.512875e-1,2.662265e-1,2.060999e-1,2.019541e-1,1.939208e-1,1.947698e-1,1.905095e-1,1.918385e-1,1.880085e-1,3.050654e-1,2.431007e-1,2.370287e-1,2.336855e-1,2.320464e-1,2.312731e-1,2.299298e-1,2.287003e-1],"layer_pooled_mses":[6.682508e0,6.597411e0,6.513185e0,6.397001e0,6.398842e0,6.481262e0,6.503734e0,6.562261e0,3.461990e0,3.140897e0,2.980921e0,2.741470e0,2.743096e0,2.932752e0,3.088925e0,3.294414e0,4.171143e0,4.112605e0,4.114596e0,4.067306e0,4.112005e0,4.072268e0,4.158481e0,4.245222e0,6.155216e0,6.503450e0,6.592334e0,6.614184e0,6.676673e0,6.821439e0,6.915761e0,7.028537e0,3.724548e0,3.518573e0,3.412171e0,3.301224e0,3.296958e0,3.380403e0,3.507241e0,3.694525e0,5.363106e0,5.378719e0,5.411193e0,5.354861e0,5.402654e0,5.423208e0,5.495829e0,5.513454e0,5.911377e0,5.935805e0,5.767502e0,5.768551e0,5.796191e0,6.034777e0,6.282976e0,6.621454e0,3.735438e0,3.469989e0,3.272592e0,3.011438e0,2.994609e0,3.258223e0,3.443181e0,3.743367e0],"first_block_mses":[2.896319e-1,1.008207e0,1.925689e0,1.685790e0,1.893807e0,3.545881e0,4.145851e0,4.103997e0,5.413940e0,6.127039e0,6.694495e0,6.399282e0,6.129883e0,6.543674e0,6.555676e0,6.406196e0,3.073118e0,2.997967e0,3.299215e0,3.159694e0,3.217793e0,3.492805e0,3.517222e0,3.756639e0,1.059934e1,1.170762e1,1.105950e1,1.194028e1,1.190187e1,1.080954e1,1.115416e1,1.182402e1,9.202182e0,9.607304e0,1.008035e1,9.283730e0,8.626270e0,9.650847e0,1.010502e1,8.980512e0,4.054263e0,3.848934e0,3.663015e0,4.222706e0,4.437936e0,3.862345e0,4.249422e0,4.897172e0,1.043107e1,1.180697e1,1.212837e1,1.205858e1,1.157321e1,1.211457e1,1.233174e1,1.239009e1,6.934566e0,8.137489e0,8.698441e0,8.631278e0,8.459690e0,8.873096e0,9.080685e0,8.969245e0]}