{"n_vecs":32768,"dim":128,"block_size":512,"n_blocks":64,"variance_ratio":0.95,"per_block_mean_mse":1.468734e-1,"layer_pooled_mean_mse":2.003739e-1,"first_block_mean_mse":2.044817e0,"pooled_over_per_block_mean":1.3643,"pooled_over_per_block_median":1.4398,"pooled_over_per_block_max":2.6799,"first_over_per_block_mean":13.9223,"first_over_per_block_median":14.6973,"first_over_per_block_max":24.4096,"pooled_d_eff":100,"first_d_eff":69,"per_block_d_eff":[69,51,50,49,49,48,49,48,58,44,43,43,43,43,43,42,66,51,50,50,50,49,49,49,61,44,43,43,43,42,43,42,64,48,47,47,47,47,46,46,63,48,47,47,47,46,47,46,68,51,49,49,49,48,49,48,65,44,43,43,43,42,42,42],"per_block_mses":[1.117894e-1,9.636384e-2,8.994057e-2,9.434100e-2,9.165732e-2,9.254444e-2,8.696697e-2,8.987885e-2,2.722096e-1,2.292380e-1,2.240958e-1,2.221596e-1,2.194104e-1,2.132326e-1,2.135393e-1,2.194934e-1,1.763386e-1,1.486312e-1,1.425244e-1,1.416514e-1,1.405241e-1,1.452119e-1,1.439878e-1,1.407801e-1,2.801898e-1,2.422328e-1,2.310186e-1,2.303234e-1,2.232428e-1,2.298109e-1,2.153501e-1,2.237144e-1,1.672635e-1,1.411539e-1,1.355854e-1,1.346696e-1,1.320492e-1,1.277403e-1,1.345453e-1,1.331508e-1,1.959951e-1,1.571956e-1,1.499024e-1,1.489953e-1,1.480383e-1,1.501760e-1,1.424107e-1,1.462288e-1,9.661048e-2,7.311095e-2,7.086317e-2,6.937064e-2,6.804920e-2,6.842471e-2,6.532572e-2,6.675483e-2,1.412563e-1,1.133376e-1,1.081763e-1,1.013158e-1,1.001007e-1,9.793558e-2,9.781772e-2,9.395530e-2],"layer_pooled_mses":[2.960741e-1,1.905254e-1,1.753181e-1,1.770130e-1,1.730082e-1,1.741273e-1,1.716433e-1,1.751403e-1,3.839071e-1,2.109008e-1,1.933507e-1,1.911813e-1,1.887662e-1,1.895224e-1,1.905867e-1,1.900707e-1,3.560903e-1,2.215173e-1,2.061312e-1,2.031470e-1,2.023211e-1,2.013636e-1,2.023124e-1,2.027969e-1,4.084131e-1,2.141827e-1,1.937284e-1,1.953664e-1,1.937319e-1,1.954688e-1,1.984535e-1,1.999411e-1,3.263356e-1,2.067436e-1,1.952763e-1,1.956323e-1,1.933612e-1,1.915503e-1,1.932233e-1,1.926276e-1,3.469514e-1,2.095920e-1,1.936968e-1,1.919888e-1,1.881846e-1,1.886794e-1,1.883158e-1,1.884621e-1,2.589032e-1,1.584126e-1,1.445661e-1,1.428231e-1,1.382441e-1,1.404986e-1,1.375735e-1,1.421847e-1,2.922635e-1,1.644916e-1,1.508244e-1,1.445982e-1,1.409169e-1,1.389604e-1,1.371089e-1,1.348369e-1],"first_block_mses":[1.117894e-1,1.108651e-1,1.277444e-1,1.460385e-1,1.519733e-1,1.639476e-1,1.680094e-1,1.805164e-1,3.347947e0,3.064148e0,2.920896e0,2.930006e0,2.836352e0,2.843314e0,2.775383e0,2.791203e0,2.239881e0,2.336243e0,2.340756e0,2.373143e0,2.350008e0,2.359556e0,2.366208e0,2.382316e0,3.551701e0,3.468930e0,3.342746e0,3.385131e0,3.300854e0,3.318904e0,3.253363e0,3.278476e0,1.972217e0,1.789425e0,1.785466e0,1.772576e0,1.781274e0,1.768013e0,1.785896e0,1.771113e0,2.859509e0,2.632532e0,2.491920e0,2.490796e0,2.448886e0,2.447452e0,2.409514e0,2.404878e0,1.641788e0,1.592890e0,1.585460e0,1.581747e0,1.589521e0,1.584118e0,1.594575e0,1.584383e0,1.859859e0,1.740402e0,1.684021e0,1.658792e0,1.593083e0,1.574837e0,1.555450e0,1.517548e0]}