{"n_vecs":32768,"dim":128,"block_size":512,"n_blocks":64,"variance_ratio":0.95,"per_block_mean_mse":5.946355e-3,"layer_pooled_mean_mse":7.428849e-3,"first_block_mean_mse":7.902348e-2,"pooled_over_per_block_mean":1.2493,"pooled_over_per_block_median":1.3069,"pooled_over_per_block_max":1.9353,"first_over_per_block_mean":13.2894,"first_over_per_block_median":15.3644,"first_over_per_block_max":17.7726,"pooled_d_eff":105,"first_d_eff":60,"per_block_d_eff":[60,56,55,55,55,55,55,55,59,53,53,53,53,53,53,53,56,47,47,47,47,46,46,46,58,53,53,53,53,53,53,53,55,47,47,47,47,47,47,46,58,50,50,50,50,50,50,50,63,53,52,52,52,52,52,52,58,53,52,53,52,53,52,52],"per_block_mses":[8.410841e-3,7.091008e-3,7.301537e-3,7.200509e-3,7.114942e-3,7.078059e-3,7.036972e-3,6.998036e-3,8.485255e-3,6.381961e-3,5.866825e-3,5.712262e-3,5.590938e-3,5.548749e-3,5.456352e-3,5.435399e-3,9.618596e-3,7.651728e-3,7.048338e-3,6.875960e-3,6.713811e-3,7.092939e-3,6.981578e-3,6.884387e-3,6.266953e-3,4.563786e-3,4.272558e-3,4.131197e-3,4.104857e-3,4.023010e-3,4.008233e-3,3.939802e-3,1.003097e-2,8.328600e-3,7.730593e-3,7.558484e-3,7.412551e-3,7.408394e-3,7.307804e-3,7.754817e-3,6.444985e-3,5.288613e-3,4.924752e-3,4.815249e-3,4.720709e-3,4.699229e-3,4.640213e-3,4.601928e-3,4.934563e-3,4.036229e-3,4.025365e-3,3.902720e-3,3.863745e-3,3.815821e-3,3.776419e-3,3.725058e-3,7.868259e-3,5.491838e-3,5.465661e-3,4.952702e-3,5.214871e-3,4.810871e-3,5.102000e-3,5.025338e-3],"layer_pooled_mses":[1.103800e-2,8.555490e-3,8.280525e-3,8.214772e-3,8.128092e-3,8.158586e-3,8.109412e-3,8.140674e-3,1.303897e-2,8.340306e-3,7.839929e-3,7.576907e-3,7.509406e-3,7.443982e-3,7.405638e-3,7.328483e-3,1.305594e-2,7.412588e-3,6.783399e-3,6.487709e-3,6.462198e-3,6.411181e-3,6.406694e-3,6.393739e-3,1.142703e-2,7.161868e-3,6.594892e-3,6.418513e-3,6.266039e-3,6.242381e-3,6.129515e-3,6.099591e-3,1.202031e-2,7.510832e-3,6.952751e-3,6.791886e-3,6.688296e-3,6.706301e-3,6.644656e-3,6.633905e-3,1.058764e-2,6.714347e-3,6.350144e-3,6.164915e-3,6.127822e-3,6.079871e-3,6.060430e-3,6.009900e-3,9.549829e-3,6.228810e-3,5.845062e-3,5.759805e-3,5.702977e-3,5.711970e-3,5.661419e-3,5.664572e-3,1.197826e-2,7.660467e-3,7.074108e-3,6.916863e-3,6.768660e-3,6.761901e-3,6.638979e-3,6.616168e-3],"first_block_mses":[8.410841e-3,7.761879e-3,8.236071e-3,8.877564e-3,9.040841e-3,9.422928e-3,9.454589e-3,9.718001e-3,1.062346e-1,8.481120e-2,8.172060e-2,7.942424e-2,7.882083e-2,7.782255e-2,7.774753e-2,7.669206e-2,1.302195e-1,1.175640e-1,1.158219e-1,1.142255e-1,1.132045e-1,1.130326e-1,1.122844e-1,1.129947e-1,8.172049e-2,6.514412e-2,6.258091e-2,6.093946e-2,6.029680e-2,5.959543e-2,5.916667e-2,5.874352e-2,1.398590e-1,1.296567e-1,1.286857e-1,1.265144e-1,1.263677e-1,1.252742e-1,1.255647e-1,1.247202e-1,9.956849e-2,8.642826e-2,8.459503e-2,8.341949e-2,8.282232e-2,8.246013e-2,8.211105e-2,8.178805e-2,6.976233e-2,6.508268e-2,6.482374e-2,6.427741e-2,6.440777e-2,6.391752e-2,6.419918e-2,6.356575e-2,1.006863e-1,8.308821e-2,8.065124e-2,7.935049e-2,7.887785e-2,7.819037e-2,7.784085e-2,7.721492e-2]}