{"n_vecs":32768,"dim":128,"block_size":512,"n_blocks":64,"variance_ratio":0.95,"per_block_mean_mse":3.105466e-1,"layer_pooled_mean_mse":1.629489e0,"first_block_mean_mse":4.067337e0,"pooled_over_per_block_mean":5.2472,"pooled_over_per_block_median":6.0547,"pooled_over_per_block_max":7.9818,"first_over_per_block_mean":13.0973,"first_over_per_block_median":12.5599,"first_over_per_block_max":27.6267,"pooled_d_eff":35,"first_d_eff":45,"per_block_d_eff":[45,46,45,46,45,46,45,45,53,48,47,46,47,46,46,46,44,40,40,40,40,40,40,40,21,21,21,21,21,21,21,21,46,47,47,47,47,47,47,47,44,41,40,40,40,39,39,39,53,52,52,52,52,52,52,52,40,39,39,38,38,38,38,38],"per_block_mses":[2.917211e-1,2.446208e-1,2.490611e-1,2.385758e-1,2.467544e-1,2.376885e-1,2.453014e-1,2.469465e-1,2.187978e-1,2.066638e-1,2.110011e-1,2.146161e-1,2.052098e-1,2.123919e-1,2.132512e-1,2.086710e-1,2.741929e-1,2.631949e-1,2.588210e-1,2.545397e-1,2.546362e-1,2.534170e-1,2.532292e-1,2.496920e-1,6.455581e-1,7.096848e-1,7.154956e-1,7.101531e-1,7.088501e-1,7.063567e-1,7.043574e-1,7.032907e-1,2.640663e-1,2.206856e-1,2.159463e-1,2.134827e-1,2.122364e-1,2.122470e-1,2.105674e-1,2.090381e-1,2.912559e-1,2.910442e-1,2.976415e-1,2.942155e-1,2.885633e-1,3.107489e-1,3.057830e-1,3.058281e-1,3.181622e-1,3.063464e-1,3.025870e-1,3.040095e-1,3.017028e-1,3.026621e-1,3.001409e-1,3.008786e-1,2.752047e-1,2.475681e-1,2.397459e-1,2.406075e-1,2.403699e-1,2.342792e-1,2.337476e-1,2.268770e-1],"layer_pooled_mses":[1.512737e0,1.460862e0,1.472057e0,1.487222e0,1.481030e0,1.475012e0,1.485423e0,1.506576e0,1.331869e0,1.272682e0,1.282182e0,1.267988e0,1.273807e0,1.259590e0,1.284029e0,1.259803e0,1.668822e0,1.656035e0,1.693860e0,1.643072e0,1.660771e0,1.707606e0,1.726787e0,1.720719e0,2.136534e0,1.950972e0,1.952539e0,1.954690e0,1.961795e0,2.006463e0,1.996984e0,2.018921e0,1.493442e0,1.457884e0,1.429138e0,1.402733e0,1.392439e0,1.416109e0,1.380349e0,1.423716e0,1.763476e0,1.670012e0,1.670508e0,1.639278e0,1.639368e0,1.662485e0,1.696238e0,1.713634e0,2.308378e0,2.297142e0,2.339217e0,2.368393e0,2.391186e0,2.379054e0,2.363170e0,2.401539e0,1.188188e0,1.163144e0,1.154462e0,1.118621e0,1.119584e0,1.096361e0,1.092049e0,1.086593e0],"first_block_mses":[2.917211e-1,1.255018e0,1.786591e0,2.042910e0,2.014599e0,1.860590e0,2.205383e0,3.101618e0,4.484434e0,5.104071e0,5.460874e0,5.609145e0,5.077834e0,4.910197e0,4.962727e0,5.764897e0,2.125934e0,2.641091e0,3.339768e0,3.458638e0,3.532311e0,2.492206e0,2.996217e0,4.074039e0,6.537186e0,5.942092e0,5.809709e0,5.868519e0,5.820089e0,5.679986e0,5.746160e0,5.627843e0,3.305420e0,2.978287e0,3.202621e0,3.343287e0,3.575067e0,3.413930e0,3.677637e0,3.781183e0,6.545488e0,6.667653e0,6.558446e0,6.603021e0,6.639367e0,6.471738e0,6.326787e0,6.569114e0,3.649222e0,3.528703e0,3.751285e0,3.832831e0,3.589681e0,3.760084e0,3.868554e0,3.855887e0,3.403778e0,2.591697e0,2.710955e0,2.778997e0,2.880600e0,2.867027e0,2.933729e0,3.023098e0]}