{"n_vecs":32768,"dim":128,"block_size":512,"n_blocks":64,"variance_ratio":0.95,"per_block_mean_mse":1.385010e-1,"layer_pooled_mean_mse":2.651227e-1,"first_block_mean_mse":1.636835e0,"pooled_over_per_block_mean":1.9142,"pooled_over_per_block_median":2.3443,"pooled_over_per_block_max":4.5264,"first_over_per_block_mean":11.8182,"first_over_per_block_median":10.6348,"first_over_per_block_max":26.9014,"pooled_d_eff":73,"first_d_eff":49,"per_block_d_eff":[49,53,53,53,53,53,53,53,26,27,28,28,28,28,28,29,29,31,31,31,32,32,32,32,61,61,61,61,61,61,61,62,53,54,54,54,54,54,54,54,63,63,63,63,63,63,63,63,61,61,62,62,62,62,62,62,38,41,41,42,41,42,42,42],"per_block_mses":[1.532970e-1,1.364254e-1,1.352242e-1,1.358244e-1,1.350234e-1,1.367600e-1,1.354352e-1,1.373034e-1,1.901763e-1,1.869045e-1,1.839061e-1,1.836686e-1,1.862752e-1,1.872900e-1,1.899463e-1,1.830058e-1,1.942821e-1,1.801062e-1,1.843079e-1,1.833498e-1,1.773352e-1,1.778714e-1,1.799927e-1,1.807281e-1,1.401023e-1,1.349081e-1,1.325299e-1,1.341514e-1,1.326313e-1,1.340286e-1,1.329312e-1,1.281546e-1,1.731484e-1,1.599634e-1,1.580534e-1,1.593648e-1,1.596536e-1,1.606947e-1,1.600248e-1,1.609980e-1,1.185577e-1,9.980698e-2,9.713147e-2,9.823361e-2,9.826863e-2,9.817872e-2,9.765717e-2,9.830077e-2,4.743336e-2,4.141382e-2,3.948135e-2,3.977994e-2,3.970139e-2,3.994540e-2,3.988827e-2,4.015493e-2,1.768430e-1,1.646372e-1,1.640363e-1,1.590229e-1,1.660806e-1,1.610950e-1,1.602545e-1,1.623799e-1],"layer_pooled_mses":[2.792618e-1,3.198247e-1,3.288104e-1,3.347176e-1,3.308265e-1,3.375605e-1,3.390959e-1,3.453526e-1,1.271209e-1,1.438647e-1,1.443876e-1,1.440262e-1,1.450883e-1,1.473945e-1,1.525432e-1,1.738363e-1,1.528986e-1,1.686782e-1,1.700720e-1,1.674752e-1,1.717565e-1,1.763082e-1,1.788531e-1,1.862459e-1,3.556329e-1,3.771295e-1,3.768111e-1,3.762185e-1,3.740946e-1,3.701519e-1,3.770034e-1,3.790244e-1,3.570137e-1,3.588344e-1,3.612019e-1,3.551239e-1,3.575333e-1,3.589835e-1,3.603410e-1,3.778314e-1,3.671594e-1,3.632320e-1,3.590660e-1,3.594428e-1,3.586656e-1,3.569100e-1,3.608145e-1,3.665044e-1,1.628499e-1,1.687082e-1,1.701370e-1,1.674917e-1,1.699726e-1,1.711917e-1,1.750390e-1,1.817555e-1,1.883201e-1,2.078774e-1,2.076683e-1,2.066034e-1,2.041436e-1,2.132506e-1,2.194766e-1,2.226433e-1],"first_block_mses":[1.532970e-1,6.394346e-1,8.772049e-1,1.002186e0,1.061688e0,1.056221e0,1.183978e0,1.338699e0,1.537486e0,1.727653e0,1.651614e0,1.773557e0,1.874065e0,1.903218e0,1.987264e0,2.153860e0,1.363085e0,1.761781e0,1.786212e0,1.706743e0,1.747341e0,2.002547e0,2.236605e0,2.233982e0,1.753070e0,2.023814e0,2.130192e0,2.294995e0,2.144365e0,2.162901e0,2.310730e0,2.419583e0,1.432949e0,1.466810e0,1.618079e0,1.687412e0,1.697890e0,1.718036e0,1.818024e0,1.956527e0,1.964846e0,2.459745e0,2.404131e0,2.327077e0,2.335936e0,2.349785e0,2.284919e0,2.194523e0,8.124881e-1,1.021869e0,1.024866e0,1.016159e0,1.010777e0,1.074586e0,1.058204e0,9.333495e-1,1.091152e0,1.238867e0,1.399472e0,1.426496e0,1.402808e0,1.416126e0,1.493044e0,1.621105e0]}