{
  "model": "Qwen/Qwen3-4B",
  "n_passages": 4,
  "ctx_len": 2048,
  "bit_width": 4,
  "n_levels": 16,
  "boundary_skip_layers": [
    0,
    1,
    2,
    3,
    4,
    5,
    6,
    29,
    30,
    31,
    32,
    33,
    34,
    35
  ],
  "d_eff": 96,
  "k_kmeans": 64,
  "block_size": 512,
  "n_samples": 184549376,
  "sample_mean": 0.00024042466247919947,
  "sample_std": 1.0,
  "centroids": [
    -2.609528064727783,
    -1.9996484518051147,
    -1.5746917724609375,
    -1.2279930114746094,
    -0.9240814447402954,
    -0.6443973183631897,
    -0.38130202889442444,
    -0.125740185379982,
    0.12676912546157837,
    0.381585955619812,
    0.6446330547332764,
    0.9234832525253296,
    1.2275173664093018,
    1.574052095413208,
    1.9988609552383423,
    2.608855724334717
  ]
}