{"metric":"InnerProduct","block_size":512,"variance_ratio":0.95,"k":16,"bit_width":3,"dim":64,"num_vecs_encoded":262144,"num_blocks":512,"skeleton_bytes":6792832,"codes_bytes":8814592,"compressed_bytes":15607424,"baseline_bytes_f32":67108864,"baseline_bytes_bf16":33554432,"ratio_vs_f32":4.299804,"ratio_vs_bf16":2.149902,"encode_seconds":2.092734,"decode_seconds":0.229633,"verify":true,"mean_block_mse":0.6869051632}