{
  "model": "Qwen/Qwen3-4B",
  "kv_cache_dtype": "kakeya_v1_3_ppl",
  "engine": "vllm",
  "n_input_tokens": 8192,
  "block_size": 512,
  "enforce_eager": true,
  "total_wall_s": 79.97194409370422,
  "window": 2048,
  "stride": 1024,
  "n_tokens_scored": 8191,
  "total_nll": 50198.24363227491,
  "mean_nll": 6.128463390584167,
  "perplexity": 458.73072887483977,
  "vllm_gen_wall_s": 67.73247909545898
}