{
  "model": "Qwen/Qwen3-4B",
  "kv_cache_dtype": "kakeya_v1_3_ppl",
  "engine": "vllm",
  "n_input_tokens": 8192,
  "block_size": 512,
  "enforce_eager": true,
  "total_wall_s": 83.0493061542511,
  "window": 2048,
  "stride": 1024,
  "n_tokens_scored": 8191,
  "total_nll": 49644.38700514939,
  "mean_nll": 6.060845684916297,
  "perplexity": 428.7378607313518,
  "vllm_gen_wall_s": 70.87502026557922
}