{
  "model": "Qwen/Qwen3-4B",
  "kv_cache_dtype": "kakeya_v1_3_ppl",
  "engine": "vllm",
  "n_input_tokens": 8192,
  "block_size": 512,
  "enforce_eager": true,
  "total_wall_s": 78.05446815490723,
  "window": 2048,
  "stride": 1024,
  "n_tokens_scored": 8191,
  "total_nll": 48045.25178516563,
  "mean_nll": 5.865614917002275,
  "perplexity": 352.6989700329506,
  "vllm_gen_wall_s": 66.5069169998169
}