{
  "model": "Qwen/Qwen3-4B",
  "kv_cache_dtype": "kakeya_v1_3_ppl",
  "engine": "vllm",
  "n_input_tokens": 8192,
  "block_size": 512,
  "enforce_eager": true,
  "total_wall_s": 109.01151323318481,
  "window": 2048,
  "stride": 1024,
  "n_tokens_scored": 8191,
  "total_nll": 45851.971398990136,
  "mean_nll": 5.597847808447092,
  "perplexity": 269.84502384523336,
  "vllm_gen_wall_s": 97.371089220047
}