{"metric":"MSE","block_size":512,"variance_ratio":0.95,"k":16,"bit_width":3,"dim":64,"num_vecs_encoded":65536,"num_blocks":128,"skeleton_bytes":1563328,"codes_bytes":2117632,"compressed_bytes":3680960,"baseline_bytes_f32":16777216,"baseline_bytes_bf16":8388608,"ratio_vs_f32":4.557837,"ratio_vs_bf16":2.278919,"encode_seconds":0.428975,"decode_seconds":0.053233,"verify":true,"mean_block_mse":0.1768482820}