{"metric":"MSE","block_size":512,"variance_ratio":0.95,"k":16,"bit_width":3,"dim":128,"num_vecs_encoded":65536,"num_blocks":128,"skeleton_bytes":3664384,"codes_bytes":2252800,"compressed_bytes":5917184,"baseline_bytes_f32":33554432,"baseline_bytes_bf16":16777216,"ratio_vs_f32":5.670676,"ratio_vs_bf16":2.835338,"encode_seconds":1.219374,"decode_seconds":0.077899,"verify":true,"mean_block_mse":0.0405492944}