{"metric":"MSE","block_size":512,"variance_ratio":0.95,"k":16,"bit_width":3,"dim":64,"num_vecs_encoded":65536,"num_blocks":128,"skeleton_bytes":1560128,"codes_bytes":2136064,"compressed_bytes":3696192,"baseline_bytes_f32":16777216,"baseline_bytes_bf16":8388608,"ratio_vs_f32":4.539054,"ratio_vs_bf16":2.269527,"encode_seconds":0.433228,"decode_seconds":0.053157,"verify":true,"mean_block_mse":0.1864381213}