{"metric":"MSE","block_size":512,"variance_ratio":0.95,"k":16,"bit_width":3,"dim":128,"num_vecs_encoded":65536,"num_blocks":128,"skeleton_bytes":3692032,"codes_bytes":2252800,"compressed_bytes":5944832,"baseline_bytes_f32":33554432,"baseline_bytes_bf16":16777216,"ratio_vs_f32":5.644303,"ratio_vs_bf16":2.822151,"encode_seconds":1.559509,"decode_seconds":0.077242,"verify":true,"mean_block_mse":1.8804081814}