{"metric":"MSE","block_size":512,"variance_ratio":0.95,"k":16,"bit_width":3,"dim":128,"num_vecs_encoded":65536,"num_blocks":128,"skeleton_bytes":3856768,"codes_bytes":2228224,"compressed_bytes":6084992,"baseline_bytes_f32":33554432,"baseline_bytes_bf16":16777216,"ratio_vs_f32":5.514294,"ratio_vs_bf16":2.757147,"encode_seconds":1.558843,"decode_seconds":0.079588,"verify":true,"mean_block_mse":0.0454576815}