{"metric":"MSE","block_size":512,"variance_ratio":0.95,"k":16,"bit_width":3,"dim":128,"num_vecs_encoded":49152,"num_blocks":96,"skeleton_bytes":3571968,"codes_bytes":2187264,"compressed_bytes":5759232,"baseline_bytes_f32":25165824,"baseline_bytes_bf16":12582912,"ratio_vs_f32":4.369649,"ratio_vs_bf16":2.184825,"encode_seconds":1.302628,"decode_seconds":0.076160,"verify":true,"mean_block_mse":0.5022363321}