{"metric":"MSE","block_size":512,"variance_ratio":0.95,"k":16,"bit_width":3,"dim":128,"num_vecs_encoded":65536,"num_blocks":128,"skeleton_bytes":4051456,"codes_bytes":2265088,"compressed_bytes":6316544,"baseline_bytes_f32":33554432,"baseline_bytes_bf16":16777216,"ratio_vs_f32":5.312150,"ratio_vs_bf16":2.656075,"encode_seconds":1.606977,"decode_seconds":0.081420,"verify":true,"mean_block_mse":13.1868713571}