{"n_vecs":8192,"dim":128,"block_size":512,"n_blocks":16,"variance_ratio":0.95,"per_block_mean_mse":4.169953e-3,"layer_pooled_mean_mse":4.828766e-3,"first_block_mean_mse":4.179728e-2,"pooled_over_per_block_mean":1.1580,"pooled_over_per_block_median":1.1907,"pooled_over_per_block_max":1.1980,"first_over_per_block_mean":10.0234,"first_over_per_block_median":18.5299,"first_over_per_block_max":18.8477,"pooled_d_eff":79,"first_d_eff":53,"per_block_d_eff":[53,54,53,54,53,54,53,54,55,55,55,55,55,55,55,55],"per_block_mses":[4.229525e-3,3.976696e-3,4.223028e-3,3.980624e-3,4.229819e-3,3.966950e-3,4.239730e-3,3.963063e-3,4.202465e-3,4.277732e-3,4.202229e-3,4.278375e-3,4.206575e-3,4.265831e-3,4.219024e-3,4.257579e-3],"layer_pooled_mses":[4.580929e-3,4.614106e-3,4.577855e-3,4.609437e-3,4.579538e-3,4.601814e-3,4.586751e-3,4.603031e-3,5.030500e-3,5.098406e-3,5.034161e-3,5.094418e-3,5.037850e-3,5.084705e-3,5.043031e-3,5.083724e-3],"first_block_mses":[4.229525e-3,4.475901e-3,4.225828e-3,4.478970e-3,4.236025e-3,4.461043e-3,4.248025e-3,4.454366e-3,7.920689e-2,7.926583e-2,7.915781e-2,7.932763e-2,7.912244e-2,7.933374e-2,7.910232e-2,7.943013e-2]}