{"n_vecs":8192,"dim":128,"block_size":512,"n_blocks":16,"variance_ratio":0.95,"per_block_mean_mse":7.036109e-2,"layer_pooled_mean_mse":9.571899e-2,"first_block_mean_mse":8.593236e-1,"pooled_over_per_block_mean":1.3604,"pooled_over_per_block_median":1.3668,"pooled_over_per_block_max":1.4730,"first_over_per_block_mean":12.2131,"first_over_per_block_median":11.3318,"first_over_per_block_max":21.3234,"pooled_d_eff":106,"first_d_eff":83,"per_block_d_eff":[83,80,79,79,79,79,79,79,87,85,85,85,85,84,85,85],"per_block_mses":[5.371731e-2,5.911179e-2,5.766439e-2,5.804984e-2,5.721032e-2,5.774491e-2,5.789271e-2,5.841769e-2,8.109851e-2,8.414139e-2,8.275587e-2,8.211279e-2,8.315569e-2,8.570799e-2,8.318868e-2,8.380754e-2],"layer_pooled_mses":[7.583509e-2,7.953251e-2,8.162400e-2,8.340699e-2,8.426996e-2,8.245324e-2,7.912500e-2,7.694343e-2,1.131317e-1,1.098493e-1,1.098280e-1,1.124728e-1,1.131926e-1,1.098928e-1,1.108077e-1,1.091386e-1],"first_block_mses":[5.371731e-2,3.325067e-1,6.279862e-1,8.508703e-1,9.913031e-1,1.032940e0,1.148392e0,1.245662e0,8.783334e-1,8.592996e-1,9.377740e-1,1.068522e0,9.171197e-1,9.466333e-1,9.653655e-1,8.927527e-1]}