{"n_vecs":8192,"dim":128,"block_size":512,"n_blocks":16,"variance_ratio":0.95,"per_block_mean_mse":3.837288e-2,"layer_pooled_mean_mse":6.384942e-2,"first_block_mean_mse":6.183074e-1,"pooled_over_per_block_mean":1.6639,"pooled_over_per_block_median":1.8985,"pooled_over_per_block_max":2.2093,"first_over_per_block_mean":16.1131,"first_over_per_block_median":16.9969,"first_over_per_block_max":24.5037,"pooled_d_eff":99,"first_d_eff":85,"per_block_d_eff":[85,81,81,81,81,81,81,81,75,74,73,73,72,73,72,72],"per_block_mses":[3.954012e-2,3.659910e-2,3.568835e-2,3.638042e-2,3.622833e-2,3.592025e-2,3.585618e-2,3.597213e-2,4.360008e-2,3.820397e-2,3.914362e-2,4.021771e-2,4.035760e-2,3.977578e-2,4.002338e-2,4.045911e-2],"layer_pooled_mses":[7.506533e-2,7.935832e-2,7.884568e-2,7.862634e-2,7.892229e-2,7.798666e-2,7.866588e-2,7.798933e-2,5.266504e-2,5.234938e-2,5.083954e-2,5.069797e-2,4.909372e-2,4.831724e-2,4.577597e-2,4.639208e-2],"first_block_mses":[3.954012e-2,3.058732e-1,5.431113e-1,6.183556e-1,6.980402e-1,6.987417e-1,7.396429e-1,8.814499e-1,7.382683e-1,7.464567e-1,7.104717e-1,6.529595e-1,6.313340e-1,6.825462e-1,6.043467e-1,6.017809e-1]}