{"n_vecs":8192,"dim":128,"block_size":512,"n_blocks":16,"variance_ratio":0.95,"per_block_mean_mse":9.819596e-3,"layer_pooled_mean_mse":1.047111e-2,"first_block_mean_mse":6.193191e-2,"pooled_over_per_block_mean":1.0663,"pooled_over_per_block_median":1.1112,"pooled_over_per_block_max":1.1758,"first_over_per_block_mean":6.3070,"first_over_per_block_median":11.9114,"first_over_per_block_max":12.5065,"pooled_d_eff":87,"first_d_eff":62,"per_block_d_eff":[62,61,60,60,60,60,60,61,63,63,63,63,63,63,63,64],"per_block_mses":[1.031659e-2,1.030342e-2,1.042335e-2,1.055620e-2,1.071735e-2,1.054515e-2,1.079898e-2,1.044246e-2,9.145038e-3,9.252878e-3,9.056776e-3,9.052761e-3,9.196746e-3,9.039792e-3,9.329870e-3,8.936164e-3],"layer_pooled_mses":[1.142804e-2,1.081131e-2,1.011434e-2,1.037556e-2,1.032917e-2,1.029587e-2,1.046580e-2,1.079516e-2,1.030319e-2,1.071380e-2,1.024020e-2,1.028548e-2,1.021988e-2,1.024854e-2,1.040462e-2,1.050674e-2],"first_block_mses":[1.031659e-2,1.269403e-2,1.202083e-2,1.263517e-2,1.261976e-2,1.297676e-2,1.307140e-2,1.427068e-2,1.104176e-1,1.110796e-1,1.114565e-1,1.112623e-1,1.113017e-1,1.118957e-1,1.111320e-1,1.117599e-1]}