{"n_vecs":8192,"dim":128,"block_size":512,"n_blocks":16,"variance_ratio":0.95,"per_block_mean_mse":5.722252e-2,"layer_pooled_mean_mse":8.811027e-2,"first_block_mean_mse":6.646124e-1,"pooled_over_per_block_mean":1.5398,"pooled_over_per_block_median":1.4939,"pooled_over_per_block_max":1.8657,"first_over_per_block_mean":11.6145,"first_over_per_block_median":12.6822,"first_over_per_block_max":14.9741,"pooled_d_eff":91,"first_d_eff":69,"per_block_d_eff":[69,66,65,65,65,66,66,66,69,69,68,68,68,68,68,68],"per_block_mses":[6.246370e-2,6.000690e-2,5.980604e-2,6.094958e-2,6.013928e-2,5.968497e-2,5.801280e-2,5.847575e-2,6.009506e-2,5.354006e-2,5.418779e-2,5.485606e-2,5.346345e-2,5.425355e-2,5.245586e-2,5.316952e-2],"layer_pooled_mses":[8.646055e-2,7.938557e-2,7.860819e-2,7.927884e-2,7.853231e-2,7.887065e-2,7.863180e-2,7.841450e-2,8.977357e-2,9.231791e-2,9.559773e-2,9.904602e-2,9.847210e-2,9.999893e-2,9.786734e-2,9.850836e-2],"first_block_mses":[6.246370e-2,4.169224e-1,5.646027e-1,6.642148e-1,6.980781e-1,8.206479e-1,7.739547e-1,8.179858e-1,7.400761e-1,7.502140e-1,7.518431e-1,8.190085e-1,8.005673e-1,6.880525e-1,6.241457e-1,6.410209e-1]}