{"n_vecs":8192,"dim":128,"block_size":512,"n_blocks":16,"variance_ratio":0.95,"per_block_mean_mse":2.744350e-2,"layer_pooled_mean_mse":3.085923e-2,"first_block_mean_mse":2.082045e-1,"pooled_over_per_block_mean":1.1245,"pooled_over_per_block_median":1.0008,"pooled_over_per_block_max":2.6113,"first_over_per_block_mean":7.5867,"first_over_per_block_median":11.2940,"first_over_per_block_max":12.2938,"pooled_d_eff":81,"first_d_eff":75,"per_block_d_eff":[75,56,50,51,49,50,49,49,70,52,47,47,47,47,47,46],"per_block_mses":[2.612099e-2,2.418723e-2,2.421630e-2,2.383368e-2,2.442164e-2,2.401500e-2,2.396196e-2,2.467697e-2,3.326609e-2,3.054270e-2,3.051269e-2,3.058063e-2,2.916671e-2,2.993322e-2,2.918669e-2,3.047353e-2],"layer_pooled_mses":[6.821047e-2,3.246043e-2,2.453695e-2,2.357073e-2,2.274248e-2,2.403438e-2,2.426193e-2,2.662843e-2,6.956672e-2,3.231839e-2,2.448703e-2,2.359959e-2,2.286118e-2,2.381343e-2,2.423999e-2,2.641549e-2],"first_block_mses":[2.612099e-2,3.770175e-2,5.039273e-2,6.136408e-2,6.648954e-2,7.337462e-2,7.639038e-2,8.199260e-2,3.757087e-1,3.520287e-1,3.506335e-1,3.550509e-1,3.561761e-1,3.559877e-1,3.588164e-1,3.530436e-1]}