{"n_vecs":8192,"dim":128,"block_size":512,"n_blocks":16,"variance_ratio":0.95,"per_block_mean_mse":1.298479e-2,"layer_pooled_mean_mse":1.543685e-2,"first_block_mean_mse":9.427558e-2,"pooled_over_per_block_mean":1.1888,"pooled_over_per_block_median":1.1420,"pooled_over_per_block_max":2.1937,"first_over_per_block_mean":7.2605,"first_over_per_block_median":10.7904,"first_over_per_block_max":13.1850,"pooled_d_eff":93,"first_d_eff":77,"per_block_d_eff":[77,65,61,63,62,63,63,63,86,73,68,71,71,71,70,72],"per_block_mses":[1.609272e-2,1.276101e-2,1.232118e-2,1.265737e-2,1.254038e-2,1.225955e-2,1.254082e-2,1.315896e-2,1.703153e-2,1.303487e-2,1.220540e-2,1.250623e-2,1.184220e-2,1.192115e-2,1.250735e-2,1.237595e-2],"layer_pooled_mses":[2.660994e-2,1.320142e-2,1.048020e-2,1.137511e-2,1.086321e-2,1.089535e-2,1.176077e-2,1.224446e-2,3.736163e-2,1.728857e-2,1.320149e-2,1.434227e-2,1.352364e-2,1.405215e-2,1.444355e-2,1.534578e-2],"first_block_mses":[1.609272e-2,2.102291e-2,2.366258e-2,2.803678e-2,2.984302e-2,3.185670e-2,3.358687e-2,3.516537e-2,1.837776e-1,1.662900e-1,1.609278e-1,1.598525e-1,1.518362e-1,1.524613e-1,1.561619e-1,1.578350e-1]}