{"n_vecs":8192,"dim":128,"block_size":512,"n_blocks":16,"variance_ratio":0.95,"per_block_mean_mse":3.362805e-3,"layer_pooled_mean_mse":3.565064e-3,"first_block_mean_mse":2.599262e-2,"pooled_over_per_block_mean":1.0601,"pooled_over_per_block_median":1.0704,"pooled_over_per_block_max":1.1153,"first_over_per_block_mean":7.7294,"first_over_per_block_median":14.5694,"first_over_per_block_max":15.4012,"pooled_d_eff":84,"first_d_eff":57,"per_block_d_eff":[57,56,56,56,56,56,57,56,61,61,61,61,61,61,61,61],"per_block_mses":[3.450941e-3,3.570776e-3,3.495536e-3,3.488145e-3,3.519613e-3,3.518376e-3,3.386587e-3,3.604635e-3,3.318278e-3,3.280579e-3,3.212132e-3,3.105207e-3,3.189819e-3,3.163758e-3,3.235982e-3,3.264522e-3],"layer_pooled_mses":[3.688668e-3,3.762618e-3,3.602285e-3,3.580092e-3,3.632746e-3,3.556359e-3,3.607511e-3,3.662605e-3,3.555862e-3,3.658805e-3,3.444268e-3,3.429789e-3,3.431878e-3,3.449590e-3,3.463909e-3,3.514043e-3],"first_block_mses":[3.450941e-3,4.105205e-3,3.832404e-3,3.878977e-3,3.825026e-3,3.883244e-3,3.893622e-3,4.037440e-3,4.834545e-2,4.857427e-2,4.808244e-2,4.782402e-2,4.781448e-2,4.838946e-2,4.788627e-2,4.805865e-2]}