{"n_vecs":8192,"dim":128,"block_size":512,"n_blocks":16,"variance_ratio":0.95,"per_block_mean_mse":1.116209e-2,"layer_pooled_mean_mse":1.478286e-2,"first_block_mean_mse":1.284089e-1,"pooled_over_per_block_mean":1.3244,"pooled_over_per_block_median":1.3093,"pooled_over_per_block_max":2.0034,"first_over_per_block_mean":11.5040,"first_over_per_block_median":16.6782,"first_over_per_block_max":22.0527,"pooled_d_eff":77,"first_d_eff":67,"per_block_d_eff":[67,59,57,58,57,57,57,58,62,56,54,55,55,54,55,55],"per_block_mses":[1.192890e-2,1.036856e-2,1.033990e-2,1.015567e-2,1.076069e-2,1.056765e-2,1.079378e-2,1.063549e-2,1.269847e-2,1.141786e-2,1.153276e-2,1.127679e-2,1.125436e-2,1.168982e-2,1.140890e-2,1.176384e-2],"layer_pooled_mses":[2.389822e-2,1.513908e-2,1.353756e-2,1.409115e-2,1.399521e-2,1.401394e-2,1.420867e-2,1.472541e-2,2.066141e-2,1.407563e-2,1.269167e-2,1.306636e-2,1.281801e-2,1.288277e-2,1.302628e-2,1.369436e-2],"first_block_mses":[1.192890e-2,1.290289e-2,1.274021e-2,1.469991e-2,1.442384e-2,1.532095e-2,1.570924e-2,1.648409e-2,2.117875e-1,2.360240e-1,2.470936e-1,2.478103e-1,2.481896e-1,2.514182e-1,2.506348e-1,2.473742e-1]}