{"n_vecs":8192,"dim":128,"block_size":512,"n_blocks":16,"variance_ratio":0.95,"per_block_mean_mse":1.091948e-2,"layer_pooled_mean_mse":1.154346e-2,"first_block_mean_mse":7.593719e-2,"pooled_over_per_block_mean":1.0571,"pooled_over_per_block_median":1.0329,"pooled_over_per_block_max":1.2530,"first_over_per_block_mean":6.9543,"first_over_per_block_median":12.1874,"first_over_per_block_max":12.5561,"pooled_d_eff":85,"first_d_eff":63,"per_block_d_eff":[63,61,60,60,60,60,60,61,63,59,58,58,59,59,59,59],"per_block_mses":[1.024861e-2,1.041639e-2,1.053626e-2,1.029047e-2,1.071772e-2,1.058287e-2,1.065025e-2,1.037171e-2,1.143964e-2,1.141923e-2,1.156803e-2,1.150977e-2,1.121316e-2,1.116926e-2,1.130004e-2,1.127821e-2],"layer_pooled_mses":[1.231462e-2,1.153029e-2,1.079326e-2,1.062928e-2,1.068998e-2,1.081187e-2,1.092539e-2,1.109991e-2,1.433434e-2,1.225251e-2,1.151144e-2,1.141385e-2,1.146913e-2,1.148250e-2,1.169106e-2,1.174596e-2],"first_block_mses":[1.024861e-2,1.156941e-2,1.083865e-2,1.095024e-2,1.121531e-2,1.130833e-2,1.136627e-2,1.211375e-2,1.422460e-1,1.408983e-1,1.416540e-1,1.402746e-1,1.396044e-1,1.402419e-1,1.396945e-1,1.407708e-1]}