{"n_vecs":8192,"dim":128,"block_size":512,"n_blocks":16,"variance_ratio":0.95,"per_block_mean_mse":1.490254e-2,"layer_pooled_mean_mse":1.698026e-2,"first_block_mean_mse":1.082023e-1,"pooled_over_per_block_mean":1.1394,"pooled_over_per_block_median":1.1477,"pooled_over_per_block_max":1.4161,"first_over_per_block_mean":7.2607,"first_over_per_block_median":13.3983,"first_over_per_block_max":14.4440,"pooled_d_eff":84,"first_d_eff":63,"per_block_d_eff":[63,60,59,60,60,60,61,60,63,60,59,59,60,59,60,60],"per_block_mses":[1.672474e-2,1.610613e-2,1.608456e-2,1.490892e-2,1.575007e-2,1.534781e-2,1.514779e-2,1.579598e-2,1.480779e-2,1.397811e-2,1.398400e-2,1.408763e-2,1.372406e-2,1.426396e-2,1.370541e-2,1.402375e-2],"layer_pooled_mses":[2.061083e-2,1.711641e-2,1.583442e-2,1.591188e-2,1.617490e-2,1.589333e-2,1.636175e-2,1.661754e-2,2.096908e-2,1.719009e-2,1.628529e-2,1.616899e-2,1.656932e-2,1.610260e-2,1.692011e-2,1.695756e-2],"first_block_mses":[1.672474e-2,1.828731e-2,1.735968e-2,1.783625e-2,1.827710e-2,1.849536e-2,1.899013e-2,1.975426e-2,1.983989e-1,2.004512e-1,1.992908e-1,1.990062e-1,1.982298e-1,1.972548e-1,1.972595e-1,1.956202e-1]}