{"n_vecs":8192,"dim":128,"block_size":512,"n_blocks":16,"variance_ratio":0.95,"per_block_mean_mse":4.864854e-2,"layer_pooled_mean_mse":7.417999e-2,"first_block_mean_mse":8.344182e-1,"pooled_over_per_block_mean":1.5248,"pooled_over_per_block_median":1.9167,"pooled_over_per_block_max":2.1079,"first_over_per_block_mean":17.1520,"first_over_per_block_median":19.6097,"first_over_per_block_max":25.5928,"pooled_d_eff":99,"first_d_eff":85,"per_block_d_eff":[85,83,83,83,83,83,83,83,70,69,68,68,68,68,68,68],"per_block_mses":[4.604369e-2,4.415670e-2,4.434609e-2,4.428035e-2,4.413294e-2,4.429896e-2,4.372431e-2,4.478630e-2,5.224135e-2,5.233034e-2,5.310529e-2,5.407711e-2,5.245686e-2,5.335765e-2,5.199362e-2,5.304514e-2],"layer_pooled_mses":[9.705704e-2,8.810595e-2,8.697973e-2,8.835150e-2,8.591287e-2,8.490747e-2,8.461200e-2,8.839571e-2,5.951885e-2,5.866703e-2,5.875020e-2,6.144269e-2,6.033884e-2,6.141350e-2,6.059539e-2,6.183108e-2],"first_block_mses":[4.604369e-2,2.993002e-1,3.776986e-1,5.504130e-1,5.918047e-1,6.530362e-1,6.644581e-1,6.641894e-1,1.067198e0,1.026181e0,1.145211e0,1.299717e0,1.342519e0,1.287768e0,1.212764e0,1.122389e0]}