{"n_vecs":8192,"dim":128,"block_size":512,"n_blocks":16,"variance_ratio":0.95,"per_block_mean_mse":6.202768e-2,"layer_pooled_mean_mse":9.260235e-2,"first_block_mean_mse":5.231511e-1,"pooled_over_per_block_mean":1.4929,"pooled_over_per_block_median":1.9197,"pooled_over_per_block_max":2.2884,"first_over_per_block_mean":8.4342,"first_over_per_block_median":9.4122,"first_over_per_block_max":12.9122,"pooled_d_eff":82,"first_d_eff":55,"per_block_d_eff":[55,53,50,50,49,50,49,49,74,72,69,69,69,69,69,69],"per_block_mses":[7.734668e-2,7.346158e-2,7.644899e-2,7.669650e-2,7.588271e-2,7.523572e-2,7.386549e-2,7.492267e-2,5.508073e-2,4.774578e-2,4.856733e-2,4.913641e-2,4.775768e-2,4.765652e-2,4.632052e-2,4.631755e-2],"layer_pooled_mses":[7.772880e-2,7.788097e-2,8.320317e-2,7.938654e-2,8.137261e-2,8.115533e-2,8.104342e-2,7.876591e-2,1.057361e-1,1.021529e-1,1.029666e-1,1.050943e-1,1.068682e-1,1.090556e-1,1.054549e-1,1.037724e-1],"first_block_mses":[7.734668e-2,4.897625e-1,5.245680e-1,5.119876e-1,5.620014e-1,6.267735e-1,5.380649e-1,5.439602e-1,5.184331e-1,5.824339e-1,6.271119e-1,5.747163e-1,6.040501e-1,5.356803e-1,5.572318e-1,4.962953e-1]}