{"n_vecs":8192,"dim":128,"block_size":512,"n_blocks":16,"variance_ratio":0.95,"per_block_mean_mse":7.277660e-2,"layer_pooled_mean_mse":1.170357e-1,"first_block_mean_mse":7.743611e-1,"pooled_over_per_block_mean":1.6082,"pooled_over_per_block_median":2.9624,"pooled_over_per_block_max":3.2738,"first_over_per_block_mean":10.6402,"first_over_per_block_median":15.1104,"first_over_per_block_max":16.2463,"pooled_d_eff":74,"first_d_eff":35,"per_block_d_eff":[35,35,35,36,36,36,36,36,80,76,75,76,75,76,75,76],"per_block_mses":[9.274301e-2,9.761170e-2,9.934533e-2,9.816264e-2,9.659781e-2,9.834060e-2,9.565466e-2,9.789009e-2,4.816814e-2,4.835433e-2,4.946422e-2,4.776990e-2,4.911662e-2,4.816233e-2,4.891961e-2,4.812461e-2],"layer_pooled_mses":[6.295890e-2,7.817911e-2,8.829964e-2,9.210414e-2,9.159404e-2,9.374289e-2,8.685306e-2,8.093673e-2,1.576948e-1,1.550006e-1,1.519488e-1,1.492183e-1,1.474258e-1,1.460477e-1,1.449183e-1,1.456489e-1],"first_block_mses":[9.274301e-2,3.945021e-1,6.059209e-1,7.495850e-1,9.253270e-1,1.093228e0,1.207042e0,1.291709e0,7.278387e-1,7.325399e-1,7.636498e-1,7.372548e-1,7.476280e-1,7.767809e-1,7.621839e-1,7.818456e-1]}