{"n_vecs":8192,"dim":128,"block_size":512,"n_blocks":16,"variance_ratio":0.95,"per_block_mean_mse":5.185286e-2,"layer_pooled_mean_mse":8.956669e-2,"first_block_mean_mse":9.125012e-1,"pooled_over_per_block_mean":1.7273,"pooled_over_per_block_median":1.7306,"pooled_over_per_block_max":1.9028,"first_over_per_block_mean":17.5979,"first_over_per_block_median":17.6588,"first_over_per_block_max":32.0026,"pooled_d_eff":101,"first_d_eff":86,"per_block_d_eff":[86,84,82,82,81,81,81,81,86,84,82,83,82,82,83,83],"per_block_mses":[4.976153e-2,4.371455e-2,4.361196e-2,4.482896e-2,4.455295e-2,4.547196e-2,4.592279e-2,4.735588e-2,6.427485e-2,5.777565e-2,5.790155e-2,5.626493e-2,5.697664e-2,5.741093e-2,5.645855e-2,5.736211e-2],"layer_pooled_mses":[9.345483e-2,8.317962e-2,7.852489e-2,7.956290e-2,7.710244e-2,7.711939e-2,7.936300e-2,8.437608e-2,1.170417e-1,1.014631e-1,9.650346e-2,9.484020e-2,9.056334e-2,9.023905e-2,9.224980e-2,9.748327e-2],"first_block_mses":[4.976153e-2,3.726015e-1,5.368660e-1,7.161512e-1,9.159324e-1,1.129121e0,1.292667e0,1.515512e0,1.061142e0,1.078071e0,1.037277e0,1.012909e0,9.409411e-1,1.013808e0,9.954546e-1,9.318053e-1]}