{"n_vecs":8192,"dim":128,"block_size":512,"n_blocks":16,"variance_ratio":0.95,"per_block_mean_mse":5.039913e-2,"layer_pooled_mean_mse":6.859599e-2,"first_block_mean_mse":7.246905e-1,"pooled_over_per_block_mean":1.3611,"pooled_over_per_block_median":1.3496,"pooled_over_per_block_max":1.8029,"first_over_per_block_mean":14.3790,"first_over_per_block_median":16.7759,"first_over_per_block_max":23.4974,"pooled_d_eff":108,"first_d_eff":93,"per_block_d_eff":[93,87,86,87,86,86,86,86,86,83,82,83,82,81,82,82],"per_block_mses":[5.243107e-2,5.052482e-2,4.929527e-2,4.901527e-2,4.877136e-2,4.916516e-2,5.032155e-2,5.148851e-2,5.538471e-2,5.005720e-2,4.939270e-2,4.875187e-2,4.854308e-2,5.126869e-2,5.050818e-2,5.146662e-2],"layer_pooled_mses":[9.452937e-2,7.212266e-2,6.733134e-2,6.927691e-2,6.582281e-2,6.317587e-2,6.556374e-2,6.964250e-2,8.620679e-2,6.408534e-2,6.077357e-2,6.215944e-2,6.005805e-2,6.225542e-2,6.424159e-2,7.029044e-2],"first_block_mses":[5.243107e-2,2.599238e-1,3.245644e-1,3.804380e-1,4.376491e-1,4.902398e-1,6.474880e-1,7.321373e-1,9.291275e-1,1.027470e0,1.160601e0,1.112415e0,1.075182e0,9.908118e-1,1.035963e0,9.386063e-1]}