{"n_vecs":8192,"dim":128,"block_size":512,"n_blocks":16,"variance_ratio":0.95,"per_block_mean_mse":4.873322e-2,"layer_pooled_mean_mse":6.137481e-2,"first_block_mean_mse":5.735306e-1,"pooled_over_per_block_mean":1.2594,"pooled_over_per_block_median":1.3723,"pooled_over_per_block_max":1.6865,"first_over_per_block_mean":11.7688,"first_over_per_block_median":12.9741,"first_over_per_block_max":16.4023,"pooled_d_eff":111,"first_d_eff":89,"per_block_d_eff":[89,86,86,86,85,86,86,86,94,93,91,92,91,92,92,92],"per_block_mses":[5.527145e-2,5.136620e-2,4.927987e-2,5.013969e-2,5.125475e-2,5.014030e-2,5.065051e-2,5.136409e-2,4.982140e-2,4.500901e-2,4.560353e-2,4.543528e-2,4.646818e-2,4.542979e-2,4.590892e-2,4.658847e-2],"layer_pooled_mses":[6.667191e-2,5.218733e-2,5.109060e-2,5.176357e-2,5.368597e-2,5.132672e-2,5.183949e-2,5.757795e-2,8.402554e-2,6.757352e-2,6.342276e-2,6.646568e-2,6.376787e-2,6.378183e-2,6.526645e-2,7.154983e-2],"first_block_mses":[5.527145e-2,2.486872e-1,4.053683e-1,5.556095e-1,6.409442e-1,7.236032e-1,7.648206e-1,8.424866e-1,5.971116e-1,6.202198e-1,5.549229e-1,5.477896e-1,6.028850e-1,6.420970e-1,6.911742e-1,6.834980e-1]}