{"n_vecs":8192,"dim":128,"block_size":512,"n_blocks":16,"variance_ratio":0.95,"per_block_mean_mse":1.401017e-1,"layer_pooled_mean_mse":1.806121e0,"first_block_mean_mse":8.365949e1,"pooled_over_per_block_mean":12.8915,"pooled_over_per_block_median":21.3263,"pooled_over_per_block_max":22.1721,"first_over_per_block_mean":597.1339,"first_over_per_block_median":1518.0711,"first_over_per_block_max":1605.7680,"pooled_d_eff":9,"first_d_eff":20,"per_block_d_eff":[20,20,20,20,20,20,20,20,72,72,71,71,71,71,71,71],"per_block_mses":[2.024360e-1,2.032147e-1,2.026131e-1,2.022631e-1,2.026703e-1,2.030008e-1,2.032896e-1,2.043502e-1,7.460695e-2,7.579426e-2,7.763965e-2,7.722485e-2,7.823463e-2,7.810991e-2,7.767562e-2,7.850394e-2],"layer_pooled_mses":[1.959857e0,1.956470e0,1.923551e0,1.901290e0,1.897505e0,1.928936e0,1.959518e0,1.964169e0,1.654194e0,1.673424e0,1.694003e0,1.662517e0,1.668452e0,1.698391e0,1.678293e0,1.677365e0],"first_block_mses":[2.024360e-1,3.657058e0,1.784458e1,3.187207e1,3.887080e1,5.885122e1,1.017949e2,1.328263e2,1.198014e2,1.191240e2,1.182884e2,1.182049e2,1.187657e2,1.190615e2,1.193556e2,1.200309e2]}