{"n_vecs":8192,"dim":128,"block_size":512,"n_blocks":16,"variance_ratio":0.95,"per_block_mean_mse":7.132761e-2,"layer_pooled_mean_mse":5.858613e-1,"first_block_mean_mse":6.964754e0,"pooled_over_per_block_mean":8.2137,"pooled_over_per_block_median":13.4464,"pooled_over_per_block_max":14.3106,"first_over_per_block_mean":97.6446,"first_over_per_block_median":84.8331,"first_over_per_block_max":178.7920,"pooled_d_eff":26,"first_d_eff":82,"per_block_d_eff":[82,78,77,77,77,77,77,77,56,52,51,51,52,52,52,52],"per_block_mses":[4.739539e-2,4.768041e-2,4.832873e-2,4.847590e-2,4.850013e-2,4.870975e-2,4.983214e-2,5.047663e-2,9.266818e-2,9.416322e-2,9.542054e-2,9.523526e-2,9.265934e-2,9.252624e-2,9.356717e-2,9.560272e-2],"layer_pooled_mses":[6.782566e-1,6.411316e-1,6.763104e-1,6.705772e-1,6.780933e-1,6.887610e-1,6.724588e-1,7.029003e-1,5.144830e-1,4.973928e-1,4.881958e-1,5.002127e-1,4.964447e-1,4.905020e-1,4.927857e-1,4.852752e-1],"first_block_mses":[4.739539e-2,4.068410e-1,6.425978e-1,7.489524e-1,1.020740e0,1.067447e0,1.205172e0,1.339421e0,1.103638e1,1.343187e1,1.624107e1,1.702730e1,1.567973e1,1.311347e1,1.031739e1,8.110272e0]}