{"n_vecs":8192,"dim":128,"block_size":512,"n_blocks":16,"variance_ratio":0.95,"per_block_mean_mse":4.420307e-1,"layer_pooled_mean_mse":1.187270e2,"first_block_mean_mse":4.009656e3,"pooled_over_per_block_mean":268.5946,"pooled_over_per_block_median":227.1412,"pooled_over_per_block_max":1220.0093,"first_over_per_block_mean":9070.9902,"first_over_per_block_median":14183.1414,"first_over_per_block_max":14876.7806,"pooled_d_eff":2,"first_d_eff":35,"per_block_d_eff":[35,35,35,35,36,36,36,36,28,28,28,28,29,29,29,29],"per_block_mses":[3.358930e-1,3.393027e-1,3.434467e-1,3.448230e-1,3.384829e-1,3.406289e-1,3.425110e-1,3.390588e-1,5.383937e-1,5.446323e-1,5.478062e-1,5.529205e-1,5.382282e-1,5.410707e-1,5.392957e-1,5.459963e-1],"layer_pooled_mses":[4.097926e2,2.149391e2,8.671377e1,2.061186e1,1.754761e1,7.737084e1,2.026385e2,3.958376e2,1.277049e2,6.381144e1,3.213070e1,1.896012e1,1.569879e1,2.507488e1,5.794232e1,1.328577e2],"first_block_mses":[3.358930e-1,1.644073e0,7.782453e0,2.600794e1,6.013692e1,1.143194e2,1.954478e2,3.145970e2,7.958343e3,7.887634e3,7.853109e3,7.842150e3,7.857652e3,7.909029e3,8.003638e3,8.122667e3]}