{"n_vecs":8192,"dim":128,"block_size":512,"n_blocks":16,"variance_ratio":0.95,"per_block_mean_mse":4.799140e-2,"layer_pooled_mean_mse":7.500487e-2,"first_block_mean_mse":6.065314e-1,"pooled_over_per_block_mean":1.5629,"pooled_over_per_block_median":1.8529,"pooled_over_per_block_max":1.9886,"first_over_per_block_mean":12.6383,"first_over_per_block_median":16.4977,"first_over_per_block_max":18.8377,"pooled_d_eff":99,"first_d_eff":81,"per_block_d_eff":[81,74,72,72,72,72,71,71,78,75,73,73,72,72,72,72],"per_block_mses":[6.400416e-2,6.346400e-2,6.311355e-2,6.402162e-2,6.343165e-2,6.538007e-2,6.457987e-2,6.600151e-2,3.348379e-2,3.077829e-2,3.069256e-2,3.176862e-2,3.151234e-2,3.217531e-2,3.142092e-2,3.203408e-2],"layer_pooled_mses":[1.032214e-1,8.822767e-2,8.520826e-2,8.718719e-2,8.563230e-2,8.835824e-2,8.253902e-2,8.917415e-2,6.503822e-2,6.013451e-2,5.906893e-2,6.157181e-2,6.018264e-2,5.961679e-2,6.248318e-2,6.243357e-2],"first_block_mses":[6.400416e-2,4.356463e-1,6.999399e-1,8.333555e-1,8.322191e-1,7.586135e-1,7.534432e-1,8.071673e-1,6.077098e-1,5.686048e-1,5.781779e-1,5.846887e-1,5.239823e-1,5.308200e-1,5.622704e-1,5.638594e-1]}