{"n_vecs":8192,"dim":128,"block_size":512,"n_blocks":16,"variance_ratio":0.95,"per_block_mean_mse":5.554111e-2,"layer_pooled_mean_mse":9.328229e-2,"first_block_mean_mse":1.252038e0,"pooled_over_per_block_mean":1.6795,"pooled_over_per_block_median":1.6654,"pooled_over_per_block_max":2.0038,"first_over_per_block_mean":22.5425,"first_over_per_block_median":29.5180,"first_over_per_block_max":36.8712,"pooled_d_eff":102,"first_d_eff":91,"per_block_d_eff":[91,90,89,89,89,89,89,88,86,85,84,83,83,83,83,83],"per_block_mses":[5.799202e-2,6.095015e-2,6.462615e-2,6.304107e-2,6.429566e-2,6.412535e-2,6.433140e-2,6.735113e-2,4.503577e-2,4.548827e-2,4.725784e-2,4.845758e-2,4.896036e-2,4.909611e-2,4.853622e-2,4.911266e-2],"layer_pooled_mses":[1.081174e-1,1.059452e-1,1.062805e-1,1.053606e-1,1.068710e-1,1.095975e-1,1.108537e-1,1.204432e-1,9.024194e-2,7.575754e-2,7.456851e-2,7.467017e-2,7.577043e-2,7.341933e-2,7.515308e-2,7.946649e-2],"first_block_mses":[5.799202e-2,2.841854e-1,4.663778e-1,6.005566e-1,9.998688e-1,1.245536e0,1.557596e0,1.988072e0,1.458493e0,1.607313e0,1.715855e0,1.654735e0,1.656035e0,1.810232e0,1.490287e0,1.439476e0]}