{"n_vecs":8192,"dim":128,"block_size":512,"n_blocks":16,"variance_ratio":0.95,"per_block_mean_mse":5.358571e-2,"layer_pooled_mean_mse":9.644184e-2,"first_block_mean_mse":6.250241e-1,"pooled_over_per_block_mean":1.7998,"pooled_over_per_block_median":1.8312,"pooled_over_per_block_max":1.9415,"first_over_per_block_mean":11.6640,"first_over_per_block_median":12.0372,"first_over_per_block_max":16.0532,"pooled_d_eff":93,"first_d_eff":80,"per_block_d_eff":[80,74,72,71,71,72,70,71,75,69,66,67,66,67,65,66],"per_block_mses":[5.503221e-2,5.152165e-2,5.078189e-2,5.245080e-2,5.152493e-2,5.067240e-2,5.195703e-2,5.120250e-2,5.641747e-2,5.434394e-2,5.586054e-2,5.494341e-2,5.522597e-2,5.460812e-2,5.573292e-2,5.509559e-2],"layer_pooled_mses":[1.068460e-1,9.664463e-2,9.193213e-2,9.632028e-2,9.899406e-2,9.725525e-2,9.514337e-2,9.495103e-2,1.040294e-1,9.491187e-2,9.524767e-2,9.857606e-2,9.858792e-2,9.507746e-2,8.966941e-2,8.888289e-2],"first_block_mses":[5.503221e-2,3.365534e-1,5.128508e-1,6.276772e-1,5.906898e-1,6.699467e-1,5.983598e-1,5.877530e-1,5.900759e-1,6.770638e-1,7.374147e-1,6.613656e-1,7.623845e-1,8.589243e-1,8.498352e-1,8.844593e-1]}