{"n_vecs":8192,"dim":128,"block_size":512,"n_blocks":16,"variance_ratio":0.95,"per_block_mean_mse":1.628032e-2,"layer_pooled_mean_mse":1.844626e-2,"first_block_mean_mse":8.879996e-2,"pooled_over_per_block_mean":1.1330,"pooled_over_per_block_median":1.0409,"pooled_over_per_block_max":2.3475,"first_over_per_block_mean":5.4544,"first_over_per_block_median":9.6086,"first_over_per_block_max":10.2029,"pooled_d_eff":85,"first_d_eff":74,"per_block_d_eff":[74,59,54,55,54,54,54,55,77,58,53,55,54,54,54,54],"per_block_mses":[2.311953e-2,1.898275e-2,1.811871e-2,1.836907e-2,1.777257e-2,1.777041e-2,1.757069e-2,1.718135e-2,1.863355e-2,1.465999e-2,1.362679e-2,1.349178e-2,1.298675e-2,1.294904e-2,1.256311e-2,1.268896e-2],"layer_pooled_mses":[4.307889e-2,1.916170e-2,1.440228e-2,1.442090e-2,1.340112e-2,1.373651e-2,1.449123e-2,1.492451e-2,4.374165e-2,1.872427e-2,1.412955e-2,1.425988e-2,1.351749e-2,1.398858e-2,1.419426e-2,1.496739e-2],"first_block_mses":[2.311953e-2,2.864024e-2,3.322113e-2,4.000948e-2,4.107534e-2,4.413086e-2,4.516133e-2,4.735854e-2,1.790416e-1,1.466048e-1,1.372592e-1,1.355545e-1,1.307833e-1,1.313759e-1,1.281805e-1,1.292830e-1]}