{"n_vecs":8192,"dim":128,"block_size":512,"n_blocks":16,"variance_ratio":0.95,"per_block_mean_mse":2.351744e-2,"layer_pooled_mean_mse":2.662510e-2,"first_block_mean_mse":1.296006e-1,"pooled_over_per_block_mean":1.1321,"pooled_over_per_block_median":1.4798,"pooled_over_per_block_max":2.6238,"first_over_per_block_mean":5.5108,"first_over_per_block_median":10.1103,"first_over_per_block_max":14.1788,"pooled_d_eff":89,"first_d_eff":76,"per_block_d_eff":[76,64,60,61,60,60,61,60,79,65,60,61,60,61,61,62],"per_block_mses":[3.357369e-2,3.084152e-2,3.143689e-2,3.166421e-2,3.238875e-2,3.217353e-2,3.125905e-2,3.267961e-2,2.241939e-2,1.539427e-2,1.416385e-2,1.411852e-2,1.379605e-2,1.376005e-2,1.346037e-2,1.314929e-2],"layer_pooled_mses":[5.596252e-2,2.750150e-2,2.077217e-2,2.114293e-2,2.043954e-2,2.134288e-2,2.209675e-2,2.332917e-2,5.882327e-2,2.716148e-2,2.123572e-2,2.074552e-2,2.041543e-2,2.105239e-2,2.091159e-2,2.306880e-2],"first_block_mses":[3.357369e-2,4.654198e-2,5.676731e-2,6.844396e-2,7.011548e-2,7.544585e-2,7.484337e-2,7.898233e-2,2.266666e-1,1.969969e-1,1.900231e-1,1.971651e-1,1.921172e-1,1.927398e-1,1.867456e-1,1.864408e-1]}