{"n_vecs":8192,"dim":128,"block_size":512,"n_blocks":16,"variance_ratio":0.95,"per_block_mean_mse":3.648983e-2,"layer_pooled_mean_mse":3.989040e-2,"first_block_mean_mse":2.077335e-1,"pooled_over_per_block_mean":1.0932,"pooled_over_per_block_median":1.2612,"pooled_over_per_block_max":2.4860,"first_over_per_block_mean":5.6929,"first_over_per_block_median":10.2617,"first_over_per_block_max":12.0364,"pooled_d_eff":91,"first_d_eff":74,"per_block_d_eff":[74,62,58,59,59,59,59,59,83,69,63,65,64,65,65,65],"per_block_mses":[4.912676e-2,4.439714e-2,4.607296e-2,4.575126e-2,4.429956e-2,4.543404e-2,4.417401e-2,4.488037e-2,3.721151e-2,2.715427e-2,2.717120e-2,2.645729e-2,2.608098e-2,2.581165e-2,2.483751e-2,2.497677e-2],"layer_pooled_mses":[7.692393e-2,3.804196e-2,2.948700e-2,2.944949e-2,2.818116e-2,3.008997e-2,3.089483e-2,3.268842e-2,9.250875e-2,4.424108e-2,3.413326e-2,3.386326e-2,3.289210e-2,3.427476e-2,3.421809e-2,3.635827e-2],"first_block_mses":[4.912676e-2,6.902945e-2,8.891721e-2,1.066514e-1,1.147308e-1,1.271995e-1,1.260899e-1,1.325671e-1,3.818536e-1,3.177873e-1,3.102593e-1,2.997212e-1,3.019931e-1,3.019118e-1,2.989536e-1,2.969434e-1]}