{"n_vecs":8192,"dim":128,"block_size":512,"n_blocks":16,"variance_ratio":0.95,"per_block_mean_mse":5.786109e-2,"layer_pooled_mean_mse":7.963621e-2,"first_block_mean_mse":7.130036e-1,"pooled_over_per_block_mean":1.3763,"pooled_over_per_block_median":1.4094,"pooled_over_per_block_max":1.7889,"first_over_per_block_mean":12.3227,"first_over_per_block_median":13.5898,"first_over_per_block_max":15.3811,"pooled_d_eff":105,"first_d_eff":85,"per_block_d_eff":[85,79,77,76,75,75,75,75,85,79,77,77,76,76,76,76],"per_block_mses":[5.350940e-2,4.974221e-2,4.877094e-2,5.048724e-2,4.908975e-2,5.004019e-2,4.823194e-2,4.868106e-2,7.422328e-2,6.560044e-2,6.463176e-2,6.575658e-2,6.387818e-2,6.487931e-2,6.325081e-2,6.500441e-2],"layer_pooled_mses":[9.572349e-2,7.010577e-2,7.041481e-2,7.270157e-2,6.997036e-2,7.245470e-2,6.600374e-2,6.913968e-2,1.213469e-1,8.391470e-2,7.901170e-2,7.858550e-2,7.901761e-2,8.049394e-2,7.840895e-2,8.688599e-2],"first_block_mses":[5.350940e-2,3.196380e-1,4.357818e-1,5.043026e-1,5.469312e-1,6.486225e-1,6.506606e-1,6.615670e-1,1.056504e0,8.039400e-1,9.604000e-1,9.345626e-1,9.825184e-1,9.358469e-1,9.346279e-1,9.786436e-1]}