{"n_vecs":8192,"dim":128,"block_size":512,"n_blocks":16,"variance_ratio":0.95,"per_block_mean_mse":3.148511e-2,"layer_pooled_mean_mse":3.610422e-2,"first_block_mean_mse":2.634676e-1,"pooled_over_per_block_mean":1.1467,"pooled_over_per_block_median":2.1079,"pooled_over_per_block_max":3.7305,"first_over_per_block_mean":8.3680,"first_over_per_block_median":9.0639,"first_over_per_block_max":10.1531,"pooled_d_eff":85,"first_d_eff":84,"per_block_d_eff":[84,69,64,65,65,65,66,66,71,56,53,54,53,54,54,54],"per_block_mses":[1.656784e-2,1.284739e-2,1.275475e-2,1.302743e-2,1.273082e-2,1.303303e-2,1.257798e-2,1.273629e-2,5.687688e-2,5.009312e-2,4.872234e-2,4.910680e-2,4.875106e-2,4.824181e-2,4.785900e-2,4.783519e-2],"layer_pooled_mses":[6.180595e-2,3.192660e-2,2.688538e-2,2.765497e-2,2.737382e-2,2.833115e-2,2.829383e-2,2.994000e-2,9.258766e-2,4.016063e-2,2.971569e-2,2.996887e-2,2.778716e-2,3.024199e-2,3.121807e-2,3.377581e-2],"first_block_mses":[1.656784e-2,2.387324e-2,3.157088e-2,3.973756e-2,4.242040e-2,4.616139e-2,4.587252e-2,5.010679e-2,5.155267e-1,4.772475e-1,4.881616e-1,4.866816e-1,4.949724e-1,4.871802e-1,4.857936e-1,4.836073e-1]}