{"n_vecs":8192,"dim":128,"block_size":512,"n_blocks":16,"variance_ratio":0.95,"per_block_mean_mse":1.595273e-2,"layer_pooled_mean_mse":1.960443e-2,"first_block_mean_mse":1.170214e-1,"pooled_over_per_block_mean":1.2289,"pooled_over_per_block_median":1.3732,"pooled_over_per_block_max":2.2387,"first_over_per_block_mean":7.3355,"first_over_per_block_median":13.0982,"first_over_per_block_max":15.1087,"pooled_d_eff":82,"first_d_eff":68,"per_block_d_eff":[68,56,53,55,54,54,55,55,74,64,60,63,62,62,63,64],"per_block_mses":[1.855252e-2,1.861256e-2,1.827926e-2,1.860526e-2,1.904285e-2,1.904437e-2,1.856629e-2,1.975485e-2,1.604860e-2,1.288377e-2,1.271006e-2,1.255123e-2,1.249300e-2,1.275176e-2,1.264246e-2,1.270485e-2],"layer_pooled_mses":[3.195024e-2,1.852793e-2,1.532862e-2,1.684661e-2,1.657545e-2,1.660059e-2,1.732696e-2,1.824806e-2,3.592749e-2,1.981660e-2,1.651277e-2,1.779587e-2,1.715597e-2,1.759984e-2,1.831196e-2,1.914595e-2],"first_block_mses":[1.855252e-2,2.365804e-2,2.876099e-2,3.774149e-2,4.466515e-2,5.175955e-2,5.913632e-2,6.984874e-2,2.102083e-1,1.924683e-1,1.888604e-1,1.896326e-1,1.887418e-1,1.879976e-1,1.896856e-1,1.906251e-1]}