{"n_vecs":8192,"dim":128,"block_size":512,"n_blocks":16,"variance_ratio":0.95,"per_block_mean_mse":4.854373e-2,"layer_pooled_mean_mse":9.776331e-2,"first_block_mean_mse":8.299752e-1,"pooled_over_per_block_mean":2.0139,"pooled_over_per_block_median":2.0271,"pooled_over_per_block_max":2.3926,"first_over_per_block_mean":17.0975,"first_over_per_block_median":18.4804,"first_over_per_block_max":27.0291,"pooled_d_eff":95,"first_d_eff":81,"per_block_d_eff":[81,77,74,75,73,74,73,73,81,76,73,73,72,72,71,72],"per_block_mses":[5.564304e-2,4.910375e-2,4.770009e-2,4.721632e-2,4.805796e-2,4.665661e-2,4.611873e-2,4.706989e-2,4.908845e-2,4.735131e-2,4.782540e-2,4.862655e-2,4.880096e-2,4.906614e-2,4.961192e-2,4.876255e-2],"layer_pooled_mses":[1.331306e-1,1.072149e-1,9.993047e-2,9.853501e-2,9.458953e-2,9.457879e-2,9.442999e-2,1.007393e-1,1.084999e-1,9.078180e-2,9.028326e-2,9.226527e-2,8.977122e-2,8.851252e-2,8.927999e-2,9.167029e-2],"first_block_mses":[5.564304e-2,4.163007e-1,5.927556e-1,6.096068e-1,6.624534e-1,6.961455e-1,7.488161e-1,8.170328e-1,1.267153e0,1.279865e0,1.087147e0,1.014932e0,1.088760e0,1.048003e0,9.168476e-1,9.781421e-1]}