{"n_vecs":8192,"dim":128,"block_size":512,"n_blocks":16,"variance_ratio":0.95,"per_block_mean_mse":2.568008e-1,"layer_pooled_mean_mse":2.811425e-1,"first_block_mean_mse":2.150311e0,"pooled_over_per_block_mean":1.0948,"pooled_over_per_block_median":1.0900,"pooled_over_per_block_max":1.7788,"first_over_per_block_mean":8.3735,"first_over_per_block_median":12.7061,"first_over_per_block_max":13.8494,"pooled_d_eff":88,"first_d_eff":70,"per_block_d_eff":[70,60,59,59,59,60,60,60,68,60,58,59,59,59,59,59],"per_block_mses":[2.451614e-1,2.237456e-1,2.133800e-1,2.212146e-1,2.244230e-1,2.101136e-1,2.128927e-1,2.176721e-1,3.308191e-1,2.844038e-1,2.884787e-1,2.817087e-1,2.858384e-1,2.867008e-1,2.875852e-1,2.946750e-1],"layer_pooled_mses":[4.360882e-1,2.709161e-1,2.404348e-1,2.399735e-1,2.446237e-1,2.469313e-1,2.501696e-1,2.557390e-1,4.854614e-1,2.867323e-1,2.448948e-1,2.540323e-1,2.537678e-1,2.518776e-1,2.617764e-1,2.748615e-1],"first_block_mses":[2.451614e-1,2.693564e-1,3.100690e-1,3.584183e-1,3.746593e-1,3.945776e-1,4.035482e-1,4.228131e-1,4.203431e0,3.891657e0,3.906268e0,3.901502e0,3.941005e0,3.906797e0,3.937827e0,3.937878e0]}