{"n_vecs":8192,"dim":128,"block_size":512,"n_blocks":16,"variance_ratio":0.95,"per_block_mean_mse":1.769853e-2,"layer_pooled_mean_mse":2.001173e-2,"first_block_mean_mse":8.692110e-2,"pooled_over_per_block_mean":1.1307,"pooled_over_per_block_median":1.0231,"pooled_over_per_block_max":1.8903,"first_over_per_block_mean":4.9112,"first_over_per_block_median":8.0089,"first_over_per_block_max":8.5319,"pooled_d_eff":95,"first_d_eff":84,"per_block_d_eff":[84,72,67,69,70,70,70,72,82,69,65,68,67,67,67,69],"per_block_mses":[2.508094e-2,2.053160e-2,1.849451e-2,1.909235e-2,1.788979e-2,1.806853e-2,1.850387e-2,1.840773e-2,2.086065e-2,1.626598e-2,1.528394e-2,1.496445e-2,1.478207e-2,1.475280e-2,1.520063e-2,1.499667e-2],"layer_pooled_mses":[4.404439e-2,2.219062e-2,1.609953e-2,1.739055e-2,1.671668e-2,1.714716e-2,1.795758e-2,1.911990e-2,3.943375e-2,1.868470e-2,1.436177e-2,1.527939e-2,1.433160e-2,1.509327e-2,1.600159e-2,1.633519e-2],"first_block_mses":[2.508094e-2,3.604840e-2,3.674509e-2,4.316847e-2,4.390082e-2,4.578092e-2,4.741579e-2,4.827468e-2,1.670716e-1,1.354187e-1,1.298089e-1,1.276757e-1,1.238406e-1,1.249100e-1,1.283943e-1,1.272026e-1]}