{"n_vecs":8192,"dim":128,"block_size":512,"n_blocks":16,"variance_ratio":0.95,"per_block_mean_mse":5.798168e-2,"layer_pooled_mean_mse":1.103254e-1,"first_block_mean_mse":9.555534e-1,"pooled_over_per_block_mean":1.9028,"pooled_over_per_block_median":1.9236,"pooled_over_per_block_max":2.1846,"first_over_per_block_mean":16.4803,"first_over_per_block_median":15.0903,"first_over_per_block_max":34.8833,"pooled_d_eff":104,"first_d_eff":80,"per_block_d_eff":[80,77,75,75,74,74,74,74,94,93,93,93,93,93,93,93],"per_block_mses":[4.123553e-2,4.247810e-2,4.477598e-2,4.529326e-2,4.659587e-2,4.673909e-2,4.657826e-2,4.731617e-2,6.978598e-2,7.039233e-2,7.119158e-2,7.073272e-2,7.136664e-2,7.043725e-2,7.147972e-2,7.130846e-2],"layer_pooled_mses":[7.869445e-2,7.754783e-2,7.702945e-2,7.633170e-2,7.930660e-2,8.342563e-2,8.191858e-2,8.730613e-2,1.524549e-1,1.378637e-1,1.378021e-1,1.396048e-1,1.375651e-1,1.357335e-1,1.374970e-1,1.451243e-1],"first_block_mses":[4.123553e-2,3.876780e-1,5.319698e-1,7.078842e-1,9.715530e-1,1.132473e0,1.459531e0,1.650542e0,1.034815e0,1.073644e0,1.096559e0,1.067376e0,1.041152e0,1.042004e0,1.051424e0,9.990143e-1]}