{"n_vecs":8192,"dim":128,"block_size":512,"n_blocks":16,"variance_ratio":0.95,"per_block_mean_mse":2.148980e-2,"layer_pooled_mean_mse":2.601923e-2,"first_block_mean_mse":1.561152e-1,"pooled_over_per_block_mean":1.2108,"pooled_over_per_block_median":1.1060,"pooled_over_per_block_max":2.2387,"first_over_per_block_mean":7.2646,"first_over_per_block_median":12.4130,"first_over_per_block_max":14.7482,"pooled_d_eff":84,"first_d_eff":73,"per_block_d_eff":[73,60,55,57,56,56,56,56,75,61,57,59,58,58,58,59],"per_block_mses":[2.891044e-2,2.350268e-2,2.339268e-2,2.371083e-2,2.325570e-2,2.344240e-2,2.356965e-2,2.457059e-2,2.218087e-2,1.845301e-2,1.770355e-2,1.825147e-2,1.798351e-2,1.809898e-2,1.850570e-2,1.830482e-2],"layer_pooled_mses":[5.732471e-2,2.694118e-2,2.172079e-2,2.310413e-2,2.193444e-2,2.201520e-2,2.309163e-2,2.416633e-2,4.965738e-2,2.417358e-2,1.946751e-2,2.052660e-2,1.977886e-2,2.001815e-2,2.113054e-2,2.125659e-2],"first_block_mses":[2.891044e-2,3.895517e-2,4.671015e-2,5.525993e-2,5.960526e-2,6.340255e-2,6.602422e-2,7.033249e-2,2.753312e-1,2.575459e-1,2.610948e-1,2.543971e-1,2.568825e-1,2.546670e-1,2.564098e-1,2.523143e-1]}