{"n_vecs":8192,"dim":128,"block_size":512,"n_blocks":16,"variance_ratio":0.95,"per_block_mean_mse":6.100081e-2,"layer_pooled_mean_mse":9.264973e-2,"first_block_mean_mse":7.433983e-1,"pooled_over_per_block_mean":1.5188,"pooled_over_per_block_median":3.1201,"pooled_over_per_block_max":3.4918,"first_over_per_block_mean":12.1867,"first_over_per_block_median":20.5139,"first_over_per_block_max":24.5918,"pooled_d_eff":81,"first_d_eff":41,"per_block_d_eff":[41,39,38,38,38,39,38,38,78,71,70,69,69,69,69,69],"per_block_mses":[9.027189e-2,8.706944e-2,9.091139e-2,9.350750e-2,9.084640e-2,8.905949e-2,9.141778e-2,9.319936e-2,3.269553e-2,3.126739e-2,3.052935e-2,3.110481e-2,3.098795e-2,3.118313e-2,3.098070e-2,3.098085e-2],"layer_pooled_mses":[7.677241e-2,7.673563e-2,8.428510e-2,8.667356e-2,8.513445e-2,8.360687e-2,8.518153e-2,8.786292e-2,1.141661e-1,1.031280e-1,1.010654e-1,1.006359e-1,1.006787e-1,9.963349e-2,1.001738e-1,9.666194e-2],"first_block_mses":[9.027189e-2,5.675862e-1,8.560414e-1,9.406942e-1,1.084586e0,1.021632e0,7.419786e-1,8.535441e-1,6.707138e-1,6.983731e-1,7.112246e-1,7.191425e-1,7.414909e-1,7.668508e-1,7.180425e-1,7.122002e-1]}