{"n_vecs":8192,"dim":128,"block_size":512,"n_blocks":16,"variance_ratio":0.95,"per_block_mean_mse":9.167778e-2,"layer_pooled_mean_mse":9.909857e-2,"first_block_mean_mse":7.630200e-1,"pooled_over_per_block_mean":1.0809,"pooled_over_per_block_median":3.0740,"pooled_over_per_block_max":4.1159,"first_over_per_block_mean":8.3228,"first_over_per_block_median":8.8628,"first_over_per_block_max":9.6601,"pooled_d_eff":81,"first_d_eff":77,"per_block_d_eff":[77,60,58,58,59,59,59,59,68,61,60,61,61,61,61,61],"per_block_mses":[2.990659e-2,2.721918e-2,2.588530e-2,2.674332e-2,2.564172e-2,2.482731e-2,2.449653e-2,2.554954e-2,1.867166e-1,1.634165e-1,1.563844e-1,1.514869e-1,1.492001e-1,1.482676e-1,1.483167e-1,1.527861e-1],"layer_pooled_mses":[1.230931e-1,8.766493e-2,8.183603e-2,8.221011e-2,8.068878e-2,8.247736e-2,8.180999e-2,8.687249e-2,2.244270e-1,1.134050e-1,8.521472e-2,8.859630e-2,8.611286e-2,9.041444e-2,9.239333e-2,9.836065e-2],"first_block_mses":[2.990659e-2,3.809631e-2,4.986129e-2,6.120118e-2,6.803753e-2,7.465323e-2,7.746246e-2,8.471581e-2,1.654829e0,1.464443e0,1.453250e0,1.424863e0,1.429919e0,1.432286e0,1.427535e0,1.437261e0]}