{"n_vecs":8192,"dim":128,"block_size":512,"n_blocks":16,"variance_ratio":0.95,"per_block_mean_mse":1.449603e-2,"layer_pooled_mean_mse":1.618019e-2,"first_block_mean_mse":1.023742e-1,"pooled_over_per_block_mean":1.1162,"pooled_over_per_block_median":1.1571,"pooled_over_per_block_max":2.0225,"first_over_per_block_mean":7.0622,"first_over_per_block_median":10.3035,"first_over_per_block_max":11.5171,"pooled_d_eff":88,"first_d_eff":78,"per_block_d_eff":[78,66,62,65,64,65,65,66,71,59,56,58,57,57,58,59],"per_block_mses":[1.507255e-2,1.242441e-2,1.206296e-2,1.191638e-2,1.185432e-2,1.176571e-2,1.227215e-2,1.209072e-2,1.876659e-2,1.665817e-2,1.577738e-2,1.577146e-2,1.637993e-2,1.643027e-2,1.638022e-2,1.631325e-2],"layer_pooled_mses":[3.048389e-2,1.626960e-2,1.319384e-2,1.437317e-2,1.371712e-2,1.420921e-2,1.468577e-2,1.503784e-2,2.970589e-2,1.543649e-2,1.253994e-2,1.334413e-2,1.323268e-2,1.352080e-2,1.423591e-2,1.489677e-2],"first_block_mses":[1.507255e-2,1.816626e-2,1.913141e-2,2.298311e-2,2.399018e-2,2.548874e-2,2.709093e-2,2.744583e-2,1.933611e-1,1.829078e-1,1.817099e-1,1.780962e-1,1.796911e-1,1.796727e-1,1.821624e-1,1.810177e-1]}