{"n_vecs":8192,"dim":128,"block_size":512,"n_blocks":16,"variance_ratio":0.95,"per_block_mean_mse":9.434796e-3,"layer_pooled_mean_mse":1.078609e-2,"first_block_mean_mse":7.188067e-2,"pooled_over_per_block_mean":1.1432,"pooled_over_per_block_median":1.1901,"pooled_over_per_block_max":2.0938,"first_over_per_block_mean":7.6187,"first_over_per_block_median":11.1362,"first_over_per_block_max":12.8718,"pooled_d_eff":85,"first_d_eff":75,"per_block_d_eff":[75,65,61,64,62,62,63,63,66,57,55,56,55,55,56,56],"per_block_mses":[1.015567e-2,8.278250e-3,8.146189e-3,8.014646e-3,8.154687e-3,8.283957e-3,8.356442e-3,8.576789e-3,1.103573e-2,1.023304e-2,9.962404e-3,1.003650e-2,1.041547e-2,1.037533e-2,1.017261e-2,1.075902e-2],"layer_pooled_mses":[2.126422e-2,1.158882e-2,9.363845e-3,1.025968e-2,9.705139e-3,9.895640e-3,1.021979e-2,1.082018e-2,1.624651e-2,9.780181e-3,8.446066e-3,8.855694e-3,8.777134e-3,8.795929e-3,8.995382e-3,9.563288e-3],"first_block_mses":[1.015567e-2,1.224233e-2,1.275241e-2,1.554717e-2,1.594777e-2,1.677397e-2,1.780488e-2,1.869123e-2,1.228957e-1,1.260248e-1,1.262914e-1,1.289058e-1,1.314171e-1,1.318123e-1,1.309400e-1,1.318882e-1]}