{"n_vecs":8192,"dim":128,"block_size":512,"n_blocks":16,"variance_ratio":0.95,"per_block_mean_mse":8.523064e-2,"layer_pooled_mean_mse":1.213778e-1,"first_block_mean_mse":1.090649e0,"pooled_over_per_block_mean":1.4241,"pooled_over_per_block_median":1.6197,"pooled_over_per_block_max":2.0199,"first_over_per_block_mean":12.7964,"first_over_per_block_median":14.2007,"first_over_per_block_max":16.5764,"pooled_d_eff":99,"first_d_eff":70,"per_block_d_eff":[70,64,64,64,63,64,63,64,84,79,77,78,77,77,77,77],"per_block_mses":[9.320542e-2,1.032871e-1,1.015719e-1,1.040637e-1,1.049927e-1,1.040058e-1,1.078719e-1,1.068321e-1,6.421924e-2,6.593995e-2,6.773384e-2,6.598629e-2,6.807398e-2,6.755532e-2,6.862898e-2,6.972176e-2],"layer_pooled_mses":[1.342985e-1,1.238485e-1,1.227985e-1,1.255038e-1,1.251443e-1,1.235231e-1,1.212987e-1,1.338404e-1,1.297174e-1,1.171090e-1,1.145530e-1,1.145306e-1,1.102596e-1,1.105610e-1,1.171216e-1,1.179364e-1],"first_block_mses":[9.320542e-2,8.302368e-1,1.201574e0,1.376897e0,1.373209e0,1.413471e0,1.469460e0,1.362600e0,9.799418e-1,1.093048e0,1.041314e0,1.002344e0,9.667007e-1,1.038377e0,1.096097e0,1.111901e0]}