{"n_vecs":8192,"dim":128,"block_size":512,"n_blocks":16,"variance_ratio":0.95,"per_block_mean_mse":4.506345e-2,"layer_pooled_mean_mse":6.941686e-2,"first_block_mean_mse":3.629571e-1,"pooled_over_per_block_mean":1.5404,"pooled_over_per_block_median":1.5583,"pooled_over_per_block_max":1.6319,"first_over_per_block_mean":8.0544,"first_over_per_block_median":8.5275,"first_over_per_block_max":10.2823,"pooled_d_eff":79,"first_d_eff":69,"per_block_d_eff":[69,68,68,68,67,68,67,67,62,62,61,61,61,62,61,62],"per_block_mses":[4.892423e-2,4.859936e-2,4.816922e-2,4.788527e-2,4.892840e-2,4.752077e-2,4.762795e-2,4.724526e-2,4.418566e-2,4.161346e-2,4.234272e-2,4.279741e-2,4.197879e-2,4.087848e-2,4.132626e-2,4.099188e-2],"layer_pooled_mses":[7.162985e-2,7.641764e-2,7.854526e-2,7.814417e-2,7.871522e-2,7.665613e-2,7.422055e-2,7.198873e-2,5.799154e-2,6.224177e-2,6.414752e-2,6.604985e-2,6.657876e-2,6.491768e-2,6.214952e-2,6.027562e-2],"first_block_mses":[4.892423e-2,2.854210e-1,4.167115e-1,4.750194e-1,4.593854e-1,4.266003e-1,3.943538e-1,4.857916e-1,3.247100e-1,3.925204e-1,4.050240e-1,3.649539e-1,3.421862e-1,3.459475e-1,3.226170e-1,3.171471e-1]}