{"n_vecs":8192,"dim":128,"block_size":512,"n_blocks":16,"variance_ratio":0.95,"per_block_mean_mse":6.464599e-2,"layer_pooled_mean_mse":6.789821e-2,"first_block_mean_mse":4.515640e-1,"pooled_over_per_block_mean":1.0503,"pooled_over_per_block_median":0.9919,"pooled_over_per_block_max":2.0332,"first_over_per_block_mean":6.9852,"first_over_per_block_median":11.6121,"first_over_per_block_max":11.9968,"pooled_d_eff":82,"first_d_eff":63,"per_block_d_eff":[63,47,44,44,44,44,44,44,66,59,57,58,58,58,58,58],"per_block_mses":[5.289339e-2,5.713797e-2,6.308913e-2,6.550976e-2,6.555308e-2,6.514040e-2,6.494669e-2,6.647424e-2,7.240631e-2,6.520351e-2,6.660319e-2,6.494966e-2,6.554556e-2,6.543495e-2,6.611924e-2,6.732882e-2],"layer_pooled_mses":[1.075437e-1,6.230088e-2,5.402676e-2,5.338738e-2,5.348394e-2,5.585592e-2,5.732366e-2,6.014200e-2,1.174773e-1,7.205642e-2,6.290735e-2,6.442076e-2,6.413419e-2,6.519806e-2,6.656863e-2,6.954439e-2],"first_block_mses":[5.289339e-2,6.587197e-2,9.286518e-2,1.167621e-1,1.320941e-1,1.484162e-1,1.507249e-1,1.613597e-1,8.461973e-1,7.571521e-1,7.766017e-1,7.791906e-1,7.814034e-1,7.843734e-1,7.918490e-1,7.872693e-1]}