{"n_vecs":8192,"dim":128,"block_size":512,"n_blocks":16,"variance_ratio":0.95,"per_block_mean_mse":2.441577e-2,"layer_pooled_mean_mse":2.796195e-2,"first_block_mean_mse":1.701004e-1,"pooled_over_per_block_mean":1.1452,"pooled_over_per_block_median":1.1957,"pooled_over_per_block_max":2.7128,"first_over_per_block_mean":6.9668,"first_over_per_block_median":11.8815,"first_over_per_block_max":14.7155,"pooled_d_eff":85,"first_d_eff":72,"per_block_d_eff":[72,55,48,48,47,47,47,47,83,67,61,61,60,60,60,60],"per_block_mses":[3.625609e-2,3.062718e-2,2.951141e-2,2.998900e-2,2.945084e-2,2.899406e-2,2.833256e-2,2.833981e-2,2.507947e-2,1.939299e-2,1.772727e-2,1.803950e-2,1.776594e-2,1.734971e-2,1.693031e-2,1.686625e-2],"layer_pooled_mses":[6.560446e-2,2.973254e-2,2.115738e-2,2.041905e-2,1.973207e-2,1.999639e-2,2.019727e-2,2.153006e-2,6.803639e-2,3.125375e-2,2.257883e-2,2.247718e-2,2.124333e-2,2.062924e-2,2.124993e-2,2.155336e-2],"first_block_mses":[3.625609e-2,5.389523e-2,6.720521e-2,8.250208e-2,9.039506e-2,9.630854e-2,1.000788e-1,1.038324e-1,2.979822e-1,2.689481e-1,2.601265e-1,2.588763e-1,2.557564e-1,2.532011e-1,2.491373e-1,2.471053e-1]}