{"n_vecs":8192,"dim":128,"block_size":512,"n_blocks":16,"variance_ratio":0.95,"per_block_mean_mse":7.252715e-2,"layer_pooled_mean_mse":7.945089e-2,"first_block_mean_mse":4.127664e-1,"pooled_over_per_block_mean":1.0955,"pooled_over_per_block_median":1.4227,"pooled_over_per_block_max":2.5185,"first_over_per_block_mean":5.6912,"first_over_per_block_median":13.1826,"first_over_per_block_max":14.9225,"pooled_d_eff":85,"first_d_eff":67,"per_block_d_eff":[67,62,60,61,61,61,61,61,70,55,53,53,54,53,53,54],"per_block_mses":[1.113336e-1,9.401553e-2,9.681329e-2,9.312413e-2,9.393119e-2,9.420165e-2,9.524564e-2,9.713813e-2,5.065677e-2,4.890015e-2,4.692222e-2,4.870990e-2,4.639422e-2,4.803941e-2,4.808021e-2,4.692827e-2],"layer_pooled_mses":[1.364658e-1,8.044191e-2,6.703763e-2,6.813418e-2,6.852438e-2,7.091464e-2,7.277217e-2,7.503375e-2,1.275769e-1,7.995343e-2,7.034414e-2,6.930033e-2,6.961918e-2,7.046550e-2,7.108305e-2,7.354729e-2],"first_block_mses":[1.113336e-1,1.208625e-1,1.282737e-1,1.437426e-1,1.471886e-1,1.539032e-1,1.551069e-1,1.634205e-1,6.677899e-1,6.681527e-1,6.779539e-1,6.888097e-1,6.923170e-1,6.952788e-1,6.949821e-1,6.951467e-1]}