{"n_vecs":8192,"dim":128,"block_size":512,"n_blocks":16,"variance_ratio":0.95,"per_block_mean_mse":2.140134e-2,"layer_pooled_mean_mse":2.464994e-2,"first_block_mean_mse":1.587340e-1,"pooled_over_per_block_mean":1.1518,"pooled_over_per_block_median":0.9854,"pooled_over_per_block_max":2.3416,"first_over_per_block_mean":7.4170,"first_over_per_block_median":10.8039,"first_over_per_block_max":12.7283,"pooled_d_eff":89,"first_d_eff":77,"per_block_d_eff":[77,57,50,51,50,50,49,49,83,68,63,63,63,62,63,62],"per_block_mses":[2.499961e-2,2.181116e-2,2.073145e-2,2.048238e-2,2.009944e-2,2.043514e-2,2.040909e-2,2.072380e-2,2.726795e-2,2.156178e-2,2.030618e-2,2.132702e-2,2.033057e-2,2.071263e-2,2.023071e-2,2.099259e-2],"layer_pooled_mses":[5.216956e-2,2.397208e-2,1.725148e-2,1.667892e-2,1.587823e-2,1.682455e-2,1.645305e-2,1.798803e-2,6.384929e-2,2.873699e-2,2.088759e-2,2.101593e-2,1.971432e-2,1.989982e-2,2.100086e-2,2.207834e-2],"first_block_mses":[2.499961e-2,3.622598e-2,4.672100e-2,5.837015e-2,6.328306e-2,6.987167e-2,7.245024e-2,7.812402e-2,2.946001e-1,2.575313e-1,2.463596e-1,2.582847e-1,2.568693e-1,2.602929e-1,2.575019e-1,2.582586e-1]}