{"n_vecs":8192,"dim":128,"block_size":512,"n_blocks":16,"variance_ratio":0.95,"per_block_mean_mse":2.023287e-2,"layer_pooled_mean_mse":2.361303e-2,"first_block_mean_mse":1.386220e-1,"pooled_over_per_block_mean":1.1671,"pooled_over_per_block_median":1.0441,"pooled_over_per_block_max":2.4611,"first_over_per_block_mean":6.8513,"first_over_per_block_median":10.9046,"first_over_per_block_max":12.4301,"pooled_d_eff":88,"first_d_eff":71,"per_block_d_eff":[71,58,53,55,53,54,54,54,84,67,61,62,61,61,61,61],"per_block_mses":[2.798039e-2,2.181440e-2,2.102937e-2,2.066311e-2,2.042350e-2,1.959101e-2,1.944852e-2,1.935732e-2,2.830487e-2,2.023727e-2,1.827216e-2,1.819472e-2,1.706495e-2,1.736637e-2,1.677422e-2,1.720374e-2],"layer_pooled_mses":[4.567197e-2,2.187478e-2,1.645016e-2,1.711665e-2,1.603108e-2,1.605190e-2,1.679557e-2,1.743831e-2,6.966170e-2,2.742748e-2,1.971426e-2,1.899789e-2,1.756306e-2,1.858495e-2,1.858692e-2,1.984181e-2],"first_block_mses":[2.798039e-2,3.758541e-2,4.411147e-2,5.080666e-2,5.450140e-2,5.953951e-2,6.098253e-2,6.715298e-2,3.086531e-1,2.363856e-1,2.168155e-1,2.158601e-1,2.099016e-1,2.114906e-1,2.085055e-1,2.076794e-1]}