{"n_vecs":8192,"dim":128,"block_size":512,"n_blocks":16,"variance_ratio":0.95,"per_block_mean_mse":5.092955e-2,"layer_pooled_mean_mse":8.305577e-2,"first_block_mean_mse":8.610867e-1,"pooled_over_per_block_mean":1.6308,"pooled_over_per_block_median":1.6078,"pooled_over_per_block_max":1.8851,"first_over_per_block_mean":16.9074,"first_over_per_block_median":21.5945,"first_over_per_block_max":27.7596,"pooled_d_eff":99,"first_d_eff":81,"per_block_d_eff":[81,77,76,76,76,76,76,76,76,74,73,73,72,73,73,73],"per_block_mses":[4.789626e-2,4.924046e-2,5.183531e-2,5.294342e-2,5.284408e-2,5.389191e-2,5.345097e-2,5.408204e-2,5.013664e-2,4.693762e-2,4.926830e-2,4.978692e-2,5.132320e-2,5.086945e-2,4.987100e-2,5.049516e-2],"layer_pooled_mses":[9.029058e-2,8.593927e-2,8.410028e-2,8.352727e-2,8.433123e-2,8.436957e-2,8.206352e-2,8.518804e-2,8.712477e-2,7.863137e-2,7.765428e-2,7.999931e-2,8.084835e-2,8.178670e-2,8.081095e-2,8.222683e-2],"first_block_mses":[4.789626e-2,3.007021e-1,5.036678e-1,6.085917e-1,6.261268e-1,6.950172e-1,7.517423e-1,8.963950e-1,1.136284e0,1.302972e0,1.218955e0,1.147691e0,1.119300e0,1.098501e0,1.138150e0,1.185396e0]}