{"n_vecs":8192,"dim":128,"block_size":512,"n_blocks":16,"variance_ratio":0.95,"per_block_mean_mse":6.124071e-2,"layer_pooled_mean_mse":9.952054e-2,"first_block_mean_mse":1.023960e0,"pooled_over_per_block_mean":1.6251,"pooled_over_per_block_median":1.5919,"pooled_over_per_block_max":2.0395,"first_over_per_block_mean":16.7202,"first_over_per_block_median":14.9846,"first_over_per_block_max":27.9719,"pooled_d_eff":104,"first_d_eff":89,"per_block_d_eff":[89,86,85,85,85,85,85,85,90,89,88,88,88,88,88,88],"per_block_mses":[5.299087e-2,5.814550e-2,5.960609e-2,5.951603e-2,6.053395e-2,6.035453e-2,6.060275e-2,6.155366e-2,6.108764e-2,6.060247e-2,6.428860e-2,6.281729e-2,6.487046e-2,6.379528e-2,6.442616e-2,6.466015e-2],"layer_pooled_mses":[1.080759e-1,9.735544e-2,9.149155e-2,8.712461e-2,8.672974e-2,9.132773e-2,9.169475e-2,1.033947e-1,1.144634e-1,1.030312e-1,1.010304e-1,9.906425e-2,1.011715e-1,1.015544e-1,1.043238e-1,1.104954e-1],"first_block_mses":[5.299087e-2,4.066152e-1,8.817831e-1,1.302307e0,1.511108e0,1.596051e0,1.678784e0,1.721771e0,7.770502e-1,9.088207e-1,9.674916e-1,9.143602e-1,8.291573e-1,9.073421e-1,9.654018e-1,9.623251e-1]}