{"n_vecs":8192,"dim":128,"block_size":512,"n_blocks":16,"variance_ratio":0.95,"per_block_mean_mse":6.899624e-2,"layer_pooled_mean_mse":9.568338e-2,"first_block_mean_mse":6.218842e-1,"pooled_over_per_block_mean":1.3868,"pooled_over_per_block_median":1.8649,"pooled_over_per_block_max":2.1586,"first_over_per_block_mean":9.0133,"first_over_per_block_median":10.3800,"first_over_per_block_max":12.4493,"pooled_d_eff":100,"first_d_eff":74,"per_block_d_eff":[74,73,72,72,72,72,72,71,86,82,81,81,79,80,79,80],"per_block_mses":[6.871231e-2,6.998315e-2,7.031266e-2,7.289090e-2,7.089527e-2,7.248365e-2,7.210548e-2,7.578280e-2,6.849741e-2,6.525884e-2,6.335523e-2,6.515801e-2,6.618847e-2,6.661474e-2,6.835250e-2,6.734847e-2],"layer_pooled_mses":[5.390007e-2,5.930734e-2,5.982119e-2,6.145852e-2,6.053856e-2,6.346515e-2,6.208803e-2,6.428891e-2,1.478605e-1,1.311203e-1,1.251417e-1,1.323407e-1,1.245578e-1,1.288233e-1,1.274694e-1,1.287526e-1],"first_block_mses":[6.871231e-2,4.695940e-1,4.658571e-1,5.259932e-1,4.818595e-1,5.100467e-1,6.032960e-1,6.006667e-1,7.110060e-1,7.935670e-1,7.642240e-1,7.538410e-1,7.484628e-1,8.014287e-1,8.131494e-1,8.384428e-1]}