{"n_vecs":8192,"dim":128,"block_size":512,"n_blocks":16,"variance_ratio":0.95,"per_block_mean_mse":4.484451e-2,"layer_pooled_mean_mse":6.814566e-2,"first_block_mean_mse":3.731330e-1,"pooled_over_per_block_mean":1.5196,"pooled_over_per_block_median":1.9121,"pooled_over_per_block_max":2.0414,"first_over_per_block_mean":8.3206,"first_over_per_block_median":9.1483,"first_over_per_block_max":10.1360,"pooled_d_eff":88,"first_d_eff":59,"per_block_d_eff":[59,61,61,61,61,61,61,61,80,78,78,78,79,79,78,79],"per_block_mses":[4.514569e-2,4.347353e-2,4.392199e-2,4.440644e-2,4.367707e-2,4.423973e-2,4.314299e-2,4.383615e-2,4.679045e-2,4.578696e-2,4.586100e-2,4.658104e-2,4.498212e-2,4.469150e-2,4.605003e-2,4.492551e-2],"layer_pooled_mses":[3.940145e-2,4.483320e-2,4.928115e-2,4.960350e-2,4.971956e-2,4.838526e-2,4.644813e-2,4.582010e-2,8.946803e-2,8.907893e-2,8.860340e-2,9.071537e-2,9.182664e-2,9.087767e-2,8.885075e-2,8.741745e-2],"first_block_mses":[4.514569e-2,2.661426e-1,3.607898e-1,3.844533e-1,3.830579e-1,3.431553e-1,3.260664e-1,3.195918e-1,4.404418e-1,4.640973e-1,4.195486e-1,4.661034e-1,4.172097e-1,4.518957e-1,4.600276e-1,4.224014e-1]}