{"n_vecs":8192,"dim":128,"block_size":512,"n_blocks":16,"variance_ratio":0.95,"per_block_mean_mse":3.745472e-2,"layer_pooled_mean_mse":7.115638e-2,"first_block_mean_mse":4.644114e-1,"pooled_over_per_block_mean":1.8998,"pooled_over_per_block_median":2.1743,"pooled_over_per_block_max":2.3297,"first_over_per_block_mean":12.3993,"first_over_per_block_median":13.9951,"first_over_per_block_max":18.4432,"pooled_d_eff":96,"first_d_eff":92,"per_block_d_eff":[92,90,89,90,90,90,90,90,76,74,73,73,73,73,73,73],"per_block_mses":[4.452164e-2,4.219259e-2,4.300182e-2,4.135397e-2,4.167390e-2,4.168019e-2,4.123244e-2,4.216411e-2,3.297829e-2,3.203400e-2,3.282876e-2,3.289149e-2,3.276133e-2,3.250115e-2,3.242368e-2,3.303622e-2],"layer_pooled_mses":[9.680472e-2,9.448659e-2,9.459878e-2,9.524808e-2,9.561003e-2,9.599595e-2,9.606000e-2,9.578533e-2,4.575763e-2,4.638970e-2,4.677266e-2,4.778834e-2,4.726395e-2,4.764151e-2,4.668154e-2,4.561720e-2],"first_block_mses":[4.452164e-2,2.739509e-1,3.399353e-1,4.381625e-1,4.802544e-1,5.387205e-1,6.589680e-1,7.776415e-1,5.688619e-1,5.164129e-1,4.617877e-1,4.449540e-1,4.480014e-1,4.548569e-1,4.924562e-1,4.910964e-1]}