{"n_vecs":8192,"dim":128,"block_size":512,"n_blocks":16,"variance_ratio":0.95,"per_block_mean_mse":6.487244e-2,"layer_pooled_mean_mse":1.023977e-1,"first_block_mean_mse":1.225890e0,"pooled_over_per_block_mean":1.5784,"pooled_over_per_block_median":1.6477,"pooled_over_per_block_max":1.8374,"first_over_per_block_mean":18.8969,"first_over_per_block_median":33.2553,"first_over_per_block_max":37.3083,"pooled_d_eff":106,"first_d_eff":82,"per_block_d_eff":[82,82,82,82,81,82,81,82,89,88,88,87,87,87,87,87],"per_block_mses":[6.865514e-2,7.094448e-2,7.157039e-2,7.167287e-2,7.544201e-2,7.347343e-2,7.617779e-2,7.479982e-2,5.366246e-2,5.530383e-2,5.541163e-2,5.776607e-2,5.819182e-2,5.804064e-2,5.817459e-2,5.867201e-2],"layer_pooled_mses":[9.125302e-2,1.005930e-1,1.070389e-1,1.099132e-1,1.138043e-1,1.121545e-1,1.074444e-1,1.031215e-1,9.802659e-2,1.016177e-1,9.842400e-2,9.774988e-2,9.879815e-2,1.007399e-1,1.010078e-1,9.667599e-2],"first_block_mses":[6.865514e-2,3.772786e-1,4.969034e-1,5.048787e-1,5.470875e-1,5.754242e-1,5.518921e-1,5.778543e-1,1.902439e0,1.974172e0,2.067312e0,2.009679e0,2.030315e0,1.959500e0,1.934611e0,2.036244e0]}