{"n_vecs":8192,"dim":128,"block_size":512,"n_blocks":16,"variance_ratio":0.95,"per_block_mean_mse":1.463443e-1,"layer_pooled_mean_mse":1.527526e-1,"first_block_mean_mse":8.640118e-1,"pooled_over_per_block_mean":1.0438,"pooled_over_per_block_median":1.1038,"pooled_over_per_block_max":1.5858,"first_over_per_block_mean":5.9040,"first_over_per_block_median":11.0015,"first_over_per_block_max":11.8397,"pooled_d_eff":89,"first_d_eff":68,"per_block_d_eff":[68,61,59,60,60,60,60,61,67,60,59,60,60,60,60,60],"per_block_mses":[1.937538e-1,1.596407e-1,1.637776e-1,1.589589e-1,1.596875e-1,1.585991e-1,1.591500e-1,1.557061e-1,1.498732e-1,1.326751e-1,1.264117e-1,1.243339e-1,1.235421e-1,1.225734e-1,1.245070e-1,1.283192e-1],"layer_pooled_mses":[2.656715e-1,1.526235e-1,1.316021e-1,1.349853e-1,1.314780e-1,1.339894e-1,1.338500e-1,1.406978e-1,2.376628e-1,1.513518e-1,1.340909e-1,1.372358e-1,1.365801e-1,1.367616e-1,1.386925e-1,1.467690e-1],"first_block_mses":[1.937538e-1,2.021317e-1,2.227330e-1,2.514925e-1,2.622882e-1,2.727741e-1,2.750318e-1,2.901962e-1,1.669204e0,1.459621e0,1.453249e0,1.448603e0,1.446555e0,1.451234e0,1.455553e0,1.469768e0]}