{"n_vecs":8192,"dim":128,"block_size":512,"n_blocks":16,"variance_ratio":0.95,"per_block_mean_mse":2.425550e-1,"layer_pooled_mean_mse":2.512273e-1,"first_block_mean_mse":1.542233e0,"pooled_over_per_block_mean":1.0358,"pooled_over_per_block_median":1.0098,"pooled_over_per_block_max":1.4891,"first_over_per_block_mean":6.3583,"first_over_per_block_median":10.7148,"first_over_per_block_max":11.2302,"pooled_d_eff":89,"first_d_eff":67,"per_block_d_eff":[67,60,59,60,60,60,60,60,67,60,58,59,59,59,59,60],"per_block_mses":[2.657997e-1,2.379328e-1,2.312965e-1,2.239436e-1,2.255700e-1,2.255205e-1,2.288881e-1,2.326788e-1,2.834820e-1,2.460330e-1,2.542126e-1,2.465840e-1,2.475468e-1,2.452647e-1,2.491663e-1,2.369602e-1],"layer_pooled_mses":[3.958144e-1,2.535659e-1,2.273261e-1,2.261307e-1,2.274133e-1,2.279486e-1,2.315246e-1,2.412284e-1,3.957350e-1,2.524057e-1,2.213340e-1,2.223418e-1,2.153998e-1,2.225364e-1,2.256936e-1,2.332394e-1],"first_block_mses":[2.657997e-1,2.941417e-1,3.220798e-1,3.627994e-1,3.739496e-1,3.889008e-1,3.933576e-1,4.137097e-1,3.037459e0,2.701905e0,2.724747e0,2.679426e0,2.698735e0,2.675917e0,2.681685e0,2.661109e0]}