{"n_vecs":8192,"dim":128,"block_size":512,"n_blocks":16,"variance_ratio":0.95,"per_block_mean_mse":2.471996e-2,"layer_pooled_mean_mse":2.806410e-2,"first_block_mean_mse":1.616429e-1,"pooled_over_per_block_mean":1.1353,"pooled_over_per_block_median":1.2994,"pooled_over_per_block_max":2.9272,"first_over_per_block_mean":6.5390,"first_over_per_block_median":8.3136,"first_over_per_block_max":8.8184,"pooled_d_eff":88,"first_d_eff":88,"per_block_d_eff":[88,71,63,65,63,63,63,62,81,59,52,52,51,50,51,50],"per_block_mses":[2.422442e-2,1.762158e-2,1.661689e-2,1.585452e-2,1.547526e-2,1.555351e-2,1.529755e-2,1.564992e-2,3.243740e-2,3.410950e-2,3.249854e-2,3.228453e-2,3.197634e-2,3.300726e-2,3.090324e-2,3.200898e-2],"layer_pooled_mses":[7.090939e-2,3.064859e-2,2.172531e-2,2.152502e-2,2.008106e-2,2.021028e-2,2.029103e-2,2.109451e-2,6.549888e-2,3.193997e-2,2.180263e-2,2.145123e-2,1.958960e-2,2.024882e-2,2.092986e-2,2.107947e-2],"first_block_mses":[2.422442e-2,3.519296e-2,4.051061e-2,4.601077e-2,4.703598e-2,5.066768e-2,5.016887e-2,5.265930e-2,2.696719e-1,3.007926e-1,2.786752e-1,2.825739e-1,2.788667e-1,2.814982e-1,2.713490e-1,2.763879e-1]}