{"n_vecs":8192,"dim":128,"block_size":512,"n_blocks":16,"variance_ratio":0.95,"per_block_mean_mse":9.046299e-2,"layer_pooled_mean_mse":1.242077e-1,"first_block_mean_mse":9.046595e-1,"pooled_over_per_block_mean":1.3730,"pooled_over_per_block_median":2.6518,"pooled_over_per_block_max":2.8137,"first_over_per_block_mean":10.0003,"first_over_per_block_median":15.5777,"first_over_per_block_max":19.8529,"pooled_d_eff":82,"first_d_eff":42,"per_block_d_eff":[42,39,39,39,38,39,39,39,80,73,70,70,69,69,68,69],"per_block_mses":[1.429251e-1,1.331842e-1,1.258313e-1,1.287409e-1,1.300649e-1,1.265148e-1,1.248309e-1,1.259076e-1,5.775333e-2,5.094699e-2,5.053089e-2,5.114499e-2,4.895645e-2,4.976686e-2,5.020720e-2,5.010134e-2],"layer_pooled_mses":[1.141701e-1,1.052865e-1,1.072889e-1,1.077919e-1,1.083944e-1,1.102528e-1,1.054699e-1,1.078748e-1,1.550848e-1,1.395953e-1,1.392744e-1,1.413035e-1,1.377464e-1,1.378197e-1,1.371121e-1,1.328573e-1],"first_block_mses":[1.429251e-1,6.027060e-1,9.144412e-1,9.847105e-1,9.722296e-1,9.893622e-1,1.060104e0,1.236695e0,8.996642e-1,9.463535e-1,9.082490e-1,8.900853e-1,9.620231e-1,9.815875e-1,9.967590e-1,9.866575e-1]}