{"n_vecs":8192,"dim":128,"block_size":512,"n_blocks":16,"variance_ratio":0.95,"per_block_mean_mse":1.392189e-2,"layer_pooled_mean_mse":1.864283e-2,"first_block_mean_mse":1.342189e-1,"pooled_over_per_block_mean":1.3391,"pooled_over_per_block_median":1.3880,"pooled_over_per_block_max":1.8903,"first_over_per_block_mean":9.6408,"first_over_per_block_median":17.5354,"first_over_per_block_max":21.8784,"pooled_d_eff":80,"first_d_eff":69,"per_block_d_eff":[69,62,61,62,62,62,62,63,64,58,56,57,57,57,57,58],"per_block_mses":[1.880314e-2,1.638764e-2,1.529053e-2,1.548097e-2,1.553144e-2,1.488436e-2,1.573467e-2,1.529440e-2,1.283667e-2,1.172212e-2,1.202382e-2,1.159083e-2,1.182770e-2,1.159533e-2,1.198513e-2,1.176157e-2],"layer_pooled_mses":[3.070895e-2,1.957526e-2,1.708555e-2,1.787808e-2,1.755588e-2,1.734528e-2,1.836763e-2,1.876392e-2,2.426461e-2,1.737144e-2,1.627433e-2,1.659886e-2,1.642054e-2,1.642955e-2,1.663553e-2,1.700990e-2],"first_block_mses":[1.880314e-2,2.093849e-2,2.050460e-2,2.304138e-2,2.280522e-2,2.283480e-2,2.434518e-2,2.522788e-2,2.250960e-1,2.390330e-1,2.469470e-1,2.503002e-1,2.494501e-1,2.536870e-1,2.528791e-1,2.516090e-1]}