{"metric":"MSE","block_size":512,"variance_ratio":0.95,"k":16,"bit_width":3,"dim":128,"num_vecs_encoded":49152,"num_blocks":96,"skeleton_bytes":2942400,"codes_bytes":1695744,"compressed_bytes":4638144,"baseline_bytes_f32":25165824,"baseline_bytes_bf16":12582912,"ratio_vs_f32":5.425839,"ratio_vs_bf16":2.712920,"encode_seconds":1.169693,"decode_seconds":0.060010,"verify":true,"mean_block_mse":0.0578971918}