{"n_vecs":24576,"dim":128,"block_size":512,"n_blocks":48,"variance_ratio":0.95,"per_block_mean_mse":7.576195e-2,"layer_pooled_mean_mse":1.691114e-1,"first_block_mean_mse":8.200053e-1,"pooled_over_per_block_mean":2.2321,"pooled_over_per_block_median":1.9807,"pooled_over_per_block_max":5.3995,"first_over_per_block_mean":10.8234,"first_over_per_block_median":10.9025,"first_over_per_block_max":20.1655,"pooled_d_eff":71,"first_d_eff":55,"per_block_d_eff":[55,55,55,56,56,57,58,59,55,56,56,56,56,57,57,58,53,54,54,54,54,55,56,57,65,64,64,65,65,66,66,68,61,62,62,63,63,63,64,65,88,85,85,85,85,85,86,87],"per_block_mses":[8.183621e-2,8.987166e-2,8.989767e-2,8.772348e-2,8.800142e-2,8.532313e-2,8.453141e-2,8.380885e-2,7.424009e-2,8.132378e-2,8.281282e-2,8.240718e-2,8.194677e-2,7.935228e-2,8.011088e-2,8.029196e-2,7.924862e-2,8.590134e-2,8.691800e-2,8.720073e-2,8.725631e-2,8.455112e-2,8.409503e-2,8.485278e-2,7.178053e-2,7.944558e-2,8.006667e-2,7.861751e-2,7.711104e-2,7.544019e-2,7.677814e-2,7.490182e-2,6.660237e-2,7.355504e-2,7.497411e-2,7.377843e-2,7.374175e-2,7.380516e-2,7.342666e-2,7.213389e-2,4.896040e-2,5.427219e-2,5.447029e-2,5.523045e-2,5.453753e-2,5.431768e-2,5.308334e-2,5.203939e-2],"layer_pooled_mses":[9.671856e-2,1.178378e-1,1.251098e-1,1.264151e-1,1.288120e-1,1.223281e-1,1.281708e-1,1.375650e-1,1.120469e-1,1.490076e-1,1.520234e-1,1.495288e-1,1.470587e-1,1.541848e-1,1.586754e-1,1.616810e-1,9.938309e-2,1.318565e-1,1.444180e-1,1.489176e-1,1.544046e-1,1.472781e-1,1.600156e-1,1.670514e-1,1.368086e-1,1.651797e-1,1.736564e-1,1.792052e-1,1.769717e-1,1.714807e-1,1.730892e-1,1.661429e-1,1.158117e-1,1.471534e-1,1.550228e-1,1.540249e-1,1.507893e-1,1.491319e-1,1.557601e-1,1.628691e-1,2.643343e-1,2.861045e-1,2.923059e-1,2.934159e-1,2.869862e-1,2.793457e-1,2.802811e-1,2.809858e-1],"first_block_mses":[8.183621e-2,3.599937e-1,5.499651e-1,6.333360e-1,5.238724e-1,5.076057e-1,5.090843e-1,5.746305e-1,6.817971e-1,8.866287e-1,1.013559e0,9.858696e-1,8.358709e-1,7.612989e-1,8.352739e-1,1.002859e0,6.173805e-1,7.405263e-1,7.040158e-1,7.658623e-1,7.420834e-1,8.085185e-1,7.035402e-1,7.351322e-1,1.059490e0,1.237262e0,1.164860e0,1.212430e0,1.276161e0,1.462685e0,1.491179e0,1.510432e0,5.742375e-1,8.313526e-1,9.475342e-1,9.345935e-1,7.071238e-1,5.554132e-1,6.638914e-1,8.540576e-1,5.848160e-1,8.429547e-1,8.470466e-1,8.425602e-1,8.435379e-1,8.034895e-1,7.643156e-1,7.882895e-1]}