{"n_vecs":24576,"dim":128,"block_size":512,"n_blocks":48,"variance_ratio":0.95,"per_block_mean_mse":7.706174e-2,"layer_pooled_mean_mse":1.657011e-1,"first_block_mean_mse":1.266258e0,"pooled_over_per_block_mean":2.1502,"pooled_over_per_block_median":2.1780,"pooled_over_per_block_max":2.8180,"first_over_per_block_mean":16.4317,"first_over_per_block_median":16.6479,"first_over_per_block_max":31.3196,"pooled_d_eff":106,"first_d_eff":89,"per_block_d_eff":[89,87,87,87,87,87,87,87,87,85,85,85,85,86,86,86,87,84,83,83,82,83,83,84,86,84,84,84,84,84,84,85,93,91,91,91,91,91,91,91,84,79,79,79,79,79,79,79],"per_block_mses":[9.228540e-2,1.079407e-1,1.073718e-1,1.108728e-1,1.106050e-1,1.113796e-1,1.133236e-1,1.150382e-1,5.865776e-2,6.304081e-2,6.398126e-2,6.295310e-2,6.221562e-2,6.019729e-2,6.080548e-2,6.093520e-2,6.233676e-2,6.908797e-2,7.092313e-2,7.173160e-2,7.385309e-2,7.137419e-2,7.235397e-2,7.003540e-2,8.079983e-2,9.130292e-2,9.213518e-2,9.118718e-2,9.066924e-2,9.138670e-2,9.119599e-2,8.925930e-2,5.391520e-2,5.760713e-2,5.903416e-2,5.953268e-2,5.898570e-2,5.864406e-2,5.893933e-2,5.943677e-2,6.305829e-2,7.357103e-2,7.420466e-2,7.657060e-2,7.623206e-2,7.583435e-2,7.519249e-2,7.696875e-2],"layer_pooled_mses":[1.874884e-1,2.076410e-1,2.073645e-1,2.053547e-1,2.080575e-1,2.116122e-1,2.191181e-1,2.255210e-1,1.596462e-1,1.540604e-1,1.526541e-1,1.576143e-1,1.549517e-1,1.514374e-1,1.516303e-1,1.651175e-1,1.336829e-1,1.331367e-1,1.299779e-1,1.291730e-1,1.300608e-1,1.273178e-1,1.340080e-1,1.350139e-1,2.175677e-1,2.110779e-1,2.093334e-1,1.986099e-1,2.017440e-1,2.077935e-1,2.127133e-1,2.302954e-1,1.519353e-1,1.479817e-1,1.478128e-1,1.465855e-1,1.439240e-1,1.423461e-1,1.415845e-1,1.437737e-1,1.339773e-1,1.381061e-1,1.334454e-1,1.450672e-1,1.414447e-1,1.433913e-1,1.459333e-1,1.455701e-1],"first_block_mses":[9.228540e-2,4.284848e-1,5.698244e-1,6.061755e-1,6.851011e-1,8.150845e-1,8.298283e-1,9.276018e-1,6.063516e-1,6.282877e-1,6.922072e-1,6.590020e-1,6.584012e-1,6.815943e-1,7.279032e-1,7.082411e-1,1.009320e0,1.204369e0,1.032973e0,9.551917e-1,9.394098e-1,1.023655e0,1.013602e0,1.017889e0,1.616897e0,1.675047e0,1.529137e0,1.518075e0,1.525172e0,1.661340e0,1.663105e0,1.754020e0,1.688603e0,1.780008e0,1.766716e0,1.737195e0,1.819465e0,1.715967e0,1.746399e0,1.851986e0,1.628559e0,1.839291e0,1.814269e0,2.006470e0,1.846984e0,1.879426e0,2.100038e0,2.103420e0]}