{"n_vecs":24576,"dim":128,"block_size":512,"n_blocks":48,"variance_ratio":0.95,"per_block_mean_mse":6.647613e-2,"layer_pooled_mean_mse":1.318637e-1,"first_block_mean_mse":1.204969e0,"pooled_over_per_block_mean":1.9836,"pooled_over_per_block_median":1.8813,"pooled_over_per_block_max":2.9302,"first_over_per_block_mean":18.1263,"first_over_per_block_median":19.9701,"first_over_per_block_max":23.7322,"pooled_d_eff":102,"first_d_eff":92,"per_block_d_eff":[92,89,89,89,89,89,89,89,77,74,74,73,73,73,73,73,81,79,79,78,78,78,78,79,85,82,82,82,82,82,82,82,87,85,85,84,84,84,84,84,86,84,84,84,84,84,84,84],"per_block_mses":[6.515824e-2,6.792217e-2,6.677228e-2,6.629415e-2,6.638512e-2,6.571254e-2,6.574714e-2,6.594014e-2,6.306204e-2,6.663754e-2,6.706863e-2,6.941662e-2,6.934080e-2,6.921810e-2,6.901485e-2,6.966363e-2,5.322332e-2,5.437028e-2,5.425735e-2,5.607734e-2,5.599060e-2,5.584654e-2,5.645072e-2,5.454206e-2,6.464635e-2,6.666740e-2,6.615673e-2,6.592060e-2,6.591428e-2,6.589657e-2,6.504626e-2,6.513359e-2,6.965203e-2,6.997007e-2,6.961319e-2,7.283416e-2,7.281717e-2,7.226555e-2,7.236076e-2,7.282543e-2,7.224366e-2,7.294358e-2,7.192039e-2,7.225172e-2,7.245233e-2,7.261582e-2,7.209307e-2,7.250149e-2],"layer_pooled_mses":[1.909269e-1,1.644586e-1,1.595979e-1,1.598488e-1,1.639521e-1,1.566375e-1,1.581903e-1,1.703459e-1,1.436908e-1,1.251709e-1,1.318321e-1,1.285788e-1,1.264288e-1,1.205392e-1,1.184886e-1,1.311453e-1,9.788496e-2,9.392451e-2,9.398590e-2,9.439482e-2,9.576911e-2,9.327356e-2,8.688431e-2,9.100382e-2,1.414435e-1,1.236699e-1,1.227588e-1,1.239195e-1,1.275649e-1,1.209404e-1,1.200125e-1,1.310550e-1,1.494692e-1,1.345053e-1,1.358903e-1,1.361381e-1,1.348420e-1,1.337815e-1,1.331149e-1,1.365297e-1,1.557647e-1,1.400084e-1,1.336841e-1,1.388668e-1,1.398257e-1,1.366088e-1,1.388725e-1,1.432390e-1],"first_block_mses":[6.515824e-2,2.782235e-1,3.831255e-1,5.095351e-1,6.332384e-1,7.879383e-1,9.246748e-1,1.048365e0,1.259357e0,1.436298e0,1.375909e0,1.387453e0,1.380573e0,1.289312e0,1.195346e0,1.192539e0,1.020126e0,1.174587e0,1.188549e0,1.244372e0,1.274398e0,1.224057e0,1.339700e0,1.238391e0,1.338913e0,1.421175e0,1.562121e0,1.508773e0,1.452056e0,1.458870e0,1.506504e0,1.472040e0,1.175715e0,1.186619e0,1.262447e0,1.328411e0,1.394417e0,1.463264e0,1.491527e0,1.524105e0,1.168458e0,1.207020e0,1.182073e0,1.188503e0,1.309452e0,1.413184e0,1.469027e0,1.502593e0]}