{"n_vecs":24576,"dim":128,"block_size":512,"n_blocks":48,"variance_ratio":0.95,"per_block_mean_mse":7.588475e-2,"layer_pooled_mean_mse":1.577090e-1,"first_block_mean_mse":1.755265e0,"pooled_over_per_block_mean":2.0783,"pooled_over_per_block_median":2.0931,"pooled_over_per_block_max":2.7279,"first_over_per_block_mean":23.1307,"first_over_per_block_median":23.8988,"first_over_per_block_max":34.1931,"pooled_d_eff":106,"first_d_eff":85,"per_block_d_eff":[85,82,82,81,81,81,81,81,71,64,63,62,62,62,61,61,80,75,73,73,72,72,72,72,84,80,79,78,78,78,78,77,84,80,79,78,78,77,77,78,73,69,68,68,67,67,67,67],"per_block_mses":[7.165765e-2,7.176690e-2,6.955833e-2,7.139740e-2,7.075417e-2,6.986821e-2,7.035532e-2,7.069590e-2,7.602205e-2,8.712619e-2,8.776662e-2,9.019551e-2,8.964930e-2,8.959850e-2,9.220505e-2,9.221218e-2,6.137710e-2,6.773751e-2,7.252840e-2,7.182796e-2,7.378850e-2,7.413682e-2,7.360162e-2,7.328005e-2,8.166440e-2,8.033031e-2,7.957460e-2,8.037857e-2,7.961366e-2,7.882781e-2,7.922500e-2,8.188747e-2,7.116886e-2,7.075218e-2,7.045115e-2,7.175693e-2,7.061816e-2,7.286633e-2,7.302001e-2,7.035883e-2,7.108994e-2,7.355490e-2,7.348626e-2,7.283770e-2,7.500481e-2,7.489309e-2,7.493016e-2,7.506978e-2],"layer_pooled_mses":[1.634614e-1,1.518637e-1,1.523334e-1,1.526309e-1,1.520246e-1,1.462377e-1,1.496959e-1,1.582497e-1,2.073768e-1,2.079982e-1,2.002485e-1,1.857001e-1,1.955879e-1,1.958910e-1,2.108204e-1,2.292009e-1,1.661042e-1,1.537437e-1,1.600229e-1,1.567108e-1,1.562044e-1,1.576621e-1,1.446329e-1,1.469736e-1,1.731271e-1,1.504993e-1,1.422054e-1,1.373779e-1,1.395413e-1,1.469529e-1,1.481736e-1,1.537064e-1,1.664730e-1,1.458427e-1,1.471354e-1,1.411765e-1,1.355883e-1,1.311737e-1,1.294949e-1,1.388622e-1,1.553748e-1,1.411468e-1,1.396904e-1,1.321968e-1,1.360123e-1,1.442765e-1,1.418650e-1,1.507605e-1],"first_block_mses":[7.165765e-2,3.375538e-1,4.842645e-1,7.077041e-1,8.574840e-1,1.090319e0,1.307761e0,1.524166e0,1.615389e0,2.082211e0,2.048676e0,2.190600e0,2.239486e0,2.290815e0,2.386854e0,2.563731e0,1.654177e0,1.984859e0,2.041905e0,2.128266e0,2.205280e0,2.404442e0,2.427768e0,2.505669e0,1.739385e0,1.802000e0,1.728373e0,1.691583e0,1.748860e0,1.740281e0,1.657857e0,1.642932e0,1.448302e0,1.614219e0,1.579848e0,1.653030e0,1.510421e0,1.607105e0,1.764180e0,1.778637e0,1.838662e0,2.087107e0,2.038947e0,2.058016e0,2.200478e0,2.154582e0,2.079219e0,1.937682e0]}