{"n_vecs":24576,"dim":128,"block_size":512,"n_blocks":48,"variance_ratio":0.95,"per_block_mean_mse":1.209635e-2,"layer_pooled_mean_mse":1.404937e-2,"first_block_mean_mse":1.302544e-1,"pooled_over_per_block_mean":1.1615,"pooled_over_per_block_median":1.1126,"pooled_over_per_block_max":2.0019,"first_over_per_block_mean":10.7681,"first_over_per_block_median":11.8266,"first_over_per_block_max":13.5422,"pooled_d_eff":103,"first_d_eff":70,"per_block_d_eff":[70,54,53,53,53,53,53,53,65,52,50,51,50,51,51,51,65,48,48,48,48,48,49,49,70,55,54,54,54,54,54,55,67,50,50,50,50,50,50,50,75,57,56,55,55,54,55,55],"per_block_mses":[1.084479e-2,1.004756e-2,9.842753e-3,9.654766e-3,9.489368e-3,9.474313e-3,9.595849e-3,9.598335e-3,1.471839e-2,1.383579e-2,1.441763e-2,1.341248e-2,1.389657e-2,1.335074e-2,1.345610e-2,1.345208e-2,1.395959e-2,1.415829e-2,1.324849e-2,1.283243e-2,1.252419e-2,1.262347e-2,1.196808e-2,1.190754e-2,1.149790e-2,9.812047e-3,9.627010e-3,9.497083e-3,9.279669e-3,9.247091e-3,9.335173e-3,8.831018e-3,1.314431e-2,1.315665e-2,1.227195e-2,1.199112e-2,1.182021e-2,1.190114e-2,1.205408e-2,1.202238e-2,1.479408e-2,1.381283e-2,1.370935e-2,1.403349e-2,1.381101e-2,1.457421e-2,1.399411e-2,1.409729e-2],"layer_pooled_mses":[1.978633e-2,1.282688e-2,1.187511e-2,1.162418e-2,1.144656e-2,1.172518e-2,1.182961e-2,1.215657e-2,2.184225e-2,1.440508e-2,1.309028e-2,1.259196e-2,1.245972e-2,1.260022e-2,1.283554e-2,1.299313e-2,2.034943e-2,1.368535e-2,1.223408e-2,1.186321e-2,1.169349e-2,1.182260e-2,1.198959e-2,1.239110e-2,2.084910e-2,1.370686e-2,1.252191e-2,1.214683e-2,1.200908e-2,1.209373e-2,1.215235e-2,1.245595e-2,2.097239e-2,1.329277e-2,1.216191e-2,1.170742e-2,1.148266e-2,1.149602e-2,1.177503e-2,1.223180e-2,2.961641e-2,1.816860e-2,1.544973e-2,1.460831e-2,1.444281e-2,1.499769e-2,1.557027e-2,1.634288e-2],"first_block_mses":[1.084479e-2,1.262642e-2,1.781724e-2,2.119011e-2,2.418491e-2,2.604112e-2,2.737562e-2,2.899243e-2,1.564232e-1,1.646343e-1,1.658071e-1,1.629923e-1,1.625339e-1,1.639108e-1,1.594037e-1,1.590128e-1,1.486416e-1,1.580656e-1,1.529420e-1,1.505342e-1,1.485595e-1,1.492930e-1,1.456583e-1,1.452904e-1,1.202385e-1,1.132196e-1,1.113687e-1,1.093258e-1,1.070208e-1,1.073075e-1,1.076651e-1,1.077761e-1,1.585609e-1,1.628087e-1,1.629333e-1,1.603267e-1,1.600722e-1,1.596256e-1,1.578015e-1,1.572211e-1,1.720283e-1,1.709897e-1,1.730250e-1,1.789993e-1,1.806070e-1,1.833925e-1,1.840265e-1,1.830967e-1]}