{"n_vecs":24576,"dim":128,"block_size":512,"n_blocks":48,"variance_ratio":0.95,"per_block_mean_mse":7.562349e-2,"layer_pooled_mean_mse":1.541833e-1,"first_block_mean_mse":2.048578e0,"pooled_over_per_block_mean":2.0388,"pooled_over_per_block_median":2.1867,"pooled_over_per_block_max":4.2272,"first_over_per_block_mean":27.0892,"first_over_per_block_median":30.3572,"first_over_per_block_max":38.2932,"pooled_d_eff":98,"first_d_eff":83,"per_block_d_eff":[83,80,79,79,79,79,79,80,60,59,59,59,58,58,58,59,83,83,82,82,82,82,81,81,68,69,69,70,70,70,71,71,83,83,83,83,82,82,82,82,81,79,79,79,79,79,79,79],"per_block_mses":[5.790953e-2,6.282653e-2,6.459083e-2,6.411300e-2,6.406076e-2,6.541187e-2,6.569130e-2,6.400459e-2,9.707470e-2,1.018848e-1,1.022756e-1,9.992753e-2,1.012001e-1,9.973359e-2,9.954306e-2,9.662087e-2,6.697098e-2,6.741813e-2,6.911014e-2,6.844936e-2,6.739963e-2,6.712560e-2,6.680488e-2,6.755007e-2,7.359259e-2,7.571726e-2,7.648012e-2,7.420151e-2,7.470999e-2,7.470986e-2,7.410468e-2,7.484549e-2,5.795603e-2,5.675532e-2,5.537507e-2,5.543993e-2,5.608846e-2,5.646758e-2,5.542980e-2,5.605603e-2,8.688581e-2,9.200166e-2,9.192726e-2,9.306257e-2,9.264800e-2,9.227937e-2,9.261859e-2,9.287690e-2],"layer_pooled_mses":[2.447973e-1,2.637549e-1,2.667507e-1,2.655785e-1,2.662816e-1,2.654711e-1,2.592511e-1,2.589648e-1,7.993633e-2,9.102818e-2,9.466786e-2,1.004326e-1,1.051035e-1,1.044053e-1,1.032976e-1,1.023521e-1,1.554439e-1,1.673620e-1,1.745330e-1,1.774288e-1,1.785977e-1,1.793366e-1,1.804857e-1,1.753451e-1,6.917363e-2,8.300582e-2,8.431869e-2,8.676515e-2,8.940421e-2,8.777308e-2,9.028366e-2,9.100779e-2,1.326276e-1,1.282320e-1,1.292029e-1,1.255186e-1,1.247292e-1,1.261707e-1,1.270512e-1,1.225787e-1,1.605128e-1,1.682911e-1,1.770448e-1,1.793712e-1,1.848287e-1,1.876872e-1,1.927799e-1,1.918346e-1],"first_block_mses":[5.790953e-2,2.697051e-1,3.868337e-1,4.178737e-1,4.660424e-1,5.456656e-1,5.732938e-1,6.055281e-1,2.759548e0,3.161396e0,3.399582e0,3.466086e0,3.345151e0,3.310227e0,3.299529e0,3.229043e0,1.716704e0,1.999098e0,2.034621e0,2.084608e0,2.031388e0,2.078250e0,1.847467e0,1.817495e0,2.504389e0,2.833222e0,2.852981e0,2.841413e0,2.809115e0,2.825621e0,2.749421e0,2.653182e0,1.622517e0,1.722934e0,1.749593e0,1.767532e0,1.868665e0,1.806612e0,1.783727e0,1.746043e0,1.940034e0,2.268809e0,2.282708e0,2.194014e0,2.218103e0,2.141698e0,2.197187e0,2.049156e0]}