{"n_vecs":24576,"dim":128,"block_size":512,"n_blocks":48,"variance_ratio":0.95,"per_block_mean_mse":8.141493e-2,"layer_pooled_mean_mse":1.662682e-1,"first_block_mean_mse":7.170535e-1,"pooled_over_per_block_mean":2.0422,"pooled_over_per_block_median":2.5148,"pooled_over_per_block_max":4.5423,"first_over_per_block_mean":8.8074,"first_over_per_block_median":9.6284,"first_over_per_block_max":13.8004,"pooled_d_eff":93,"first_d_eff":67,"per_block_d_eff":[67,69,69,70,69,69,68,69,85,82,81,81,81,82,81,81,64,64,64,65,65,65,65,66,67,64,64,65,65,65,65,66,80,79,79,79,78,79,79,79,79,78,77,77,77,77,77,76],"per_block_mses":[7.285596e-2,7.481556e-2,7.573829e-2,7.412036e-2,7.460060e-2,7.434053e-2,7.484922e-2,7.285624e-2,7.123381e-2,7.065315e-2,7.299613e-2,7.341063e-2,7.249886e-2,7.151168e-2,7.434898e-2,7.369648e-2,1.060061e-1,1.073692e-1,1.093576e-1,1.052886e-1,1.047539e-1,1.068332e-1,1.073262e-1,1.028544e-1,1.006173e-1,1.042265e-1,1.049934e-1,1.011330e-1,1.002957e-1,1.026783e-1,1.018880e-1,1.001263e-1,7.121142e-2,7.129523e-2,7.063123e-2,6.936285e-2,6.988640e-2,6.839939e-2,6.724419e-2,6.680809e-2,6.370738e-2,6.437115e-2,6.577340e-2,6.503362e-2,6.342087e-2,6.366620e-2,6.238308e-2,6.444768e-2],"layer_pooled_mses":[8.414247e-2,1.046545e-1,1.079997e-1,1.078913e-1,1.055088e-1,1.043189e-1,1.025856e-1,1.021527e-1,3.139190e-1,3.154136e-1,3.228184e-1,3.283190e-1,3.287485e-1,3.248295e-1,3.237874e-1,3.214432e-1,1.026977e-1,1.165657e-1,1.183558e-1,1.200083e-1,1.207824e-1,1.199930e-1,1.217314e-1,1.196517e-1,9.176261e-2,8.795815e-2,8.956731e-2,8.968893e-2,8.999719e-2,9.104867e-2,9.117099e-2,9.161107e-2,1.790854e-1,1.881364e-1,1.913348e-1,1.927062e-1,1.930535e-1,1.923596e-1,1.917985e-1,1.887669e-1,1.648663e-1,1.734988e-1,1.801622e-1,1.820753e-1,1.797941e-1,1.780579e-1,1.742387e-1,1.698171e-1],"first_block_mses":[7.285596e-2,4.117001e-1,5.058197e-1,5.668493e-1,5.375351e-1,5.784320e-1,5.670492e-1,5.798888e-1,9.545087e-1,9.472792e-1,9.153857e-1,9.209888e-1,9.317783e-1,9.868889e-1,9.934472e-1,1.008302e0,6.031896e-1,7.568472e-1,7.675235e-1,8.525549e-1,8.647921e-1,8.382065e-1,8.134686e-1,8.377596e-1,5.880573e-1,6.776591e-1,6.379348e-1,5.669781e-1,6.318831e-1,6.178423e-1,6.928056e-1,7.700450e-1,6.989303e-1,7.265761e-1,7.147960e-1,7.393539e-1,7.731198e-1,7.102264e-1,6.515314e-1,6.432542e-1,6.367640e-1,7.288073e-1,7.598101e-1,7.747044e-1,7.818309e-1,6.994007e-1,6.954211e-1,6.877858e-1]}