{"n_vecs":24576,"dim":128,"block_size":512,"n_blocks":48,"variance_ratio":0.95,"per_block_mean_mse":7.349861e-2,"layer_pooled_mean_mse":8.620183e-2,"first_block_mean_mse":6.659435e-1,"pooled_over_per_block_mean":1.1728,"pooled_over_per_block_median":1.3507,"pooled_over_per_block_max":1.8469,"first_over_per_block_mean":9.0606,"first_over_per_block_median":9.7796,"first_over_per_block_max":12.2871,"pooled_d_eff":108,"first_d_eff":80,"per_block_d_eff":[80,68,68,68,67,68,68,67,79,67,66,67,66,67,66,66,69,63,63,63,63,64,64,63,84,72,72,72,71,71,71,70,79,67,67,68,67,68,67,66,80,68,69,70,69,69,69,68],"per_block_mses":[5.443416e-2,5.211292e-2,5.219536e-2,5.389560e-2,5.583354e-2,5.508665e-2,5.428039e-2,5.719498e-2,6.145757e-2,6.210340e-2,6.376954e-2,6.281702e-2,6.403261e-2,6.275665e-2,6.507144e-2,6.571031e-2,1.331629e-1,1.356655e-1,1.416885e-1,1.462704e-1,1.438224e-1,1.386621e-1,1.417560e-1,1.450797e-1,5.496054e-2,5.174856e-2,4.930695e-2,5.197980e-2,5.241239e-2,5.262225e-2,5.134740e-2,5.346467e-2,6.305409e-2,6.531848e-2,6.624299e-2,6.541400e-2,6.540473e-2,6.513169e-2,6.680459e-2,6.825769e-2,6.356525e-2,6.388337e-2,6.340453e-2,6.378312e-2,6.451616e-2,6.570023e-2,6.401063e-2,6.673956e-2],"layer_pooled_mses":[9.499393e-2,7.902772e-2,7.537566e-2,7.837276e-2,7.872197e-2,7.868646e-2,8.167508e-2,8.561950e-2,9.619337e-2,8.044085e-2,7.589796e-2,7.587481e-2,7.691253e-2,7.902004e-2,7.960185e-2,8.359656e-2,1.113502e-1,9.314555e-2,9.135141e-2,9.401360e-2,9.447477e-2,9.395373e-2,9.688399e-2,9.745527e-2,1.015093e-1,8.285799e-2,7.672420e-2,7.610263e-2,7.805724e-2,7.843304e-2,8.010439e-2,8.272539e-2,1.029644e-1,8.750837e-2,8.273924e-2,8.307032e-2,8.208521e-2,8.162742e-2,8.474101e-2,8.570436e-2,1.045469e-1,8.826571e-2,8.526513e-2,8.743581e-2,8.794150e-2,8.659705e-2,8.789503e-2,9.014666e-2],"first_block_mses":[5.443416e-2,7.381341e-2,1.003549e-1,1.239867e-1,1.331775e-1,1.448747e-1,1.514161e-1,1.614933e-1,6.754745e-1,7.427202e-1,7.555430e-1,7.718414e-1,7.699769e-1,7.662785e-1,7.752833e-1,7.790132e-1,1.237316e0,1.295667e0,1.330826e0,1.350565e0,1.349744e0,1.346349e0,1.369594e0,1.358324e0,5.824690e-1,5.610468e-1,5.362672e-1,5.494402e-1,5.456815e-1,5.474544e-1,5.514518e-1,5.574146e-1,6.166441e-1,6.468591e-1,6.574186e-1,6.606914e-1,6.629327e-1,6.703636e-1,6.814652e-1,6.892298e-1,5.659152e-1,5.662652e-1,5.720193e-1,5.779450e-1,5.793343e-1,5.805833e-1,5.900434e-1,5.982849e-1]}