{"n_vecs":24576,"dim":128,"block_size":512,"n_blocks":48,"variance_ratio":0.95,"per_block_mean_mse":1.377004e-1,"layer_pooled_mean_mse":1.455151e-1,"first_block_mean_mse":1.187053e0,"pooled_over_per_block_mean":1.0568,"pooled_over_per_block_median":1.0108,"pooled_over_per_block_max":2.2487,"first_over_per_block_mean":8.6205,"first_over_per_block_median":10.4353,"first_over_per_block_max":13.2090,"pooled_d_eff":109,"first_d_eff":71,"per_block_d_eff":[71,64,64,64,64,64,64,64,70,64,64,64,64,65,64,64,74,64,64,65,64,64,64,64,73,65,65,66,66,66,65,65,71,64,65,65,65,65,65,64,84,70,70,71,69,70,69,68],"per_block_mses":[1.806379e-1,1.808876e-1,1.863422e-1,1.931547e-1,1.907887e-1,1.920320e-1,1.953726e-1,1.926916e-1,1.734948e-1,1.724777e-1,1.764944e-1,1.838864e-1,1.838800e-1,1.744072e-1,1.863877e-1,1.808941e-1,7.405831e-2,7.350379e-2,7.438460e-2,7.161836e-2,7.260927e-2,7.550371e-2,7.373907e-2,7.364275e-2,1.445223e-1,1.467579e-1,1.522881e-1,1.489717e-1,1.489328e-1,1.484891e-1,1.562073e-1,1.498778e-1,1.704299e-1,1.751285e-1,1.711826e-1,1.790718e-1,1.763380e-1,1.759423e-1,1.770633e-1,1.801693e-1,6.164114e-2,5.824566e-2,5.701051e-2,5.745074e-2,5.949465e-2,5.935382e-2,6.024318e-2,6.191794e-2],"layer_pooled_mses":[1.980815e-1,1.704791e-1,1.695687e-1,1.688788e-1,1.697765e-1,1.651601e-1,1.716952e-1,1.727410e-1,1.811088e-1,1.584098e-1,1.529685e-1,1.579211e-1,1.575516e-1,1.542998e-1,1.639152e-1,1.629193e-1,1.224929e-1,1.113123e-1,1.097381e-1,1.091688e-1,1.111474e-1,1.115170e-1,1.137287e-1,1.177641e-1,1.721415e-1,1.519323e-1,1.476569e-1,1.498530e-1,1.506992e-1,1.500873e-1,1.548989e-1,1.555382e-1,1.766508e-1,1.550268e-1,1.535697e-1,1.550361e-1,1.566827e-1,1.575041e-1,1.598290e-1,1.605365e-1,1.386119e-1,1.106081e-1,1.054918e-1,1.066118e-1,1.059958e-1,1.061739e-1,1.081496e-1,1.130925e-1],"first_block_mses":[1.806379e-1,2.270452e-1,2.760571e-1,3.108487e-1,3.235044e-1,3.309290e-1,3.513538e-1,3.604863e-1,1.734928e0,1.818619e0,1.841118e0,1.886148e0,1.882810e0,1.871580e0,1.914183e0,1.891310e0,8.537239e-1,9.001131e-1,9.247794e-1,9.387191e-1,9.379443e-1,9.521570e-1,9.657968e-1,9.727438e-1,1.434300e0,1.488347e0,1.505722e0,1.546236e0,1.546444e0,1.540351e0,1.574381e0,1.564015e0,1.704484e0,1.797474e0,1.813174e0,1.853523e0,1.854328e0,1.859457e0,1.900739e0,1.874831e0,7.043954e-1,6.797813e-1,6.658471e-1,6.749538e-1,6.812763e-1,6.793726e-1,6.861532e-1,7.014302e-1]}