{"n_vecs":24576,"dim":128,"block_size":512,"n_blocks":48,"variance_ratio":0.95,"per_block_mean_mse":7.383191e-2,"layer_pooled_mean_mse":1.591353e-1,"first_block_mean_mse":1.528316e0,"pooled_over_per_block_mean":2.1554,"pooled_over_per_block_median":2.1647,"pooled_over_per_block_max":2.6122,"first_over_per_block_mean":20.6999,"first_over_per_block_median":19.3720,"first_over_per_block_max":41.0478,"pooled_d_eff":104,"first_d_eff":81,"per_block_d_eff":[81,77,77,76,76,76,76,76,84,82,81,80,80,81,81,81,83,81,80,80,80,80,80,80,85,80,80,79,79,80,80,80,79,74,73,73,73,73,73,73,82,79,79,79,79,79,80,81],"per_block_mses":[7.667336e-2,7.760758e-2,7.623913e-2,7.737807e-2,7.679777e-2,7.684435e-2,7.687530e-2,7.712451e-2,9.042147e-2,8.858774e-2,8.930832e-2,9.034005e-2,8.919041e-2,8.587890e-2,8.582775e-2,8.539948e-2,7.647656e-2,7.324235e-2,7.456451e-2,7.263837e-2,7.089994e-2,7.082764e-2,7.099812e-2,7.093859e-2,7.306263e-2,7.427495e-2,7.167925e-2,7.257203e-2,7.141062e-2,6.840738e-2,6.824069e-2,6.785405e-2,8.049214e-2,8.711424e-2,8.976217e-2,8.854033e-2,8.783630e-2,8.724063e-2,8.752991e-2,8.854684e-2,5.000344e-2,4.840136e-2,4.778074e-2,4.744634e-2,4.678965e-2,4.702162e-2,4.615919e-2,4.468470e-2],"layer_pooled_mses":[1.896469e-1,1.568219e-1,1.511981e-1,1.570530e-1,1.522385e-1,1.543179e-1,1.594611e-1,1.677946e-1,2.217711e-1,1.943720e-1,1.933249e-1,1.865285e-1,1.833297e-1,1.834283e-1,1.850192e-1,1.908970e-1,1.911477e-1,1.758503e-1,1.673715e-1,1.530846e-1,1.517186e-1,1.474843e-1,1.437717e-1,1.584290e-1,1.776824e-1,1.559895e-1,1.590220e-1,1.573292e-1,1.560974e-1,1.466764e-1,1.538143e-1,1.672815e-1,1.835638e-1,1.710148e-1,1.687380e-1,1.643065e-1,1.698047e-1,1.646145e-1,1.608306e-1,1.679737e-1,1.306210e-1,1.114597e-1,1.142264e-1,1.136529e-1,1.047545e-1,1.009983e-1,1.061126e-1,1.158717e-1],"first_block_mses":[7.667336e-2,7.697354e-1,9.059067e-1,9.835104e-1,1.082020e0,1.156090e0,1.232532e0,1.331074e0,1.542730e0,1.727247e0,1.847193e0,1.874820e0,2.034344e0,2.038800e0,1.872652e0,1.774672e0,1.257680e0,1.286931e0,1.300609e0,1.280849e0,1.343107e0,1.283171e0,1.356539e0,1.304448e0,1.104492e0,1.283195e0,1.170460e0,1.228465e0,1.290783e0,1.230493e0,1.321962e0,1.220174e0,1.676974e0,1.996043e0,2.080021e0,2.159067e0,2.173280e0,2.147872e0,2.080173e0,2.133371e0,1.489944e0,1.756388e0,1.804048e0,1.828161e0,1.920612e0,1.902772e0,1.877685e0,1.819409e0]}