{"n_vecs":24576,"dim":128,"block_size":512,"n_blocks":48,"variance_ratio":0.95,"per_block_mean_mse":7.624573e-2,"layer_pooled_mean_mse":1.470394e-1,"first_block_mean_mse":9.082698e-1,"pooled_over_per_block_mean":1.9285,"pooled_over_per_block_median":1.9810,"pooled_over_per_block_max":2.8355,"first_over_per_block_mean":11.9124,"first_over_per_block_median":12.5182,"first_over_per_block_max":14.7272,"pooled_d_eff":104,"first_d_eff":83,"per_block_d_eff":[83,81,81,81,81,81,81,81,88,86,86,87,87,87,87,88,80,79,80,80,80,81,80,81,89,87,87,88,88,88,87,88,88,87,87,88,88,89,88,89,90,89,89,89,89,89,88,88],"per_block_mses":[8.445050e-2,9.065996e-2,8.988735e-2,8.998563e-2,8.963368e-2,9.056378e-2,8.954762e-2,8.988577e-2,7.348300e-2,7.838895e-2,7.871915e-2,7.696435e-2,7.594842e-2,7.619300e-2,7.681676e-2,7.479554e-2,7.819348e-2,8.197231e-2,8.110678e-2,8.130962e-2,8.155068e-2,7.921239e-2,8.190971e-2,7.967543e-2,6.328007e-2,6.594084e-2,6.667427e-2,6.515252e-2,6.533020e-2,6.411557e-2,6.721511e-2,6.542268e-2,5.713642e-2,5.965470e-2,5.998942e-2,5.812351e-2,5.903067e-2,5.702256e-2,5.947742e-2,5.840480e-2,7.830309e-2,8.601486e-2,8.771449e-2,8.836814e-2,8.690523e-2,8.662288e-2,9.158653e-2,9.145528e-2],"layer_pooled_mses":[1.323893e-1,1.471243e-1,1.496637e-1,1.474138e-1,1.478120e-1,1.471193e-1,1.450954e-1,1.461380e-1,1.203881e-1,1.225097e-1,1.216690e-1,1.244657e-1,1.273965e-1,1.285340e-1,1.316755e-1,1.326599e-1,8.215591e-2,8.916612e-2,9.400298e-2,9.989506e-2,1.029891e-1,1.024775e-1,1.049641e-1,1.065850e-1,1.287602e-1,1.343358e-1,1.332709e-1,1.310196e-1,1.309092e-1,1.329228e-1,1.331541e-1,1.335407e-1,1.162494e-1,1.385766e-1,1.427686e-1,1.447524e-1,1.430930e-1,1.422654e-1,1.444307e-1,1.457617e-1,2.120704e-1,2.408488e-1,2.440974e-1,2.436381e-1,2.438088e-1,2.456215e-1,2.492139e-1,2.484914e-1],"first_block_mses":[8.445050e-2,5.331940e-1,7.899745e-1,8.530840e-1,7.832291e-1,8.395005e-1,9.301994e-1,8.863851e-1,9.623700e-1,9.808719e-1,9.639637e-1,1.048862e0,1.029882e0,9.243116e-1,8.951876e-1,9.270973e-1,8.880331e-1,9.938353e-1,1.015308e0,9.088498e-1,9.668113e-1,1.029962e0,1.005745e0,1.043977e0,7.492925e-1,8.660329e-1,8.798173e-1,8.438035e-1,7.866362e-1,8.411061e-1,7.755291e-1,7.444532e-1,7.072578e-1,8.073147e-1,8.834782e-1,8.270117e-1,7.671124e-1,7.272519e-1,7.573472e-1,7.024078e-1,1.026972e0,1.245637e0,1.253907e0,1.238747e0,1.201995e0,1.183764e0,1.229228e0,1.265765e0]}