{"n_vecs":24576,"dim":128,"block_size":512,"n_blocks":48,"variance_ratio":0.95,"per_block_mean_mse":1.742850e-2,"layer_pooled_mean_mse":2.080809e-2,"first_block_mean_mse":1.925943e-1,"pooled_over_per_block_mean":1.1939,"pooled_over_per_block_median":1.1554,"pooled_over_per_block_max":2.3310,"first_over_per_block_mean":11.0505,"first_over_per_block_median":12.6167,"first_over_per_block_max":14.9998,"pooled_d_eff":101,"first_d_eff":69,"per_block_d_eff":[69,55,55,56,55,55,54,54,68,54,53,54,53,53,52,51,76,62,61,62,60,61,60,59,74,59,58,59,58,58,57,57,63,51,51,52,51,51,50,50,66,54,53,54,53,53,52,51],"per_block_mses":[1.623986e-2,1.640288e-2,1.583824e-2,1.562873e-2,1.549712e-2,1.525475e-2,1.550900e-2,1.520916e-2,1.792460e-2,1.863205e-2,1.867081e-2,1.833023e-2,1.768837e-2,1.778971e-2,1.793502e-2,1.820494e-2,1.174221e-2,1.091985e-2,1.096517e-2,1.088586e-2,1.090054e-2,1.045289e-2,1.082444e-2,1.079251e-2,1.310457e-2,1.283715e-2,1.294316e-2,1.278444e-2,1.238834e-2,1.240925e-2,1.289104e-2,1.242706e-2,2.580958e-2,2.603871e-2,2.592661e-2,2.559548e-2,2.508015e-2,2.563853e-2,2.585162e-2,2.559842e-2,2.103790e-2,2.132471e-2,2.184131e-2,2.147587e-2,2.109019e-2,2.112277e-2,2.146117e-2,2.165094e-2],"layer_pooled_mses":[2.829690e-2,2.025933e-2,1.880006e-2,1.780613e-2,1.738534e-2,1.762535e-2,1.743622e-2,1.805729e-2,2.833779e-2,2.147695e-2,2.006147e-2,1.931753e-2,1.852364e-2,1.876365e-2,1.877310e-2,1.949514e-2,2.737139e-2,1.972493e-2,1.863358e-2,1.848043e-2,1.775487e-2,1.819665e-2,1.863102e-2,1.965501e-2,2.672647e-2,2.037737e-2,1.913906e-2,1.875587e-2,1.799783e-2,1.869584e-2,1.932268e-2,1.994160e-2,3.160870e-2,2.321133e-2,2.160888e-2,2.097223e-2,1.992532e-2,2.116079e-2,2.161681e-2,2.240365e-2,2.916693e-2,2.228732e-2,2.105189e-2,2.063130e-2,2.021889e-2,2.099621e-2,2.113702e-2,2.097070e-2],"first_block_mses":[1.623986e-2,2.117549e-2,2.715561e-2,3.226370e-2,3.501279e-2,3.764120e-2,3.965297e-2,4.206550e-2,2.496922e-1,2.631415e-1,2.628819e-1,2.602741e-1,2.627831e-1,2.668420e-1,2.644021e-1,2.643003e-1,1.481484e-1,1.446278e-1,1.454196e-1,1.456701e-1,1.449757e-1,1.444485e-1,1.488342e-1,1.486822e-1,1.729948e-1,1.751419e-1,1.738260e-1,1.714766e-1,1.711413e-1,1.720573e-1,1.719802e-1,1.716296e-1,2.896511e-1,2.952695e-1,2.969632e-1,2.944977e-1,2.934828e-1,3.012298e-1,3.000847e-1,2.983483e-1,2.332475e-1,2.521151e-1,2.538635e-1,2.457655e-1,2.440525e-1,2.485508e-1,2.496654e-1,2.511595e-1]}