{"n_vecs":24576,"dim":128,"block_size":512,"n_blocks":48,"variance_ratio":0.95,"per_block_mean_mse":6.105133e-2,"layer_pooled_mean_mse":1.234368e-1,"first_block_mean_mse":7.534357e-1,"pooled_over_per_block_mean":2.0219,"pooled_over_per_block_median":2.1971,"pooled_over_per_block_max":3.5843,"first_over_per_block_mean":12.3410,"first_over_per_block_median":13.1502,"first_over_per_block_max":17.1763,"pooled_d_eff":99,"first_d_eff":61,"per_block_d_eff":[61,62,63,64,63,64,64,64,73,73,74,75,74,75,75,76,91,90,89,89,90,90,90,90,77,77,77,77,77,77,77,78,95,93,93,93,93,93,94,94,90,88,87,88,87,87,87,88],"per_block_mses":[5.575898e-2,6.009603e-2,5.959896e-2,5.767819e-2,5.873180e-2,5.679926e-2,5.654749e-2,5.700266e-2,5.443827e-2,5.922253e-2,5.862593e-2,5.767807e-2,5.896752e-2,5.758221e-2,5.710112e-2,5.587271e-2,5.334338e-2,5.700811e-2,5.951062e-2,6.002625e-2,5.716158e-2,5.684476e-2,5.647836e-2,5.714462e-2,5.424897e-2,5.707467e-2,5.707036e-2,5.672104e-2,5.580202e-2,5.534784e-2,5.555738e-2,5.465678e-2,5.727987e-2,6.274238e-2,6.248029e-2,6.264912e-2,6.225951e-2,6.229031e-2,6.034454e-2,6.021714e-2,7.175035e-2,7.572297e-2,7.871791e-2,7.567503e-2,7.802152e-2,7.887438e-2,7.888336e-2,7.685643e-2],"layer_pooled_mses":[3.375949e-2,4.219758e-2,4.440158e-2,4.572864e-2,4.545036e-2,4.530779e-2,4.558921e-2,4.605256e-2,4.611805e-2,5.393272e-2,5.681691e-2,5.719502e-2,5.604146e-2,5.661045e-2,5.692888e-2,5.687764e-2,1.172013e-1,1.279950e-1,1.323128e-1,1.336118e-1,1.343366e-1,1.351414e-1,1.332249e-1,1.342113e-1,5.401877e-2,6.447655e-2,6.751051e-2,6.753073e-2,6.444896e-2,6.586896e-2,6.583666e-2,6.741874e-2,1.618848e-1,1.820853e-1,1.864248e-1,1.852710e-1,1.833591e-1,1.838936e-1,1.804034e-1,1.810414e-1,2.410859e-1,2.646914e-1,2.700107e-1,2.712399e-1,2.720539e-1,2.708219e-1,2.675196e-1,2.690272e-1],"first_block_mses":[5.575898e-2,3.124437e-1,3.567095e-1,3.669009e-1,3.373061e-1,3.713319e-1,3.494074e-1,3.798226e-1,5.115775e-1,6.044450e-1,6.614900e-1,7.604024e-1,6.134945e-1,6.351142e-1,5.756689e-1,5.948974e-1,7.787041e-1,9.248287e-1,7.825741e-1,8.087217e-1,8.562002e-1,8.593693e-1,8.128570e-1,8.366167e-1,5.667872e-1,6.313977e-1,5.522730e-1,6.046645e-1,7.015023e-1,7.923513e-1,7.880305e-1,7.154550e-1,7.039498e-1,7.372367e-1,8.186984e-1,8.275303e-1,9.093444e-1,9.406380e-1,9.169103e-1,8.480116e-1,1.078984e0,1.186838e0,1.280591e0,1.299814e0,1.326469e0,1.240288e0,1.246992e0,1.303515e0]}