{"n_vecs":24576,"dim":128,"block_size":512,"n_blocks":48,"variance_ratio":0.95,"per_block_mean_mse":6.615670e-2,"layer_pooled_mean_mse":1.457978e-1,"first_block_mean_mse":1.013687e0,"pooled_over_per_block_mean":2.2038,"pooled_over_per_block_median":2.1504,"pooled_over_per_block_max":2.6979,"first_over_per_block_mean":15.3225,"first_over_per_block_median":16.5647,"first_over_per_block_max":24.5581,"pooled_d_eff":103,"first_d_eff":82,"per_block_d_eff":[82,80,80,80,80,81,80,80,82,79,79,79,79,80,79,79,83,82,81,82,82,82,82,82,79,76,75,75,75,75,76,76,89,85,84,85,85,85,84,84,83,79,78,78,78,78,78,78],"per_block_mses":[7.829354e-2,7.711669e-2,7.483580e-2,7.376230e-2,7.234961e-2,7.056593e-2,7.307996e-2,7.316752e-2,8.038279e-2,8.046623e-2,7.870786e-2,7.759553e-2,7.629574e-2,7.343848e-2,7.588611e-2,7.638876e-2,7.377025e-2,7.493757e-2,7.704296e-2,7.412089e-2,7.299620e-2,7.331976e-2,7.328470e-2,7.379813e-2,6.373305e-2,6.225654e-2,6.314279e-2,6.200344e-2,6.112780e-2,6.201334e-2,6.016604e-2,6.043162e-2,4.884782e-2,4.776706e-2,4.952878e-2,4.771213e-2,4.720172e-2,4.756867e-2,4.898597e-2,4.868984e-2,5.610086e-2,5.987713e-2,6.230178e-2,6.166168e-2,6.114385e-2,6.200976e-2,6.217710e-2,6.346975e-2],"layer_pooled_mses":[1.414532e-1,1.490756e-1,1.540323e-1,1.553574e-1,1.542668e-1,1.575687e-1,1.602044e-1,1.632621e-1,1.563217e-1,1.561444e-1,1.591718e-1,1.631721e-1,1.668858e-1,1.685048e-1,1.692847e-1,1.735613e-1,1.444554e-1,1.633896e-1,1.642100e-1,1.716578e-1,1.798614e-1,1.881520e-1,1.946930e-1,1.965203e-1,1.259521e-1,1.262908e-1,1.284492e-1,1.317418e-1,1.288923e-1,1.331559e-1,1.344704e-1,1.299549e-1,1.307674e-1,1.233507e-1,1.211831e-1,1.213216e-1,1.198734e-1,1.217813e-1,1.303678e-1,1.313601e-1,1.224298e-1,1.241166e-1,1.296970e-1,1.275480e-1,1.245680e-1,1.267310e-1,1.260387e-1,1.270473e-1],"first_block_mses":[7.829354e-2,4.271456e-1,6.104608e-1,7.083112e-1,8.087651e-1,8.906948e-1,9.623563e-1,1.038762e0,1.010228e0,1.087420e0,1.115275e0,1.048690e0,1.061692e0,9.844762e-1,1.036628e0,9.998400e-1,8.775481e-1,9.445352e-1,1.085612e0,1.058550e0,1.081916e0,1.081180e0,1.134771e0,1.086790e0,1.208270e0,1.296477e0,1.320815e0,1.271469e0,1.173803e0,1.269905e0,1.435498e0,1.484087e0,8.091498e-1,8.670674e-1,9.084154e-1,9.942315e-1,9.637152e-1,9.866975e-1,8.952564e-1,9.386128e-1,9.471268e-1,1.031605e0,1.098736e0,1.148557e0,1.174145e0,1.033603e0,1.089306e0,1.090492e0]}