{"n_vecs":24576,"dim":128,"block_size":512,"n_blocks":48,"variance_ratio":0.95,"per_block_mean_mse":7.851192e-2,"layer_pooled_mean_mse":1.643646e-1,"first_block_mean_mse":1.050891e0,"pooled_over_per_block_mean":2.0935,"pooled_over_per_block_median":2.3811,"pooled_over_per_block_max":3.7518,"first_over_per_block_mean":13.3851,"first_over_per_block_median":13.6817,"first_over_per_block_max":18.1003,"pooled_d_eff":103,"first_d_eff":72,"per_block_d_eff":[72,69,69,68,68,68,68,68,83,79,78,78,77,77,77,78,87,84,83,83,82,82,82,82,79,76,75,75,74,74,74,74,79,75,74,73,73,73,72,72,40,40,40,40,40,40,40,40],"per_block_mses":[7.854367e-2,7.794043e-2,7.767520e-2,7.880693e-2,7.789607e-2,7.668195e-2,7.662773e-2,7.695989e-2,6.515272e-2,6.432056e-2,6.427160e-2,6.247110e-2,6.406569e-2,6.360815e-2,6.409430e-2,6.146500e-2,9.335659e-2,9.441670e-2,9.469412e-2,9.399328e-2,9.726036e-2,9.673380e-2,9.607846e-2,9.699294e-2,6.900071e-2,6.682092e-2,6.684481e-2,6.567706e-2,6.732369e-2,6.678109e-2,6.687000e-2,6.654948e-2,8.412535e-2,8.201694e-2,8.023061e-2,8.168061e-2,8.090384e-2,8.019209e-2,8.287157e-2,8.301852e-2,8.641372e-2,8.613580e-2,8.646711e-2,8.634998e-2,8.569301e-2,8.448692e-2,8.389538e-2,8.411575e-2],"layer_pooled_mses":[1.005446e-1,8.558231e-2,8.797075e-2,8.713640e-2,8.904170e-2,8.836904e-2,8.743821e-2,9.026946e-2,1.933469e-1,2.182145e-1,2.249057e-1,2.301004e-1,2.321210e-1,2.329906e-1,2.312262e-1,2.306061e-1,1.729698e-1,1.693164e-1,1.628193e-1,1.639943e-1,1.664421e-1,1.633651e-1,1.623520e-1,1.667066e-1,2.168918e-1,2.150477e-1,2.174537e-1,2.183422e-1,2.213362e-1,2.211168e-1,2.139681e-1,2.165107e-1,2.003076e-1,2.263202e-1,2.389927e-1,2.405190e-1,2.444400e-1,2.447193e-1,2.430981e-1,2.476614e-1,6.117757e-2,6.073570e-2,5.452686e-2,5.022372e-2,4.963979e-2,5.054771e-2,4.827636e-2,4.981906e-2],"first_block_mses":[7.854367e-2,7.778550e-1,1.070676e0,1.100851e0,1.003834e0,1.049142e0,9.339380e-1,1.028267e0,9.911262e-1,1.027617e0,9.842618e-1,9.265207e-1,1.050905e0,1.104349e0,1.160129e0,1.051648e0,1.142708e0,1.133589e0,1.248664e0,1.277440e0,1.372075e0,1.444196e0,1.448998e0,1.474611e0,8.133002e-1,8.866940e-1,1.008404e0,9.952330e-1,9.345961e-1,9.047588e-1,9.192647e-1,1.043053e0,9.466842e-1,1.022494e0,9.657369e-1,9.120092e-1,9.697162e-1,1.083653e0,1.086256e0,1.084131e0,9.532356e-1,1.223919e0,1.275383e0,1.261812e0,1.265530e0,1.036526e0,1.007211e0,9.612451e-1]}