{"n_vecs":24576,"dim":128,"block_size":512,"n_blocks":48,"variance_ratio":0.95,"per_block_mean_mse":2.632409e-2,"layer_pooled_mean_mse":2.996937e-2,"first_block_mean_mse":2.855482e-1,"pooled_over_per_block_mean":1.1385,"pooled_over_per_block_median":1.1781,"pooled_over_per_block_max":1.8952,"first_over_per_block_mean":10.8474,"first_over_per_block_median":12.1891,"first_over_per_block_max":15.9575,"pooled_d_eff":101,"first_d_eff":69,"per_block_d_eff":[69,55,54,55,54,54,54,54,66,53,53,54,53,52,52,52,66,52,51,51,50,50,50,50,73,59,57,58,56,56,56,55,68,55,54,55,53,54,53,52,72,58,57,58,57,57,57,57],"per_block_mses":[2.574595e-2,2.572266e-2,2.598148e-2,2.559731e-2,2.548883e-2,2.562062e-2,2.563519e-2,2.575945e-2,2.504570e-2,2.621892e-2,2.546829e-2,2.557538e-2,2.492416e-2,2.503591e-2,2.424678e-2,2.366565e-2,3.650374e-2,4.092412e-2,4.156811e-2,4.265439e-2,4.228113e-2,4.324465e-2,4.180530e-2,4.177115e-2,2.190657e-2,2.057245e-2,2.108743e-2,2.049122e-2,2.146352e-2,2.163877e-2,2.140777e-2,2.175159e-2,2.037342e-2,2.125470e-2,2.079601e-2,2.059174e-2,2.101718e-2,2.020945e-2,2.024697e-2,2.095390e-2,2.289554e-2,2.458587e-2,2.472104e-2,2.448985e-2,2.402950e-2,2.406779e-2,2.326830e-2,2.325071e-2],"layer_pooled_mses":[3.906885e-2,2.876140e-2,2.760813e-2,2.765641e-2,2.754921e-2,2.827705e-2,2.857797e-2,2.957169e-2,3.677993e-2,3.055154e-2,2.911901e-2,2.877115e-2,2.777973e-2,2.800384e-2,2.776137e-2,2.775924e-2,4.866464e-2,3.600943e-2,3.270234e-2,3.120008e-2,3.098587e-2,3.225029e-2,3.225088e-2,3.439236e-2,4.151723e-2,2.952383e-2,2.730010e-2,2.662331e-2,2.689665e-2,2.722187e-2,2.795006e-2,2.882361e-2,3.456373e-2,2.701650e-2,2.486474e-2,2.469042e-2,2.385142e-2,2.418520e-2,2.385298e-2,2.543021e-2,3.745591e-2,3.069256e-2,2.924352e-2,2.876849e-2,2.812764e-2,2.862669e-2,2.914232e-2,3.010839e-2],"first_block_mses":[2.574595e-2,3.265062e-2,4.139287e-2,4.824909e-2,5.171355e-2,5.587069e-2,5.945582e-2,6.364734e-2,3.052858e-1,3.279650e-1,3.238553e-1,3.171714e-1,3.095736e-1,3.060076e-1,3.009122e-1,3.031436e-1,4.087812e-1,4.659654e-1,4.759631e-1,4.864097e-1,4.786874e-1,4.852889e-1,4.788479e-1,4.747692e-1,2.859166e-1,2.993524e-1,3.025395e-1,3.018834e-1,3.076938e-1,3.099435e-1,3.125470e-1,3.183495e-1,2.741967e-1,3.115522e-1,3.121684e-1,3.182757e-1,3.219965e-1,3.224928e-1,3.215304e-1,3.244421e-1,2.509555e-1,2.700957e-1,2.723575e-1,2.707468e-1,2.665660e-1,2.696651e-1,2.681459e-1,2.655451e-1]}