{"n_vecs":24576,"dim":128,"block_size":512,"n_blocks":48,"variance_ratio":0.95,"per_block_mean_mse":2.491551e-2,"layer_pooled_mean_mse":2.818547e-2,"first_block_mean_mse":2.290763e-1,"pooled_over_per_block_mean":1.1312,"pooled_over_per_block_median":1.0711,"pooled_over_per_block_max":2.0951,"first_over_per_block_mean":9.1941,"first_over_per_block_median":10.8922,"first_over_per_block_max":12.4784,"pooled_d_eff":103,"first_d_eff":69,"per_block_d_eff":[69,56,56,57,55,55,54,54,63,52,52,52,52,52,51,51,73,60,59,60,58,58,58,57,77,63,63,65,64,64,63,63,74,61,60,61,60,60,59,59,71,59,58,59,58,58,57,57],"per_block_mses":[2.757262e-2,2.940764e-2,2.879142e-2,2.830660e-2,2.881588e-2,2.902834e-2,2.854901e-2,2.842244e-2,2.612139e-2,2.720545e-2,2.655004e-2,2.721069e-2,2.658680e-2,2.683063e-2,2.730112e-2,2.693326e-2,2.351792e-2,2.444782e-2,2.425948e-2,2.364149e-2,2.396750e-2,2.369405e-2,2.318068e-2,2.353232e-2,1.580422e-2,1.485663e-2,1.446169e-2,1.397255e-2,1.368380e-2,1.365776e-2,1.395821e-2,1.356281e-2,3.043290e-2,3.209505e-2,3.173385e-2,3.154298e-2,3.078973e-2,3.063085e-2,3.034888e-2,3.014106e-2,2.519682e-2,2.479520e-2,2.491885e-2,2.489983e-2,2.512634e-2,2.499105e-2,2.541777e-2,2.505114e-2],"layer_pooled_mses":[3.438801e-2,2.785002e-2,2.680758e-2,2.559228e-2,2.560661e-2,2.614686e-2,2.615287e-2,2.679607e-2,3.342112e-2,2.563870e-2,2.447629e-2,2.456625e-2,2.429213e-2,2.457019e-2,2.503566e-2,2.597173e-2,3.826177e-2,3.129639e-2,2.828915e-2,2.739617e-2,2.682118e-2,2.724507e-2,2.839214e-2,2.906859e-2,3.311168e-2,2.516905e-2,2.338075e-2,2.258645e-2,2.259481e-2,2.328662e-2,2.378966e-2,2.393483e-2,4.364342e-2,3.415375e-2,3.135352e-2,3.089644e-2,3.030277e-2,3.159635e-2,3.149649e-2,3.268984e-2,3.617032e-2,2.853175e-2,2.669136e-2,2.620777e-2,2.614378e-2,2.660105e-2,2.690779e-2,2.757962e-2],"first_block_mses":[2.757262e-2,3.766894e-2,4.734067e-2,5.455707e-2,5.805337e-2,6.231092e-2,6.521760e-2,6.833680e-2,2.845198e-1,3.034216e-1,3.000804e-1,3.056564e-1,3.072250e-1,3.101737e-1,3.097239e-1,3.117649e-1,2.610029e-1,2.837337e-1,2.836296e-1,2.753800e-1,2.696574e-1,2.680751e-1,2.677425e-1,2.646390e-1,1.853482e-1,1.755097e-1,1.739002e-1,1.679641e-1,1.666839e-1,1.704269e-1,1.697955e-1,1.678815e-1,3.121094e-1,3.343108e-1,3.295319e-1,3.220289e-1,3.175802e-1,3.182684e-1,3.118227e-1,3.109055e-1,2.455884e-1,2.535726e-1,2.553748e-1,2.517412e-1,2.541891e-1,2.575772e-1,2.593261e-1,2.567427e-1]}