{"n_vecs":24576,"dim":128,"block_size":512,"n_blocks":48,"variance_ratio":0.95,"per_block_mean_mse":7.119990e-2,"layer_pooled_mean_mse":1.558234e-1,"first_block_mean_mse":1.128212e0,"pooled_over_per_block_mean":2.1885,"pooled_over_per_block_median":2.4887,"pooled_over_per_block_max":3.5149,"first_over_per_block_mean":15.8457,"first_over_per_block_median":16.9177,"first_over_per_block_max":24.1870,"pooled_d_eff":99,"first_d_eff":81,"per_block_d_eff":[81,80,81,81,80,81,80,81,68,68,69,70,70,70,70,71,86,84,84,83,83,83,83,83,83,80,79,79,79,79,80,80,81,80,80,80,80,81,80,80,83,82,81,82,81,82,81,82],"per_block_mses":[8.094032e-2,8.027187e-2,7.834640e-2,7.758083e-2,7.939341e-2,7.670392e-2,7.896541e-2,7.535050e-2,1.064372e-1,1.056670e-1,1.041975e-1,1.001945e-1,9.916354e-2,9.849962e-2,9.794360e-2,9.634900e-2,5.277973e-2,5.444714e-2,5.326983e-2,5.535700e-2,5.506517e-2,5.497910e-2,5.440178e-2,5.484777e-2,5.702852e-2,5.826342e-2,6.072503e-2,6.103962e-2,6.175428e-2,6.190920e-2,6.023078e-2,6.113356e-2,7.160771e-2,7.265609e-2,7.270706e-2,7.311290e-2,7.271611e-2,7.099294e-2,7.157230e-2,7.187127e-2,6.195272e-2,6.088269e-2,6.307665e-2,6.148961e-2,6.187562e-2,5.885151e-2,6.041922e-2,5.857438e-2],"layer_pooled_mses":[1.863951e-1,1.816152e-1,1.858258e-1,1.890983e-1,1.866894e-1,1.908952e-1,1.908256e-1,1.877107e-1,9.716604e-2,1.058918e-1,1.093881e-1,1.061228e-1,1.042022e-1,1.047427e-1,1.038242e-1,1.017760e-1,1.259483e-1,1.304865e-1,1.392132e-1,1.411971e-1,1.433070e-1,1.482075e-1,1.485965e-1,1.478656e-1,1.761862e-1,1.927365e-1,2.007113e-1,2.017574e-1,2.062953e-1,2.090012e-1,2.117064e-1,2.010090e-1,1.906097e-1,1.954342e-1,2.001617e-1,2.024217e-1,2.031650e-1,2.065484e-1,2.059465e-1,2.000769e-1,1.030816e-1,9.935250e-2,1.019618e-1,1.024985e-1,1.029128e-1,1.034808e-1,1.029446e-1,1.025349e-1],"first_block_mses":[8.094032e-2,5.074375e-1,7.170864e-1,7.964373e-1,7.168922e-1,7.726120e-1,7.975331e-1,7.246334e-1,1.373615e0,1.576604e0,1.491942e0,1.695055e0,1.611289e0,1.509064e0,1.620553e0,1.555110e0,1.091936e0,1.038430e0,9.532540e-1,9.692261e-1,9.115500e-1,7.551045e-1,6.408589e-1,7.457593e-1,9.028074e-1,9.942263e-1,9.525676e-1,1.013379e0,9.939813e-1,9.734861e-1,1.110014e0,1.062626e0,1.431728e0,1.757334e0,1.558247e0,1.596541e0,1.696691e0,1.480068e0,1.405883e0,1.571491e0,1.071278e0,1.116795e0,1.104343e0,1.182618e0,1.137449e0,1.133428e0,1.111756e0,1.142537e0]}