{"n_vecs":24576,"dim":128,"block_size":512,"n_blocks":48,"variance_ratio":0.95,"per_block_mean_mse":7.864356e-3,"layer_pooled_mean_mse":1.063953e-2,"first_block_mean_mse":1.091423e-1,"pooled_over_per_block_mean":1.3529,"pooled_over_per_block_median":1.3385,"pooled_over_per_block_max":2.0459,"first_over_per_block_mean":13.8781,"first_over_per_block_median":14.8143,"first_over_per_block_max":32.8079,"pooled_d_eff":98,"first_d_eff":59,"per_block_d_eff":[59,47,47,47,47,47,47,47,66,57,56,56,56,56,56,56,59,50,50,50,50,51,50,50,58,50,50,50,50,50,50,49,59,51,50,50,50,50,50,50,67,57,56,57,56,57,56,57],"per_block_mses":[1.089143e-2,1.062312e-2,1.008592e-2,9.980163e-3,9.829936e-3,9.787450e-3,9.769134e-3,9.734914e-3,8.669760e-3,7.060440e-3,7.096847e-3,6.915628e-3,6.779918e-3,6.798165e-3,6.765320e-3,6.717211e-3,9.670380e-3,8.014747e-3,7.540601e-3,7.328238e-3,7.212641e-3,6.806905e-3,7.161535e-3,7.035613e-3,9.965142e-3,8.302704e-3,7.752929e-3,7.584891e-3,7.423813e-3,7.368800e-3,7.384949e-3,7.699368e-3,6.931860e-3,5.586377e-3,5.561243e-3,5.459464e-3,5.345091e-3,5.310635e-3,5.316388e-3,5.238150e-3,1.127626e-2,9.131704e-3,9.042816e-3,8.304649e-3,8.632366e-3,8.075877e-3,8.526568e-3,7.991009e-3],"layer_pooled_mses":[1.707135e-2,1.044200e-2,9.870928e-3,9.789272e-3,9.733981e-3,9.731201e-3,9.773234e-3,9.843996e-3,1.773756e-2,1.179925e-2,1.089574e-2,1.070585e-2,1.061114e-2,1.055962e-2,1.063197e-2,1.054038e-2,1.581321e-2,9.990350e-3,9.248451e-3,9.042190e-3,8.907281e-3,8.965276e-3,9.048643e-3,8.981965e-3,1.609850e-2,1.023897e-2,9.583112e-3,9.395266e-3,9.311464e-3,9.363917e-3,9.404332e-3,9.297561e-3,1.348519e-2,8.269136e-3,7.891049e-3,7.695033e-3,7.592009e-3,7.552745e-3,7.756671e-3,7.819093e-3,2.150286e-2,1.235966e-2,1.140257e-2,1.111589e-2,1.100247e-2,1.093382e-2,1.098972e-2,1.090138e-2],"first_block_mses":[1.089143e-2,1.217707e-2,1.608724e-2,1.867680e-2,2.044874e-2,2.108374e-2,2.138160e-2,2.228520e-2,1.223247e-1,1.074871e-1,1.034107e-1,1.015481e-1,1.010496e-1,1.002455e-1,1.002236e-1,1.001622e-1,1.255829e-1,1.106340e-1,1.051917e-1,1.022082e-1,1.013299e-1,1.005184e-1,1.009970e-1,1.004493e-1,1.344753e-1,1.185508e-1,1.153580e-1,1.135395e-1,1.123371e-1,1.127175e-1,1.139171e-1,1.139340e-1,1.437486e-1,1.558476e-1,1.611869e-1,1.640781e-1,1.669941e-1,1.686036e-1,1.697637e-1,1.718525e-1,1.581493e-1,1.478960e-1,1.467497e-1,1.459076e-1,1.445352e-1,1.441972e-1,1.439800e-1,1.441180e-1]}