{"n_vecs":24576,"dim":128,"block_size":512,"n_blocks":48,"variance_ratio":0.95,"per_block_mean_mse":8.238594e-2,"layer_pooled_mean_mse":1.723906e-1,"first_block_mean_mse":1.080150e0,"pooled_over_per_block_mean":2.0925,"pooled_over_per_block_median":2.2333,"pooled_over_per_block_max":3.2528,"first_over_per_block_mean":13.1109,"first_over_per_block_median":13.4453,"first_over_per_block_max":21.3122,"pooled_d_eff":97,"first_d_eff":79,"per_block_d_eff":[79,78,78,78,78,79,79,79,80,79,78,78,78,78,78,78,66,65,65,65,65,66,65,65,78,78,78,78,78,78,78,78,85,83,82,82,81,81,81,82,64,64,64,65,66,66,67,67],"per_block_mses":[7.518442e-2,7.804401e-2,7.924938e-2,7.823974e-2,7.799302e-2,7.560099e-2,7.601445e-2,7.533002e-2,6.518458e-2,6.643999e-2,6.762440e-2,6.766339e-2,6.763772e-2,6.821141e-2,6.851518e-2,6.767199e-2,7.600591e-2,7.989016e-2,7.968525e-2,7.987455e-2,7.987847e-2,7.686045e-2,7.906367e-2,7.886839e-2,9.220900e-2,9.566048e-2,9.652875e-2,9.568923e-2,9.461744e-2,9.462720e-2,9.303360e-2,9.450402e-2,7.205024e-2,7.508893e-2,7.760009e-2,7.557322e-2,7.736029e-2,7.738910e-2,7.702275e-2,7.405197e-2,9.956930e-2,1.032053e-1,1.045314e-1,1.024115e-1,9.992046e-2,1.000984e-1,9.848468e-2,9.856604e-2],"layer_pooled_mses":[1.314027e-1,1.421122e-1,1.530144e-1,1.522817e-1,1.528550e-1,1.560576e-1,1.543610e-1,1.575704e-1,1.696965e-1,1.785938e-1,1.827403e-1,1.847411e-1,1.892743e-1,1.926998e-1,1.982079e-1,1.904036e-1,1.697415e-1,1.891196e-1,2.028847e-1,2.058572e-1,2.084936e-1,2.055113e-1,2.076696e-1,2.054081e-1,1.323533e-1,1.673371e-1,1.757153e-1,1.851972e-1,1.839923e-1,1.833774e-1,1.789951e-1,1.796548e-1,2.164900e-1,2.415558e-1,2.432797e-1,2.458231e-1,2.407266e-1,2.456186e-1,2.411365e-1,2.402544e-1,7.887890e-2,8.243685e-2,8.676955e-2,8.880119e-2,8.677547e-2,8.779671e-2,8.946322e-2,9.162333e-2],"first_block_mses":[7.518442e-2,3.746332e-1,5.253062e-1,6.055886e-1,6.180418e-1,6.988575e-1,8.030151e-1,8.391709e-1,1.353783e0,1.415980e0,1.336355e0,1.272592e0,1.078238e0,1.117121e0,1.273378e0,1.181214e0,9.838890e-1,1.183245e0,1.227288e0,1.131171e0,1.106188e0,1.109712e0,1.113217e0,1.106434e0,1.144698e0,1.360035e0,1.353206e0,1.245432e0,1.186076e0,1.180912e0,1.107697e0,1.049929e0,8.437040e-1,9.215582e-1,9.888364e-1,9.489209e-1,1.031460e0,9.521888e-1,9.792668e-1,1.050007e0,1.278821e0,1.419225e0,1.427294e0,1.450071e0,1.333959e0,1.409221e0,1.329813e0,1.325251e0]}