{"n_vecs":24576,"dim":128,"block_size":512,"n_blocks":48,"variance_ratio":0.95,"per_block_mean_mse":1.682805e-2,"layer_pooled_mean_mse":2.000996e-2,"first_block_mean_mse":1.844475e-1,"pooled_over_per_block_mean":1.1891,"pooled_over_per_block_median":1.1111,"pooled_over_per_block_max":1.9892,"first_over_per_block_mean":10.9607,"first_over_per_block_median":12.8381,"first_over_per_block_max":13.8516,"pooled_d_eff":100,"first_d_eff":67,"per_block_d_eff":[67,54,53,53,52,51,51,50,72,57,56,57,56,55,55,54,65,52,51,52,50,50,50,49,72,58,57,58,57,57,56,55,64,51,50,51,49,50,49,49,64,52,51,52,51,51,51,50],"per_block_mses":[1.664588e-2,1.672414e-2,1.662262e-2,1.680040e-2,1.639119e-2,1.692674e-2,1.655165e-2,1.628172e-2,1.580328e-2,1.597449e-2,1.589734e-2,1.525058e-2,1.492655e-2,1.553036e-2,1.528305e-2,1.517394e-2,1.545171e-2,1.581533e-2,1.580038e-2,1.535537e-2,1.559074e-2,1.562521e-2,1.520757e-2,1.526648e-2,1.448332e-2,1.393521e-2,1.405588e-2,1.379313e-2,1.316513e-2,1.324146e-2,1.374087e-2,1.343924e-2,1.954500e-2,2.015758e-2,2.029382e-2,1.937878e-2,1.998523e-2,1.974045e-2,2.027069e-2,1.932008e-2,2.067439e-2,1.974995e-2,2.037175e-2,1.990043e-2,1.932577e-2,1.958260e-2,1.937587e-2,1.932296e-2],"layer_pooled_mses":[2.519765e-2,1.959609e-2,1.846905e-2,1.803534e-2,1.713874e-2,1.731929e-2,1.731229e-2,1.761319e-2,2.836465e-2,2.226490e-2,2.005367e-2,1.950397e-2,1.825785e-2,1.897745e-2,1.958158e-2,1.967988e-2,2.375676e-2,1.864526e-2,1.702062e-2,1.668847e-2,1.603726e-2,1.701037e-2,1.667946e-2,1.725509e-2,2.881087e-2,2.148223e-2,2.007535e-2,1.942320e-2,1.876115e-2,1.922338e-2,1.899795e-2,1.951735e-2,2.800427e-2,2.095454e-2,1.935220e-2,1.897220e-2,1.873515e-2,1.886830e-2,1.937112e-2,1.962354e-2,2.924484e-2,2.149073e-2,2.043142e-2,1.952102e-2,1.907009e-2,1.945709e-2,2.005716e-2,2.057393e-2],"first_block_mses":[1.664588e-2,2.138862e-2,2.717244e-2,3.102234e-2,3.336681e-2,3.554466e-2,3.746408e-2,3.972311e-2,1.746457e-1,1.783604e-1,1.786937e-1,1.740870e-1,1.739806e-1,1.769370e-1,1.763330e-1,1.757165e-1,1.937149e-1,2.085043e-1,2.085699e-1,2.043643e-1,2.040234e-1,2.079423e-1,2.037352e-1,2.027887e-1,1.808806e-1,1.833096e-1,1.847517e-1,1.804677e-1,1.783920e-1,1.803816e-1,1.785212e-1,1.790267e-1,2.438046e-1,2.617683e-1,2.654121e-1,2.651349e-1,2.644239e-1,2.682513e-1,2.675983e-1,2.676136e-1,2.520662e-1,2.579619e-1,2.589386e-1,2.527785e-1,2.507365e-1,2.514041e-1,2.479158e-1,2.472145e-1]}