{"n_vecs":24576,"dim":128,"block_size":512,"n_blocks":48,"variance_ratio":0.95,"per_block_mean_mse":1.498607e-2,"layer_pooled_mean_mse":1.782889e-2,"first_block_mean_mse":1.461425e-1,"pooled_over_per_block_mean":1.1897,"pooled_over_per_block_median":1.2008,"pooled_over_per_block_max":2.1918,"first_over_per_block_mean":9.7519,"first_over_per_block_median":11.7758,"first_over_per_block_max":16.1287,"pooled_d_eff":102,"first_d_eff":75,"per_block_d_eff":[75,58,58,58,57,57,57,57,64,50,50,50,50,50,50,50,67,51,50,51,50,50,51,50,74,57,56,57,57,56,57,57,66,52,51,51,51,51,51,51,65,50,49,50,50,50,50,50],"per_block_mses":[2.807637e-2,2.481774e-2,2.336585e-2,2.245090e-2,2.318397e-2,2.261934e-2,2.276805e-2,2.236615e-2,1.512663e-2,1.345800e-2,1.215847e-2,1.163249e-2,1.119717e-2,1.131091e-2,1.131976e-2,1.112974e-2,1.922703e-2,1.945648e-2,1.890897e-2,1.746188e-2,1.758592e-2,1.750227e-2,1.660876e-2,1.709073e-2,1.119678e-2,9.634105e-3,9.232131e-3,8.689675e-3,8.446441e-3,8.835330e-3,8.409759e-3,8.361614e-3,1.730844e-2,1.638738e-2,1.582830e-2,1.576215e-2,1.498702e-2,1.488864e-2,1.489454e-2,1.479373e-2,1.324724e-2,1.220340e-2,1.176980e-2,1.138920e-2,1.067691e-2,1.065397e-2,1.061918e-2,1.029198e-2],"layer_pooled_mses":[4.862102e-2,2.385467e-2,2.089665e-2,1.999862e-2,1.977973e-2,2.033267e-2,2.185570e-2,2.287076e-2,2.507988e-2,1.632696e-2,1.453128e-2,1.371055e-2,1.341737e-2,1.358167e-2,1.368732e-2,1.382495e-2,2.933411e-2,1.836462e-2,1.572052e-2,1.490497e-2,1.469464e-2,1.520100e-2,1.571941e-2,1.595280e-2,2.454072e-2,1.682958e-2,1.487903e-2,1.433456e-2,1.412228e-2,1.440939e-2,1.460390e-2,1.507913e-2,2.867440e-2,1.779186e-2,1.608403e-2,1.567050e-2,1.546741e-2,1.572443e-2,1.628352e-2,1.675608e-2,2.379352e-2,1.595498e-2,1.433614e-2,1.402504e-2,1.356068e-2,1.332012e-2,1.344208e-2,1.384138e-2],"first_block_mses":[2.807637e-2,3.519091e-2,5.007803e-2,5.795130e-2,6.283032e-2,6.612731e-2,6.918433e-2,7.300997e-2,1.698414e-1,1.624782e-1,1.538343e-1,1.467491e-1,1.445089e-1,1.427886e-1,1.401579e-1,1.376009e-1,1.984344e-1,2.066286e-1,2.000586e-1,1.941827e-1,1.917256e-1,1.879594e-1,1.838710e-1,1.806978e-1,1.263611e-1,1.133602e-1,1.061950e-1,1.023275e-1,9.951005e-2,1.024098e-1,1.004028e-1,1.008223e-1,2.238619e-1,2.486187e-1,2.444464e-1,2.409635e-1,2.368600e-1,2.335015e-1,2.359686e-1,2.386036e-1,1.544425e-1,1.455543e-1,1.379415e-1,1.328304e-1,1.290989e-1,1.274576e-1,1.255227e-1,1.238153e-1]}