{"n_vecs":24576,"dim":128,"block_size":512,"n_blocks":48,"variance_ratio":0.95,"per_block_mean_mse":7.208165e-2,"layer_pooled_mean_mse":1.389172e-1,"first_block_mean_mse":1.282696e0,"pooled_over_per_block_mean":1.9272,"pooled_over_per_block_median":1.9765,"pooled_over_per_block_max":3.1845,"first_over_per_block_mean":17.7950,"first_over_per_block_median":17.9282,"first_over_per_block_max":27.5056,"pooled_d_eff":101,"first_d_eff":86,"per_block_d_eff":[86,84,83,83,82,83,82,83,87,86,86,87,86,87,87,87,81,79,79,79,79,80,80,80,84,83,83,84,83,83,83,83,89,86,86,85,85,86,85,86,63,63,64,65,66,67,67,68],"per_block_mses":[5.475468e-2,5.686515e-2,5.822256e-2,5.787370e-2,5.992598e-2,5.798299e-2,6.071228e-2,5.872322e-2,8.131609e-2,8.456810e-2,8.730378e-2,8.525322e-2,8.704681e-2,8.537930e-2,8.504408e-2,8.639782e-2,6.931285e-2,7.225227e-2,7.288127e-2,7.248170e-2,7.224073e-2,6.950307e-2,7.077556e-2,7.092000e-2,8.036170e-2,8.478132e-2,8.580532e-2,8.406688e-2,8.538472e-2,8.634007e-2,8.640631e-2,8.660110e-2,5.436450e-2,5.864582e-2,5.737004e-2,5.910138e-2,6.016521e-2,5.816182e-2,6.143369e-2,5.944228e-2,7.280205e-2,7.619760e-2,7.709480e-2,7.528046e-2,7.417341e-2,7.252339e-2,7.319985e-2,7.247846e-2],"layer_pooled_mses":[1.743650e-1,1.756083e-1,1.742691e-1,1.749886e-1,1.796944e-1,1.766489e-1,1.779842e-1,1.783497e-1,1.449875e-1,1.605453e-1,1.675000e-1,1.711734e-1,1.697551e-1,1.726818e-1,1.733125e-1,1.742964e-1,1.053022e-1,1.033566e-1,1.044167e-1,1.025193e-1,1.059356e-1,1.102855e-1,1.103955e-1,1.119786e-1,1.624235e-1,1.661302e-1,1.667392e-1,1.661557e-1,1.672985e-1,1.700499e-1,1.728470e-1,1.742589e-1,1.437084e-1,1.643642e-1,1.645141e-1,1.689407e-1,1.714246e-1,1.719891e-1,1.715310e-1,1.758573e-1,4.365792e-2,4.659640e-2,4.785687e-2,4.858717e-2,4.970333e-2,4.959640e-2,5.121019e-2,5.223467e-2],"first_block_mses":[5.475468e-2,3.759664e-1,4.954448e-1,6.383309e-1,7.200943e-1,8.327345e-1,9.994227e-1,1.155140e0,1.379743e0,1.586628e0,1.587596e0,1.526191e0,1.525057e0,1.494355e0,1.463394e0,1.535035e0,7.777809e-1,8.424106e-1,8.597331e-1,8.698473e-1,9.547790e-1,1.039755e0,1.084037e0,1.234419e0,1.327456e0,1.593267e0,1.538337e0,1.665719e0,1.539204e0,1.583491e0,1.652960e0,1.708740e0,1.059136e0,1.187982e0,1.078031e0,1.116660e0,1.080724e0,9.911546e-1,1.056356e0,1.190283e0,1.947465e0,2.095859e0,2.041226e0,2.041889e0,1.905804e0,1.765238e0,1.746590e0,1.623169e0]}