{"n_vecs":24576,"dim":128,"block_size":512,"n_blocks":48,"variance_ratio":0.95,"per_block_mean_mse":2.267361e-5,"layer_pooled_mean_mse":2.475420e-5,"first_block_mean_mse":2.328007e-4,"pooled_over_per_block_mean":1.0918,"pooled_over_per_block_median":1.0095,"pooled_over_per_block_max":1.9480,"first_over_per_block_mean":10.2675,"first_over_per_block_median":16.6402,"first_over_per_block_max":21.2696,"pooled_d_eff":72,"first_d_eff":46,"per_block_d_eff":[46,47,46,47,47,47,47,47,16,16,16,17,16,16,16,16,35,35,35,35,34,35,35,35,16,16,16,17,16,17,16,16,18,18,18,18,18,18,18,18,20,20,20,20,20,20,20,20],"per_block_mses":[5.959490e-5,5.642768e-5,5.947019e-5,5.622906e-5,5.601337e-5,5.631587e-5,5.590404e-5,5.625343e-5,1.539344e-5,1.549349e-5,1.542640e-5,1.472246e-5,1.545148e-5,1.550619e-5,1.535438e-5,1.551650e-5,1.698820e-5,1.706636e-5,1.697642e-5,1.710314e-5,1.813197e-5,1.705855e-5,1.692929e-5,1.708500e-5,1.430673e-5,1.440614e-5,1.434423e-5,1.364242e-5,1.444332e-5,1.360264e-5,1.430187e-5,1.441825e-5,1.857873e-5,1.866788e-5,1.862386e-5,1.875119e-5,1.868003e-5,1.856628e-5,1.856867e-5,1.869277e-5,1.371672e-5,1.367844e-5,1.358743e-5,1.373520e-5,1.359671e-5,1.364703e-5,1.368148e-5,1.368348e-5],"layer_pooled_mses":[5.054618e-5,5.089346e-5,5.042166e-5,5.085598e-5,5.081595e-5,5.085275e-5,5.060564e-5,5.078523e-5,1.495703e-5,1.509868e-5,1.512992e-5,1.516624e-5,1.513210e-5,1.495677e-5,1.507769e-5,1.510453e-5,3.278970e-5,3.310383e-5,3.306997e-5,3.308324e-5,3.319883e-5,3.275132e-5,3.296251e-5,3.309179e-5,1.444231e-5,1.465266e-5,1.450884e-5,1.459653e-5,1.463955e-5,1.444925e-5,1.455530e-5,1.455310e-5,1.861621e-5,1.873851e-5,1.875275e-5,1.872753e-5,1.870763e-5,1.858153e-5,1.865480e-5,1.879423e-5,1.630273e-5,1.650985e-5,1.651928e-5,1.653786e-5,1.658325e-5,1.641697e-5,1.639096e-5,1.651897e-5],"first_block_mses":[5.959490e-5,6.090125e-5,6.014590e-5,6.069678e-5,6.055011e-5,6.056580e-5,5.980497e-5,6.074894e-5,2.615020e-4,2.611055e-4,2.620655e-4,2.533977e-4,2.581361e-4,2.580258e-4,2.618903e-4,2.612665e-4,3.578941e-4,3.602157e-4,3.587543e-4,3.610030e-4,3.628941e-4,3.567318e-4,3.600800e-4,3.596947e-4,2.638447e-4,2.626456e-4,2.635649e-4,2.611413e-4,2.641819e-4,2.617715e-4,2.646982e-4,2.623500e-4,2.838437e-4,2.804703e-4,2.849887e-4,2.842846e-4,2.860467e-4,2.830349e-4,2.849373e-4,2.802432e-4,1.673732e-4,1.697195e-4,1.733230e-4,1.732606e-4,1.736830e-4,1.673378e-4,1.700436e-4,1.699794e-4]}