{"n_vecs":24576,"dim":128,"block_size":512,"n_blocks":48,"variance_ratio":0.95,"per_block_mean_mse":6.271747e-2,"layer_pooled_mean_mse":1.341832e-1,"first_block_mean_mse":8.235792e-1,"pooled_over_per_block_mean":2.1395,"pooled_over_per_block_median":2.1620,"pooled_over_per_block_max":3.6030,"first_over_per_block_mean":13.1316,"first_over_per_block_median":12.6626,"first_over_per_block_max":33.2115,"pooled_d_eff":97,"first_d_eff":81,"per_block_d_eff":[81,79,80,81,80,80,80,81,81,80,79,79,78,79,79,79,78,75,75,76,77,77,77,78,82,81,80,80,80,80,80,80,83,80,80,80,80,80,80,80,84,81,80,79,79,80,79,79],"per_block_mses":[6.450120e-2,6.583421e-2,6.476391e-2,6.321567e-2,6.458782e-2,6.404650e-2,6.428466e-2,6.274895e-2,6.669754e-2,6.856721e-2,7.090453e-2,6.944347e-2,7.132352e-2,6.950365e-2,6.989808e-2,7.048816e-2,6.594659e-2,7.024743e-2,7.025497e-2,6.890294e-2,6.689455e-2,6.760340e-2,6.796032e-2,6.608064e-2,6.721513e-2,7.149649e-2,7.252267e-2,7.278897e-2,7.164862e-2,7.199021e-2,7.037081e-2,6.970326e-2,5.554228e-2,5.834387e-2,5.805261e-2,5.751507e-2,5.753048e-2,5.820468e-2,5.761672e-2,5.856830e-2,4.228134e-2,4.528515e-2,4.669401e-2,4.747921e-2,4.734552e-2,4.513668e-2,4.654391e-2,4.586252e-2],"layer_pooled_mses":[9.213866e-2,9.514553e-2,9.775448e-2,9.895209e-2,1.000246e-1,1.015191e-1,1.082899e-1,1.087243e-1,1.771879e-1,1.758343e-1,1.791488e-1,1.793339e-1,1.829492e-1,1.827391e-1,1.826061e-1,1.800636e-1,8.533670e-2,8.998376e-2,9.277939e-2,9.400357e-2,9.485559e-2,9.576895e-2,9.740162e-2,9.775299e-2,1.468854e-1,1.545763e-1,1.615037e-1,1.668431e-1,1.702554e-1,1.726459e-1,1.757748e-1,1.748991e-1,1.060978e-1,1.048119e-1,1.071694e-1,1.074249e-1,1.106851e-1,1.103858e-1,1.138452e-1,1.152200e-1,1.399015e-1,1.541204e-1,1.577151e-1,1.583993e-1,1.600465e-1,1.626294e-1,1.607928e-1,1.578725e-1],"first_block_mses":[6.450120e-2,2.644038e-1,3.332790e-1,3.701286e-1,3.810134e-1,4.309060e-1,5.076395e-1,5.403943e-1,9.167989e-1,9.989074e-1,9.457041e-1,8.610901e-1,8.419370e-1,8.481747e-1,7.402116e-1,7.605466e-1,8.350568e-1,1.033960e0,9.682422e-1,9.484327e-1,9.533499e-1,9.069901e-1,9.010078e-1,9.131483e-1,8.082664e-1,8.261289e-1,8.284695e-1,7.112761e-1,6.413193e-1,6.841607e-1,7.292255e-1,6.845919e-1,7.826036e-1,8.152219e-1,7.810422e-1,7.583058e-1,7.240203e-1,7.657467e-1,7.110537e-1,6.545479e-1,8.603081e-1,1.148027e0,1.264976e0,1.482925e0,1.387470e0,1.499058e0,1.360578e0,1.356654e0]}