{"n_vecs":24576,"dim":128,"block_size":512,"n_blocks":48,"variance_ratio":0.95,"per_block_mean_mse":6.740994e-2,"layer_pooled_mean_mse":7.639738e-2,"first_block_mean_mse":6.265242e-1,"pooled_over_per_block_mean":1.1333,"pooled_over_per_block_median":1.3246,"pooled_over_per_block_max":2.1534,"first_over_per_block_mean":9.2942,"first_over_per_block_median":9.4780,"first_over_per_block_max":11.7600,"pooled_d_eff":106,"first_d_eff":76,"per_block_d_eff":[76,66,66,68,67,67,66,66,60,50,50,50,50,50,49,49,70,63,64,64,63,63,63,62,67,62,62,62,62,62,62,61,71,64,64,65,64,64,63,63,73,65,66,66,65,66,65,65],"per_block_mses":[3.695840e-2,3.466969e-2,3.434347e-2,3.335663e-2,3.327234e-2,3.426999e-2,3.448179e-2,3.420410e-2,9.346942e-2,1.066118e-1,1.068890e-1,1.077496e-1,1.067967e-1,1.091222e-1,1.130616e-1,1.131092e-1,5.443800e-2,5.162371e-2,5.024481e-2,5.322967e-2,5.296030e-2,5.404698e-2,5.445844e-2,5.578438e-2,8.869756e-2,8.947803e-2,9.091850e-2,9.552935e-2,9.342263e-2,9.564363e-2,9.535926e-2,9.881098e-2,6.381640e-2,6.486567e-2,6.534098e-2,6.500687e-2,6.703522e-2,6.684234e-2,6.936206e-2,6.945068e-2,4.780522e-2,4.922861e-2,4.763157e-2,4.988587e-2,5.161769e-2,4.937156e-2,5.094160e-2,5.046246e-2],"layer_pooled_mses":[7.958566e-2,6.505643e-2,6.299608e-2,6.309306e-2,6.450112e-2,6.494143e-2,6.467521e-2,6.652707e-2,9.246604e-2,7.336338e-2,6.968189e-2,6.824888e-2,6.800189e-2,6.981949e-2,7.330326e-2,7.997501e-2,7.790280e-2,7.123238e-2,6.964732e-2,6.936470e-2,7.052693e-2,7.238486e-2,7.285122e-2,7.389029e-2,9.439888e-2,8.470675e-2,8.190949e-2,8.432472e-2,8.617743e-2,8.525970e-2,8.533700e-2,8.518547e-2,8.978892e-2,8.085083e-2,7.885133e-2,8.021602e-2,8.165692e-2,8.153199e-2,8.251727e-2,8.551524e-2,8.403481e-2,7.400890e-2,7.283391e-2,7.535964e-2,7.580010e-2,7.706491e-2,7.699534e-2,7.871247e-2],"first_block_mses":[3.695840e-2,4.667829e-2,5.688212e-2,6.802166e-2,7.113320e-2,7.673167e-2,7.806641e-2,8.389722e-2,9.691674e-1,1.169715e0,1.224011e0,1.252303e0,1.255926e0,1.272062e0,1.279241e0,1.292891e0,4.984143e-1,4.912555e-1,4.896226e-1,4.980993e-1,5.132712e-1,5.114056e-1,5.166926e-1,5.233323e-1,8.433589e-1,8.449728e-1,8.505185e-1,8.748556e-1,8.875083e-1,8.900844e-1,9.061063e-1,9.039459e-1,6.068099e-1,6.165464e-1,6.186862e-1,6.242693e-1,6.393541e-1,6.376354e-1,6.456024e-1,6.440888e-1,4.528014e-1,4.623324e-1,4.611559e-1,4.688176e-1,4.777632e-1,4.758009e-1,4.828237e-1,4.815436e-1]}