{"n_vecs":24576,"dim":128,"block_size":512,"n_blocks":48,"variance_ratio":0.95,"per_block_mean_mse":8.341077e-2,"layer_pooled_mean_mse":1.522117e-1,"first_block_mean_mse":1.136893e0,"pooled_over_per_block_mean":1.8248,"pooled_over_per_block_median":1.7244,"pooled_over_per_block_max":2.4714,"first_over_per_block_mean":13.6300,"first_over_per_block_median":14.2538,"first_over_per_block_max":20.0439,"pooled_d_eff":101,"first_d_eff":86,"per_block_d_eff":[86,83,83,83,83,83,82,83,76,74,75,75,75,76,76,76,84,82,82,82,81,82,81,82,89,87,87,87,86,86,86,86,81,79,79,79,79,79,79,79,87,84,84,85,84,84,84,84],"per_block_mses":[8.896947e-2,9.048442e-2,8.866531e-2,8.828455e-2,8.463728e-2,8.637270e-2,8.794950e-2,8.460742e-2,8.543714e-2,8.703766e-2,8.489753e-2,8.398543e-2,8.177611e-2,8.024523e-2,8.077754e-2,8.057370e-2,9.054148e-2,9.022991e-2,8.982458e-2,8.742961e-2,8.848625e-2,8.715313e-2,8.864943e-2,8.604409e-2,6.409366e-2,6.314610e-2,6.277080e-2,6.206645e-2,6.239657e-2,6.201518e-2,6.257614e-2,6.239941e-2,9.799301e-2,1.022496e-1,1.030315e-1,1.024684e-1,1.006305e-1,1.017999e-1,1.010637e-1,9.987290e-2,7.411393e-2,7.906983e-2,7.910564e-2,7.692021e-2,7.688302e-2,7.887057e-2,7.798976e-2,7.713080e-2],"layer_pooled_mses":[1.435435e-1,1.349060e-1,1.385732e-1,1.358266e-1,1.374124e-1,1.396831e-1,1.434534e-1,1.459003e-1,8.884937e-2,9.301961e-2,9.801821e-2,9.837669e-2,1.015738e-1,1.029619e-1,1.058118e-1,1.063561e-1,1.449866e-1,1.437856e-1,1.414449e-1,1.399094e-1,1.387193e-1,1.399212e-1,1.442806e-1,1.452824e-1,1.492923e-1,1.462389e-1,1.500038e-1,1.517200e-1,1.491930e-1,1.487298e-1,1.512018e-1,1.477900e-1,2.095174e-1,2.332440e-1,2.395527e-1,2.433970e-1,2.464951e-1,2.501743e-1,2.497738e-1,2.441065e-1,1.366993e-1,1.353532e-1,1.374835e-1,1.411198e-1,1.435067e-1,1.462068e-1,1.501959e-1,1.525688e-1],"first_block_mses":[8.896947e-2,3.585016e-1,5.148443e-1,6.395464e-1,7.400357e-1,8.457167e-1,9.908251e-1,1.102642e0,1.009447e0,1.127033e0,1.059441e0,9.656169e-1,9.758809e-1,1.044993e0,1.081951e0,1.051759e0,1.595304e0,1.808562e0,1.708731e0,1.630908e0,1.526743e0,1.381260e0,1.282293e0,1.079752e0,9.306524e-1,1.000523e0,9.980678e-1,1.012113e0,9.914929e-1,9.983915e-1,1.083486e0,1.054567e0,1.415347e0,1.722207e0,1.803526e0,1.612902e0,1.434370e0,1.431163e0,1.459203e0,1.420573e0,1.005170e0,1.159268e0,1.172101e0,1.103637e0,1.065858e0,1.028024e0,1.025890e0,1.031568e0]}