{"n_vecs":24576,"dim":128,"block_size":512,"n_blocks":48,"variance_ratio":0.95,"per_block_mean_mse":1.369391e-1,"layer_pooled_mean_mse":1.539365e-1,"first_block_mean_mse":1.349179e0,"pooled_over_per_block_mean":1.1241,"pooled_over_per_block_median":1.1495,"pooled_over_per_block_max":1.7457,"first_over_per_block_mean":9.8524,"first_over_per_block_median":10.3822,"first_over_per_block_max":12.1776,"pooled_d_eff":108,"first_d_eff":71,"per_block_d_eff":[71,63,63,63,63,63,63,62,67,63,63,63,63,63,63,62,70,65,66,66,65,66,66,65,70,63,63,64,63,63,63,63,68,65,65,65,65,65,65,64,69,64,64,65,65,64,64,64],"per_block_mses":[6.833313e-2,6.709719e-2,6.767499e-2,7.027012e-2,6.899300e-2,7.031603e-2,6.845993e-2,7.126520e-2,1.490435e-1,1.595333e-1,1.630758e-1,1.698843e-1,1.653495e-1,1.678047e-1,1.680911e-1,1.707024e-1,1.251170e-1,1.414419e-1,1.403576e-1,1.454559e-1,1.499186e-1,1.442904e-1,1.428097e-1,1.505979e-1,8.892979e-2,9.560815e-2,9.820207e-2,9.534586e-2,9.705772e-2,9.775799e-2,9.654974e-2,9.735809e-2,1.934741e-1,2.039873e-1,2.135433e-1,2.245060e-1,2.172573e-1,2.188819e-1,2.187871e-1,2.285256e-1,1.213075e-1,1.321925e-1,1.373944e-1,1.364210e-1,1.329622e-1,1.411091e-1,1.409497e-1,1.390829e-1],"layer_pooled_mses":[1.192859e-1,1.115143e-1,1.073832e-1,1.079583e-1,1.095332e-1,1.109898e-1,1.120950e-1,1.137619e-1,1.602738e-1,1.605037e-1,1.620316e-1,1.655491e-1,1.639013e-1,1.649978e-1,1.694567e-1,1.724136e-1,1.556176e-1,1.560345e-1,1.589399e-1,1.671955e-1,1.618129e-1,1.638928e-1,1.645345e-1,1.695401e-1,1.397448e-1,1.383265e-1,1.351845e-1,1.345345e-1,1.338244e-1,1.355804e-1,1.372719e-1,1.400932e-1,1.914779e-1,1.891752e-1,1.821117e-1,1.881475e-1,1.843387e-1,1.895131e-1,1.904866e-1,1.968841e-1,1.580021e-1,1.574935e-1,1.562834e-1,1.606250e-1,1.591763e-1,1.590930e-1,1.604915e-1,1.618755e-1],"first_block_mses":[6.833313e-2,8.290087e-2,1.059132e-1,1.291333e-1,1.422566e-1,1.537564e-1,1.625821e-1,1.736132e-1,1.546328e0,1.684951e0,1.732796e0,1.777907e0,1.782647e0,1.794153e0,1.815641e0,1.814510e0,1.366432e0,1.553309e0,1.618921e0,1.656944e0,1.637947e0,1.659566e0,1.635953e0,1.647086e0,9.760659e-1,1.104966e0,1.139397e0,1.161087e0,1.145558e0,1.149874e0,1.149749e0,1.147172e0,1.865175e0,2.090354e0,2.142828e0,2.193623e0,2.187988e0,2.224514e0,2.227381e0,2.244983e0,1.218424e0,1.319736e0,1.347839e0,1.382129e0,1.380434e0,1.402844e0,1.405161e0,1.409749e0]}