{"n_vecs":24576,"dim":128,"block_size":512,"n_blocks":48,"variance_ratio":0.95,"per_block_mean_mse":2.236592e-2,"layer_pooled_mean_mse":2.525771e-2,"first_block_mean_mse":2.268412e-1,"pooled_over_per_block_mean":1.1293,"pooled_over_per_block_median":1.0978,"pooled_over_per_block_max":1.9425,"first_over_per_block_mean":10.1423,"first_over_per_block_median":12.9277,"first_over_per_block_max":15.0486,"pooled_d_eff":103,"first_d_eff":71,"per_block_d_eff":[71,58,57,58,56,57,56,56,70,57,56,57,56,56,56,56,68,55,54,55,54,54,53,53,64,52,51,53,51,52,51,51,77,63,62,63,61,61,60,59,73,59,58,59,57,58,57,57],"per_block_mses":[3.580817e-2,3.574074e-2,3.560219e-2,3.504201e-2,3.573710e-2,3.527711e-2,3.553466e-2,3.491874e-2,1.790562e-2,1.656716e-2,1.645380e-2,1.616018e-2,1.594722e-2,1.670050e-2,1.647114e-2,1.630309e-2,2.254482e-2,2.339231e-2,2.320849e-2,2.246286e-2,2.207355e-2,2.250183e-2,2.261927e-2,2.254711e-2,1.890709e-2,1.869804e-2,1.865505e-2,1.779065e-2,1.812978e-2,1.781546e-2,1.786758e-2,1.750162e-2,1.752518e-2,1.745802e-2,1.720934e-2,1.656671e-2,1.667285e-2,1.714897e-2,1.679102e-2,1.714450e-2,2.504567e-2,2.459869e-2,2.401389e-2,2.345507e-2,2.441342e-2,2.408648e-2,2.453395e-2,2.401530e-2],"layer_pooled_mses":[4.679300e-2,3.266891e-2,2.956106e-2,2.865496e-2,2.755386e-2,2.889910e-2,2.887474e-2,3.087822e-2,3.163920e-2,2.147979e-2,1.952444e-2,1.929967e-2,1.877070e-2,1.933497e-2,1.972281e-2,2.024657e-2,3.256903e-2,2.542224e-2,2.337716e-2,2.257515e-2,2.213107e-2,2.292166e-2,2.282528e-2,2.378410e-2,2.691288e-2,2.095175e-2,1.978320e-2,1.914433e-2,1.856881e-2,1.922654e-2,1.870183e-2,1.916810e-2,3.404271e-2,2.666188e-2,2.570921e-2,2.390313e-2,2.317359e-2,2.356689e-2,2.283201e-2,2.323588e-2,4.087733e-2,2.838734e-2,2.634731e-2,2.574934e-2,2.505701e-2,2.607876e-2,2.685090e-2,2.793153e-2],"first_block_mses":[3.580817e-2,4.773164e-2,5.831270e-2,6.780457e-2,7.401528e-2,8.049528e-2,8.466452e-2,9.085159e-2,2.569785e-1,2.481431e-1,2.446128e-1,2.421805e-1,2.399833e-1,2.416310e-1,2.414708e-1,2.403115e-1,2.860929e-1,2.987564e-1,2.952067e-1,2.855386e-1,2.853605e-1,2.831649e-1,2.826034e-1,2.810897e-1,2.620512e-1,2.638496e-1,2.620539e-1,2.586575e-1,2.538740e-1,2.538641e-1,2.547055e-1,2.538582e-1,2.160700e-1,2.264243e-1,2.271831e-1,2.252195e-1,2.276589e-1,2.281086e-1,2.244097e-1,2.290328e-1,2.882146e-1,2.833885e-1,2.776774e-1,2.750798e-1,2.734578e-1,2.764175e-1,2.763870e-1,2.779260e-1]}