{"n_vecs":24576,"dim":128,"block_size":512,"n_blocks":48,"variance_ratio":0.95,"per_block_mean_mse":6.953139e-2,"layer_pooled_mean_mse":1.383005e-1,"first_block_mean_mse":1.321664e0,"pooled_over_per_block_mean":1.9890,"pooled_over_per_block_median":2.1673,"pooled_over_per_block_max":3.1970,"first_over_per_block_mean":19.0082,"first_over_per_block_median":21.2366,"first_over_per_block_max":25.2835,"pooled_d_eff":104,"first_d_eff":90,"per_block_d_eff":[90,88,88,88,87,88,87,87,85,82,82,83,83,83,83,83,83,82,82,82,81,82,82,82,85,83,83,82,82,83,82,82,74,71,71,70,70,70,70,69,77,74,75,76,75,76,76,76],"per_block_mses":[6.782348e-2,7.123856e-2,7.311284e-2,7.158014e-2,7.346844e-2,7.220347e-2,7.244760e-2,7.208377e-2,7.043888e-2,7.186828e-2,7.315793e-2,7.029677e-2,6.882007e-2,6.994961e-2,6.870912e-2,6.899837e-2,6.447802e-2,6.300324e-2,6.208134e-2,6.178050e-2,6.237941e-2,6.104632e-2,6.023410e-2,5.971842e-2,6.523185e-2,6.481390e-2,6.638117e-2,6.618400e-2,6.474616e-2,6.379080e-2,6.498183e-2,6.554145e-2,6.417150e-2,6.784886e-2,6.654832e-2,6.808291e-2,6.658299e-2,6.793958e-2,6.735873e-2,6.931434e-2,7.458528e-2,8.313495e-2,8.246375e-2,8.174511e-2,8.349886e-2,8.135273e-2,8.008405e-2,8.020492e-2],"layer_pooled_mses":[2.168292e-1,2.033818e-1,1.972385e-1,1.988126e-1,2.044789e-1,2.058034e-1,2.080834e-1,2.081144e-1,9.865548e-2,9.997733e-2,1.021066e-1,9.969116e-2,1.061460e-1,1.098775e-1,1.075964e-1,1.080694e-1,1.363997e-1,1.311174e-1,1.357262e-1,1.334561e-1,1.346633e-1,1.384267e-1,1.383933e-1,1.360203e-1,1.365110e-1,1.353637e-1,1.431271e-1,1.436379e-1,1.511057e-1,1.568799e-1,1.520007e-1,1.463946e-1,1.453379e-1,1.510570e-1,1.510316e-1,1.475586e-1,1.507949e-1,1.547745e-1,1.507729e-1,1.486596e-1,7.995503e-2,8.632988e-2,8.828802e-2,8.863979e-2,9.086529e-2,9.086915e-2,9.584777e-2,9.355718e-2],"first_block_mses":[6.782348e-2,3.626400e-1,4.426777e-1,4.926180e-1,6.386438e-1,6.947223e-1,7.711019e-1,8.299643e-1,1.309800e0,1.526237e0,1.568793e0,1.540965e0,1.544685e0,1.576203e0,1.609311e0,1.566090e0,1.228883e0,1.385663e0,1.339214e0,1.298398e0,1.336503e0,1.233098e0,1.326785e0,1.355475e0,1.210197e0,1.310734e0,1.202279e0,1.198362e0,1.120335e0,1.053917e0,1.092439e0,1.028056e0,1.184455e0,1.306878e0,1.389101e0,1.409982e0,1.541169e0,1.588909e0,1.614681e0,1.637648e0,1.736787e0,2.081745e0,2.058169e0,2.066800e0,2.016923e0,1.866399e0,1.865125e0,1.812495e0]}