{"n_vecs":24576,"dim":128,"block_size":512,"n_blocks":48,"variance_ratio":0.95,"per_block_mean_mse":4.997477e-4,"layer_pooled_mean_mse":5.523216e-4,"first_block_mean_mse":5.856812e-3,"pooled_over_per_block_mean":1.1052,"pooled_over_per_block_median":1.0199,"pooled_over_per_block_max":2.3213,"first_over_per_block_mean":11.7195,"first_over_per_block_median":13.0406,"first_over_per_block_max":18.4317,"pooled_d_eff":104,"first_d_eff":52,"per_block_d_eff":[52,51,51,51,50,51,51,50,58,57,58,57,57,58,57,58,59,59,59,59,59,59,59,59,60,59,59,58,59,59,59,59,58,58,58,58,58,58,57,58,57,56,56,56,56,56,56,56],"per_block_mses":[4.790236e-4,4.818793e-4,4.837671e-4,4.860890e-4,5.106972e-4,4.847250e-4,4.819092e-4,5.131409e-4,5.735709e-4,6.068094e-4,5.673278e-4,6.096205e-4,6.079718e-4,5.697512e-4,6.075075e-4,5.700255e-4,6.635886e-4,6.762339e-4,6.715979e-4,6.774132e-4,6.782603e-4,6.751316e-4,6.792181e-4,6.808552e-4,1.807178e-4,1.813911e-4,1.805332e-4,1.940313e-4,1.813358e-4,1.817981e-4,1.815534e-4,1.823190e-4,7.262933e-4,7.294730e-4,7.338816e-4,7.340041e-4,7.303981e-4,7.372937e-4,7.796283e-4,7.324294e-4,3.150823e-4,3.229949e-4,3.235927e-4,3.264384e-4,3.227698e-4,3.269103e-4,3.227943e-4,3.241126e-4],"layer_pooled_mses":[4.945948e-4,4.894821e-4,4.859599e-4,4.906074e-4,4.892778e-4,4.870890e-4,4.883597e-4,4.911950e-4,6.290472e-4,6.232739e-4,6.218610e-4,6.232508e-4,6.191006e-4,6.208189e-4,6.196223e-4,6.219630e-4,6.315823e-4,6.412871e-4,6.399780e-4,6.481329e-4,6.455513e-4,6.483998e-4,6.460225e-4,6.450847e-4,4.181644e-4,4.184417e-4,4.190762e-4,4.205265e-4,4.191636e-4,4.180414e-4,4.163080e-4,4.198102e-4,6.299290e-4,6.376421e-4,6.334913e-4,6.419123e-4,6.366961e-4,6.393552e-4,6.350369e-4,6.392714e-4,4.998568e-4,5.053335e-4,5.015140e-4,5.058827e-4,5.047795e-4,5.001984e-4,5.042566e-4,5.052080e-4],"first_block_mses":[4.790236e-4,4.915802e-4,5.047539e-4,5.120850e-4,5.115344e-4,5.174170e-4,5.165023e-4,5.254829e-4,7.314619e-3,7.452859e-3,7.391671e-3,7.432433e-3,7.443032e-3,7.402701e-3,7.393103e-3,7.433456e-3,8.470201e-3,8.668342e-3,8.649719e-3,8.683449e-3,8.609446e-3,8.706053e-3,8.603225e-3,8.655638e-3,2.821768e-3,2.891571e-3,2.889062e-3,2.901927e-3,2.894684e-3,2.902295e-3,2.897500e-3,2.901404e-3,9.652550e-3,9.893007e-3,9.755054e-3,9.822819e-3,9.841753e-3,9.801620e-3,9.892913e-3,9.902273e-3,5.672248e-3,5.884506e-3,5.889984e-3,5.902649e-3,5.917053e-3,5.916635e-3,5.949657e-3,5.963741e-3]}