{"n_vecs":24576,"dim":128,"block_size":512,"n_blocks":48,"variance_ratio":0.95,"per_block_mean_mse":7.232364e-2,"layer_pooled_mean_mse":1.388301e-1,"first_block_mean_mse":1.115783e0,"pooled_over_per_block_mean":1.9196,"pooled_over_per_block_median":1.9112,"pooled_over_per_block_max":2.5844,"first_over_per_block_mean":15.4276,"first_over_per_block_median":17.2114,"first_over_per_block_max":25.7722,"pooled_d_eff":104,"first_d_eff":87,"per_block_d_eff":[87,85,85,85,84,84,84,84,90,87,88,88,87,88,86,86,85,83,83,83,82,83,82,82,86,83,83,84,83,83,83,83,85,82,83,83,83,83,82,83,86,84,84,85,85,85,84,84],"per_block_mses":[8.454727e-2,8.368748e-2,8.360023e-2,8.243066e-2,8.394550e-2,8.565978e-2,8.500476e-2,8.386388e-2,5.979471e-2,6.211000e-2,6.067068e-2,5.980201e-2,6.067594e-2,5.939068e-2,6.174166e-2,6.125203e-2,5.703892e-2,5.549016e-2,5.608703e-2,5.541043e-2,5.542417e-2,5.405133e-2,5.624341e-2,5.590482e-2,7.460239e-2,7.649542e-2,7.566880e-2,7.234857e-2,7.317498e-2,7.339272e-2,7.269885e-2,7.157354e-2,6.962478e-2,7.194625e-2,6.949762e-2,7.029692e-2,6.761058e-2,6.961741e-2,7.062299e-2,6.853632e-2,8.991032e-2,9.174244e-2,9.315614e-2,8.930587e-2,8.764285e-2,8.869402e-2,9.010697e-2,8.944044e-2],"layer_pooled_mses":[1.637466e-1,1.513675e-1,1.530047e-1,1.528611e-1,1.603561e-1,1.623839e-1,1.645992e-1,1.619989e-1,1.465699e-1,1.436381e-1,1.482581e-1,1.495834e-1,1.517059e-1,1.534900e-1,1.552157e-1,1.535841e-1,1.201028e-1,1.259438e-1,1.305278e-1,1.320792e-1,1.307406e-1,1.348155e-1,1.356413e-1,1.347151e-1,1.388050e-1,1.279037e-1,1.294559e-1,1.290977e-1,1.311964e-1,1.328713e-1,1.369232e-1,1.363377e-1,9.076450e-2,9.053547e-2,9.106317e-2,9.037837e-2,9.004346e-2,8.917727e-2,9.013553e-2,9.169345e-2,1.666750e-1,1.687334e-1,1.693993e-1,1.706844e-1,1.705024e-1,1.704828e-1,1.729537e-1,1.711045e-1],"first_block_mses":[8.454727e-2,4.745388e-1,6.643886e-1,7.636731e-1,8.314286e-1,1.007693e0,1.055265e0,1.232725e0,1.070143e0,1.043873e0,1.044224e0,9.488314e-1,9.748928e-1,1.044056e0,1.016084e0,1.050906e0,1.158262e0,1.361112e0,1.436966e0,1.428049e0,1.361831e0,1.333607e0,1.322804e0,1.388809e0,1.277356e0,1.447314e0,1.451168e0,1.441300e0,1.312306e0,1.341793e0,1.293873e0,1.196640e0,1.097262e0,1.239294e0,1.245172e0,1.268943e0,1.192686e0,1.226837e0,1.283555e0,1.394249e0,7.615586e-1,8.401375e-1,8.377486e-1,8.975781e-1,9.814532e-1,1.069971e0,1.102891e0,1.257803e0]}