{"n_vecs":24576,"dim":128,"block_size":512,"n_blocks":48,"variance_ratio":0.95,"per_block_mean_mse":7.157758e-2,"layer_pooled_mean_mse":1.550429e-1,"first_block_mean_mse":1.851812e0,"pooled_over_per_block_mean":2.1661,"pooled_over_per_block_median":2.4066,"pooled_over_per_block_max":3.8733,"first_over_per_block_mean":25.8714,"first_over_per_block_median":24.9927,"first_over_per_block_max":35.5251,"pooled_d_eff":101,"first_d_eff":71,"per_block_d_eff":[71,67,66,66,66,67,67,67,77,76,76,77,78,78,78,79,85,83,82,82,82,83,82,82,81,77,77,76,76,77,76,76,62,60,60,60,60,60,59,59,75,73,73,74,74,74,74,74],"per_block_mses":[4.263227e-2,4.599813e-2,4.814600e-2,4.764218e-2,4.714779e-2,4.525612e-2,4.517880e-2,4.517682e-2,8.424387e-2,8.130797e-2,8.050262e-2,7.687570e-2,7.472557e-2,7.471555e-2,7.513332e-2,7.249863e-2,6.220634e-2,6.086871e-2,6.199663e-2,6.097005e-2,6.011573e-2,5.737613e-2,5.911660e-2,5.921501e-2,5.571883e-2,5.592881e-2,5.544228e-2,5.624956e-2,5.590933e-2,5.387049e-2,5.667247e-2,5.703547e-2,8.671893e-2,9.327365e-2,9.418633e-2,9.494513e-2,9.539053e-2,9.475928e-2,9.960870e-2,1.001144e-1,9.769470e-2,9.784300e-2,9.819755e-2,9.393468e-2,9.350538e-2,9.363215e-2,9.309094e-2,9.295497e-2],"layer_pooled_mses":[1.342468e-1,1.659318e-1,1.735764e-1,1.780441e-1,1.796164e-1,1.737334e-1,1.749918e-1,1.744577e-1,1.028594e-1,1.054350e-1,1.117008e-1,1.144002e-1,1.173428e-1,1.171325e-1,1.254240e-1,1.253554e-1,1.685109e-1,1.810733e-1,1.900553e-1,1.910904e-1,1.931289e-1,1.921348e-1,1.898860e-1,1.927449e-1,1.340913e-1,1.393567e-1,1.447537e-1,1.497642e-1,1.533750e-1,1.573332e-1,1.616548e-1,1.638376e-1,1.181018e-1,1.178089e-1,1.201102e-1,1.320619e-1,1.287105e-1,1.248666e-1,1.275630e-1,1.303711e-1,1.527475e-1,1.706905e-1,1.819311e-1,1.889692e-1,1.930301e-1,1.915297e-1,1.916028e-1,1.949257e-1],"first_block_mses":[4.263227e-2,5.703068e-1,7.755022e-1,8.853980e-1,1.084172e0,1.131072e0,1.122602e0,1.263389e0,1.677058e0,1.823529e0,1.792288e0,1.649689e0,1.625077e0,1.653738e0,1.600382e0,1.562518e0,1.142487e0,1.432685e0,1.353948e0,1.371590e0,1.440777e0,1.502012e0,1.448896e0,1.224821e0,1.449814e0,1.834823e0,1.957799e0,1.992350e0,1.986183e0,1.825473e0,1.788838e0,1.681703e0,2.243027e0,2.908350e0,2.970623e0,3.036446e0,3.140236e0,3.010968e0,3.067784e0,3.078222e0,2.135615e0,2.663379e0,2.719470e0,2.740565e0,2.641328e0,2.360836e0,2.313699e0,2.162853e0]}