{"n_vecs":24576,"dim":128,"block_size":512,"n_blocks":48,"variance_ratio":0.95,"per_block_mean_mse":8.019750e-2,"layer_pooled_mean_mse":1.715962e-1,"first_block_mean_mse":8.735616e-1,"pooled_over_per_block_mean":2.1397,"pooled_over_per_block_median":2.2311,"pooled_over_per_block_max":3.3317,"first_over_per_block_mean":10.8926,"first_over_per_block_median":11.2853,"first_over_per_block_max":16.1907,"pooled_d_eff":75,"first_d_eff":65,"per_block_d_eff":[65,65,65,66,66,66,66,66,59,59,60,60,60,61,60,61,75,73,74,74,74,75,74,75,79,77,77,78,77,78,77,77,72,71,72,72,72,72,71,72,78,77,77,78,78,78,78,78],"per_block_mses":[8.255427e-2,8.320843e-2,8.371848e-2,8.049867e-2,8.029312e-2,8.026112e-2,8.028695e-2,8.057316e-2,9.584652e-2,9.642985e-2,9.498459e-2,9.548908e-2,9.505292e-2,9.412812e-2,9.633988e-2,9.440972e-2,7.635900e-2,8.001975e-2,7.811039e-2,7.811484e-2,7.746035e-2,7.535785e-2,7.782555e-2,7.635037e-2,7.798192e-2,7.800352e-2,7.890398e-2,7.663693e-2,7.845706e-2,7.610948e-2,7.774530e-2,7.760088e-2,7.079270e-2,7.170912e-2,7.012841e-2,7.044911e-2,6.927765e-2,6.922046e-2,7.049707e-2,6.913923e-2,7.910906e-2,7.909264e-2,8.042774e-2,7.807956e-2,7.794725e-2,8.219840e-2,7.738347e-2,7.891614e-2],"layer_pooled_mses":[1.166529e-1,1.218488e-1,1.265969e-1,1.235142e-1,1.257364e-1,1.246872e-1,1.248602e-1,1.253430e-1,1.079744e-1,1.239336e-1,1.317873e-1,1.271810e-1,1.330740e-1,1.360929e-1,1.355986e-1,1.394761e-1,1.703631e-1,1.829024e-1,1.924789e-1,1.928496e-1,1.976590e-1,1.983921e-1,2.038308e-1,2.060190e-1,2.395102e-1,2.488793e-1,2.503030e-1,2.553310e-1,2.526336e-1,2.530918e-1,2.535295e-1,2.438356e-1,1.215700e-1,1.211743e-1,1.259245e-1,1.261086e-1,1.270299e-1,1.265894e-1,1.287076e-1,1.292848e-1,1.985819e-1,2.014224e-1,2.078453e-1,2.091907e-1,2.102719e-1,2.095580e-1,2.153960e-1,2.119948e-1],"first_block_mses":[8.255427e-2,2.941576e-1,4.451886e-1,5.710619e-1,6.612042e-1,8.031774e-1,9.438362e-1,1.041145e0,1.209086e0,1.303488e0,1.355713e0,1.338645e0,1.313686e0,1.367117e0,1.437387e0,1.528561e0,6.972426e-1,7.014675e-1,6.443121e-1,6.439608e-1,6.842338e-1,8.367098e-1,8.408083e-1,8.660445e-1,7.826431e-1,8.391222e-1,8.254517e-1,9.286921e-1,9.522885e-1,9.631509e-1,9.712102e-1,1.005255e0,7.565067e-1,7.832926e-1,8.025278e-1,8.303145e-1,8.351375e-1,8.214333e-1,7.929808e-1,7.965512e-1,7.574315e-1,7.863612e-1,7.600951e-1,7.939653e-1,8.796547e-1,8.611901e-1,9.010719e-1,8.938434e-1]}