{"n_vecs":24576,"dim":128,"block_size":512,"n_blocks":48,"variance_ratio":0.95,"per_block_mean_mse":4.593465e-2,"layer_pooled_mean_mse":4.922199e-2,"first_block_mean_mse":3.975133e-1,"pooled_over_per_block_mean":1.0716,"pooled_over_per_block_median":1.0025,"pooled_over_per_block_max":1.6848,"first_over_per_block_mean":8.6539,"first_over_per_block_median":9.5790,"first_over_per_block_max":10.4393,"pooled_d_eff":107,"first_d_eff":77,"per_block_d_eff":[77,65,65,66,65,65,64,63,69,63,63,64,63,63,62,63,69,59,59,60,58,58,58,58,69,58,58,58,57,58,56,56,75,65,65,67,65,65,64,64,68,59,59,60,59,60,59,59],"per_block_mses":[3.540238e-2,3.622478e-2,3.547379e-2,3.478261e-2,3.502137e-2,3.515050e-2,3.517678e-2,3.635173e-2,5.573656e-2,5.371470e-2,5.481811e-2,5.437929e-2,5.740904e-2,5.995022e-2,6.031934e-2,5.789282e-2,4.144941e-2,4.258433e-2,4.267860e-2,4.195913e-2,4.347891e-2,4.425729e-2,4.381829e-2,4.272067e-2,4.902177e-2,5.862183e-2,5.785258e-2,6.062462e-2,5.990947e-2,5.934763e-2,6.338948e-2,6.421072e-2,3.630817e-2,3.548746e-2,3.522101e-2,3.424983e-2,3.547269e-2,3.673683e-2,3.756664e-2,3.789611e-2,4.328806e-2,4.321849e-2,4.357124e-2,4.517744e-2,4.609664e-2,4.545463e-2,4.757666e-2,4.781244e-2],"layer_pooled_mses":[5.964458e-2,5.098045e-2,4.925415e-2,4.699335e-2,4.699084e-2,4.813091e-2,4.768911e-2,4.979145e-2,6.279100e-2,5.385023e-2,5.322392e-2,5.348880e-2,5.449536e-2,5.515490e-2,5.666851e-2,5.758504e-2,5.101926e-2,4.314933e-2,4.224281e-2,4.102931e-2,4.105524e-2,4.206753e-2,4.172310e-2,4.361879e-2,5.760261e-2,5.224174e-2,4.846158e-2,4.758795e-2,4.732150e-2,4.742380e-2,4.924971e-2,5.290306e-2,5.914610e-2,4.980487e-2,4.741718e-2,4.779736e-2,4.797955e-2,4.985187e-2,5.125283e-2,5.207043e-2,5.461494e-2,4.336695e-2,4.172523e-2,4.181622e-2,4.371011e-2,4.368665e-2,4.529562e-2,4.768963e-2],"first_block_mses":[3.540238e-2,5.057188e-2,6.445282e-2,7.470226e-2,8.002203e-2,8.611924e-2,9.221835e-2,9.935660e-2,4.902101e-1,4.917115e-1,4.928285e-1,5.081620e-1,5.259148e-1,5.309975e-1,5.342200e-1,5.363132e-1,3.883982e-1,4.079148e-1,4.135738e-1,4.066466e-1,4.135493e-1,4.188104e-1,4.148958e-1,4.166689e-1,4.640823e-1,5.589220e-1,5.709237e-1,5.845719e-1,5.918599e-1,5.886790e-1,6.131510e-1,6.362119e-1,3.719079e-1,3.654391e-1,3.598935e-1,3.575440e-1,3.659185e-1,3.771283e-1,3.826027e-1,3.840569e-1,4.235128e-1,4.305601e-1,4.337853e-1,4.374749e-1,4.545294e-1,4.502945e-1,4.514553e-1,4.524745e-1]}