{"n_vecs":24576,"dim":128,"block_size":512,"n_blocks":48,"variance_ratio":0.95,"per_block_mean_mse":8.416307e-2,"layer_pooled_mean_mse":9.460838e-2,"first_block_mean_mse":7.698051e-1,"pooled_over_per_block_mean":1.1241,"pooled_over_per_block_median":1.0707,"pooled_over_per_block_max":2.3672,"first_over_per_block_mean":9.1466,"first_over_per_block_median":9.1032,"first_over_per_block_max":17.9485,"pooled_d_eff":107,"first_d_eff":77,"per_block_d_eff":[77,65,66,67,66,67,66,66,67,62,62,63,62,62,62,62,68,63,64,64,64,64,63,63,75,64,64,65,64,65,64,64,65,62,62,63,62,62,62,62,67,63,63,63,63,63,63,63],"per_block_mses":[3.339651e-2,3.309242e-2,3.122514e-2,3.166263e-2,3.168716e-2,3.152321e-2,3.294993e-2,3.223859e-2,1.044560e-1,1.076364e-1,1.072282e-1,1.074911e-1,1.112825e-1,1.139086e-1,1.151675e-1,1.124176e-1,1.026922e-1,1.036772e-1,9.922074e-2,1.030831e-1,1.028134e-1,1.032734e-1,1.076961e-1,1.067194e-1,3.142913e-2,2.896962e-2,2.828248e-2,2.835596e-2,2.850098e-2,2.779931e-2,2.825764e-2,2.888522e-2,1.155120e-1,1.159574e-1,1.195359e-1,1.185718e-1,1.235982e-1,1.247342e-1,1.258719e-1,1.227018e-1,1.024835e-1,1.057762e-1,1.084486e-1,1.115983e-1,1.108733e-1,1.124384e-1,1.124537e-1,1.122527e-1],"layer_pooled_mses":[7.628497e-2,6.207320e-2,5.997203e-2,6.073710e-2,6.019557e-2,6.087153e-2,6.251622e-2,6.446911e-2,1.126627e-1,1.037876e-1,1.015147e-1,1.029764e-1,1.061354e-1,1.051547e-1,1.100394e-1,1.100700e-1,1.209506e-1,1.106390e-1,1.083973e-1,1.088602e-1,1.107661e-1,1.098489e-1,1.143395e-1,1.179883e-1,7.440047e-2,6.016875e-2,5.672172e-2,5.608189e-2,5.619281e-2,5.577823e-2,5.665061e-2,5.837317e-2,1.127808e-1,1.039624e-1,1.033648e-1,1.065677e-1,1.088956e-1,1.079825e-1,1.110751e-1,1.114126e-1,1.231491e-1,1.130031e-1,1.132091e-1,1.135806e-1,1.139076e-1,1.171422e-1,1.204055e-1,1.251449e-1],"first_block_mses":[3.339651e-2,4.185948e-2,5.377268e-2,6.720771e-2,7.374859e-2,8.157504e-2,8.948770e-2,9.614019e-2,9.228347e-1,9.418629e-1,9.594793e-1,9.851025e-1,9.952622e-1,9.983805e-1,1.016380e0,1.019571e0,9.000182e-1,9.238628e-1,9.311899e-1,9.444965e-1,9.582998e-1,9.526304e-1,9.680050e-1,9.717072e-1,4.561026e-1,4.999693e-1,5.014100e-1,5.024861e-1,5.010948e-1,4.989560e-1,4.987264e-1,5.009939e-1,1.009295e0,1.040014e0,1.056627e0,1.082143e0,1.101008e0,1.105210e0,1.115353e0,1.116985e0,9.888828e-1,1.052017e0,1.061748e0,1.060922e0,1.069321e0,1.067076e0,1.068567e0,1.069469e0]}