{"n_vecs":24576,"dim":128,"block_size":512,"n_blocks":48,"variance_ratio":0.95,"per_block_mean_mse":2.533638e-2,"layer_pooled_mean_mse":3.052124e-2,"first_block_mean_mse":2.866115e-1,"pooled_over_per_block_mean":1.2046,"pooled_over_per_block_median":1.3421,"pooled_over_per_block_max":2.2156,"first_over_per_block_mean":11.3123,"first_over_per_block_median":12.8178,"first_over_per_block_max":14.4846,"pooled_d_eff":101,"first_d_eff":72,"per_block_d_eff":[72,59,59,59,59,59,58,58,64,54,54,55,54,54,54,53,78,64,64,65,64,64,64,64,65,55,54,56,55,55,55,55,71,58,57,58,56,57,57,56,74,61,60,61,60,60,60,60],"per_block_mses":[2.159121e-2,2.204558e-2,2.110335e-2,2.143909e-2,2.050478e-2,2.081933e-2,2.149463e-2,2.139249e-2,3.801157e-2,3.803102e-2,3.680614e-2,3.600711e-2,3.688917e-2,3.656855e-2,3.617899e-2,3.756022e-2,1.565654e-2,1.673871e-2,1.610986e-2,1.599040e-2,1.566965e-2,1.550385e-2,1.525128e-2,1.487144e-2,3.866776e-2,3.712918e-2,3.827321e-2,3.643031e-2,3.644485e-2,3.715484e-2,3.657460e-2,3.646749e-2,2.229408e-2,2.291576e-2,2.269851e-2,2.203347e-2,2.270572e-2,2.245930e-2,2.195685e-2,2.251887e-2,1.845480e-2,1.861900e-2,1.852901e-2,1.851549e-2,1.836565e-2,1.845697e-2,1.815751e-2,1.808809e-2],"layer_pooled_mses":[4.041489e-2,3.066951e-2,2.819957e-2,2.803945e-2,2.751862e-2,2.832605e-2,2.936799e-2,3.076901e-2,4.613625e-2,3.367496e-2,3.118156e-2,3.055645e-2,3.007257e-2,3.013696e-2,3.052412e-2,3.179091e-2,3.468832e-2,2.892536e-2,2.715983e-2,2.693913e-2,2.621397e-2,2.622812e-2,2.646768e-2,2.711693e-2,4.443604e-2,3.282719e-2,3.151674e-2,3.098237e-2,2.992979e-2,3.158424e-2,3.243950e-2,3.353009e-2,4.127593e-2,3.172728e-2,2.888034e-2,2.807745e-2,2.700616e-2,2.787990e-2,2.754013e-2,2.816429e-2,3.631504e-2,2.896331e-2,2.704802e-2,2.614064e-2,2.584505e-2,2.665654e-2,2.704287e-2,2.809249e-2],"first_block_mses":[2.159121e-2,2.924313e-2,3.673248e-2,4.177368e-2,4.508615e-2,4.900604e-2,5.403842e-2,5.857291e-2,4.400932e-1,4.611439e-1,4.676747e-1,4.626339e-1,4.690093e-1,4.677698e-1,4.711936e-1,4.680977e-1,2.159796e-1,2.273372e-1,2.248112e-1,2.232591e-1,2.205759e-1,2.182266e-1,2.159028e-1,2.154069e-1,4.674654e-1,4.683871e-1,4.646468e-1,4.562804e-1,4.535833e-1,4.524198e-1,4.524738e-1,4.464661e-1,2.794721e-1,2.979774e-1,2.979634e-1,2.980762e-1,3.005159e-1,3.030718e-1,3.054842e-1,3.026432e-1,2.388654e-1,2.393151e-1,2.375015e-1,2.359431e-1,2.357945e-1,2.381350e-1,2.400465e-1,2.396659e-1]}