{"n_vecs":24576,"dim":128,"block_size":512,"n_blocks":48,"variance_ratio":0.95,"per_block_mean_mse":1.798534e-2,"layer_pooled_mean_mse":2.103489e-2,"first_block_mean_mse":1.822347e-1,"pooled_over_per_block_mean":1.1696,"pooled_over_per_block_median":1.1592,"pooled_over_per_block_max":1.9220,"first_over_per_block_mean":10.1324,"first_over_per_block_median":10.7536,"first_over_per_block_max":13.1755,"pooled_d_eff":102,"first_d_eff":72,"per_block_d_eff":[72,57,56,56,55,56,55,55,72,56,55,55,55,54,55,55,66,51,51,51,50,50,51,50,71,55,54,54,53,53,53,52,67,51,50,49,49,49,48,49,76,58,57,57,56,56,56,56],"per_block_mses":[1.647130e-2,1.522917e-2,1.460322e-2,1.425863e-2,1.396384e-2,1.342414e-2,1.378069e-2,1.311649e-2,1.402570e-2,1.291080e-2,1.224316e-2,1.199658e-2,1.124783e-2,1.150712e-2,1.105029e-2,1.056573e-2,2.116160e-2,2.126709e-2,2.006834e-2,1.989670e-2,1.965808e-2,1.955147e-2,1.874627e-2,1.900540e-2,2.354757e-2,2.242195e-2,2.148760e-2,2.154559e-2,2.113916e-2,2.099668e-2,2.115226e-2,2.141858e-2,2.066958e-2,2.224971e-2,2.234385e-2,2.363339e-2,2.314609e-2,2.250775e-2,2.368155e-2,2.261542e-2,1.805975e-2,1.738270e-2,1.702952e-2,1.718862e-2,1.724077e-2,1.725411e-2,1.740039e-2,1.743423e-2],"layer_pooled_mses":[2.940599e-2,2.123182e-2,1.926707e-2,1.827257e-2,1.772982e-2,1.843535e-2,1.829192e-2,1.914899e-2,2.623801e-2,1.960364e-2,1.771091e-2,1.645729e-2,1.574336e-2,1.587767e-2,1.617185e-2,1.680739e-2,2.974389e-2,2.035643e-2,1.836593e-2,1.782647e-2,1.740576e-2,1.806470e-2,1.865211e-2,1.923121e-2,3.851686e-2,2.521929e-2,2.218089e-2,2.181597e-2,2.117075e-2,2.158782e-2,2.249893e-2,2.355143e-2,3.067170e-2,2.180238e-2,1.956541e-2,1.882354e-2,1.867510e-2,1.897128e-2,1.988325e-2,2.133806e-2,3.471027e-2,2.243036e-2,2.029611e-2,1.963227e-2,1.923140e-2,1.961694e-2,2.017097e-2,2.127349e-2],"first_block_mses":[1.647130e-2,2.132548e-2,2.825190e-2,3.339319e-2,3.672588e-2,3.950219e-2,4.033730e-2,4.257040e-2,1.336571e-1,1.258161e-1,1.236877e-1,1.192940e-1,1.165423e-1,1.164989e-1,1.155759e-1,1.136195e-1,2.123338e-1,2.116072e-1,2.104934e-1,2.056087e-1,2.014093e-1,2.000228e-1,2.014566e-1,2.001767e-1,2.563285e-1,2.824278e-1,2.831109e-1,2.778090e-1,2.715218e-1,2.682571e-1,2.663730e-1,2.687386e-1,2.303467e-1,2.570337e-1,2.691887e-1,2.779921e-1,2.754694e-1,2.743986e-1,2.759235e-1,2.741945e-1,1.909348e-1,2.002411e-1,1.978972e-1,1.966486e-1,1.940201e-1,1.943429e-1,1.963723e-1,2.013155e-1]}