{"n_vecs":24576,"dim":128,"block_size":512,"n_blocks":48,"variance_ratio":0.95,"per_block_mean_mse":5.834119e-2,"layer_pooled_mean_mse":1.328902e-1,"first_block_mean_mse":1.113886e0,"pooled_over_per_block_mean":2.2778,"pooled_over_per_block_median":2.2963,"pooled_over_per_block_max":2.8088,"first_over_per_block_mean":19.0926,"first_over_per_block_median":20.3706,"first_over_per_block_max":29.4095,"pooled_d_eff":101,"first_d_eff":91,"per_block_d_eff":[91,89,89,89,89,89,89,89,86,85,85,85,85,85,85,85,85,84,83,83,83,83,83,83,94,93,93,93,93,93,93,92,87,85,84,84,84,84,84,84,92,91,91,91,90,90,90,90],"per_block_mses":[6.302838e-2,6.667154e-2,6.664094e-2,6.622452e-2,6.606062e-2,6.604896e-2,6.592699e-2,6.613812e-2,3.708366e-2,3.723587e-2,3.729562e-2,3.735844e-2,3.729306e-2,3.726351e-2,3.738430e-2,3.760439e-2,5.924375e-2,6.011566e-2,6.282700e-2,6.282427e-2,6.257821e-2,6.207691e-2,6.220043e-2,6.242349e-2,6.803806e-2,6.786181e-2,6.693420e-2,6.801479e-2,6.760945e-2,6.716162e-2,6.745191e-2,7.101321e-2,5.849211e-2,6.002349e-2,6.207810e-2,6.235152e-2,6.252595e-2,6.270603e-2,6.220274e-2,6.243566e-2,5.427110e-2,5.466064e-2,5.418244e-2,5.414965e-2,5.657768e-2,5.658118e-2,5.661352e-2,5.689141e-2],"layer_pooled_mses":[1.642279e-1,1.560750e-1,1.508964e-1,1.514589e-1,1.550446e-1,1.577917e-1,1.569600e-1,1.568618e-1,9.416812e-2,8.534671e-2,8.509787e-2,8.698929e-2,8.796427e-2,8.521800e-2,8.237897e-2,8.686413e-2,1.592381e-1,1.449314e-1,1.388325e-1,1.316634e-1,1.277422e-1,1.311127e-1,1.414817e-1,1.502318e-1,1.911079e-1,1.791490e-1,1.710682e-1,1.717030e-1,1.728799e-1,1.725129e-1,1.787261e-1,1.856630e-1,1.162025e-1,1.095708e-1,1.079748e-1,1.087694e-1,1.092567e-1,1.098243e-1,1.121571e-1,1.169823e-1,1.300708e-1,1.246168e-1,1.256966e-1,1.243458e-1,1.235229e-1,1.212759e-1,1.228285e-1,1.242450e-1],"first_block_mses":[6.302838e-2,2.998580e-1,4.694144e-1,6.325294e-1,6.882895e-1,8.252491e-1,1.012654e0,1.223541e0,9.052396e-1,1.063782e0,1.015502e0,8.753376e-1,8.238761e-1,9.739034e-1,1.049302e0,9.287243e-1,1.175822e0,1.299593e0,1.312471e0,1.279768e0,1.314932e0,1.289019e0,1.266842e0,1.263225e0,1.285447e0,1.402882e0,1.345446e0,1.306602e0,1.233887e0,1.119526e0,1.096903e0,1.111586e0,9.045107e-1,1.015589e0,1.041088e0,1.126800e0,1.188373e0,1.270797e0,1.324781e0,1.339265e0,1.302095e0,1.527957e0,1.593477e0,1.461983e0,1.332756e0,1.369543e0,1.420026e0,1.293310e0]}