{"n_vecs":24576,"dim":128,"block_size":512,"n_blocks":48,"variance_ratio":0.95,"per_block_mean_mse":8.465786e-2,"layer_pooled_mean_mse":1.981607e-1,"first_block_mean_mse":1.105638e0,"pooled_over_per_block_mean":2.3407,"pooled_over_per_block_median":2.2594,"pooled_over_per_block_max":6.1198,"first_over_per_block_mean":13.0601,"first_over_per_block_median":12.6376,"first_over_per_block_max":22.1425,"pooled_d_eff":73,"first_d_eff":92,"per_block_d_eff":[92,89,89,89,89,89,89,89,56,57,57,57,57,57,58,59,67,65,65,65,64,64,64,65,69,68,67,66,66,66,66,66,44,44,44,44,44,44,44,45,60,61,61,61,60,61,61,62],"per_block_mses":[4.222226e-2,4.603514e-2,4.625477e-2,4.675440e-2,4.599988e-2,4.602744e-2,4.612133e-2,4.589636e-2,6.883421e-2,7.722474e-2,7.794819e-2,7.818112e-2,7.815772e-2,7.922889e-2,7.728256e-2,7.784874e-2,9.146982e-2,1.051082e-1,1.083183e-1,1.091050e-1,1.113703e-1,1.111325e-1,1.089432e-1,1.075594e-1,5.819995e-2,6.428218e-2,6.739882e-2,6.989450e-2,6.863001e-2,6.875007e-2,6.667822e-2,6.818382e-2,8.408825e-2,9.600017e-2,9.599258e-2,9.714335e-2,9.615734e-2,9.704003e-2,9.940933e-2,9.855707e-2,1.069452e-1,1.172501e-1,1.183814e-1,1.183464e-1,1.209292e-1,1.166427e-1,1.183802e-1,1.172718e-1],"layer_pooled_mses":[2.410543e-1,2.738099e-1,2.788667e-1,2.861285e-1,2.813775e-1,2.795068e-1,2.799197e-1,2.796959e-1,8.616147e-2,1.136877e-1,1.189478e-1,1.248088e-1,1.173874e-1,1.202504e-1,1.222081e-1,1.336571e-1,2.066665e-1,2.523120e-1,2.851401e-1,2.812051e-1,2.804575e-1,2.791866e-1,2.727533e-1,2.736076e-1,1.605167e-1,2.166452e-1,2.405349e-1,2.416321e-1,2.319321e-1,2.487417e-1,2.311571e-1,2.221594e-1,8.417089e-2,1.156183e-1,1.208883e-1,1.210459e-1,1.239788e-1,1.265963e-1,1.285053e-1,1.304832e-1,1.428325e-1,1.801734e-1,1.899081e-1,1.941006e-1,1.933065e-1,2.032389e-1,1.989232e-1,1.958263e-1],"first_block_mses":[4.222226e-2,3.074834e-1,4.713467e-1,4.877136e-1,5.813281e-1,6.690644e-1,6.876743e-1,6.548939e-1,7.350479e-1,8.919653e-1,9.581837e-1,9.613952e-1,9.905247e-1,9.800178e-1,9.969707e-1,9.578671e-1,1.141210e0,1.522070e0,1.671313e0,1.650598e0,1.525231e0,1.288663e0,1.344065e0,1.298620e0,9.287919e-1,1.174906e0,1.303524e0,1.204529e0,1.333076e0,1.522298e0,1.474270e0,1.456135e0,1.118988e0,1.421179e0,1.494556e0,1.538364e0,1.389575e0,1.351136e0,1.249567e0,1.172601e0,1.004431e0,1.159725e0,1.160074e0,1.103402e0,1.076546e0,1.193321e0,1.199387e0,1.224777e0]}