{"n_vecs":24576,"dim":128,"block_size":512,"n_blocks":48,"variance_ratio":0.95,"per_block_mean_mse":1.223367e-2,"layer_pooled_mean_mse":1.491351e-2,"first_block_mean_mse":1.536976e-1,"pooled_over_per_block_mean":1.2191,"pooled_over_per_block_median":1.1655,"pooled_over_per_block_max":2.1533,"first_over_per_block_mean":12.5635,"first_over_per_block_median":14.0866,"first_over_per_block_max":21.0005,"pooled_d_eff":100,"first_d_eff":61,"per_block_d_eff":[61,48,47,48,48,48,48,48,66,53,52,52,53,52,53,52,63,52,52,52,52,52,52,52,63,50,49,49,49,49,49,49,66,49,48,48,48,48,48,48,69,54,53,53,53,53,53,53],"per_block_mses":[1.728811e-2,1.527359e-2,1.497632e-2,1.407902e-2,1.377895e-2,1.364700e-2,1.367167e-2,1.351416e-2,1.444598e-2,1.360944e-2,1.368364e-2,1.349515e-2,1.256242e-2,1.324555e-2,1.251947e-2,1.302668e-2,1.258896e-2,1.067477e-2,9.941742e-3,9.928319e-3,9.740518e-3,9.747287e-3,9.768403e-3,9.772325e-3,1.330337e-2,1.166423e-2,1.164868e-2,1.147344e-2,1.112716e-2,1.101827e-2,1.102191e-2,1.104110e-2,1.436885e-2,1.530412e-2,1.550843e-2,1.520530e-2,1.507121e-2,1.514836e-2,1.538258e-2,1.551143e-2,9.982841e-3,8.656552e-3,8.506759e-3,8.383377e-3,8.223342e-3,8.205971e-3,8.240562e-3,8.238671e-3],"layer_pooled_mses":[2.419021e-2,1.447543e-2,1.310408e-2,1.293573e-2,1.289171e-2,1.290018e-2,1.334298e-2,1.397077e-2,2.410139e-2,1.578703e-2,1.453431e-2,1.420939e-2,1.398403e-2,1.423161e-2,1.448274e-2,1.477977e-2,2.218450e-2,1.457641e-2,1.348887e-2,1.336802e-2,1.323219e-2,1.333636e-2,1.356227e-2,1.375496e-2,2.181533e-2,1.405733e-2,1.299935e-2,1.286528e-2,1.270469e-2,1.284232e-2,1.307663e-2,1.337963e-2,2.574978e-2,1.629989e-2,1.467739e-2,1.432032e-2,1.438503e-2,1.457138e-2,1.516146e-2,1.601382e-2,2.149609e-2,1.397843e-2,1.228089e-2,1.195846e-2,1.202106e-2,1.226965e-2,1.257081e-2,1.292830e-2],"first_block_mses":[1.728811e-2,1.891856e-2,2.517700e-2,2.957774e-2,3.277988e-2,3.456575e-2,3.652227e-2,3.845318e-2,1.898714e-1,1.876211e-1,1.846937e-1,1.810836e-1,1.769613e-1,1.783049e-1,1.751766e-1,1.763761e-1,1.505811e-1,1.328000e-1,1.287278e-1,1.277975e-1,1.269460e-1,1.270706e-1,1.270573e-1,1.267542e-1,1.784635e-1,1.794675e-1,1.778408e-1,1.770540e-1,1.762833e-1,1.755898e-1,1.720149e-1,1.726127e-1,2.098458e-1,2.339927e-1,2.410740e-1,2.427291e-1,2.434044e-1,2.418706e-1,2.384909e-1,2.396112e-1,1.536919e-1,1.675914e-1,1.686552e-1,1.714640e-1,1.718502e-1,1.723296e-1,1.701130e-1,1.703361e-1]}