{"n_vecs":24576,"dim":128,"block_size":512,"n_blocks":48,"variance_ratio":0.95,"per_block_mean_mse":6.723116e-3,"layer_pooled_mean_mse":7.470602e-3,"first_block_mean_mse":7.023221e-2,"pooled_over_per_block_mean":1.1112,"pooled_over_per_block_median":1.1194,"pooled_over_per_block_max":1.4010,"first_over_per_block_mean":10.4464,"first_over_per_block_median":11.9013,"first_over_per_block_max":14.9580,"pooled_d_eff":106,"first_d_eff":62,"per_block_d_eff":[62,60,59,59,59,59,60,59,61,57,57,57,57,57,57,57,60,58,58,58,58,58,58,58,61,59,59,59,59,59,59,59,59,56,57,57,57,57,57,56,63,60,60,60,60,60,60,60],"per_block_mses":[6.967885e-3,6.507131e-3,6.858374e-3,6.854341e-3,6.797720e-3,6.766610e-3,6.423238e-3,6.786271e-3,4.910579e-3,4.717373e-3,4.695612e-3,4.729822e-3,4.705434e-3,4.718104e-3,4.717496e-3,4.693023e-3,7.398095e-3,7.178468e-3,7.151688e-3,7.205132e-3,7.143255e-3,7.102549e-3,7.150571e-3,7.144248e-3,7.767964e-3,7.182146e-3,7.113529e-3,7.152066e-3,7.096223e-3,7.088330e-3,7.078112e-3,7.127129e-3,8.247148e-3,8.292119e-3,7.786535e-3,7.813440e-3,7.752211e-3,7.746388e-3,7.718703e-3,8.187586e-3,6.947084e-3,6.535731e-3,6.501124e-3,6.483655e-3,6.450700e-3,6.414172e-3,6.460321e-3,6.444112e-3],"layer_pooled_mses":[8.667397e-3,7.779800e-3,7.648811e-3,7.672413e-3,7.608558e-3,7.625012e-3,7.602082e-3,7.678812e-3,6.879729e-3,5.952678e-3,5.912811e-3,5.942861e-3,5.980860e-3,6.037971e-3,6.051463e-3,6.093284e-3,8.399654e-3,7.551038e-3,7.518781e-3,7.523581e-3,7.521386e-3,7.478673e-3,7.481746e-3,7.492673e-3,9.233168e-3,7.859095e-3,7.747856e-3,7.759695e-3,7.776536e-3,7.778339e-3,7.770622e-3,7.775398e-3,8.308274e-3,7.447334e-3,7.378950e-3,7.385345e-3,7.396557e-3,7.390598e-3,7.424293e-3,7.453816e-3,9.172836e-3,7.755601e-3,7.631849e-3,7.651108e-3,7.611052e-3,7.586319e-3,7.579656e-3,7.612516e-3],"first_block_mses":[6.967885e-3,6.749120e-3,7.120688e-3,7.343513e-3,7.478963e-3,7.572831e-3,7.760777e-3,7.829577e-3,6.823357e-2,7.056250e-2,6.891466e-2,6.882060e-2,6.900498e-2,6.881035e-2,6.861070e-2,6.876362e-2,8.596772e-2,8.305679e-2,8.248807e-2,8.260719e-2,8.209022e-2,8.214058e-2,8.180259e-2,8.174874e-2,8.786135e-2,8.514702e-2,8.412618e-2,8.404449e-2,8.405782e-2,8.387351e-2,8.423873e-2,8.386815e-2,1.001414e-1,9.884813e-2,9.745693e-2,9.747609e-2,9.722621e-2,9.703490e-2,9.716975e-2,9.694325e-2,8.416342e-2,8.063184e-2,7.966231e-2,7.957031e-2,7.908407e-2,7.879269e-2,7.866138e-2,7.862000e-2]}