{"n_vecs":24576,"dim":128,"block_size":512,"n_blocks":48,"variance_ratio":0.95,"per_block_mean_mse":4.456015e-3,"layer_pooled_mean_mse":4.792013e-3,"first_block_mean_mse":4.552584e-2,"pooled_over_per_block_mean":1.0754,"pooled_over_per_block_median":1.1789,"pooled_over_per_block_max":1.3995,"first_over_per_block_mean":10.2167,"first_over_per_block_median":11.7501,"first_over_per_block_max":13.0722,"pooled_d_eff":106,"first_d_eff":62,"per_block_d_eff":[62,60,60,60,60,60,60,60,62,60,61,60,60,61,60,60,59,58,58,58,58,58,58,58,60,59,59,59,59,59,59,59,55,52,52,52,52,52,52,52,60,59,60,60,59,60,59,59],"per_block_mses":[4.234947e-3,4.235571e-3,4.261980e-3,4.304489e-3,4.295552e-3,4.302908e-3,4.292097e-3,4.300316e-3,3.492780e-3,3.590913e-3,3.410661e-3,3.643340e-3,3.648812e-3,3.435603e-3,3.641807e-3,3.636279e-3,5.679807e-3,5.617981e-3,5.613441e-3,5.673086e-3,5.665865e-3,5.676569e-3,5.683731e-3,5.632157e-3,4.017025e-3,3.905638e-3,3.896787e-3,3.924651e-3,3.910427e-3,3.922434e-3,3.950850e-3,3.932248e-3,4.998113e-3,5.058094e-3,5.067035e-3,5.108252e-3,5.074818e-3,5.119462e-3,5.124349e-3,5.107160e-3,4.281014e-3,4.269620e-3,4.060397e-3,4.084829e-3,4.310758e-3,4.096624e-3,4.347912e-3,4.349532e-3],"layer_pooled_mses":[5.104246e-3,4.993360e-3,4.981214e-3,5.035795e-3,5.014385e-3,4.971642e-3,5.007253e-3,5.046703e-3,4.845197e-3,4.754345e-3,4.773074e-3,4.798818e-3,4.802041e-3,4.764466e-3,4.798626e-3,4.824654e-3,4.985074e-3,4.915743e-3,4.921427e-3,4.965678e-3,4.932094e-3,4.938453e-3,4.923929e-3,4.952297e-3,4.888211e-3,4.741366e-3,4.752794e-3,4.795600e-3,4.786041e-3,4.793598e-3,4.792147e-3,4.796953e-3,4.468211e-3,4.039430e-3,4.048421e-3,4.075128e-3,4.072037e-3,4.065100e-3,4.057907e-3,4.098803e-3,5.102266e-3,5.049714e-3,5.049090e-3,5.091403e-3,5.094038e-3,5.106624e-3,5.095697e-3,5.105537e-3],"first_block_mses":[4.234947e-3,4.225486e-3,4.334845e-3,4.418539e-3,4.443556e-3,4.437016e-3,4.439002e-3,4.530619e-3,3.893488e-2,3.996103e-2,4.007546e-2,4.045252e-2,4.043823e-2,4.031873e-2,4.062807e-2,4.049560e-2,6.585588e-2,6.684595e-2,6.684409e-2,6.712038e-2,6.670811e-2,6.730828e-2,6.707242e-2,6.735754e-2,4.989418e-2,5.079613e-2,5.075079e-2,5.102607e-2,5.087169e-2,5.100912e-2,5.103404e-2,5.140311e-2,6.036564e-2,6.289237e-2,6.318851e-2,6.346109e-2,6.329428e-2,6.339371e-2,6.316047e-2,6.341245e-2,4.732888e-2,4.817169e-2,4.768874e-2,4.759941e-2,4.810002e-2,4.800573e-2,4.847463e-2,4.843636e-2]}