{"n_vecs":24576,"dim":128,"block_size":512,"n_blocks":48,"variance_ratio":0.95,"per_block_mean_mse":6.256912e-2,"layer_pooled_mean_mse":8.564682e-2,"first_block_mean_mse":6.695614e-1,"pooled_over_per_block_mean":1.3688,"pooled_over_per_block_median":1.7917,"pooled_over_per_block_max":2.4146,"first_over_per_block_mean":10.7011,"first_over_per_block_median":10.7159,"first_over_per_block_max":17.0505,"pooled_d_eff":103,"first_d_eff":79,"per_block_d_eff":[79,66,66,66,65,66,65,64,80,65,64,65,64,65,64,63,80,67,67,68,67,67,66,66,74,60,60,60,59,59,59,58,81,67,67,68,66,67,66,66,73,60,59,59,59,59,59,59],"per_block_mses":[3.930239e-2,3.885987e-2,3.812213e-2,3.857842e-2,4.009645e-2,3.882592e-2,4.089377e-2,4.245614e-2,5.496492e-2,5.674969e-2,5.831286e-2,5.908276e-2,5.925222e-2,5.835010e-2,6.058986e-2,6.291557e-2,4.094615e-2,4.042284e-2,4.013001e-2,4.051528e-2,4.043017e-2,4.139258e-2,4.245652e-2,4.337543e-2,9.620380e-2,1.188878e-1,1.181767e-1,1.225588e-1,1.258748e-1,1.277594e-1,1.266942e-1,1.330365e-1,4.110764e-2,4.326337e-2,4.321742e-2,4.213902e-2,4.429425e-2,4.294978e-2,4.459166e-2,4.372842e-2,6.851789e-2,6.860967e-2,7.068733e-2,7.319897e-2,7.062333e-2,7.374647e-2,7.360041e-2,7.282802e-2],"layer_pooled_mses":[8.974975e-2,7.565585e-2,7.296440e-2,7.391829e-2,7.473231e-2,7.468255e-2,7.648417e-2,8.031735e-2,1.035816e-1,8.541960e-2,8.213212e-2,8.272943e-2,8.269657e-2,8.381495e-2,8.766518e-2,9.029526e-2,9.886821e-2,7.902130e-2,7.659655e-2,7.761750e-2,7.482219e-2,7.650742e-2,7.780467e-2,8.071015e-2,1.213067e-1,9.899188e-2,9.463043e-2,9.558784e-2,9.335773e-2,9.487420e-2,9.699151e-2,1.012362e-1,9.535884e-2,8.059280e-2,8.069904e-2,7.917049e-2,7.897361e-2,7.975541e-2,7.989442e-2,8.213054e-2,1.172126e-1,8.365510e-2,8.044519e-2,8.048610e-2,7.981430e-2,8.188361e-2,8.490758e-2,9.030379e-2],"first_block_mses":[3.930239e-2,5.468493e-2,6.917096e-2,8.025535e-2,8.513231e-2,9.243496e-2,9.887182e-2,1.068401e-1,5.232507e-1,5.830957e-1,5.879901e-1,6.090626e-1,6.173433e-1,6.246908e-1,6.410378e-1,6.456811e-1,4.489334e-1,5.181796e-1,5.530363e-1,5.818262e-1,5.932086e-1,6.063068e-1,6.184004e-1,6.342998e-1,8.714084e-1,1.069132e0,1.104111e0,1.140438e0,1.159256e0,1.196013e0,1.226878e0,1.247582e0,4.405070e-1,4.977332e-1,5.200722e-1,5.318054e-1,5.325643e-1,5.352939e-1,5.348818e-1,5.375859e-1,8.347634e-1,1.034394e0,1.131997e0,1.187342e0,1.204160e0,1.205979e0,1.191111e0,1.190904e0]}