{"n_vecs":24576,"dim":128,"block_size":512,"n_blocks":48,"variance_ratio":0.95,"per_block_mean_mse":1.232050e-2,"layer_pooled_mean_mse":1.448407e-2,"first_block_mean_mse":1.128198e-1,"pooled_over_per_block_mean":1.1756,"pooled_over_per_block_median":1.2047,"pooled_over_per_block_max":1.8903,"first_over_per_block_mean":9.1571,"first_over_per_block_median":10.1593,"first_over_per_block_max":12.0277,"pooled_d_eff":104,"first_d_eff":78,"per_block_d_eff":[78,62,61,62,61,61,60,60,74,58,56,57,56,56,56,55,74,59,58,59,58,58,58,58,76,60,60,61,60,60,60,59,73,57,56,57,56,56,56,54,71,56,55,55,54,55,55,55],"per_block_mses":[1.282974e-2,1.197658e-2,1.156797e-2,1.147512e-2,1.091272e-2,1.090583e-2,1.126002e-2,1.116551e-2,1.047121e-2,1.055763e-2,1.053559e-2,1.014452e-2,9.861250e-3,9.649163e-3,9.540310e-3,9.508099e-3,1.268936e-2,1.131517e-2,1.060897e-2,1.001824e-2,9.631380e-3,9.513947e-3,9.337775e-3,8.928358e-3,1.305659e-2,1.195106e-2,1.125222e-2,1.080853e-2,1.046507e-2,1.040167e-2,1.016702e-2,1.038415e-2,1.453549e-2,1.418869e-2,1.359329e-2,1.304750e-2,1.251540e-2,1.238015e-2,1.196617e-2,1.240205e-2,1.971996e-2,1.917589e-2,1.876636e-2,1.849993e-2,1.767557e-2,1.718367e-2,1.667881e-2,1.616406e-2],"layer_pooled_mses":[2.425159e-2,1.648934e-2,1.440868e-2,1.376641e-2,1.338122e-2,1.355952e-2,1.412354e-2,1.545407e-2,1.969549e-2,1.415870e-2,1.255252e-2,1.140315e-2,1.075280e-2,1.089796e-2,1.132787e-2,1.185817e-2,2.184336e-2,1.454576e-2,1.282057e-2,1.193139e-2,1.150556e-2,1.148633e-2,1.129446e-2,1.195891e-2,2.335627e-2,1.494876e-2,1.355558e-2,1.299672e-2,1.253281e-2,1.281767e-2,1.311786e-2,1.345299e-2,2.171614e-2,1.517651e-2,1.366086e-2,1.261816e-2,1.170079e-2,1.189108e-2,1.199763e-2,1.240788e-2,2.662204e-2,1.750695e-2,1.528863e-2,1.445501e-2,1.367429e-2,1.441574e-2,1.470320e-2,1.515424e-2],"first_block_mses":[1.282974e-2,1.751595e-2,2.404473e-2,2.884045e-2,3.253758e-2,3.541477e-2,3.739952e-2,4.004264e-2,1.110774e-1,1.148028e-1,1.172323e-1,1.160606e-1,1.165883e-1,1.149879e-1,1.147481e-1,1.129508e-1,1.239613e-1,1.120192e-1,1.078588e-1,1.012190e-1,9.758334e-2,9.665510e-2,9.341134e-2,9.398579e-2,1.321800e-1,1.226337e-1,1.173160e-1,1.125751e-1,1.109478e-1,1.105579e-1,1.114236e-1,1.130729e-1,1.421875e-1,1.405761e-1,1.342841e-1,1.270107e-1,1.221709e-1,1.210220e-1,1.178129e-1,1.161101e-1,1.963368e-1,1.968720e-1,1.908971e-1,1.849940e-1,1.844785e-1,1.806875e-1,1.776507e-1,1.777862e-1]}