{"n_vecs":24576,"dim":128,"block_size":512,"n_blocks":48,"variance_ratio":0.95,"per_block_mean_mse":6.648522e-2,"layer_pooled_mean_mse":1.216917e-1,"first_block_mean_mse":9.423548e-1,"pooled_over_per_block_mean":1.8304,"pooled_over_per_block_median":1.4418,"pooled_over_per_block_max":3.3962,"first_over_per_block_mean":14.1739,"first_over_per_block_median":14.9271,"first_over_per_block_max":19.6670,"pooled_d_eff":102,"first_d_eff":93,"per_block_d_eff":[93,90,89,89,89,89,90,90,86,85,85,85,85,85,85,86,89,87,86,86,86,86,86,86,81,80,80,80,80,80,80,81,81,80,80,81,80,80,80,80,86,86,86,86,86,86,86,86],"per_block_mses":[5.992940e-2,6.347059e-2,6.571137e-2,6.604907e-2,6.638175e-2,6.658357e-2,6.492392e-2,6.550348e-2,6.710713e-2,6.986837e-2,6.982536e-2,6.853746e-2,6.890172e-2,6.838860e-2,6.901409e-2,6.746082e-2,5.324036e-2,5.465899e-2,5.609768e-2,5.607463e-2,5.610324e-2,5.666786e-2,5.718258e-2,5.757405e-2,6.370018e-2,6.690385e-2,6.796025e-2,6.776381e-2,6.850725e-2,6.846127e-2,6.773394e-2,6.689951e-2,7.063710e-2,7.520275e-2,7.620515e-2,7.438005e-2,7.478991e-2,7.534190e-2,7.500938e-2,7.535516e-2,6.391797e-2,6.657793e-2,6.727527e-2,6.874201e-2,6.864440e-2,6.785427e-2,6.824658e-2,6.992437e-2],"layer_pooled_mses":[1.930753e-1,2.155568e-1,2.202069e-1,2.224513e-1,2.199103e-1,2.214536e-1,2.184974e-1,2.200121e-1,9.315134e-2,1.011275e-1,1.035409e-1,1.032276e-1,1.047238e-1,1.059573e-1,1.052283e-1,1.078491e-1,1.411036e-1,1.511782e-1,1.509938e-1,1.487197e-1,1.504619e-1,1.481161e-1,1.503615e-1,1.506750e-1,6.114500e-2,6.575979e-2,6.611563e-2,6.647424e-2,6.670821e-2,6.873918e-2,6.752041e-2,6.977760e-2,8.702108e-2,1.024073e-1,1.040510e-1,1.047510e-1,1.034126e-1,1.009148e-1,1.011554e-1,1.027977e-1,8.059178e-2,9.401403e-2,9.699723e-2,9.879825e-2,9.819889e-2,9.653382e-2,9.468258e-2,9.505469e-2],"first_block_mses":[5.992940e-2,3.285084e-1,4.327598e-1,4.256916e-1,4.389072e-1,5.174413e-1,5.544966e-1,4.979595e-1,8.778621e-1,9.899323e-1,9.009880e-1,8.792685e-1,8.673447e-1,9.321427e-1,9.448076e-1,1.013844e0,9.088160e-1,1.074976e0,9.689456e-1,9.209036e-1,9.163547e-1,9.048961e-1,8.241063e-1,7.924821e-1,1.249270e0,1.264080e0,1.291521e0,1.232864e0,1.257738e0,1.330923e0,1.259283e0,1.155543e0,1.110382e0,1.184619e0,1.139015e0,1.235485e0,1.298457e0,1.200423e0,1.166139e0,1.124833e0,8.403959e-1,9.795786e-1,1.042671e0,1.013083e0,9.706321e-1,9.765138e-1,9.837363e-1,9.524790e-1]}