{"n_vecs":24576,"dim":128,"block_size":512,"n_blocks":48,"variance_ratio":0.95,"per_block_mean_mse":7.589977e-2,"layer_pooled_mean_mse":1.627375e-1,"first_block_mean_mse":1.487848e0,"pooled_over_per_block_mean":2.1441,"pooled_over_per_block_median":2.2389,"pooled_over_per_block_max":3.0320,"first_over_per_block_mean":19.6028,"first_over_per_block_median":18.6409,"first_over_per_block_max":30.4269,"pooled_d_eff":102,"first_d_eff":84,"per_block_d_eff":[84,80,79,78,78,78,77,77,80,78,77,77,76,76,76,76,81,79,79,79,79,80,79,80,87,84,83,83,82,82,82,82,81,79,79,79,78,79,78,78,63,65,66,67,66,67,67,67],"per_block_mses":[5.109819e-2,5.359257e-2,5.602734e-2,5.766298e-2,5.685682e-2,5.678229e-2,5.915819e-2,5.999145e-2,6.758322e-2,6.677702e-2,6.855518e-2,6.696864e-2,6.701546e-2,6.705982e-2,6.551933e-2,6.605991e-2,8.211966e-2,8.316306e-2,8.397926e-2,8.230414e-2,8.063125e-2,7.802615e-2,8.115884e-2,7.889565e-2,6.640426e-2,6.522776e-2,6.705146e-2,6.578706e-2,6.595939e-2,6.542853e-2,6.528075e-2,6.501072e-2,8.511478e-2,8.697461e-2,8.667457e-2,8.491995e-2,8.622869e-2,8.330679e-2,8.505374e-2,8.473377e-2,1.006747e-1,1.019799e-1,1.023261e-1,9.879221e-2,1.005447e-1,9.819026e-2,9.675024e-2,9.778737e-2],"layer_pooled_mses":[1.267954e-1,1.451930e-1,1.582971e-1,1.601598e-1,1.558875e-1,1.615931e-1,1.641044e-1,1.653825e-1,1.488732e-1,1.546618e-1,1.646615e-1,1.590389e-1,1.489883e-1,1.438340e-1,1.471548e-1,1.479011e-1,1.553786e-1,1.682703e-1,1.759766e-1,1.738586e-1,1.755698e-1,1.793139e-1,1.787386e-1,1.839545e-1,1.833815e-1,1.930454e-1,1.963754e-1,1.994686e-1,1.966649e-1,1.935646e-1,1.954772e-1,1.919583e-1,1.716292e-1,1.856814e-1,1.851788e-1,1.819304e-1,1.863997e-1,1.857979e-1,1.841125e-1,1.907889e-1,9.684229e-2,1.086362e-1,1.148924e-1,1.221674e-1,1.217894e-1,1.244065e-1,1.242151e-1,1.334081e-1],"first_block_mses":[5.109819e-2,3.733355e-1,5.551683e-1,7.320206e-1,8.792763e-1,9.906392e-1,1.102760e0,1.246815e0,8.278363e-1,7.876236e-1,9.118544e-1,9.565578e-1,9.942213e-1,1.038793e0,9.967809e-1,9.878712e-1,1.429999e0,1.621868e0,1.787151e0,1.736731e0,1.742214e0,1.632398e0,1.588279e0,1.511188e0,1.030168e0,1.131448e0,1.150693e0,1.193337e0,1.214630e0,1.116641e0,1.067802e0,1.069966e0,1.674712e0,1.787984e0,1.932538e0,1.919800e0,1.928687e0,1.830895e0,1.641736e0,1.416321e0,2.538102e0,3.102935e0,3.045020e0,2.934958e0,2.757611e0,2.590691e0,2.520887e0,2.336654e0]}