{"n_vecs":24576,"dim":128,"block_size":512,"n_blocks":48,"variance_ratio":0.95,"per_block_mean_mse":9.643518e-2,"layer_pooled_mean_mse":1.290197e-1,"first_block_mean_mse":1.076775e0,"pooled_over_per_block_mean":1.3379,"pooled_over_per_block_median":1.4359,"pooled_over_per_block_max":2.2899,"first_over_per_block_mean":11.1658,"first_over_per_block_median":10.3720,"first_over_per_block_max":27.8657,"pooled_d_eff":105,"first_d_eff":77,"per_block_d_eff":[77,63,63,64,64,64,63,63,76,66,66,66,65,65,65,65,84,69,69,70,69,69,69,68,81,66,65,66,65,65,65,64,73,63,64,64,64,64,64,63,77,65,64,65,64,65,64,64],"per_block_mses":[7.967787e-2,7.835639e-2,7.809428e-2,7.760093e-2,7.566075e-2,7.572239e-2,7.804996e-2,7.672564e-2,1.060792e-1,1.021438e-1,1.037699e-1,1.060449e-1,1.084563e-1,1.111942e-1,1.115339e-1,1.091125e-1,5.427932e-2,5.591392e-2,5.539484e-2,5.459607e-2,5.479061e-2,5.644456e-2,5.665214e-2,5.837127e-2,1.265546e-1,1.412721e-1,1.481153e-1,1.470489e-1,1.474171e-1,1.526962e-1,1.520166e-1,1.538204e-1,1.248145e-1,1.263659e-1,1.239061e-1,1.288446e-1,1.257834e-1,1.273439e-1,1.282193e-1,1.326971e-1,6.857976e-2,6.394816e-2,6.502192e-2,6.393414e-2,6.438183e-2,6.327063e-2,6.445394e-2,6.371716e-2],"layer_pooled_mses":[1.452027e-1,1.156061e-1,1.115375e-1,1.106796e-1,1.089760e-1,1.087305e-1,1.135975e-1,1.154511e-1,1.636172e-1,1.358986e-1,1.343105e-1,1.364692e-1,1.365893e-1,1.352791e-1,1.395287e-1,1.430952e-1,1.242918e-1,1.070343e-1,1.046926e-1,1.082382e-1,1.072980e-1,1.101144e-1,1.114105e-1,1.162315e-1,1.887887e-1,1.556525e-1,1.472833e-1,1.521176e-1,1.483819e-1,1.523378e-1,1.554804e-1,1.619559e-1,1.637766e-1,1.347713e-1,1.309196e-1,1.327550e-1,1.324986e-1,1.364186e-1,1.370385e-1,1.398337e-1,1.389370e-1,1.110653e-1,1.037827e-1,1.024609e-1,1.012875e-1,1.032709e-1,1.067502e-1,1.114986e-1],"first_block_mses":[7.967787e-2,1.032828e-1,1.352501e-1,1.565623e-1,1.665471e-1,1.774182e-1,1.868277e-1,2.028503e-1,1.032221e0,1.087803e0,1.111850e0,1.153684e0,1.156633e0,1.169541e0,1.178621e0,1.180544e0,7.333134e-1,8.016234e-1,8.285580e-1,8.553330e-1,8.737525e-1,8.875240e-1,8.887635e-1,8.953306e-1,1.251613e0,1.443539e0,1.457611e0,1.506700e0,1.517416e0,1.556840e0,1.560204e0,1.595421e0,1.207657e0,1.226097e0,1.235319e0,1.255106e0,1.265707e0,1.274195e0,1.300298e0,1.289888e0,1.138318e0,1.425226e0,1.554013e0,1.671457e0,1.700809e0,1.763081e0,1.728566e0,1.716594e0]}