{"n_vecs":24576,"dim":128,"block_size":512,"n_blocks":48,"variance_ratio":0.95,"per_block_mean_mse":6.795166e-2,"layer_pooled_mean_mse":1.108199e-1,"first_block_mean_mse":1.054080e0,"pooled_over_per_block_mean":1.6309,"pooled_over_per_block_median":1.6943,"pooled_over_per_block_max":3.7888,"first_over_per_block_mean":15.5122,"first_over_per_block_median":16.5692,"first_over_per_block_max":24.8095,"pooled_d_eff":102,"first_d_eff":82,"per_block_d_eff":[82,81,81,81,81,81,81,81,69,67,67,67,67,66,66,66,61,61,61,61,61,60,60,60,62,61,61,61,60,60,60,60,60,60,60,59,59,59,59,59,66,65,65,65,65,65,65,65],"per_block_mses":[6.728812e-2,7.258158e-2,7.276998e-2,7.251419e-2,7.229696e-2,7.293281e-2,7.217704e-2,7.286965e-2,4.913844e-2,5.570002e-2,5.568502e-2,5.540330e-2,5.594461e-2,5.836131e-2,5.874790e-2,5.894741e-2,8.714628e-2,8.992835e-2,9.051934e-2,9.024011e-2,9.035823e-2,9.458686e-2,9.434164e-2,9.520802e-2,3.495178e-2,3.733841e-2,3.764598e-2,3.742432e-2,3.954323e-2,3.948535e-2,3.924883e-2,3.950217e-2,9.371263e-2,9.651629e-2,9.671585e-2,1.010279e-1,1.014634e-1,1.011481e-1,1.017100e-1,1.023479e-1,4.691934e-2,5.169379e-2,5.126195e-2,5.114252e-2,5.128708e-2,5.091948e-2,5.100683e-2,5.197920e-2],"layer_pooled_mses":[2.549434e-1,2.528940e-1,2.506344e-1,2.481131e-1,2.466819e-1,2.398908e-1,2.354985e-1,2.456361e-1,1.283447e-1,1.189506e-1,1.227120e-1,1.081347e-1,1.084389e-1,1.120023e-1,1.164465e-1,1.280437e-1,8.899275e-2,8.128760e-2,7.587103e-2,7.213214e-2,7.368970e-2,8.180556e-2,8.248024e-2,8.453633e-2,7.658586e-2,6.580240e-2,6.960850e-2,6.335889e-2,7.462047e-2,6.739289e-2,7.225674e-2,7.632602e-2,9.148727e-2,8.885466e-2,8.567094e-2,8.553651e-2,8.670043e-2,8.333260e-2,7.387878e-2,8.537221e-2,7.949740e-2,6.017989e-2,6.183925e-2,5.832602e-2,5.678958e-2,5.686976e-2,6.493653e-2,7.596871e-2],"first_block_mses":[6.728812e-2,6.646473e-1,6.169317e-1,6.721875e-1,7.700322e-1,8.477414e-1,8.669326e-1,9.556054e-1,9.207601e-1,1.140390e0,1.168288e0,1.185031e0,1.110792e0,1.059470e0,1.161033e0,1.052176e0,1.543961e0,1.587844e0,1.344741e0,1.349827e0,1.477413e0,1.644642e0,1.817912e0,1.723898e0,7.015929e-1,7.633799e-1,8.503031e-1,9.284798e-1,8.986642e-1,9.136793e-1,7.702949e-1,8.382584e-1,9.630150e-1,1.206342e0,1.197358e0,1.230121e0,1.243329e0,1.391078e0,1.774477e0,1.915493e0,7.774166e-1,7.747781e-1,7.505222e-1,7.636069e-1,8.481112e-1,7.674746e-1,7.715105e-1,8.069912e-1]}