{"n_vecs":24576,"dim":128,"block_size":512,"n_blocks":48,"variance_ratio":0.95,"per_block_mean_mse":7.063477e-2,"layer_pooled_mean_mse":1.619374e-1,"first_block_mean_mse":1.734838e0,"pooled_over_per_block_mean":2.2926,"pooled_over_per_block_median":2.2922,"pooled_over_per_block_max":3.6728,"first_over_per_block_mean":24.5607,"first_over_per_block_median":26.8821,"first_over_per_block_max":33.6401,"pooled_d_eff":104,"first_d_eff":87,"per_block_d_eff":[87,83,83,82,82,82,82,81,81,80,80,80,80,80,80,80,81,79,79,78,78,79,78,78,72,69,69,69,68,69,68,68,77,73,73,73,73,74,73,74,81,79,79,79,79,79,79,79],"per_block_mses":[6.565503e-2,6.859702e-2,6.651158e-2,6.630753e-2,6.549458e-2,6.481177e-2,6.358312e-2,6.645599e-2,6.101479e-2,5.975028e-2,6.029308e-2,5.898129e-2,5.765318e-2,5.835439e-2,5.822290e-2,5.860382e-2,6.703606e-2,6.990234e-2,6.832142e-2,6.963498e-2,6.713522e-2,6.470499e-2,6.565705e-2,6.535104e-2,7.443097e-2,6.862837e-2,6.574268e-2,6.318540e-2,6.394266e-2,6.127509e-2,6.222417e-2,6.248263e-2,7.516601e-2,8.735493e-2,8.951544e-2,9.029852e-2,9.039774e-2,8.894604e-2,9.396189e-2,8.889049e-2,8.358259e-2,8.293220e-2,8.167855e-2,7.896263e-2,7.598939e-2,7.612954e-2,7.351443e-2,7.320334e-2],"layer_pooled_mses":[2.197842e-1,2.149660e-1,2.226729e-1,2.260491e-1,2.256315e-1,2.272069e-1,2.335309e-1,2.322843e-1,1.330697e-1,1.379201e-1,1.382028e-1,1.408848e-1,1.399466e-1,1.374345e-1,1.444099e-1,1.475006e-1,1.185619e-1,1.307304e-1,1.351346e-1,1.329635e-1,1.330967e-1,1.342953e-1,1.295938e-1,1.280948e-1,1.166570e-1,1.123961e-1,1.079732e-1,1.054967e-1,9.785881e-2,9.277232e-2,9.097465e-2,8.916002e-2,1.845180e-1,2.036604e-1,2.089191e-1,2.117684e-1,2.139829e-1,2.138029e-1,2.232106e-1,2.175984e-1,1.485461e-1,1.589724e-1,1.659065e-1,1.669011e-1,1.683974e-1,1.718976e-1,1.651728e-1,1.724886e-1],"first_block_mses":[6.565503e-2,4.285387e-1,4.877822e-1,5.459844e-1,6.290949e-1,6.347986e-1,7.461673e-1,7.311744e-1,1.516769e0,1.953948e0,1.902777e0,1.907189e0,1.904101e0,1.800130e0,1.660803e0,1.750321e0,1.439597e0,1.844338e0,1.826762e0,1.792059e0,1.997179e0,1.938960e0,1.947184e0,1.954494e0,1.846222e0,2.308663e0,2.066195e0,1.949782e0,1.785576e0,1.900367e0,2.088140e0,1.893184e0,1.544655e0,2.189102e0,2.406361e0,2.410290e0,2.294002e0,2.473745e0,2.412666e0,2.391451e0,1.825990e0,2.240484e0,2.241711e0,2.126999e0,1.997250e0,1.918605e0,1.870207e0,1.684792e0]}