{"n_vecs":24576,"dim":128,"block_size":512,"n_blocks":48,"variance_ratio":0.95,"per_block_mean_mse":7.169337e-3,"layer_pooled_mean_mse":7.737087e-3,"first_block_mean_mse":7.624495e-2,"pooled_over_per_block_mean":1.0792,"pooled_over_per_block_median":1.0649,"pooled_over_per_block_max":1.3991,"first_over_per_block_mean":10.6349,"first_over_per_block_median":12.1283,"first_over_per_block_max":13.0231,"pooled_d_eff":106,"first_d_eff":62,"per_block_d_eff":[62,60,60,60,60,60,60,60,58,54,54,54,54,54,54,54,63,61,61,61,61,61,61,61,60,58,58,58,58,58,58,58,59,57,57,57,57,57,57,57,61,59,59,59,59,59,59,59],"per_block_mses":[6.378873e-3,6.135534e-3,6.144419e-3,6.142285e-3,6.149072e-3,6.140553e-3,6.171394e-3,6.140699e-3,8.433642e-3,8.243554e-3,8.106209e-3,8.123287e-3,8.023936e-3,8.052581e-3,8.042852e-3,8.023624e-3,5.845601e-3,5.427264e-3,5.345199e-3,5.377118e-3,5.358603e-3,5.326310e-3,5.380747e-3,5.350890e-3,7.167199e-3,7.257620e-3,7.210287e-3,7.239854e-3,7.106660e-3,7.158344e-3,7.108851e-3,7.153675e-3,8.741021e-3,8.425430e-3,8.359895e-3,8.392442e-3,8.317335e-3,8.347381e-3,8.369802e-3,8.294220e-3,7.808388e-3,7.754006e-3,7.761230e-3,7.744809e-3,7.651722e-3,7.611386e-3,7.644789e-3,7.637585e-3],"layer_pooled_mses":[8.876193e-3,8.141848e-3,8.076198e-3,8.065457e-3,8.046721e-3,8.003409e-3,7.978829e-3,8.050522e-3,8.627305e-3,7.063401e-3,6.942344e-3,6.934781e-3,6.953848e-3,6.941352e-3,6.974061e-3,7.030809e-3,8.178388e-3,7.476810e-3,7.456534e-3,7.467555e-3,7.469581e-3,7.419320e-3,7.460664e-3,7.464747e-3,8.173713e-3,7.761820e-3,7.620103e-3,7.709571e-3,7.658642e-3,7.674683e-3,7.639452e-3,7.682048e-3,8.577901e-3,7.579892e-3,7.521233e-3,7.566364e-3,7.482505e-3,7.541877e-3,7.517284e-3,7.533599e-3,8.857009e-3,8.120365e-3,7.976465e-3,8.054820e-3,8.020727e-3,8.014614e-3,7.988171e-3,8.006653e-3],"first_block_mses":[6.378873e-3,6.185999e-3,6.518518e-3,6.707142e-3,6.843479e-3,6.902252e-3,7.008911e-3,7.097743e-3,1.023097e-1,1.048890e-1,1.048721e-1,1.049273e-1,1.040713e-1,1.041015e-1,1.042313e-1,1.044926e-1,7.095697e-2,6.957616e-2,6.898017e-2,6.876415e-2,6.821683e-2,6.834089e-2,6.811499e-2,6.828695e-2,8.633281e-2,8.496172e-2,8.343564e-2,8.369627e-2,8.369733e-2,8.363365e-2,8.403408e-2,8.374100e-2,1.060137e-1,1.053269e-1,1.056438e-1,1.057983e-1,1.050008e-1,1.058964e-1,1.054068e-1,1.056035e-1,9.058674e-2,8.808121e-2,8.734987e-2,8.802090e-2,8.718148e-2,8.770243e-2,8.704071e-2,8.679650e-2]}