{"n_vecs":24576,"dim":128,"block_size":512,"n_blocks":48,"variance_ratio":0.95,"per_block_mean_mse":6.912500e-2,"layer_pooled_mean_mse":1.399347e-1,"first_block_mean_mse":1.487378e0,"pooled_over_per_block_mean":2.0244,"pooled_over_per_block_median":2.6539,"pooled_over_per_block_max":3.5310,"first_over_per_block_mean":21.5172,"first_over_per_block_median":21.5786,"first_over_per_block_max":35.4694,"pooled_d_eff":102,"first_d_eff":86,"per_block_d_eff":[86,86,85,85,85,85,85,85,81,80,80,80,80,80,80,81,87,86,87,87,87,87,86,87,74,73,73,74,74,74,75,75,82,80,79,79,78,79,79,78,66,66,66,66,66,67,66,66],"per_block_mses":[5.172470e-2,5.150492e-2,5.282104e-2,5.289906e-2,5.230400e-2,5.289894e-2,5.304739e-2,5.239773e-2,7.947448e-2,8.047522e-2,8.120675e-2,8.075262e-2,8.092000e-2,8.056679e-2,8.072875e-2,7.844040e-2,6.417957e-2,6.915537e-2,6.734650e-2,6.845107e-2,6.807340e-2,6.771289e-2,7.076788e-2,6.765752e-2,8.463324e-2,8.577121e-2,8.711933e-2,8.610482e-2,8.593890e-2,8.595699e-2,8.345449e-2,8.446497e-2,5.255321e-2,5.452389e-2,5.822007e-2,5.793905e-2,5.922484e-2,5.828173e-2,5.877287e-2,6.063133e-2,7.022206e-2,7.086510e-2,7.213280e-2,7.189714e-2,7.235270e-2,6.984431e-2,7.133708e-2,7.025094e-2],"layer_pooled_mses":[1.782013e-1,1.818648e-1,1.801011e-1,1.780354e-1,1.789462e-1,1.788990e-1,1.797814e-1,1.750944e-1,1.192305e-1,1.158186e-1,1.154394e-1,1.160637e-1,1.201145e-1,1.196710e-1,1.219632e-1,1.216241e-1,1.920641e-1,1.963361e-1,2.003297e-1,2.028894e-1,2.088468e-1,2.118258e-1,2.133164e-1,2.166116e-1,9.610094e-2,1.022760e-1,1.019215e-1,1.041577e-1,1.053491e-1,1.072082e-1,1.110072e-1,1.118073e-1,1.394717e-1,1.624475e-1,1.727563e-1,1.788615e-1,1.819924e-1,1.919993e-1,1.848536e-1,1.796957e-1,5.434709e-2,5.472963e-2,5.923421e-2,5.729850e-2,5.814345e-2,6.062465e-2,5.935947e-2,5.815656e-2],"first_block_mses":[5.172470e-2,3.244176e-1,4.097267e-1,3.987568e-1,4.404842e-1,5.598173e-1,5.289731e-1,4.951114e-1,1.759926e0,1.819454e0,1.744028e0,1.710164e0,1.593804e0,1.589396e0,1.501990e0,1.526344e0,1.167634e0,1.289254e0,1.367130e0,1.330029e0,1.299756e0,1.409782e0,1.414979e0,1.397864e0,1.654793e0,1.858935e0,1.912228e0,1.871003e0,1.854445e0,1.802687e0,1.866604e0,1.849157e0,1.240931e0,1.454625e0,1.407788e0,1.362793e0,1.413651e0,1.396927e0,1.276134e0,1.310045e0,2.249100e0,2.513541e0,2.516875e0,2.398147e0,2.376332e0,2.287926e0,2.264279e0,2.124660e0]}