{"n_vecs":24576,"dim":128,"block_size":512,"n_blocks":48,"variance_ratio":0.95,"per_block_mean_mse":1.154337e-1,"layer_pooled_mean_mse":1.338370e-1,"first_block_mean_mse":1.117851e0,"pooled_over_per_block_mean":1.1594,"pooled_over_per_block_median":1.3736,"pooled_over_per_block_max":1.9120,"first_over_per_block_mean":9.6839,"first_over_per_block_median":10.2883,"first_over_per_block_max":12.7087,"pooled_d_eff":108,"first_d_eff":80,"per_block_d_eff":[80,67,66,67,66,66,66,65,75,66,66,67,66,66,66,65,83,69,68,69,68,69,68,68,84,69,69,70,68,69,68,67,75,60,60,60,59,59,58,58,75,66,66,66,66,66,66,65],"per_block_mses":[8.997228e-2,8.570100e-2,8.692602e-2,8.497796e-2,8.477290e-2,8.635231e-2,8.694325e-2,9.011688e-2,1.324862e-1,1.360654e-1,1.366387e-1,1.354896e-1,1.381115e-1,1.383141e-1,1.410401e-1,1.448674e-1,8.265805e-2,8.273383e-2,8.116289e-2,8.127292e-2,8.097287e-2,8.035569e-2,8.146279e-2,8.108153e-2,8.274040e-2,8.592165e-2,8.366605e-2,8.360967e-2,8.783707e-2,8.532268e-2,8.822447e-2,9.113453e-2,1.415235e-1,1.641454e-1,1.650334e-1,1.679233e-1,1.752954e-1,1.766018e-1,1.850739e-1,1.863304e-1,1.244888e-1,1.281106e-1,1.267799e-1,1.329752e-1,1.306063e-1,1.302771e-1,1.320953e-1,1.346267e-1],"layer_pooled_mses":[1.501207e-1,1.229694e-1,1.196466e-1,1.191195e-1,1.183572e-1,1.186790e-1,1.225281e-1,1.237880e-1,1.601968e-1,1.358168e-1,1.328833e-1,1.337650e-1,1.348105e-1,1.361659e-1,1.415611e-1,1.456805e-1,1.580411e-1,1.277074e-1,1.217925e-1,1.213553e-1,1.189088e-1,1.190268e-1,1.229192e-1,1.267064e-1,1.534004e-1,1.282616e-1,1.249938e-1,1.277218e-1,1.262599e-1,1.278432e-1,1.286140e-1,1.306965e-1,1.691170e-1,1.411705e-1,1.350527e-1,1.325155e-1,1.338990e-1,1.321776e-1,1.320909e-1,1.404045e-1,1.596593e-1,1.399666e-1,1.366419e-1,1.374753e-1,1.348776e-1,1.344554e-1,1.399412e-1,1.443961e-1],"first_block_mses":[8.997228e-2,1.160923e-1,1.446048e-1,1.725278e-1,1.821898e-1,1.906406e-1,2.035497e-1,2.120179e-1,1.286426e0,1.353174e0,1.365520e0,1.393957e0,1.389574e0,1.410950e0,1.433675e0,1.432058e0,8.772325e-1,8.659437e-1,8.642935e-1,8.701619e-1,8.672068e-1,8.763737e-1,8.837610e-1,8.962838e-1,8.521856e-1,8.947338e-1,8.874103e-1,8.993494e-1,9.047372e-1,9.084015e-1,9.317250e-1,9.358946e-1,1.751238e0,2.058208e0,2.097358e0,2.125786e0,2.187288e0,2.187247e0,2.247408e0,2.270961e0,1.214257e0,1.254725e0,1.267443e0,1.283570e0,1.264857e0,1.277289e0,1.292189e0,1.284384e0]}