{"n_vecs":24576,"dim":128,"block_size":512,"n_blocks":48,"variance_ratio":0.95,"per_block_mean_mse":3.372465e-2,"layer_pooled_mean_mse":3.717376e-2,"first_block_mean_mse":3.211285e-1,"pooled_over_per_block_mean":1.1023,"pooled_over_per_block_median":1.1655,"pooled_over_per_block_max":1.7352,"first_over_per_block_mean":9.5221,"first_over_per_block_median":10.3433,"first_over_per_block_max":13.7935,"pooled_d_eff":106,"first_d_eff":74,"per_block_d_eff":[74,63,63,64,63,63,62,61,73,60,60,62,60,61,61,60,68,60,60,61,60,60,60,59,68,61,61,62,61,61,60,60,70,60,60,61,59,60,58,58,67,57,56,57,56,56,56,56],"per_block_mses":[2.882399e-2,2.905746e-2,2.815013e-2,2.775032e-2,2.798945e-2,2.892030e-2,2.998513e-2,3.086357e-2,2.403202e-2,2.472648e-2,2.411685e-2,2.262953e-2,2.333825e-2,2.253090e-2,2.229253e-2,2.242657e-2,5.276508e-2,5.240886e-2,5.188333e-2,5.201918e-2,5.271065e-2,5.466409e-2,5.304034e-2,5.520181e-2,4.085252e-2,3.806607e-2,3.836657e-2,3.841420e-2,4.003201e-2,4.063151e-2,4.249695e-2,4.187188e-2,2.775828e-2,2.809975e-2,2.780976e-2,2.736936e-2,2.799949e-2,2.768910e-2,2.815185e-2,2.755563e-2,2.838053e-2,2.923347e-2,2.987363e-2,2.957296e-2,2.947469e-2,2.962874e-2,2.879264e-2,2.833462e-2],"layer_pooled_mses":[4.515459e-2,3.785363e-2,3.553553e-2,3.522013e-2,3.492025e-2,3.640844e-2,4.003768e-2,4.363918e-2,4.170055e-2,3.497835e-2,3.196852e-2,3.112981e-2,3.050417e-2,3.093633e-2,3.179885e-2,3.294561e-2,5.601235e-2,4.288834e-2,3.994819e-2,4.049857e-2,4.047863e-2,4.212986e-2,4.278055e-2,4.446725e-2,5.015277e-2,3.957013e-2,3.819871e-2,3.868042e-2,3.894414e-2,3.958674e-2,4.100744e-2,4.163167e-2,4.146493e-2,3.402225e-2,3.229246e-2,3.215722e-2,3.136255e-2,3.235937e-2,3.281162e-2,3.289846e-2,3.787451e-2,3.383542e-2,3.262305e-2,3.204881e-2,3.073196e-2,3.151057e-2,3.172160e-2,3.291841e-2],"first_block_mses":[2.882399e-2,4.048917e-2,5.223317e-2,6.292646e-2,7.251771e-2,8.885995e-2,1.057398e-1,1.208634e-1,3.068811e-1,3.204218e-1,3.160335e-1,3.076577e-1,3.107891e-1,3.069060e-1,3.074910e-1,3.068768e-1,5.262476e-1,5.124502e-1,5.122492e-1,5.136229e-1,5.240331e-1,5.296341e-1,5.350127e-1,5.359885e-1,4.026986e-1,3.878009e-1,3.910723e-1,3.951361e-1,4.056160e-1,4.104201e-1,4.175535e-1,4.200481e-1,2.871109e-1,2.928282e-1,2.927465e-1,2.951610e-1,2.980949e-1,2.975880e-1,2.948380e-1,2.931418e-1,3.073980e-1,3.258414e-1,3.290715e-1,3.256067e-1,3.261851e-1,3.272425e-1,3.234427e-1,3.227767e-1]}