{"n_vecs":24576,"dim":128,"block_size":512,"n_blocks":48,"variance_ratio":0.95,"per_block_mean_mse":6.805765e-2,"layer_pooled_mean_mse":1.346497e-1,"first_block_mean_mse":1.797408e0,"pooled_over_per_block_mean":1.9785,"pooled_over_per_block_median":2.1109,"pooled_over_per_block_max":2.8432,"first_over_per_block_mean":26.4101,"first_over_per_block_median":27.4194,"first_over_per_block_max":33.3850,"pooled_d_eff":107,"first_d_eff":61,"per_block_d_eff":[61,58,57,57,56,56,56,56,86,82,81,80,80,80,80,80,86,81,80,80,80,80,80,80,90,86,86,86,86,86,86,86,50,48,47,47,47,47,46,47,78,72,70,70,69,69,69,69],"per_block_mses":[4.306239e-2,4.305413e-2,4.382319e-2,4.345445e-2,4.485285e-2,4.397618e-2,4.423358e-2,4.416319e-2,7.173057e-2,7.649744e-2,7.741673e-2,7.922453e-2,7.860948e-2,7.777419e-2,7.811081e-2,7.822748e-2,7.473460e-2,7.590115e-2,7.573541e-2,7.371488e-2,7.270663e-2,7.219141e-2,7.218178e-2,7.150345e-2,6.813601e-2,6.610106e-2,6.258996e-2,6.047289e-2,5.993329e-2,5.966413e-2,5.951080e-2,5.906490e-2,9.239482e-2,9.473808e-2,9.794759e-2,9.699387e-2,9.662609e-2,9.566719e-2,9.962014e-2,9.609977e-2,4.930067e-2,5.369551e-2,5.704419e-2,5.594837e-2,5.757290e-2,5.698404e-2,5.687121e-2,5.690923e-2],"layer_pooled_mses":[6.750082e-2,5.765750e-2,5.564990e-2,5.789109e-2,5.614370e-2,5.365410e-2,5.374783e-2,5.603004e-2,1.771238e-1,1.807184e-1,1.822556e-1,1.848530e-1,1.766029e-1,1.699951e-1,1.641977e-1,1.651305e-1,1.821250e-1,1.699131e-1,1.677289e-1,1.631196e-1,1.695274e-1,1.775178e-1,1.724193e-1,1.743838e-1,1.902150e-1,1.817824e-1,1.776028e-1,1.674243e-1,1.687868e-1,1.688425e-1,1.692036e-1,1.674516e-1,1.240108e-1,1.192282e-1,1.117013e-1,1.144132e-1,1.235691e-1,1.284850e-1,1.295339e-1,1.274814e-1,9.990943e-2,1.004126e-1,1.077525e-1,1.223373e-1,1.183002e-1,1.055077e-1,9.808542e-2,1.052618e-1],"first_block_mses":[4.306239e-2,3.023429e-1,5.195410e-1,5.965127e-1,9.055641e-1,1.219804e0,1.350491e0,1.474390e0,1.973924e0,2.312048e0,2.333191e0,2.327826e0,2.279480e0,2.392124e0,2.290688e0,2.372695e0,1.796398e0,1.871432e0,1.876349e0,1.938085e0,1.885175e0,1.940316e0,1.936450e0,1.942339e0,1.651562e0,1.742873e0,1.743261e0,1.741562e0,1.794650e0,1.764345e0,1.792023e0,1.752710e0,2.395932e0,2.647859e0,2.695000e0,2.715348e0,2.649431e0,2.729479e0,2.750005e0,2.684370e0,1.161598e0,1.429965e0,1.485130e0,1.422276e0,1.450595e0,1.397370e0,1.368396e0,1.429629e0]}