{"n_vecs":24576,"dim":128,"block_size":512,"n_blocks":48,"variance_ratio":0.95,"per_block_mean_mse":1.552121e-2,"layer_pooled_mean_mse":1.874828e-2,"first_block_mean_mse":1.732899e-1,"pooled_over_per_block_mean":1.2079,"pooled_over_per_block_median":1.1941,"pooled_over_per_block_max":1.9957,"first_over_per_block_mean":11.1647,"first_over_per_block_median":12.2796,"first_over_per_block_max":16.8682,"pooled_d_eff":101,"first_d_eff":70,"per_block_d_eff":[70,54,53,53,53,53,54,53,72,53,52,53,52,51,51,51,73,56,55,56,55,56,55,55,66,51,50,50,49,50,50,49,68,52,50,50,50,50,50,50,68,52,51,53,52,52,52,52],"per_block_mses":[1.520384e-2,1.404810e-2,1.382697e-2,1.390568e-2,1.342612e-2,1.358077e-2,1.306679e-2,1.363178e-2,1.801579e-2,2.074937e-2,2.068870e-2,1.953506e-2,1.902042e-2,1.976415e-2,1.974384e-2,1.893390e-2,1.705427e-2,1.587593e-2,1.483596e-2,1.392709e-2,1.383935e-2,1.318220e-2,1.356851e-2,1.310565e-2,2.095114e-2,2.050334e-2,1.983474e-2,1.935082e-2,1.918990e-2,1.827316e-2,1.786284e-2,1.835147e-2,1.746546e-2,1.702515e-2,1.703859e-2,1.684359e-2,1.607477e-2,1.612777e-2,1.652440e-2,1.612358e-2,1.177007e-2,1.043372e-2,9.869490e-3,8.768243e-3,8.640368e-3,8.564589e-3,8.529339e-3,8.371359e-3],"layer_pooled_mses":[2.776382e-2,1.781949e-2,1.629590e-2,1.606696e-2,1.603232e-2,1.621140e-2,1.703627e-2,1.773368e-2,3.160738e-2,2.212548e-2,1.929555e-2,1.848887e-2,1.771647e-2,1.841468e-2,1.953640e-2,2.029905e-2,3.224170e-2,2.104813e-2,1.854561e-2,1.783077e-2,1.745197e-2,1.802071e-2,1.803950e-2,1.863283e-2,3.033465e-2,1.984757e-2,1.780278e-2,1.693745e-2,1.639328e-2,1.689473e-2,1.690141e-2,1.726442e-2,3.054754e-2,1.919646e-2,1.717696e-2,1.669805e-2,1.669265e-2,1.688059e-2,1.722248e-2,1.776702e-2,2.348975e-2,1.653352e-2,1.479820e-2,1.369949e-2,1.285777e-2,1.307508e-2,1.302589e-2,1.362463e-2],"first_block_mses":[1.520384e-2,1.763012e-2,2.456856e-2,2.982441e-2,3.411747e-2,3.620373e-2,3.896484e-2,4.137754e-2,1.987099e-1,2.258389e-1,2.269505e-1,2.195770e-1,2.164826e-1,2.173537e-1,2.204472e-1,2.119358e-1,1.944911e-1,1.839759e-1,1.740034e-1,1.661443e-1,1.615167e-1,1.619856e-1,1.605133e-1,1.610907e-1,2.402094e-1,2.550314e-1,2.480286e-1,2.421297e-1,2.356440e-1,2.322551e-1,2.282357e-1,2.258389e-1,2.402258e-1,2.596348e-1,2.616251e-1,2.614263e-1,2.683906e-1,2.720465e-1,2.743883e-1,2.714744e-1,1.442011e-1,1.293030e-1,1.253946e-1,1.176461e-1,1.131659e-1,1.133380e-1,1.106287e-1,1.087461e-1]}