{"n_vecs":24576,"dim":128,"block_size":512,"n_blocks":48,"variance_ratio":0.95,"per_block_mean_mse":7.128524e-2,"layer_pooled_mean_mse":1.421421e-1,"first_block_mean_mse":1.224467e0,"pooled_over_per_block_mean":1.9940,"pooled_over_per_block_median":2.0255,"pooled_over_per_block_max":2.7317,"first_over_per_block_mean":17.1770,"first_over_per_block_median":17.4112,"first_over_per_block_max":26.9849,"pooled_d_eff":106,"first_d_eff":94,"per_block_d_eff":[94,91,92,92,91,92,92,92,76,73,73,72,72,73,72,73,90,88,87,87,87,88,87,87,81,80,81,81,81,81,81,81,87,85,84,85,85,85,85,85,88,87,87,87,87,87,87,87],"per_block_mses":[5.912944e-2,6.279751e-2,6.051348e-2,6.085533e-2,6.302660e-2,6.058842e-2,6.067473e-2,6.244962e-2,7.750308e-2,8.920697e-2,9.022787e-2,9.314129e-2,9.245927e-2,8.952033e-2,9.111909e-2,8.976125e-2,7.005137e-2,7.190711e-2,7.450203e-2,7.547207e-2,7.571261e-2,7.252690e-2,7.557961e-2,7.531701e-2,6.034119e-2,6.358309e-2,6.231548e-2,6.262832e-2,6.194172e-2,6.163429e-2,6.221467e-2,6.318796e-2,6.761707e-2,7.025868e-2,7.207312e-2,7.040241e-2,7.044083e-2,6.982713e-2,6.978268e-2,7.010139e-2,6.823254e-2,7.044341e-2,7.044919e-2,7.146608e-2,7.123630e-2,7.142508e-2,7.279851e-2,7.324741e-2],"layer_pooled_mses":[1.606197e-1,1.568474e-1,1.636696e-1,1.662386e-1,1.640366e-1,1.601284e-1,1.543579e-1,1.572730e-1,1.342979e-1,1.436138e-1,1.493062e-1,1.502482e-1,1.564264e-1,1.609913e-1,1.596186e-1,1.604307e-1,1.619185e-1,1.784592e-1,1.832008e-1,1.844334e-1,1.883501e-1,1.852578e-1,1.781421e-1,1.771798e-1,8.931702e-2,9.423857e-2,1.044099e-1,1.036156e-1,9.899855e-2,9.033427e-2,1.007227e-1,1.009161e-1,1.433479e-1,1.460857e-1,1.459831e-1,1.509363e-1,1.514096e-1,1.471750e-1,1.435146e-1,1.494021e-1,1.106918e-1,1.122530e-1,1.195303e-1,1.192177e-1,1.148788e-1,1.164312e-1,1.169205e-1,1.174441e-1],"first_block_mses":[5.912944e-2,2.834611e-1,3.744877e-1,3.723259e-1,4.442157e-1,4.852940e-1,5.641823e-1,6.423410e-1,1.181711e0,1.499345e0,1.538608e0,1.482256e0,1.398164e0,1.474109e0,1.384619e0,1.182705e0,1.009381e0,1.158624e0,1.243135e0,1.309059e0,1.220027e0,1.178142e0,1.320883e0,1.311362e0,1.210328e0,1.450607e0,1.681579e0,1.492410e0,1.542838e0,1.614683e0,1.647626e0,1.631727e0,1.069022e0,1.283530e0,1.350988e0,1.488923e0,1.472611e0,1.507028e0,1.579266e0,1.708979e0,1.098876e0,1.269862e0,1.264511e0,1.413304e0,1.472667e0,1.570069e0,1.366623e0,1.468814e0]}