{"n_vecs":24576,"dim":128,"block_size":512,"n_blocks":48,"variance_ratio":0.95,"per_block_mean_mse":7.919772e-2,"layer_pooled_mean_mse":1.508581e-1,"first_block_mean_mse":1.532273e0,"pooled_over_per_block_mean":1.9048,"pooled_over_per_block_median":2.1735,"pooled_over_per_block_max":3.3832,"first_over_per_block_mean":19.3474,"first_over_per_block_median":19.7690,"first_over_per_block_max":27.3789,"pooled_d_eff":102,"first_d_eff":87,"per_block_d_eff":[87,85,84,84,84,84,84,84,87,85,84,85,84,84,84,85,84,82,82,82,82,83,82,83,88,85,84,84,84,84,84,84,86,83,82,82,82,82,82,82,53,53,53,54,54,54,54,55],"per_block_mses":[6.255610e-2,6.530119e-2,6.568707e-2,6.561726e-2,6.591649e-2,6.509881e-2,6.415868e-2,6.545771e-2,6.757236e-2,7.453142e-2,7.800160e-2,7.595014e-2,7.865848e-2,7.784839e-2,7.694899e-2,7.594845e-2,7.027941e-2,7.720467e-2,7.857710e-2,7.828414e-2,7.944478e-2,7.643468e-2,7.917058e-2,7.755731e-2,6.329523e-2,7.042434e-2,7.220434e-2,7.106535e-2,7.238448e-2,7.133311e-2,7.178926e-2,7.254801e-2,7.677374e-2,8.539720e-2,8.809086e-2,8.738359e-2,8.633361e-2,8.573956e-2,8.636640e-2,8.777538e-2,9.260773e-2,1.030485e-1,1.052419e-1,1.026025e-1,1.018800e-1,1.022564e-1,1.026301e-1,1.001131e-1],"layer_pooled_mses":[1.359678e-1,1.472260e-1,1.478724e-1,1.508699e-1,1.491935e-1,1.512273e-1,1.540685e-1,1.504321e-1,1.109841e-1,1.201008e-1,1.241234e-1,1.238711e-1,1.269819e-1,1.270045e-1,1.331884e-1,1.276168e-1,1.149106e-1,1.262665e-1,1.325473e-1,1.320516e-1,1.298307e-1,1.264078e-1,1.296948e-1,1.348699e-1,2.096830e-1,2.382613e-1,2.425565e-1,2.379491e-1,2.395917e-1,2.390633e-1,2.400550e-1,2.375039e-1,1.820513e-1,2.062914e-1,2.138970e-1,2.130906e-1,2.098832e-1,2.104684e-1,2.034616e-1,2.002674e-1,5.320289e-2,6.154134e-2,6.509030e-2,6.398144e-2,6.417162e-2,6.664635e-2,6.747074e-2,6.770150e-2],"first_block_mses":[6.255610e-2,4.270786e-1,5.777024e-1,6.226235e-1,5.678777e-1,5.956856e-1,5.952954e-1,5.918993e-1,1.535002e0,1.812733e0,1.839932e0,1.730513e0,1.676041e0,1.915092e0,2.001341e0,1.856886e0,1.601523e0,1.971048e0,2.151352e0,2.010070e0,1.902923e0,1.830790e0,1.903930e0,2.041151e0,1.207320e0,1.412812e0,1.429816e0,1.389133e0,1.286568e0,1.278853e0,1.298108e0,1.274889e0,1.509023e0,1.751387e0,1.729648e0,1.771433e0,1.904274e0,1.896701e0,1.773281e0,1.697037e0,1.752960e0,1.992322e0,2.080523e0,2.012941e0,1.878980e0,1.811107e0,1.727275e0,1.861661e0]}