{"n_vecs":24576,"dim":128,"block_size":512,"n_blocks":48,"variance_ratio":0.95,"per_block_mean_mse":7.449015e-3,"layer_pooled_mean_mse":9.798877e-3,"first_block_mean_mse":1.066802e-1,"pooled_over_per_block_mean":1.3155,"pooled_over_per_block_median":1.3019,"pooled_over_per_block_max":2.0209,"first_over_per_block_mean":14.3214,"first_over_per_block_median":15.9789,"first_over_per_block_max":22.9696,"pooled_d_eff":101,"first_d_eff":62,"per_block_d_eff":[62,55,55,55,54,55,54,54,62,54,54,54,54,54,54,54,65,58,57,57,56,57,57,56,63,58,59,59,58,58,58,58,62,56,55,55,55,55,55,55,55,49,48,47,47,47,47,47],"per_block_mses":[9.123028e-3,8.277259e-3,8.037595e-3,7.868834e-3,8.197401e-3,7.755568e-3,8.161921e-3,8.139442e-3,7.292697e-3,7.230391e-3,6.987990e-3,6.892451e-3,6.806358e-3,6.767896e-3,6.795590e-3,6.754347e-3,1.049129e-2,8.715809e-3,8.793661e-3,8.525209e-3,8.851797e-3,8.329492e-3,8.317443e-3,8.752966e-3,6.206339e-3,5.105800e-3,4.558246e-3,4.416693e-3,4.558985e-3,4.537973e-3,4.508954e-3,4.494090e-3,8.912203e-3,6.693874e-3,6.593003e-3,6.392440e-3,6.208040e-3,6.180167e-3,6.182702e-3,6.048233e-3,9.548498e-3,8.840534e-3,9.025152e-3,9.443959e-3,9.320269e-3,9.321959e-3,9.317156e-3,9.271003e-3],"layer_pooled_mses":[1.430770e-2,1.020128e-2,9.862139e-3,9.605414e-3,9.611043e-3,9.558287e-3,9.591596e-3,9.577959e-3,1.205224e-2,9.265900e-3,9.045654e-3,8.973302e-3,8.925319e-3,8.948324e-3,8.895706e-3,8.973092e-3,1.666290e-2,1.117256e-2,1.062816e-2,1.051547e-2,1.046725e-2,1.049173e-2,1.047057e-2,1.055519e-2,1.254249e-2,9.571041e-3,9.004469e-3,8.799395e-3,8.632422e-3,8.561699e-3,8.593020e-3,8.555766e-3,1.527331e-2,9.437843e-3,8.684980e-3,8.464426e-3,8.346414e-3,8.262882e-3,8.299007e-3,8.297688e-3,1.180870e-2,8.822750e-3,8.663484e-3,8.626450e-3,8.611561e-3,8.644788e-3,8.720983e-3,8.761725e-3],"first_block_mses":[9.123028e-3,9.067960e-3,1.067812e-2,1.174186e-2,1.255482e-2,1.304231e-2,1.318519e-2,1.351158e-2,1.034912e-1,1.097645e-1,1.137154e-1,1.169190e-1,1.184645e-1,1.191578e-1,1.184243e-1,1.199524e-1,1.636039e-1,1.721611e-1,1.787301e-1,1.860325e-1,1.923309e-1,1.913250e-1,1.878115e-1,1.928334e-1,8.736510e-2,7.527548e-2,7.221796e-2,7.082939e-2,6.982020e-2,7.005029e-2,7.027509e-2,6.976638e-2,1.162680e-1,9.956589e-2,9.868897e-2,9.895431e-2,9.919770e-2,9.930143e-2,9.878039e-2,9.967619e-2,1.301980e-1,1.468955e-1,1.539765e-1,1.596308e-1,1.632041e-1,1.645140e-1,1.630160e-1,1.655616e-1]}