{"n_vecs":24576,"dim":128,"block_size":512,"n_blocks":48,"variance_ratio":0.95,"per_block_mean_mse":2.673490e-2,"layer_pooled_mean_mse":3.793329e-2,"first_block_mean_mse":9.448036e-1,"pooled_over_per_block_mean":1.4189,"pooled_over_per_block_median":1.5086,"pooled_over_per_block_max":2.5869,"first_over_per_block_mean":35.3397,"first_over_per_block_median":46.6684,"first_over_per_block_max":54.0989,"pooled_d_eff":100,"first_d_eff":56,"per_block_d_eff":[56,57,56,56,57,57,56,56,54,53,53,54,54,53,54,53,52,52,52,52,52,52,52,52,34,34,33,33,33,33,34,33,49,49,49,49,49,49,49,49,47,47,47,48,47,47,47,47],"per_block_mses":[6.390165e-2,5.973017e-2,6.376088e-2,6.382766e-2,5.995718e-2,5.938699e-2,6.390068e-2,6.399747e-2,1.501418e-2,1.587079e-2,1.596209e-2,1.491831e-2,1.514342e-2,1.575041e-2,1.514498e-2,1.591137e-2,2.512546e-2,2.506939e-2,2.516247e-2,2.498898e-2,2.501898e-2,2.497134e-2,2.521467e-2,2.493920e-2,2.047156e-2,2.054354e-2,2.166077e-2,2.140520e-2,2.173072e-2,2.136135e-2,2.055303e-2,2.157106e-2,1.569012e-2,1.553710e-2,1.575078e-2,1.556258e-2,1.573610e-2,1.552797e-2,1.571954e-2,1.546992e-2,2.074320e-2,2.066206e-2,2.132045e-2,1.984803e-2,2.127426e-2,2.064344e-2,2.113480e-2,2.068908e-2],"layer_pooled_mses":[7.358907e-2,6.677757e-2,6.866062e-2,6.755439e-2,6.325307e-2,6.579597e-2,6.193957e-2,6.936243e-2,3.138749e-2,3.013183e-2,2.988791e-2,2.471004e-2,3.192216e-2,2.835690e-2,3.410498e-2,4.116142e-2,4.195334e-2,3.611269e-2,3.463621e-2,3.532112e-2,3.771163e-2,3.363965e-2,3.586439e-2,4.954198e-2,3.855723e-2,3.227484e-2,3.199771e-2,3.275437e-2,3.415307e-2,3.606006e-2,3.723412e-2,4.543858e-2,3.148837e-2,2.185034e-2,2.100799e-2,2.127687e-2,2.243888e-2,2.342582e-2,2.176672e-2,2.751335e-2,3.386660e-2,2.366551e-2,3.369914e-2,3.345514e-2,2.785886e-2,3.476978e-2,3.036312e-2,3.050519e-2],"first_block_mses":[6.390165e-2,7.611391e-1,1.111938e0,1.147041e0,1.211773e0,1.177119e0,1.210865e0,1.593280e0,7.312102e-1,7.087886e-1,7.177990e-1,7.114709e-1,7.201520e-1,7.144983e-1,7.216583e-1,7.722337e-1,1.208254e0,1.171443e0,1.156154e0,1.177032e0,1.170474e0,1.114979e0,1.058805e0,1.039377e0,9.837202e-1,1.016738e0,9.952037e-1,9.486633e-1,9.337127e-1,9.590936e-1,9.482865e-1,9.828859e-1,7.464699e-1,7.579775e-1,7.537491e-1,7.630995e-1,7.403707e-1,7.222366e-1,7.268867e-1,7.219558e-1,9.575147e-1,1.020515e0,1.123435e0,1.073757e0,1.019176e0,1.091223e0,1.103522e0,1.088995e0]}