{"n_vecs":24576,"dim":128,"block_size":512,"n_blocks":48,"variance_ratio":0.95,"per_block_mean_mse":6.921241e-3,"layer_pooled_mean_mse":8.274322e-3,"first_block_mean_mse":8.029686e-2,"pooled_over_per_block_mean":1.1955,"pooled_over_per_block_median":1.2906,"pooled_over_per_block_max":1.5431,"first_over_per_block_mean":11.6015,"first_over_per_block_median":13.4725,"first_over_per_block_max":15.4734,"pooled_d_eff":103,"first_d_eff":58,"per_block_d_eff":[58,53,53,53,53,53,53,53,62,55,55,55,55,55,55,55,61,55,55,55,55,55,55,55,62,59,59,59,59,59,59,59,62,57,57,58,57,57,57,57,63,59,59,59,59,59,59,59],"per_block_mses":[7.791004e-3,7.356406e-3,7.343486e-3,7.338136e-3,7.213494e-3,7.256039e-3,7.196877e-3,7.188833e-3,9.212292e-3,9.128095e-3,9.140663e-3,9.121789e-3,9.128348e-3,9.100435e-3,9.113137e-3,9.117523e-3,6.542290e-3,6.428096e-3,6.378427e-3,6.381263e-3,6.379629e-3,6.373380e-3,6.353691e-3,6.383547e-3,7.542240e-3,6.358770e-3,6.322957e-3,6.371025e-3,6.266142e-3,6.265513e-3,6.250449e-3,6.248845e-3,6.535462e-3,6.318462e-3,6.305774e-3,5.973328e-3,6.273236e-3,6.282553e-3,6.252057e-3,6.270649e-3,6.305107e-3,5.927284e-3,5.917988e-3,5.877218e-3,5.866978e-3,5.839266e-3,5.840077e-3,5.841311e-3],"layer_pooled_mses":[9.296479e-3,7.500950e-3,7.346509e-3,7.305867e-3,7.263912e-3,7.195763e-3,7.234697e-3,7.244017e-3,1.100146e-2,8.501829e-3,8.407917e-3,8.430989e-3,8.402755e-3,8.459909e-3,8.456570e-3,8.524585e-3,9.281685e-3,7.593350e-3,7.550617e-3,7.521402e-3,7.518581e-3,7.562399e-3,7.543774e-3,7.559745e-3,1.082456e-2,8.658205e-3,8.612784e-3,8.550453e-3,8.527153e-3,8.482882e-3,8.438115e-3,8.475338e-3,9.504062e-3,8.154390e-3,8.144327e-3,8.102097e-3,8.098412e-3,8.095522e-3,8.132340e-3,8.123492e-3,9.729282e-3,8.380298e-3,8.259353e-3,8.243548e-3,8.190154e-3,8.202817e-3,8.229316e-3,8.302807e-3],"first_block_mses":[7.791004e-3,7.533306e-3,8.238928e-3,8.682950e-3,8.979766e-3,9.252762e-3,9.373164e-3,9.472394e-3,1.228533e-1,1.273309e-1,1.274501e-1,1.280208e-1,1.273436e-1,1.280177e-1,1.277581e-1,1.282624e-1,9.058841e-2,9.566131e-2,9.687014e-2,9.759628e-2,9.809237e-2,9.838577e-2,9.831336e-2,9.839340e-2,9.077239e-2,8.239006e-2,8.143333e-2,8.104987e-2,8.072535e-2,8.008349e-2,8.021417e-2,7.998018e-2,9.132440e-2,8.818175e-2,8.766003e-2,8.740639e-2,8.733438e-2,8.757243e-2,8.796453e-2,8.785057e-2,8.226729e-2,7.903364e-2,7.828478e-2,7.804013e-2,7.844797e-2,7.859640e-2,7.868050e-2,7.869293e-2]}