{"n_vecs":24576,"dim":128,"block_size":512,"n_blocks":48,"variance_ratio":0.95,"per_block_mean_mse":7.541092e-2,"layer_pooled_mean_mse":1.630342e-1,"first_block_mean_mse":1.583465e0,"pooled_over_per_block_mean":2.1619,"pooled_over_per_block_median":2.0875,"pooled_over_per_block_max":2.7502,"first_over_per_block_mean":20.9978,"first_over_per_block_median":23.2567,"first_over_per_block_max":34.1534,"pooled_d_eff":106,"first_d_eff":88,"per_block_d_eff":[88,86,85,85,85,85,85,85,74,75,76,77,77,78,78,78,90,88,87,87,87,87,87,87,89,87,87,87,87,87,87,87,88,85,85,85,84,84,85,85,75,75,76,77,77,77,77,78],"per_block_mses":[7.240255e-2,8.153243e-2,8.601197e-2,8.651306e-2,8.624459e-2,8.652989e-2,8.801771e-2,8.885925e-2,5.041937e-2,5.395563e-2,5.388040e-2,5.298952e-2,5.263418e-2,5.077816e-2,5.142344e-2,5.219156e-2,7.093911e-2,7.712603e-2,8.002117e-2,7.966963e-2,7.963873e-2,7.895164e-2,8.072240e-2,8.155791e-2,8.777738e-2,9.523416e-2,9.590967e-2,9.522247e-2,9.577235e-2,9.528309e-2,9.522718e-2,9.546708e-2,7.740502e-2,8.803375e-2,8.835533e-2,8.845367e-2,9.142971e-2,9.170296e-2,8.860251e-2,8.984043e-2,5.357890e-2,5.716975e-2,5.582706e-2,5.495376e-2,5.400879e-2,5.355976e-2,5.449478e-2,5.340449e-2],"layer_pooled_mses":[1.768016e-1,2.005536e-1,2.115583e-1,2.064712e-1,1.994950e-1,1.967563e-1,2.005854e-1,2.069631e-1,8.697455e-2,1.016137e-1,1.033697e-1,1.052203e-1,1.040060e-1,1.027987e-1,9.944220e-2,1.018505e-1,1.891858e-1,2.062294e-1,2.115037e-1,2.087302e-1,2.136851e-1,2.171335e-1,2.115984e-1,2.192696e-1,1.682422e-1,1.894560e-1,2.002144e-1,1.984421e-1,1.968570e-1,1.967972e-1,1.975546e-1,2.024477e-1,1.648985e-1,1.795726e-1,1.843650e-1,1.887262e-1,1.925250e-1,1.977564e-1,2.018670e-1,1.959989e-1,8.168462e-2,8.679761e-2,8.830699e-2,9.053373e-2,8.837949e-2,8.354089e-2,8.330193e-2,8.558117e-2],"first_block_mses":[7.240255e-2,3.073477e-1,4.568445e-1,6.285617e-1,8.213887e-1,9.522379e-1,1.236539e0,1.412495e0,1.435345e0,1.709689e0,1.745665e0,1.726410e0,1.725240e0,1.734245e0,1.703724e0,1.636045e0,1.204152e0,1.446582e0,1.385673e0,1.420901e0,1.505682e0,1.581892e0,1.699838e0,1.479967e0,1.892501e0,2.319706e0,2.280625e0,2.277853e0,2.146309e0,2.245070e0,2.390997e0,2.522504e0,1.797475e0,2.222859e0,2.025838e0,2.009740e0,2.209401e0,2.051113e0,2.060605e0,2.149875e0,1.204301e0,1.331424e0,1.351521e0,1.244592e0,1.271237e0,1.302389e0,1.302856e0,1.366662e0]}