{"n_vecs":24576,"dim":128,"block_size":512,"n_blocks":48,"variance_ratio":0.95,"per_block_mean_mse":6.854620e-2,"layer_pooled_mean_mse":1.439255e-1,"first_block_mean_mse":1.027340e0,"pooled_over_per_block_mean":2.0997,"pooled_over_per_block_median":2.3801,"pooled_over_per_block_max":3.0863,"first_over_per_block_mean":14.9876,"first_over_per_block_median":15.0031,"first_over_per_block_max":18.0132,"pooled_d_eff":104,"first_d_eff":89,"per_block_d_eff":[89,87,86,86,86,86,87,87,90,88,87,88,88,88,88,88,63,64,65,66,66,66,66,68,91,89,89,89,89,90,90,90,92,89,89,89,89,89,89,89,86,84,84,84,85,85,85,86],"per_block_mses":[5.436453e-2,5.777771e-2,6.061144e-2,6.157396e-2,6.006296e-2,6.110378e-2,5.875138e-2,5.886639e-2,6.664741e-2,7.278259e-2,7.726970e-2,7.497159e-2,7.447306e-2,7.469037e-2,7.482544e-2,7.495572e-2,6.794526e-2,7.417430e-2,7.471613e-2,7.310039e-2,7.270641e-2,7.273925e-2,7.320616e-2,7.045110e-2,6.515551e-2,6.982680e-2,7.008976e-2,7.121889e-2,7.046279e-2,6.766240e-2,6.784112e-2,6.843784e-2,4.975494e-2,5.583264e-2,5.625887e-2,5.706104e-2,5.722518e-2,5.695605e-2,5.735490e-2,5.756654e-2,7.686430e-2,8.238571e-2,8.421186e-2,8.365384e-2,8.114484e-2,8.039009e-2,8.028857e-2,7.980588e-2],"layer_pooled_mses":[1.267561e-1,1.391142e-1,1.447359e-1,1.445904e-1,1.427267e-1,1.471211e-1,1.442031e-1,1.422262e-1,2.008866e-1,2.189291e-1,2.264847e-1,2.313871e-1,2.295091e-1,2.302354e-1,2.281945e-1,2.255326e-1,4.360345e-2,5.276162e-2,5.346851e-2,5.615640e-2,5.553743e-2,5.682410e-2,5.670353e-2,5.894434e-2,1.485392e-1,1.589721e-1,1.642947e-1,1.670068e-1,1.677087e-1,1.665895e-1,1.715448e-1,1.715548e-1,1.209793e-1,1.290601e-1,1.347397e-1,1.381542e-1,1.376350e-1,1.381098e-1,1.386084e-1,1.404046e-1,1.245222e-1,1.373998e-1,1.451864e-1,1.492798e-1,1.504695e-1,1.468607e-1,1.502324e-1,1.539377e-1],"first_block_mses":[5.436453e-2,5.441575e-1,6.845217e-1,6.714951e-1,6.915893e-1,6.837129e-1,8.470796e-1,8.460053e-1,9.483725e-1,1.142971e0,1.143606e0,1.079313e0,1.117324e0,1.079304e0,1.063512e0,9.718468e-1,9.937922e-1,1.303229e0,1.271875e0,1.243869e0,1.237086e0,1.166903e0,1.186122e0,1.214826e0,9.136092e-1,9.332514e-1,8.764498e-1,9.818999e-1,1.085482e0,1.011409e0,9.138726e-1,9.183523e-1,7.215241e-1,9.679955e-1,9.552648e-1,9.650929e-1,9.636043e-1,1.006826e0,1.016911e0,9.674069e-1,1.100169e0,1.387230e0,1.363009e0,1.464357e0,1.402827e0,1.399453e0,1.371873e0,1.437561e0]}