{"n_vecs":24576,"dim":128,"block_size":512,"n_blocks":48,"variance_ratio":0.95,"per_block_mean_mse":6.690302e-2,"layer_pooled_mean_mse":1.279710e-1,"first_block_mean_mse":9.873125e-1,"pooled_over_per_block_mean":1.9128,"pooled_over_per_block_median":1.8807,"pooled_over_per_block_max":2.2221,"first_over_per_block_mean":14.7574,"first_over_per_block_median":16.1381,"first_over_per_block_max":29.7741,"pooled_d_eff":109,"first_d_eff":96,"per_block_d_eff":[96,95,95,95,94,94,94,94,96,95,94,94,94,94,94,94,91,89,89,89,89,89,89,89,93,93,93,93,93,93,93,93,92,91,91,91,91,91,91,91,94,93,93,93,93,93,93,93],"per_block_mses":[6.895117e-2,7.022543e-2,7.085101e-2,7.126147e-2,7.466010e-2,7.451337e-2,7.394284e-2,7.495289e-2,7.056783e-2,7.212297e-2,7.578054e-2,7.623233e-2,7.655593e-2,7.605153e-2,7.666539e-2,7.616716e-2,4.739574e-2,5.074763e-2,5.051869e-2,5.074057e-2,5.093708e-2,5.057788e-2,5.079828e-2,5.091988e-2,9.429544e-2,9.417663e-2,9.382768e-2,9.431045e-2,9.489076e-2,9.533115e-2,9.484479e-2,9.495849e-2,4.895887e-2,4.963276e-2,4.965739e-2,4.995323e-2,4.994077e-2,4.994891e-2,4.950490e-2,4.963983e-2,5.848255e-2,5.964999e-2,5.938218e-2,5.974032e-2,5.952839e-2,5.948528e-2,5.945615e-2,5.961044e-2],"layer_pooled_mses":[1.532137e-1,1.456624e-1,1.447752e-1,1.435683e-1,1.403724e-1,1.450959e-1,1.443800e-1,1.502551e-1,1.537093e-1,1.504365e-1,1.482366e-1,1.512622e-1,1.516733e-1,1.513860e-1,1.519311e-1,1.483515e-1,9.664416e-2,9.268971e-2,9.254065e-2,9.514773e-2,9.628487e-2,9.459175e-2,9.484137e-2,9.939510e-2,1.865191e-1,1.819010e-1,1.764662e-1,1.740506e-1,1.732775e-1,1.738814e-1,1.740621e-1,1.821771e-1,9.079650e-2,9.106168e-2,9.071688e-2,9.077675e-2,8.986240e-2,9.057181e-2,9.342351e-2,9.278428e-2,1.128408e-1,1.091036e-1,1.062478e-1,1.059971e-1,1.040440e-1,1.045794e-1,1.036197e-1,1.074002e-1],"first_block_mses":[6.895117e-2,3.093283e-1,4.579052e-1,5.223078e-1,7.636093e-1,8.883948e-1,1.010891e0,1.223557e0,1.452176e0,1.579932e0,1.579652e0,1.474078e0,1.430529e0,1.332336e0,1.237231e0,1.080841e0,2.974574e-1,3.394151e-1,4.139493e-1,4.949609e-1,6.366379e-1,8.435337e-1,1.060570e0,1.229755e0,8.870790e-1,9.961563e-1,9.820313e-1,9.921143e-1,1.088387e0,1.083002e0,9.929827e-1,1.051480e0,7.039686e-1,8.089437e-1,8.985626e-1,9.985378e-1,1.077451e0,1.165549e0,1.285213e0,1.477979e0,1.365381e0,1.423267e0,1.381751e0,1.278811e0,1.148355e0,1.017180e0,8.270073e-1,7.318104e-1]}