{"n_vecs":24576,"dim":128,"block_size":512,"n_blocks":48,"variance_ratio":0.95,"per_block_mean_mse":7.161211e-2,"layer_pooled_mean_mse":1.425898e-1,"first_block_mean_mse":1.149459e0,"pooled_over_per_block_mean":1.9911,"pooled_over_per_block_median":2.0323,"pooled_over_per_block_max":2.4347,"first_over_per_block_mean":16.0512,"first_over_per_block_median":16.3326,"first_over_per_block_max":24.5873,"pooled_d_eff":109,"first_d_eff":87,"per_block_d_eff":[87,85,85,85,85,85,86,87,94,91,91,91,91,91,91,91,89,87,86,86,86,87,88,88,92,91,90,90,90,90,90,90,91,90,89,89,89,89,89,89,87,85,84,85,84,84,84,84],"per_block_mses":[6.174214e-2,6.526603e-2,6.688013e-2,6.836693e-2,6.724745e-2,6.673518e-2,6.585383e-2,6.500439e-2,6.304281e-2,7.116482e-2,7.226741e-2,7.331937e-2,7.268955e-2,7.198507e-2,7.391519e-2,7.460437e-2,4.227276e-2,4.450056e-2,4.593513e-2,4.719359e-2,4.684964e-2,4.552548e-2,4.410773e-2,4.431334e-2,8.115838e-2,9.176445e-2,9.808379e-2,9.919200e-2,9.946567e-2,1.004563e-1,1.004789e-1,1.019166e-1,6.132794e-2,6.516586e-2,6.698238e-2,6.849104e-2,6.846004e-2,6.725919e-2,6.769832e-2,6.870915e-2,7.376699e-2,8.182955e-2,8.566682e-2,8.297098e-2,8.640031e-2,8.591226e-2,8.619442e-2,8.724715e-2],"layer_pooled_mses":[1.259448e-1,1.152275e-1,1.131372e-1,1.162286e-1,1.135001e-1,1.115632e-1,1.157071e-1,1.257356e-1,1.456297e-1,1.446285e-1,1.441510e-1,1.430097e-1,1.538637e-1,1.565192e-1,1.680363e-1,1.712956e-1,8.945459e-2,8.885327e-2,8.624344e-2,8.802655e-2,9.110969e-2,9.398507e-2,8.928018e-2,8.776888e-2,1.802904e-1,1.935154e-1,1.977629e-1,2.079614e-1,2.154948e-1,2.195678e-1,2.235586e-1,2.325841e-1,1.493171e-1,1.396989e-1,1.458450e-1,1.457990e-1,1.405423e-1,1.419623e-1,1.424193e-1,1.443014e-1,1.471862e-1,1.403252e-1,1.401133e-1,1.412820e-1,1.449692e-1,1.406471e-1,1.401833e-1,1.500835e-1],"first_block_mses":[6.174214e-2,4.193265e-1,5.481447e-1,7.024646e-1,8.149644e-1,7.311516e-1,7.233968e-1,7.440631e-1,1.208776e0,1.466366e0,1.356460e0,1.312778e0,1.345328e0,1.387296e0,1.433098e0,1.310133e0,5.917761e-1,6.511608e-1,7.125072e-1,8.215561e-1,9.165341e-1,1.007569e0,1.040045e0,1.089545e0,1.160063e0,1.445103e0,1.550324e0,1.533409e0,1.509713e0,1.490216e0,1.554814e0,1.332390e0,8.645564e-1,1.047177e0,1.066214e0,9.444057e-1,9.802958e-1,1.112178e0,1.123616e0,1.188260e0,1.204809e0,1.467871e0,1.461418e0,1.572406e0,1.617526e0,1.687135e0,1.905137e0,1.958835e0]}