{"n_vecs":24576,"dim":128,"block_size":512,"n_blocks":48,"variance_ratio":0.95,"per_block_mean_mse":1.169555e-1,"layer_pooled_mean_mse":1.288987e-1,"first_block_mean_mse":1.047328e0,"pooled_over_per_block_mean":1.1021,"pooled_over_per_block_median":1.4190,"pooled_over_per_block_max":2.2189,"first_over_per_block_mean":8.9549,"first_over_per_block_median":9.5221,"first_over_per_block_max":13.7363,"pooled_d_eff":107,"first_d_eff":75,"per_block_d_eff":[75,66,66,66,66,66,66,66,79,67,68,69,68,68,68,67,66,60,61,61,61,61,61,60,70,64,65,65,65,65,65,65,76,63,64,65,63,64,63,63,69,64,64,64,64,64,64,64],"per_block_mses":[8.738346e-2,8.859682e-2,8.825484e-2,9.282848e-2,9.031153e-2,9.210930e-2,9.222877e-2,9.204042e-2,4.491392e-2,4.147120e-2,3.935002e-2,3.972449e-2,3.964101e-2,4.100130e-2,4.049840e-2,4.195731e-2,1.885133e-1,2.034834e-1,1.953934e-1,2.029502e-1,2.012854e-1,2.002320e-1,2.047699e-1,2.091379e-1,1.435697e-1,1.515008e-1,1.473928e-1,1.542316e-1,1.513840e-1,1.514837e-1,1.520749e-1,1.502350e-1,6.252006e-2,6.248119e-2,5.835526e-2,5.802674e-2,6.151898e-2,6.052956e-2,6.249579e-2,6.211842e-2,1.480413e-1,1.539572e-1,1.541931e-1,1.635932e-1,1.590736e-1,1.626321e-1,1.630935e-1,1.612836e-1],"layer_pooled_mses":[1.458468e-1,1.350042e-1,1.325969e-1,1.323453e-1,1.316953e-1,1.307060e-1,1.321006e-1,1.352150e-1,9.966058e-2,8.508752e-2,8.039335e-2,8.108696e-2,8.048439e-2,8.000517e-2,8.076007e-2,8.189130e-2,1.636215e-1,1.443105e-1,1.429634e-1,1.476042e-1,1.479781e-1,1.471397e-1,1.497119e-1,1.514472e-1,1.637973e-1,1.491939e-1,1.490563e-1,1.546161e-1,1.526456e-1,1.521629e-1,1.544999e-1,1.562149e-1,1.208474e-1,9.737811e-2,9.208785e-2,9.136171e-2,9.554630e-2,9.612857e-2,9.848357e-2,1.015378e-1,1.612116e-1,1.471879e-1,1.478969e-1,1.515649e-1,1.504369e-1,1.509527e-1,1.547365e-1,1.579339e-1],"first_block_mses":[8.738346e-2,1.065617e-1,1.344563e-1,1.596710e-1,1.722570e-1,1.820906e-1,1.948357e-1,2.079328e-1,5.573500e-1,5.286078e-1,5.203871e-1,5.322349e-1,5.366219e-1,5.396549e-1,5.472460e-1,5.535895e-1,1.770319e0,1.831520e0,1.863373e0,1.906184e0,1.898410e0,1.885350e0,1.913757e0,1.899037e0,1.323270e0,1.410496e0,1.434277e0,1.482571e0,1.483573e0,1.476284e0,1.495579e0,1.490300e0,6.957574e-1,7.446701e-1,7.524878e-1,7.672726e-1,8.015432e-1,8.179218e-1,8.451991e-1,8.532745e-1,1.379540e0,1.461074e0,1.468238e0,1.509973e0,1.502198e0,1.502100e0,1.522096e0,1.523220e0]}