{"n_vecs":24576,"dim":128,"block_size":512,"n_blocks":48,"variance_ratio":0.95,"per_block_mean_mse":5.268394e-2,"layer_pooled_mean_mse":5.828146e-2,"first_block_mean_mse":4.662671e-1,"pooled_over_per_block_mean":1.1062,"pooled_over_per_block_median":1.2003,"pooled_over_per_block_max":1.9393,"first_over_per_block_mean":8.8503,"first_over_per_block_median":10.9112,"first_over_per_block_max":13.0185,"pooled_d_eff":107,"first_d_eff":72,"per_block_d_eff":[72,65,65,66,65,66,65,65,73,64,65,66,64,65,64,63,66,59,60,60,59,60,59,59,74,65,65,66,65,66,66,65,68,62,63,63,62,63,62,62,78,68,68,70,68,68,68,67],"per_block_mses":[6.419004e-2,6.650469e-2,6.719202e-2,6.636698e-2,6.766658e-2,6.543310e-2,6.960587e-2,6.946557e-2,4.446007e-2,4.315642e-2,4.265671e-2,4.176158e-2,4.218567e-2,4.196120e-2,4.281657e-2,4.367032e-2,5.240508e-2,5.241553e-2,5.096964e-2,5.264584e-2,5.351840e-2,5.276887e-2,5.433618e-2,5.442268e-2,4.224890e-2,3.973933e-2,3.982370e-2,3.963471e-2,3.952027e-2,3.919028e-2,3.874442e-2,3.980400e-2,8.144186e-2,8.426980e-2,8.077947e-2,8.470390e-2,8.486805e-2,8.366103e-2,8.657185e-2,8.701706e-2,2.927550e-2,2.881382e-2,2.906025e-2,2.811652e-2,2.971101e-2,2.949138e-2,2.950743e-2,3.025892e-2],"layer_pooled_mses":[7.990042e-2,6.739813e-2,6.631973e-2,6.740868e-2,6.663997e-2,6.875226e-2,6.900170e-2,7.162851e-2,6.142589e-2,5.180107e-2,5.029947e-2,5.022929e-2,4.971265e-2,5.100785e-2,5.166548e-2,5.345072e-2,6.358851e-2,5.427998e-2,5.315891e-2,5.372822e-2,5.417067e-2,5.496389e-2,5.595138e-2,5.861655e-2,6.579677e-2,5.445867e-2,5.223006e-2,5.338961e-2,5.319345e-2,5.431382e-2,5.558882e-2,5.803532e-2,7.681577e-2,6.462124e-2,6.303740e-2,6.288774e-2,6.288022e-2,6.374508e-2,6.342302e-2,6.615107e-2,5.677438e-2,4.932426e-2,4.730334e-2,4.817604e-2,4.860545e-2,4.912582e-2,5.045756e-2,5.207546e-2],"first_block_mses":[6.419004e-2,8.186368e-2,9.777514e-2,1.135437e-1,1.169954e-1,1.243273e-1,1.297186e-1,1.386701e-1,4.851132e-1,4.926643e-1,4.889058e-1,4.857873e-1,4.968761e-1,4.994288e-1,5.027099e-1,5.036442e-1,5.020417e-1,5.036832e-1,5.082303e-1,5.167088e-1,5.259640e-1,5.256349e-1,5.359082e-1,5.335304e-1,4.637528e-1,4.754257e-1,4.663476e-1,4.597603e-1,4.630713e-1,4.583424e-1,4.580574e-1,4.614716e-1,8.071681e-1,8.461150e-1,8.434175e-1,8.436079e-1,8.548689e-1,8.539450e-1,8.573539e-1,8.573145e-1,3.527150e-1,3.594773e-1,3.624145e-1,3.660355e-1,3.676615e-1,3.709503e-1,3.744397e-1,3.831924e-1]}