{"n_vecs":24576,"dim":128,"block_size":512,"n_blocks":48,"variance_ratio":0.95,"per_block_mean_mse":4.245966e-2,"layer_pooled_mean_mse":5.024353e-2,"first_block_mean_mse":4.173996e-1,"pooled_over_per_block_mean":1.1833,"pooled_over_per_block_median":1.1986,"pooled_over_per_block_max":2.1079,"first_over_per_block_mean":9.8305,"first_over_per_block_median":12.0190,"first_over_per_block_max":16.4936,"pooled_d_eff":106,"first_d_eff":69,"per_block_d_eff":[69,62,63,63,63,63,62,62,71,63,63,64,62,62,62,61,70,63,63,64,63,63,62,62,79,69,69,70,69,69,68,68,73,66,66,66,65,66,65,65,75,65,65,67,65,66,64,65],"per_block_mses":[5.756917e-2,5.946569e-2,5.757676e-2,6.009160e-2,5.904704e-2,5.970968e-2,6.176341e-2,6.221153e-2,4.834578e-2,4.915540e-2,4.964040e-2,5.046194e-2,5.201465e-2,5.281677e-2,5.185965e-2,5.240356e-2,4.263739e-2,4.206802e-2,4.231379e-2,4.374637e-2,4.426305e-2,4.447758e-2,4.576251e-2,4.528343e-2,2.719766e-2,2.610679e-2,2.593286e-2,2.634675e-2,2.645800e-2,2.747661e-2,2.769727e-2,2.726921e-2,4.230218e-2,4.099046e-2,4.122212e-2,4.302278e-2,4.338858e-2,4.250237e-2,4.443936e-2,4.325555e-2,3.152067e-2,3.138033e-2,3.127563e-2,3.050145e-2,3.041259e-2,3.052979e-2,3.144379e-2,3.070560e-2],"layer_pooled_mses":[6.127687e-2,5.272614e-2,5.212279e-2,5.210684e-2,5.180092e-2,5.148516e-2,5.248787e-2,5.393142e-2,6.190848e-2,5.161541e-2,4.907581e-2,4.969789e-2,4.913376e-2,4.935818e-2,5.036456e-2,5.111212e-2,5.558199e-2,4.863598e-2,4.660967e-2,4.847162e-2,4.878444e-2,4.831792e-2,4.887317e-2,5.054003e-2,5.732858e-2,4.902596e-2,4.623340e-2,4.658571e-2,4.634300e-2,4.654434e-2,4.728359e-2,4.856787e-2,5.983822e-2,5.088588e-2,5.025538e-2,5.156788e-2,5.123346e-2,5.188047e-2,5.291460e-2,5.390361e-2,5.316103e-2,4.564509e-2,4.432668e-2,4.409788e-2,4.393153e-2,4.424276e-2,4.462015e-2,4.525345e-2],"first_block_mses":[5.756917e-2,6.937427e-2,8.223465e-2,9.544816e-2,9.913979e-2,1.060636e-1,1.096396e-1,1.160251e-1,5.459498e-1,5.546714e-1,5.571540e-1,5.635801e-1,5.752167e-1,5.746984e-1,5.777862e-1,5.794964e-1,4.566162e-1,4.637630e-1,4.700824e-1,4.767449e-1,4.874805e-1,4.851023e-1,4.912627e-1,4.868186e-1,3.335782e-1,3.308309e-1,3.279696e-1,3.274841e-1,3.305106e-1,3.323655e-1,3.328933e-1,3.374130e-1,5.352417e-1,5.232602e-1,5.245661e-1,5.396041e-1,5.445878e-1,5.471586e-1,5.586913e-1,5.578401e-1,4.621852e-1,5.075962e-1,5.086833e-1,5.005376e-1,5.016141e-1,5.001234e-1,4.963479e-1,4.921787e-1]}