{"n_vecs":24576,"dim":128,"block_size":512,"n_blocks":48,"variance_ratio":0.95,"per_block_mean_mse":3.032991e-2,"layer_pooled_mean_mse":3.672011e-2,"first_block_mean_mse":3.237150e-1,"pooled_over_per_block_mean":1.2107,"pooled_over_per_block_median":1.2840,"pooled_over_per_block_max":2.0452,"first_over_per_block_mean":10.6731,"first_over_per_block_median":12.3564,"first_over_per_block_max":18.0893,"pooled_d_eff":102,"first_d_eff":73,"per_block_d_eff":[73,62,63,64,63,63,62,62,67,56,55,57,55,56,56,56,72,61,61,62,61,62,61,60,75,64,65,66,64,65,64,64,73,61,61,62,62,62,61,61,65,56,57,58,57,58,58,58],"per_block_mses":[3.438029e-2,3.371153e-2,3.224030e-2,3.176011e-2,3.174324e-2,3.246141e-2,3.266649e-2,3.231606e-2,2.440593e-2,2.533786e-2,2.582272e-2,2.515838e-2,2.532896e-2,2.446838e-2,2.426629e-2,2.397196e-2,2.846821e-2,2.903729e-2,2.867400e-2,2.886514e-2,2.789742e-2,2.771589e-2,2.802035e-2,2.873722e-2,2.449588e-2,2.509817e-2,2.415497e-2,2.466113e-2,2.461619e-2,2.446821e-2,2.460507e-2,2.462865e-2,1.466004e-2,1.496594e-2,1.492845e-2,1.507787e-2,1.456285e-2,1.493902e-2,1.502608e-2,1.484833e-2,5.883487e-2,5.648752e-2,5.452709e-2,5.539077e-2,5.703031e-2,5.690933e-2,5.712614e-2,5.633755e-2],"layer_pooled_mses":[5.373478e-2,4.143781e-2,3.897531e-2,3.884120e-2,3.843030e-2,3.964253e-2,3.958095e-2,4.151343e-2,3.466243e-2,2.967290e-2,2.935629e-2,2.937066e-2,2.788181e-2,2.817024e-2,2.802578e-2,2.903949e-2,4.981997e-2,3.728369e-2,3.583153e-2,3.571963e-2,3.507923e-2,3.632200e-2,3.704084e-2,3.793910e-2,4.417239e-2,3.811601e-2,3.725081e-2,3.718443e-2,3.666677e-2,3.802256e-2,3.822842e-2,3.950259e-2,2.998209e-2,2.554735e-2,2.494514e-2,2.481106e-2,2.427152e-2,2.522075e-2,2.539357e-2,2.680688e-2,6.194056e-2,4.388315e-2,4.105817e-2,4.239511e-2,4.223544e-2,4.485814e-2,4.739218e-2,4.930803e-2],"first_block_mses":[3.438029e-2,4.832835e-2,6.090374e-2,7.191446e-2,7.723733e-2,8.270387e-2,8.840209e-2,9.534995e-2,3.141502e-1,3.255637e-1,3.227891e-1,3.169757e-1,3.129750e-1,3.141689e-1,3.110295e-1,3.082523e-1,3.857327e-1,4.009080e-1,3.962730e-1,3.880878e-1,3.871892e-1,3.872091e-1,3.914499e-1,3.939265e-1,2.833205e-1,2.984646e-1,2.971513e-1,2.945837e-1,2.932876e-1,2.919281e-1,2.900785e-1,2.894730e-1,2.567668e-1,2.593735e-1,2.604936e-1,2.635997e-1,2.600069e-1,2.675985e-1,2.647244e-1,2.685965e-1,6.206219e-1,6.008856e-1,5.987296e-1,5.969212e-1,6.058312e-1,6.105344e-1,6.244517e-1,6.249982e-1]}