{"n_vecs":24576,"dim":128,"block_size":512,"n_blocks":48,"variance_ratio":0.95,"per_block_mean_mse":2.077790e-2,"layer_pooled_mean_mse":2.434257e-2,"first_block_mean_mse":2.122027e-1,"pooled_over_per_block_mean":1.1716,"pooled_over_per_block_median":1.1944,"pooled_over_per_block_max":1.9110,"first_over_per_block_mean":10.2129,"first_over_per_block_median":11.3399,"first_over_per_block_max":13.5367,"pooled_d_eff":102,"first_d_eff":70,"per_block_d_eff":[70,56,55,55,54,55,54,53,71,56,55,56,55,55,55,55,77,61,60,61,59,60,59,58,76,61,60,60,59,59,58,58,70,55,54,54,52,53,52,52,67,54,53,54,53,54,53,53],"per_block_mses":[1.868396e-2,1.833878e-2,1.850579e-2,1.838086e-2,1.819058e-2,1.759727e-2,1.771127e-2,1.796105e-2,2.314069e-2,2.464061e-2,2.497897e-2,2.461664e-2,2.403684e-2,2.382375e-2,2.295660e-2,2.257159e-2,2.041101e-2,2.269323e-2,2.284304e-2,2.267111e-2,2.300821e-2,2.226551e-2,2.177348e-2,2.193886e-2,1.816815e-2,1.858387e-2,1.848155e-2,1.907592e-2,1.857263e-2,1.859036e-2,1.900244e-2,1.838587e-2,1.385142e-2,1.371466e-2,1.387411e-2,1.397638e-2,1.438950e-2,1.423042e-2,1.466414e-2,1.431700e-2,2.883160e-2,2.855219e-2,2.870296e-2,2.825210e-2,2.748562e-2,2.676439e-2,2.706230e-2,2.606970e-2],"layer_pooled_mses":[2.940512e-2,2.253776e-2,2.114161e-2,2.056776e-2,2.032324e-2,2.064889e-2,2.082275e-2,2.103474e-2,3.404573e-2,2.663651e-2,2.491126e-2,2.422130e-2,2.294797e-2,2.332924e-2,2.361255e-2,2.467147e-2,3.900514e-2,2.989603e-2,2.774417e-2,2.605119e-2,2.532019e-2,2.572091e-2,2.600667e-2,2.649184e-2,3.357488e-2,2.614620e-2,2.489098e-2,2.462828e-2,2.388034e-2,2.420372e-2,2.434429e-2,2.466530e-2,2.560823e-2,1.872379e-2,1.695262e-2,1.707026e-2,1.712400e-2,1.766922e-2,1.806331e-2,1.877347e-2,3.653543e-2,2.588847e-2,2.398930e-2,2.389938e-2,2.278584e-2,2.350844e-2,2.372699e-2,2.469653e-2],"first_block_mses":[1.868396e-2,2.439678e-2,3.074024e-2,3.520538e-2,3.779312e-2,3.983858e-2,4.279723e-2,4.439785e-2,2.533255e-1,2.733182e-1,2.804998e-1,2.747304e-1,2.703527e-1,2.671670e-1,2.607223e-1,2.621073e-1,2.203413e-1,2.510843e-1,2.553219e-1,2.605139e-1,2.610804e-1,2.552721e-1,2.545865e-1,2.549063e-1,1.973749e-1,2.096609e-1,2.095797e-1,2.112134e-1,2.089744e-1,2.085072e-1,2.109208e-1,2.093500e-1,1.679359e-1,1.828912e-1,1.832784e-1,1.872354e-1,1.894421e-1,1.880024e-1,1.915941e-1,1.938055e-1,3.241365e-1,3.368189e-1,3.347531e-1,3.283017e-1,3.234215e-1,3.231122e-1,3.195401e-1,3.166977e-1]}