{"n_vecs":24576,"dim":128,"block_size":512,"n_blocks":48,"variance_ratio":0.95,"per_block_mean_mse":8.030116e-2,"layer_pooled_mean_mse":1.490565e-1,"first_block_mean_mse":1.299811e0,"pooled_over_per_block_mean":1.8562,"pooled_over_per_block_median":1.7080,"pooled_over_per_block_max":2.7787,"first_over_per_block_mean":16.1867,"first_over_per_block_median":16.2475,"first_over_per_block_max":23.5813,"pooled_d_eff":109,"first_d_eff":87,"per_block_d_eff":[87,85,85,85,85,85,85,85,92,90,90,90,90,90,90,90,94,93,92,92,92,92,92,92,86,84,84,84,84,84,84,84,84,84,84,83,83,83,83,83,85,84,84,83,83,83,83,83],"per_block_mses":[6.808010e-2,7.088872e-2,7.064832e-2,7.071502e-2,7.070807e-2,7.098473e-2,7.049048e-2,7.093720e-2,8.923741e-2,9.860979e-2,9.864030e-2,9.851252e-2,9.898601e-2,9.916899e-2,9.864227e-2,9.895104e-2,9.400094e-2,9.468667e-2,9.975815e-2,9.967158e-2,9.981454e-2,1.000843e-1,1.000841e-1,9.973177e-2,7.442915e-2,8.010946e-2,7.995269e-2,7.968390e-2,7.998355e-2,8.049323e-2,8.037195e-2,8.042646e-2,7.454830e-2,7.164091e-2,7.129093e-2,7.456473e-2,7.446302e-2,7.439233e-2,7.467273e-2,7.467199e-2,6.102491e-2,6.078772e-2,6.056331e-2,6.294355e-2,6.299402e-2,6.260403e-2,6.248353e-2,6.332653e-2],"layer_pooled_mses":[1.251065e-1,1.131916e-1,1.113807e-1,1.102806e-1,1.138416e-1,1.110496e-1,1.071397e-1,1.155957e-1,2.479672e-1,2.381844e-1,2.352965e-1,2.413691e-1,2.380895e-1,2.445686e-1,2.495611e-1,2.639384e-1,2.046052e-1,2.007335e-1,1.951813e-1,1.965628e-1,1.978727e-1,1.957948e-1,2.006376e-1,2.058694e-1,1.289550e-1,1.307562e-1,1.299728e-1,1.277049e-1,1.280803e-1,1.330704e-1,1.335730e-1,1.373708e-1,9.863924e-2,9.563980e-2,9.435724e-2,9.513111e-2,9.581751e-2,9.507421e-2,9.595712e-2,9.886632e-2,1.185392e-1,1.061088e-1,1.110911e-1,1.130071e-1,1.107848e-1,1.039979e-1,1.055237e-1,1.028745e-1],"first_block_mses":[6.808010e-2,4.629855e-1,7.352587e-1,8.789118e-1,8.692640e-1,1.064855e0,1.441582e0,1.672795e0,1.417629e0,1.462627e0,1.468620e0,1.479502e0,1.426714e0,1.438967e0,1.602692e0,1.499779e0,1.763856e0,1.832059e0,1.764665e0,1.677651e0,1.578849e0,1.445760e0,1.303124e0,1.171090e0,9.812455e-1,1.192167e0,1.291434e0,1.234600e0,1.169662e0,1.266368e0,1.407429e0,1.430688e0,1.507020e0,1.453090e0,1.311062e0,1.310885e0,1.425531e0,1.436323e0,1.233609e0,1.137054e0,1.085519e0,1.296297e0,1.315920e0,1.280543e0,1.265584e0,1.292409e0,1.323067e0,1.216107e0]}