{"n_vecs":24576,"dim":128,"block_size":512,"n_blocks":48,"variance_ratio":0.95,"per_block_mean_mse":7.346061e-3,"layer_pooled_mean_mse":7.685415e-3,"first_block_mean_mse":8.179531e-2,"pooled_over_per_block_mean":1.0462,"pooled_over_per_block_median":1.0344,"pooled_over_per_block_max":1.7517,"first_over_per_block_mean":11.1346,"first_over_per_block_median":13.0800,"first_over_per_block_max":17.4998,"pooled_d_eff":106,"first_d_eff":56,"per_block_d_eff":[56,55,55,55,55,55,56,55,59,58,59,59,59,58,58,59,59,56,56,56,56,56,56,56,59,56,56,56,56,56,56,56,60,59,59,59,59,59,59,59,57,56,56,56,56,56,56,56],"per_block_mses":[7.971098e-3,8.246748e-3,8.167400e-3,8.249581e-3,8.200832e-3,8.157048e-3,7.664628e-3,8.187139e-3,8.174888e-3,8.351080e-3,7.751100e-3,7.790665e-3,7.741259e-3,8.263473e-3,8.181429e-3,7.687743e-3,6.977256e-3,7.081430e-3,7.091030e-3,7.139410e-3,7.094377e-3,7.133871e-3,7.131011e-3,7.132005e-3,3.431476e-3,3.455955e-3,3.461852e-3,3.481865e-3,3.463309e-3,3.473219e-3,3.472447e-3,3.465899e-3,8.391255e-3,8.577667e-3,8.593245e-3,8.636638e-3,8.578891e-3,8.525106e-3,8.476398e-3,8.548714e-3,8.815531e-3,8.933684e-3,8.858226e-3,8.969082e-3,8.893101e-3,8.812508e-3,8.864720e-3,8.863664e-3],"layer_pooled_mses":[8.245247e-3,8.045666e-3,8.005684e-3,8.058369e-3,8.023136e-3,8.002457e-3,8.017579e-3,8.028202e-3,8.551897e-3,8.291267e-3,8.127646e-3,8.211519e-3,8.169578e-3,8.160708e-3,8.103317e-3,8.151269e-3,8.354504e-3,7.661550e-3,7.637843e-3,7.683199e-3,7.689946e-3,7.647675e-3,7.712714e-3,7.766785e-3,6.011010e-3,5.407082e-3,5.411452e-3,5.483663e-3,5.497136e-3,5.478063e-3,5.551412e-3,5.560103e-3,8.779505e-3,8.556797e-3,8.492956e-3,8.508977e-3,8.491259e-3,8.468993e-3,8.517329e-3,8.498060e-3,8.228947e-3,8.001125e-3,7.918324e-3,8.012985e-3,7.953406e-3,7.920694e-3,7.880088e-3,7.922819e-3],"first_block_mses":[7.971098e-3,8.004091e-3,8.025724e-3,8.156789e-3,8.153198e-3,8.111238e-3,8.140138e-3,8.242666e-3,1.025731e-1,1.012837e-1,9.977032e-2,1.001366e-1,9.991489e-2,1.001027e-1,9.999801e-2,9.992095e-2,9.321329e-2,9.334162e-2,9.241014e-2,9.302758e-2,9.258981e-2,9.306873e-2,9.367567e-2,9.374940e-2,5.784203e-2,5.958040e-2,5.988583e-2,6.033738e-2,6.039820e-2,6.056318e-2,6.071107e-2,6.065264e-2,1.131744e-1,1.129243e-1,1.129459e-1,1.134754e-1,1.128109e-1,1.131460e-1,1.128002e-1,1.124398e-1,1.159857e-1,1.163825e-1,1.158658e-1,1.158331e-1,1.162595e-1,1.162153e-1,1.159229e-1,1.164413e-1]}