{"n_vecs":24576,"dim":128,"block_size":512,"n_blocks":48,"variance_ratio":0.95,"per_block_mean_mse":2.600415e-2,"layer_pooled_mean_mse":2.967880e-2,"first_block_mean_mse":2.496595e-1,"pooled_over_per_block_mean":1.1413,"pooled_over_per_block_median":1.0888,"pooled_over_per_block_max":1.7804,"first_over_per_block_mean":9.6008,"first_over_per_block_median":10.1576,"first_over_per_block_max":13.0053,"pooled_d_eff":104,"first_d_eff":74,"per_block_d_eff":[74,60,59,60,59,59,58,58,71,57,56,56,55,56,55,55,71,57,55,56,55,55,55,55,74,61,60,61,59,59,59,59,65,53,52,52,51,51,51,51,77,63,62,63,61,62,61,61],"per_block_mses":[2.077061e-2,2.260645e-2,2.260126e-2,2.259904e-2,2.189864e-2,2.248388e-2,2.256014e-2,2.241152e-2,2.467750e-2,2.614314e-2,2.614480e-2,2.680176e-2,2.742320e-2,2.711532e-2,2.831324e-2,2.818758e-2,2.131213e-2,2.375449e-2,2.487736e-2,2.476351e-2,2.458394e-2,2.449427e-2,2.386390e-2,2.386068e-2,2.320778e-2,2.711230e-2,2.649805e-2,2.615622e-2,2.592232e-2,2.623864e-2,2.506604e-2,2.454656e-2,2.636376e-2,2.747966e-2,2.702221e-2,2.695141e-2,2.682166e-2,2.702819e-2,2.667344e-2,2.614415e-2,3.271316e-2,3.025373e-2,3.041928e-2,2.965712e-2,3.033065e-2,3.025800e-2,3.070759e-2,3.037880e-2],"layer_pooled_mses":[3.451928e-2,2.901663e-2,2.740093e-2,2.709204e-2,2.638353e-2,2.651612e-2,2.698532e-2,2.827332e-2,3.947542e-2,2.909177e-2,2.693674e-2,2.664311e-2,2.650918e-2,2.717206e-2,2.891096e-2,3.018081e-2,3.330524e-2,2.794739e-2,2.612725e-2,2.530362e-2,2.526625e-2,2.545417e-2,2.598362e-2,2.682840e-2,3.682298e-2,3.342919e-2,2.964724e-2,2.893526e-2,2.788220e-2,2.831747e-2,2.852156e-2,2.855137e-2,3.448404e-2,2.644303e-2,2.460515e-2,2.428857e-2,2.463650e-2,2.495295e-2,2.541351e-2,2.680195e-2,5.824388e-2,3.715696e-2,3.276345e-2,3.168395e-2,3.171114e-2,3.285553e-2,3.330974e-2,3.580159e-2],"first_block_mses":[2.077061e-2,3.046524e-2,3.724122e-2,4.319440e-2,4.662304e-2,4.965955e-2,5.235064e-2,5.612492e-2,2.374052e-1,2.616964e-1,2.702911e-1,2.780677e-1,2.822486e-1,2.894879e-1,2.961735e-1,2.999062e-1,2.114412e-1,2.393748e-1,2.398070e-1,2.423120e-1,2.381346e-1,2.410770e-1,2.375042e-1,2.338245e-1,2.294264e-1,2.683696e-1,2.601200e-1,2.658823e-1,2.629250e-1,2.591349e-1,2.509312e-1,2.493352e-1,2.915595e-1,3.009087e-1,3.006401e-1,3.014261e-1,3.024649e-1,3.052627e-1,3.063924e-1,3.078242e-1,3.737774e-1,3.850667e-1,3.819163e-1,3.828490e-1,3.862153e-1,3.876681e-1,3.932927e-1,3.950866e-1]}