{"n_vecs":24576,"dim":128,"block_size":512,"n_blocks":48,"variance_ratio":0.95,"per_block_mean_mse":6.622494e-2,"layer_pooled_mean_mse":1.382044e-1,"first_block_mean_mse":1.113136e0,"pooled_over_per_block_mean":2.0869,"pooled_over_per_block_median":2.2325,"pooled_over_per_block_max":2.8898,"first_over_per_block_mean":16.8084,"first_over_per_block_median":18.1598,"first_over_per_block_max":26.0800,"pooled_d_eff":103,"first_d_eff":93,"per_block_d_eff":[93,91,90,90,90,90,90,90,86,85,85,85,85,85,85,85,84,84,84,85,85,85,85,85,88,85,84,84,84,85,84,85,87,85,85,85,85,85,85,85,90,88,88,88,88,88,88,88],"per_block_mses":[5.327007e-2,5.715531e-2,5.983594e-2,5.972254e-2,6.043835e-2,6.115145e-2,6.111739e-2,6.129898e-2,7.742500e-2,7.827139e-2,7.831455e-2,7.953948e-2,7.887859e-2,7.857971e-2,7.825133e-2,8.004286e-2,6.486292e-2,6.654620e-2,6.814541e-2,6.630962e-2,6.678945e-2,6.742592e-2,6.800833e-2,6.842529e-2,5.496577e-2,6.149364e-2,6.443664e-2,6.482762e-2,6.465101e-2,6.244138e-2,6.436509e-2,6.298941e-2,6.825592e-2,7.283111e-2,7.396784e-2,7.344016e-2,7.268502e-2,7.350170e-2,7.287385e-2,7.253690e-2,5.320415e-2,5.684887e-2,5.763146e-2,5.839673e-2,5.824156e-2,5.740690e-2,5.801151e-2,5.898682e-2],"layer_pooled_mses":[1.539414e-1,1.631561e-1,1.663831e-1,1.718031e-1,1.684672e-1,1.673907e-1,1.660610e-1,1.702523e-1,1.443358e-1,1.556682e-1,1.575954e-1,1.566013e-1,1.578738e-1,1.566433e-1,1.569110e-1,1.617911e-1,9.212337e-2,1.010567e-1,1.096046e-1,1.116283e-1,1.101173e-1,1.095305e-1,1.144438e-1,1.148249e-1,1.304413e-1,1.585332e-1,1.671492e-1,1.704201e-1,1.667027e-1,1.662461e-1,1.642290e-1,1.621005e-1,9.805205e-2,1.051911e-1,1.051264e-1,1.010968e-1,1.017301e-1,1.039041e-1,1.031519e-1,1.024596e-1,1.187770e-1,1.329030e-1,1.371517e-1,1.399049e-1,1.397594e-1,1.393346e-1,1.380310e-1,1.432115e-1],"first_block_mses":[5.327007e-2,3.374412e-1,3.852363e-1,4.294200e-1,4.333553e-1,4.303851e-1,5.832818e-1,6.064408e-1,1.128347e0,1.233504e0,1.159883e0,1.083214e0,9.917637e-1,9.731249e-1,9.581745e-1,9.690198e-1,1.161328e0,1.304680e0,1.323849e0,1.275237e0,1.272968e0,1.196637e0,1.235016e0,1.259751e0,9.642847e-1,1.118866e0,1.134357e0,1.187393e0,1.277830e0,1.381710e0,1.253874e0,1.129610e0,1.652533e0,1.899439e0,1.703975e0,1.650930e0,1.709624e0,1.786516e0,1.587063e0,1.497313e0,1.024984e0,1.105204e0,1.261260e0,1.111999e0,1.030411e0,1.040795e0,1.072028e0,1.063193e0]}