{"n_vecs":24576,"dim":128,"block_size":512,"n_blocks":48,"variance_ratio":0.95,"per_block_mean_mse":5.132627e-2,"layer_pooled_mean_mse":1.038709e-1,"first_block_mean_mse":8.605565e-1,"pooled_over_per_block_mean":2.0237,"pooled_over_per_block_median":2.0500,"pooled_over_per_block_max":3.6010,"first_over_per_block_mean":16.7664,"first_over_per_block_median":15.6542,"first_over_per_block_max":31.7674,"pooled_d_eff":103,"first_d_eff":86,"per_block_d_eff":[86,84,84,84,84,84,84,84,84,81,81,81,81,81,81,81,88,87,87,87,87,87,87,87,88,87,87,87,87,87,87,87,66,65,65,64,64,64,64,64,88,87,87,87,87,87,87,87],"per_block_mses":[4.282974e-2,4.710665e-2,4.751389e-2,4.744379e-2,4.721668e-2,4.732530e-2,4.734001e-2,4.781172e-2,3.261869e-2,3.738634e-2,4.049483e-2,3.832836e-2,3.849240e-2,3.844285e-2,3.796084e-2,3.807475e-2,5.803985e-2,6.016650e-2,6.000478e-2,6.012540e-2,6.017007e-2,6.055467e-2,6.034183e-2,6.042118e-2,5.613613e-2,5.817661e-2,5.804374e-2,5.820094e-2,5.756394e-2,5.822142e-2,5.842290e-2,5.845302e-2,4.134410e-2,4.183653e-2,4.215452e-2,4.366598e-2,4.381300e-2,4.364213e-2,4.347163e-2,4.342742e-2,5.983605e-2,6.276117e-2,6.245238e-2,6.298886e-2,6.343509e-2,6.275180e-2,6.321406e-2,6.343667e-2],"layer_pooled_mses":[1.327657e-1,1.103734e-1,1.096335e-1,1.111421e-1,1.114704e-1,1.097790e-1,1.107183e-1,1.297709e-1,1.174583e-1,1.213152e-1,1.150481e-1,9.890228e-2,1.022213e-1,1.041020e-1,1.055279e-1,1.149117e-1,1.070561e-1,1.014681e-1,1.005399e-1,1.014448e-1,1.002562e-1,1.035714e-1,1.038869e-1,1.047184e-1,1.225498e-1,1.136697e-1,1.085568e-1,1.102635e-1,1.134947e-1,1.111830e-1,1.133077e-1,1.189390e-1,5.174131e-2,4.524100e-2,4.437987e-2,4.534672e-2,4.919632e-2,4.688769e-2,4.740488e-2,5.268582e-2,1.311368e-1,1.271098e-1,1.302504e-1,1.340097e-1,1.300416e-1,1.314483e-1,1.345405e-1,1.443351e-1],"first_block_mses":[4.282974e-2,3.260946e-1,4.621466e-1,5.626131e-1,6.417535e-1,7.334833e-1,8.498271e-1,9.220287e-1,4.446929e-1,5.176831e-1,5.460675e-1,4.780273e-1,4.863780e-1,5.290668e-1,5.161006e-1,5.313681e-1,1.090174e0,1.129595e0,1.175033e0,1.176120e0,1.140601e0,1.070942e0,1.034361e0,1.039042e0,7.897158e-1,8.702158e-1,9.086254e-1,9.476343e-1,9.145835e-1,9.851497e-1,1.044726e0,1.178044e0,1.231746e0,1.329037e0,1.229925e0,1.267174e0,1.255302e0,1.255150e0,1.226413e0,1.161884e0,7.910146e-1,8.724346e-1,8.348370e-1,7.835175e-1,7.607137e-1,7.274058e-1,7.425948e-1,7.528413e-1]}