{"n_vecs":24576,"dim":128,"block_size":512,"n_blocks":48,"variance_ratio":0.95,"per_block_mean_mse":7.143147e-2,"layer_pooled_mean_mse":1.551704e-1,"first_block_mean_mse":6.680776e-1,"pooled_over_per_block_mean":2.1723,"pooled_over_per_block_median":1.6417,"pooled_over_per_block_max":5.1498,"first_over_per_block_mean":9.3527,"first_over_per_block_median":9.7781,"first_over_per_block_max":12.2610,"pooled_d_eff":93,"first_d_eff":82,"per_block_d_eff":[82,82,81,82,82,83,83,84,90,88,88,88,89,89,89,89,69,68,69,70,70,71,71,72,69,68,68,69,69,69,69,70,86,84,84,84,84,84,84,85,55,56,56,57,57,58,58,59],"per_block_mses":[4.336843e-2,4.661823e-2,4.970873e-2,4.871477e-2,4.871346e-2,4.749892e-2,4.799395e-2,4.739778e-2,7.007654e-2,7.366777e-2,7.336296e-2,7.317183e-2,7.068460e-2,7.077461e-2,7.051032e-2,7.109417e-2,8.051320e-2,8.803871e-2,8.722322e-2,8.468446e-2,8.474098e-2,8.228358e-2,8.317832e-2,8.262934e-2,6.934551e-2,7.913128e-2,8.023372e-2,7.790433e-2,7.705160e-2,7.746220e-2,7.816958e-2,7.596187e-2,6.637049e-2,6.980774e-2,6.897457e-2,6.972295e-2,7.004730e-2,6.964281e-2,6.943936e-2,6.804443e-2,7.413437e-2,8.104310e-2,8.250639e-2,8.108311e-2,8.046115e-2,7.764653e-2,7.924118e-2,7.863619e-2],"layer_pooled_mses":[7.119968e-2,8.508536e-2,9.034127e-2,9.081233e-2,9.179976e-2,9.127663e-2,9.186441e-2,9.266741e-2,2.276239e-1,2.426848e-1,2.492734e-1,2.522679e-1,2.519968e-1,2.544399e-1,2.569050e-1,2.567638e-1,9.267491e-2,1.042265e-1,1.079649e-1,1.087683e-1,1.085524e-1,1.076960e-1,1.096823e-1,1.106456e-1,6.791981e-2,8.173586e-2,8.748847e-2,9.020883e-2,8.877774e-2,8.971590e-2,9.114214e-2,9.236619e-2,3.349022e-1,3.499318e-1,3.517347e-1,3.523530e-1,3.523454e-1,3.507213e-1,3.480890e-1,3.504173e-1,4.315690e-2,5.192945e-2,5.309783e-2,5.319856e-2,5.391626e-2,5.438595e-2,5.508129e-2,5.634893e-2],"first_block_mses":[4.336843e-2,3.368198e-1,4.222865e-1,4.048325e-1,4.189767e-1,4.471937e-1,4.466715e-1,4.665275e-1,6.680824e-1,7.189017e-1,6.986341e-1,7.190440e-1,7.136346e-1,7.490686e-1,7.344626e-1,7.507110e-1,7.230833e-1,8.538010e-1,8.514409e-1,9.126894e-1,8.592650e-1,8.045735e-1,7.322424e-1,7.217591e-1,6.651977e-1,8.856344e-1,8.277530e-1,7.802929e-1,8.492374e-1,9.065369e-1,9.584370e-1,8.705540e-1,7.206273e-1,7.728586e-1,7.770599e-1,7.941328e-1,8.242572e-1,8.522243e-1,7.967828e-1,8.236812e-1,3.795599e-1,4.795255e-1,4.723624e-1,4.927893e-1,4.864146e-1,4.852943e-1,4.915717e-1,4.768693e-1]}