{"n_vecs":24576,"dim":128,"block_size":512,"n_blocks":48,"variance_ratio":0.95,"per_block_mean_mse":7.465203e-2,"layer_pooled_mean_mse":1.474646e-1,"first_block_mean_mse":1.182180e0,"pooled_over_per_block_mean":1.9754,"pooled_over_per_block_median":1.9496,"pooled_over_per_block_max":2.6354,"first_over_per_block_mean":15.8359,"first_over_per_block_median":16.8058,"first_over_per_block_max":21.0645,"pooled_d_eff":108,"first_d_eff":86,"per_block_d_eff":[86,83,83,83,83,84,84,84,85,83,82,82,82,82,82,82,84,80,80,79,79,79,79,79,87,83,83,82,82,82,82,83,85,81,81,80,81,81,81,81,79,74,73,73,72,73,73,73],"per_block_mses":[5.874657e-2,5.579921e-2,5.351837e-2,5.291469e-2,5.240735e-2,4.984199e-2,4.979436e-2,4.958711e-2,8.468386e-2,8.665150e-2,9.054797e-2,9.017660e-2,8.968735e-2,8.883874e-2,8.944218e-2,8.951900e-2,8.954636e-2,8.954266e-2,8.644055e-2,8.836578e-2,8.724646e-2,8.559533e-2,8.624164e-2,8.615636e-2,6.837628e-2,6.931335e-2,6.687735e-2,6.894635e-2,6.796247e-2,6.768799e-2,6.883925e-2,6.579374e-2,8.455506e-2,9.191751e-2,9.021862e-2,9.360620e-2,9.000790e-2,8.981302e-2,9.065002e-2,9.156359e-2,5.855169e-2,6.112681e-2,6.193579e-2,6.075154e-2,6.284717e-2,6.043947e-2,6.021670e-2,6.000775e-2],"layer_pooled_mses":[1.548218e-1,1.166196e-1,1.052466e-1,9.763319e-2,9.826930e-2,1.020285e-1,1.004446e-1,1.100477e-1,1.907453e-1,1.668945e-1,1.675201e-1,1.729962e-1,1.666215e-1,1.698060e-1,1.737276e-1,1.913530e-1,1.659914e-1,1.476805e-1,1.454179e-1,1.510246e-1,1.498096e-1,1.490375e-1,1.581676e-1,1.744454e-1,1.585447e-1,1.348788e-1,1.323905e-1,1.328701e-1,1.324973e-1,1.365668e-1,1.360096e-1,1.429210e-1,2.040570e-1,1.939713e-1,1.939992e-1,2.001897e-1,2.087640e-1,1.858470e-1,1.920565e-1,1.926349e-1,1.275083e-1,1.131468e-1,1.100887e-1,1.094394e-1,1.025290e-1,9.975318e-2,1.038590e-1,1.074271e-1],"first_block_mses":[5.874657e-2,3.020976e-1,3.497847e-1,4.454355e-1,5.327805e-1,6.291558e-1,6.702223e-1,7.615289e-1,1.190393e0,1.606162e0,1.567056e0,1.530014e0,1.515732e0,1.344444e0,1.457914e0,1.504440e0,1.418200e0,1.713608e0,1.553853e0,1.565049e0,1.496783e0,1.399731e0,1.514551e0,1.499629e0,9.783918e-1,1.156138e0,1.227621e0,1.255407e0,1.265062e0,1.350712e0,1.339496e0,1.328285e0,1.191331e0,1.277002e0,1.296538e0,1.387338e0,1.237992e0,1.295771e0,1.280278e0,1.112685e0,8.625500e-1,1.049652e0,1.176733e0,1.208781e0,1.235852e0,1.273129e0,1.206896e0,1.123665e0]}