{"n_vecs":24576,"dim":128,"block_size":512,"n_blocks":48,"variance_ratio":0.95,"per_block_mean_mse":1.047946e-2,"layer_pooled_mean_mse":1.445675e-2,"first_block_mean_mse":1.366365e-1,"pooled_over_per_block_mean":1.3795,"pooled_over_per_block_median":1.4311,"pooled_over_per_block_max":2.2806,"first_over_per_block_mean":13.0385,"first_over_per_block_median":12.6370,"first_over_per_block_max":23.9692,"pooled_d_eff":99,"first_d_eff":69,"per_block_d_eff":[69,56,55,55,54,54,55,55,63,51,50,50,50,51,51,51,64,52,52,52,52,52,52,52,65,53,53,53,53,53,53,53,65,55,54,54,54,54,54,54,64,54,53,53,52,52,52,52],"per_block_mses":[9.662579e-3,8.442840e-3,8.471424e-3,8.270372e-3,8.504415e-3,8.455634e-3,8.004179e-3,7.960921e-3,1.773167e-2,1.563420e-2,1.522889e-2,1.515018e-2,1.479190e-2,1.407491e-2,1.398085e-2,1.382555e-2,1.060112e-2,9.053885e-3,8.421345e-3,8.283137e-3,8.017659e-3,7.944537e-3,7.957672e-3,7.899553e-3,1.305430e-2,1.051426e-2,9.955619e-3,9.809152e-3,9.544249e-3,9.495432e-3,9.465404e-3,9.405165e-3,1.204214e-2,9.169852e-3,8.893517e-3,8.644736e-3,8.385089e-3,8.364052e-3,8.332326e-3,8.337417e-3,1.416824e-2,1.158410e-2,1.144211e-2,1.112274e-2,1.135530e-2,1.121351e-2,1.119259e-2,1.115350e-2],"layer_pooled_mses":[2.203603e-2,1.364778e-2,1.290369e-2,1.270064e-2,1.257163e-2,1.256579e-2,1.271595e-2,1.266331e-2,2.661446e-2,1.541570e-2,1.412961e-2,1.389872e-2,1.370426e-2,1.382041e-2,1.392737e-2,1.403939e-2,2.067605e-2,1.270662e-2,1.173375e-2,1.155556e-2,1.147417e-2,1.150735e-2,1.162451e-2,1.168583e-2,2.385101e-2,1.401897e-2,1.296243e-2,1.262106e-2,1.242954e-2,1.243619e-2,1.256966e-2,1.252490e-2,2.338509e-2,1.431372e-2,1.301843e-2,1.276707e-2,1.250101e-2,1.258092e-2,1.270731e-2,1.291131e-2,2.600652e-2,1.548531e-2,1.446639e-2,1.401241e-2,1.386661e-2,1.394266e-2,1.410387e-2,1.412312e-2],"first_block_mses":[9.662579e-3,1.051687e-2,1.399697e-2,1.618761e-2,1.765030e-2,1.876770e-2,1.936113e-2,1.989964e-2,2.075857e-1,1.947318e-1,1.857013e-1,1.824655e-1,1.792165e-1,1.778649e-1,1.756275e-1,1.744479e-1,1.368037e-1,1.300450e-1,1.268385e-1,1.239234e-1,1.196371e-1,1.187122e-1,1.187982e-1,1.190166e-1,1.596176e-1,1.463001e-1,1.384792e-1,1.351650e-1,1.318676e-1,1.298229e-1,1.283037e-1,1.264822e-1,1.349902e-1,1.097775e-1,1.058943e-1,1.052608e-1,1.024400e-1,1.029937e-1,1.032848e-1,1.020594e-1,2.166011e-1,2.297636e-1,2.410615e-1,2.491247e-1,2.601955e-1,2.665672e-1,2.682772e-1,2.667639e-1]}