{"n_vecs":24576,"dim":128,"block_size":512,"n_blocks":48,"variance_ratio":0.95,"per_block_mean_mse":6.497023e-2,"layer_pooled_mean_mse":7.150937e-2,"first_block_mean_mse":5.765645e-1,"pooled_over_per_block_mean":1.1006,"pooled_over_per_block_median":1.3533,"pooled_over_per_block_max":1.8690,"first_over_per_block_mean":8.8743,"first_over_per_block_median":9.9616,"first_over_per_block_max":11.3953,"pooled_d_eff":107,"first_d_eff":74,"per_block_d_eff":[74,66,66,66,66,66,65,65,75,66,67,67,66,67,66,65,75,66,68,68,67,68,67,67,69,63,63,64,62,63,62,62,66,61,62,63,62,62,62,61,65,62,62,62,61,61,61,61],"per_block_mses":[5.381603e-2,5.429513e-2,5.308673e-2,5.488206e-2,5.344099e-2,5.435584e-2,5.675280e-2,5.576639e-2,4.359267e-2,4.394373e-2,4.318864e-2,4.503557e-2,4.626441e-2,4.462286e-2,4.698831e-2,4.754333e-2,3.072911e-2,2.780063e-2,2.561440e-2,2.703233e-2,2.678643e-2,2.639972e-2,2.694803e-2,2.703767e-2,5.610916e-2,5.587472e-2,5.641591e-2,5.716814e-2,6.089436e-2,5.945676e-2,6.176430e-2,6.127127e-2,9.431903e-2,9.914301e-2,9.522732e-2,9.679845e-2,9.875604e-2,1.019729e-1,1.006182e-1,1.045168e-1,9.927304e-2,9.782023e-2,9.987938e-2,1.049020e-1,1.100555e-1,1.101340e-1,1.119371e-1,1.083398e-1],"layer_pooled_mses":[8.403502e-2,7.456105e-2,7.258590e-2,7.287443e-2,7.372275e-2,7.452181e-2,7.680246e-2,7.982079e-2,7.664092e-2,6.937488e-2,6.890338e-2,6.763153e-2,6.923634e-2,6.867191e-2,7.096549e-2,7.298068e-2,5.743250e-2,4.889047e-2,4.696130e-2,4.639467e-2,4.643352e-2,4.689833e-2,4.740771e-2,4.961995e-2,7.621129e-2,6.989331e-2,6.908443e-2,7.023404e-2,7.026014e-2,7.094647e-2,7.253734e-2,7.392142e-2,8.812518e-2,7.885807e-2,7.570935e-2,7.930711e-2,8.179995e-2,8.331114e-2,8.575591e-2,8.750773e-2,8.493854e-2,7.641796e-2,7.586474e-2,7.817458e-2,7.910412e-2,7.814946e-2,8.091254e-2,8.205731e-2],"first_block_mses":[5.381603e-2,6.990255e-2,8.296604e-2,9.457048e-2,9.795573e-2,1.034436e-1,1.067522e-1,1.121196e-1,4.668650e-1,4.729667e-1,4.728751e-1,4.746735e-1,4.890181e-1,4.871178e-1,4.929734e-1,5.004927e-1,3.303264e-1,2.998323e-1,2.918829e-1,2.943783e-1,2.954388e-1,2.984825e-1,2.992855e-1,3.044505e-1,5.477801e-1,5.566016e-1,5.619107e-1,5.780128e-1,5.924549e-1,5.946351e-1,6.035028e-1,6.064455e-1,9.421100e-1,9.669607e-1,9.650042e-1,9.869700e-1,1.002025e0,1.003638e0,1.011087e0,1.013317e0,9.373097e-1,9.661502e-1,9.862853e-1,1.022545e0,1.036514e0,1.055071e0,1.071823e0,1.074355e0]}