{"n_vecs":24576,"dim":128,"block_size":512,"n_blocks":48,"variance_ratio":0.95,"per_block_mean_mse":1.306041e-1,"layer_pooled_mean_mse":1.366664e-1,"first_block_mean_mse":1.294929e0,"pooled_over_per_block_mean":1.0464,"pooled_over_per_block_median":1.0328,"pooled_over_per_block_max":1.9238,"first_over_per_block_mean":9.9149,"first_over_per_block_median":11.1801,"first_over_per_block_max":15.1452,"pooled_d_eff":109,"first_d_eff":66,"per_block_d_eff":[66,61,61,62,61,61,61,61,68,64,65,65,64,65,65,64,69,64,65,65,65,65,65,65,70,64,64,65,64,65,64,64,68,63,64,64,64,64,64,64,77,66,66,67,66,67,66,66],"per_block_mses":[1.237780e-1,1.240787e-1,1.289632e-1,1.265046e-1,1.303176e-1,1.318007e-1,1.322816e-1,1.299109e-1,1.629612e-1,1.741499e-1,1.701930e-1,1.762378e-1,1.824835e-1,1.723039e-1,1.753211e-1,1.789572e-1,1.614777e-1,1.736384e-1,1.688495e-1,1.778245e-1,1.733259e-1,1.736770e-1,1.780695e-1,1.716008e-1,9.539759e-2,9.738840e-2,9.983171e-2,1.009561e-1,1.035818e-1,1.000801e-1,1.052797e-1,1.039434e-1,1.338935e-1,1.419483e-1,1.367979e-1,1.460147e-1,1.429632e-1,1.453721e-1,1.479164e-1,1.419071e-1,6.354267e-2,6.648845e-2,6.657902e-2,6.575760e-2,6.686645e-2,6.491692e-2,6.704902e-2,6.581628e-2],"layer_pooled_mses":[1.422375e-1,1.350297e-1,1.331922e-1,1.348194e-1,1.372787e-1,1.358869e-1,1.407446e-1,1.426937e-1,1.521805e-1,1.443206e-1,1.432707e-1,1.458170e-1,1.441579e-1,1.402587e-1,1.496359e-1,1.495291e-1,1.608058e-1,1.523005e-1,1.494143e-1,1.561334e-1,1.569167e-1,1.559138e-1,1.633793e-1,1.641544e-1,1.382403e-1,1.324279e-1,1.310286e-1,1.319960e-1,1.306747e-1,1.285612e-1,1.312571e-1,1.330099e-1,1.445596e-1,1.368936e-1,1.356840e-1,1.394407e-1,1.386739e-1,1.373809e-1,1.426374e-1,1.416520e-1,1.222456e-1,1.043900e-1,1.021055e-1,1.051197e-1,1.037207e-1,1.049430e-1,1.050588e-1,1.082142e-1],"first_block_mses":[1.237780e-1,1.524488e-1,1.811383e-1,2.035858e-1,2.102360e-1,2.238099e-1,2.379906e-1,2.468591e-1,1.821919e0,1.940479e0,1.973612e0,2.014894e0,2.007276e0,2.010311e0,2.046973e0,2.039400e0,1.721874e0,1.838276e0,1.865222e0,1.903164e0,1.898027e0,1.893017e0,1.916439e0,1.913044e0,1.053662e0,1.091270e0,1.108165e0,1.132421e0,1.125365e0,1.132245e0,1.156706e0,1.158640e0,1.484119e0,1.597619e0,1.623998e0,1.663204e0,1.672161e0,1.667770e0,1.722167e0,1.741154e0,8.500776e-1,9.246496e-1,9.520192e-1,9.856797e-1,9.754982e-1,9.831803e-1,9.877176e-1,9.833521e-1]}