{"metric":"MSE","block_size":512,"variance_ratio":0.95,"k":16,"bit_width":3,"dim":128,"num_vecs_encoded":32768,"num_blocks":64,"skeleton_bytes":1985984,"codes_bytes":1163264,"compressed_bytes":3149248,"baseline_bytes_f32":16777216,"baseline_bytes_bf16":8388608,"ratio_vs_f32":5.327372,"ratio_vs_bf16":2.663686,"encode_seconds":0.786987,"decode_seconds":0.041127,"verify":true,"mean_block_mse":3.0464286546}