{"metric":"MSE","block_size":512,"variance_ratio":0.95,"k":16,"bit_width":3,"dim":128,"num_vecs_encoded":65536,"num_blocks":128,"skeleton_bytes":3539392,"codes_bytes":2277376,"compressed_bytes":5816768,"baseline_bytes_f32":33554432,"baseline_bytes_bf16":16777216,"ratio_vs_f32":5.768570,"ratio_vs_bf16":2.884285,"encode_seconds":1.486168,"decode_seconds":0.076102,"verify":true,"mean_block_mse":0.9980132999}