{"metric":"MSE","block_size":512,"variance_ratio":0.95,"k":16,"bit_width":3,"dim":128,"num_vecs_encoded":49152,"num_blocks":96,"skeleton_bytes":3547200,"codes_bytes":1880064,"compressed_bytes":5427264,"baseline_bytes_f32":25165824,"baseline_bytes_bf16":12582912,"ratio_vs_f32":4.636926,"ratio_vs_bf16":2.318463,"encode_seconds":1.282391,"decode_seconds":0.070808,"verify":true,"mean_block_mse":0.8139510509}