{"metric":"MSE","block_size":512,"variance_ratio":0.95,"k":16,"bit_width":3,"dim":128,"num_vecs_encoded":49152,"num_blocks":96,"skeleton_bytes":3589248,"codes_bytes":2088960,"compressed_bytes":5678208,"baseline_bytes_f32":25165824,"baseline_bytes_bf16":12582912,"ratio_vs_f32":4.432001,"ratio_vs_bf16":2.216001,"encode_seconds":1.239486,"decode_seconds":0.074730,"verify":true,"mean_block_mse":0.3922718881}