{"metric":"InnerProduct","block_size":512,"variance_ratio":0.95,"k":16,"bit_width":3,"dim":64,"num_vecs_encoded":262144,"num_blocks":512,"skeleton_bytes":4955392,"codes_bytes":6258688,"compressed_bytes":11214080,"baseline_bytes_f32":67108864,"baseline_bytes_bf16":33554432,"ratio_vs_f32":5.984340,"ratio_vs_bf16":2.992170,"encode_seconds":1.691592,"decode_seconds":0.156225,"verify":true,"mean_block_mse":0.2586695008}