{"metric":"MSE","block_size":512,"variance_ratio":0.95,"k":16,"bit_width":3,"dim":64,"num_vecs_encoded":262144,"num_blocks":512,"skeleton_bytes":5556352,"codes_bytes":7699456,"compressed_bytes":13255808,"baseline_bytes_f32":67108864,"baseline_bytes_bf16":33554432,"ratio_vs_f32":5.062601,"ratio_vs_bf16":2.531300,"encode_seconds":1.458923,"decode_seconds":0.196915,"verify":true,"mean_block_mse":0.0006876803}