{
  "model": "Qwen/Qwen3-4B",
  "kv_cache_dtype": "turboquant_k8v4",
  "ctx_len": 4096,
  "prompt_len": 4096,
  "gen_tokens": 1024,
  "warmup_iters": 3,
  "measured_iters": 5,
  "max_model_len": 5120,
  "block_size": null,
  "enforce_eager": true,
  "tpot_s": {
    "min": 0.013596203410997987,
    "median": 0.013951696688309312,
    "p95": 0.013971304753795266,
    "mean": 0.013853805651888252
  },
  "ttft_s": {
    "min": 0.0,
    "median": 0.0,
    "p95": 0.0,
    "mean": 0.0
  },
  "aggregate_toks_per_s": {
    "min": 71.57527644140414,
    "median": 71.67587013541802,
    "p95": 73.54994403739934,
    "mean": 72.1903883677433
  },
  "out_tokens": [
    1024,
    1024,
    1024,
    1024,
    1024
  ]
}