{"metric":"InnerProduct","block_size":512,"variance_ratio":0.95,"k":16,"bit_width":3,"dim":64,"num_vecs_encoded":262144,"num_blocks":512,"skeleton_bytes":6480512,"codes_bytes":8722432,"compressed_bytes":15202944,"baseline_bytes_f32":67108864,"baseline_bytes_bf16":33554432,"ratio_vs_f32":4.414202,"ratio_vs_bf16":2.207101,"encode_seconds":1.997932,"decode_seconds":0.221612,"verify":true,"mean_block_mse":0.6606319833}