{"metric":"MSE","block_size":512,"variance_ratio":0.95,"k":16,"bit_width":3,"dim":128,"num_vecs_encoded":32768,"num_blocks":64,"skeleton_bytes":1953728,"codes_bytes":1138688,"compressed_bytes":3092416,"baseline_bytes_f32":16777216,"baseline_bytes_bf16":8388608,"ratio_vs_f32":5.425278,"ratio_vs_bf16":2.712639,"encode_seconds":0.805455,"decode_seconds":0.040262,"verify":true,"mean_block_mse":0.1416152180}