{
  "model_name": "ds_distill_qwen_1_5b_xformers",
  "model_path": "deepseek-ai/DeepSeek-R1-Distill-Qwen-1.5B",
  "engine": "vllm",
  "recipe": "v1.3 PPL full guardrails",
  "ctx_len": 2048,
  "n_eval": 64,
  "block_size": 512,
  "bit_width_k": 3,
  "bit_width_v": 2,
  "variance_ratio": 0.95,
  "pca_method": "randomized",
  "rsvd_target_rank_factor": 0.5,
  "q_calib": "reports/v1_4_q_pca/flagship/deepseek_distill_q_calib.safetensors",
  "k_centroids": "reports/v1_4_q_pca/calibrated_codebook/ds_K_b3_centroids.f32",
  "v_centroids": "reports/v1_4_q_pca/calibrated_codebook/ds_V_b2_centroids.f32",
  "outlier_threshold": 2.0,
  "boundary_skip_layers": [
    0,
    1,
    7,
    14,
    26,
    27
  ],
  "share_basis_v": true,
  "n_passages": 4,
  "mean_ppl_delta_rel": 0.3782143999343469,
  "mean_top1_agreement": 0.6015625,
  "verdict": "REJECT",
  "per_passage": [
    {
      "ctx_len": 2048,
      "n_eval": 64,
      "t_ref_sec": 0.14757003169506788,
      "t_alt_sec": 18.351457927376032,
      "codec_layer_calls": 56,
      "codec_total_compressed_bytes": 5670680,
      "boundary_skips": 12,
      "metrics": {
        "ppl_ref": 124.34825192111654,
        "ppl_alt": 109.42064966867825,
        "ppl_delta_rel": -0.12004673987623077,
        "top1_agreement": 0.59375,
        "mean_abs_dlogp_true": 0.7875198140372959,
        "n_tokens": 64
      }
    },
    {
      "ctx_len": 2048,
      "n_eval": 64,
      "t_ref_sec": 0.09842683281749487,
      "t_alt_sec": 18.021593258716166,
      "codec_layer_calls": 56,
      "codec_total_compressed_bytes": 5592440,
      "boundary_skips": 12,
      "metrics": {
        "ppl_ref": 32.98022523067138,
        "ppl_alt": 40.12155804671243,
        "ppl_delta_rel": 0.21653377944185961,
        "top1_agreement": 0.515625,
        "mean_abs_dlogp_true": 0.8558560346932609,
        "n_tokens": 64
      }
    },
    {
      "ctx_len": 2048,
      "n_eval": 64,
      "t_ref_sec": 0.09789393004029989,
      "t_alt_sec": 18.156216741539538,
      "codec_layer_calls": 56,
      "codec_total_compressed_bytes": 5452468,
      "boundary_skips": 12,
      "metrics": {
        "ppl_ref": 8.540933618971959,
        "ppl_alt": 14.063169454419354,
        "ppl_delta_rel": 0.6465611468026006,
        "top1_agreement": 0.671875,
        "mean_abs_dlogp_true": 0.9740472157282056,
        "n_tokens": 64
      }
    },
    {
      "ctx_len": 2048,
      "n_eval": 64,
      "t_ref_sec": 0.11107733566313982,
      "t_alt_sec": 18.95936467219144,
      "codec_layer_calls": 56,
      "codec_total_compressed_bytes": 5498252,
      "boundary_skips": 12,
      "metrics": {
        "ppl_ref": 25.09626911511389,
        "ppl_alt": 44.41561332037424,
        "ppl_delta_rel": 0.7698094133691583,
        "top1_agreement": 0.625,
        "mean_abs_dlogp_true": 1.04718177308132,
        "n_tokens": 64
      }
    }
  ]
}