{"metric":"MSE","block_size":512,"variance_ratio":0.95,"k":16,"bit_width":3,"dim":64,"num_vecs_encoded":65536,"num_blocks":128,"skeleton_bytes":1692608,"codes_bytes":2228224,"compressed_bytes":3920832,"baseline_bytes_f32":16777216,"baseline_bytes_bf16":8388608,"ratio_vs_f32":4.278994,"ratio_vs_bf16":2.139497,"encode_seconds":0.426933,"decode_seconds":0.056815,"verify":true,"mean_block_mse":0.0818158130}