{"metric":"MSE","block_size":512,"variance_ratio":0.95,"k":16,"bit_width":3,"dim":128,"num_vecs_encoded":49152,"num_blocks":96,"skeleton_bytes":3584640,"codes_bytes":2027520,"compressed_bytes":5612160,"baseline_bytes_f32":25165824,"baseline_bytes_bf16":12582912,"ratio_vs_f32":4.484160,"ratio_vs_bf16":2.242080,"encode_seconds":1.292361,"decode_seconds":0.073547,"verify":true,"mean_block_mse":1.2832411800}