{"metric":"MSE","block_size":512,"variance_ratio":0.95,"k":16,"bit_width":3,"dim":128,"num_vecs_encoded":49152,"num_blocks":96,"skeleton_bytes":3266688,"codes_bytes":1671168,"compressed_bytes":4937856,"baseline_bytes_f32":25165824,"baseline_bytes_bf16":12582912,"ratio_vs_f32":5.096508,"ratio_vs_bf16":2.548254,"encode_seconds":1.228157,"decode_seconds":0.063867,"verify":true,"mean_block_mse":0.0377932304}