{
  "model_name": "ds_distill_qwen_1_5b",
  "ctx_len": 2048,
  "n_passages": 4,
  "n_layers_compared": 22,
  "K_mse_ratio_stats": {
    "min": 0.9827746969929605,
    "max": 1.0561212215473352,
    "mean": 1.0154978020242558,
    "median": 1.011518097456839
  },
  "V_mse_ratio_stats": {
    "min": 0.9635454632005254,
    "max": 1.0555628628599143,
    "mean": 1.0169390105949512,
    "median": 1.0184921688722754
  },
  "K_relnorm_vllm_stats": {
    "min": 0.4496995806694031,
    "max": 0.6672419309616089,
    "mean": 0.5597682039846074,
    "median": 0.5658015310764313
  },
  "K_relnorm_hf_stats": {
    "min": 0.4469856917858124,
    "max": 0.6666876673698425,
    "mean": 0.5588771660219539,
    "median": 0.5641967058181763
  },
  "V_relnorm_vllm_stats": {
    "min": 0.5107399225234985,
    "max": 0.6189671158790588,
    "mean": 0.5601703199473295,
    "median": 0.5614953637123108
  },
  "V_relnorm_hf_stats": {
    "min": 0.5061507225036621,
    "max": 0.6197985410690308,
    "mean": 0.5599185526371002,
    "median": 0.5629016757011414
  },
  "mean_K_abs_vllm": 0.9806117171590979,
  "mean_K_abs_hf": 0.9743163612755862,
  "mean_V_abs_vllm": 0.6764858608896082,
  "mean_V_abs_hf": 0.6690111255103891,
  "per_layer": [
    {
      "layer": 2,
      "K_mse_vllm": 0.5348752737045288,
      "K_mse_hf": 0.5401780009269714,
      "K_mse_ratio": 0.9901833706420052,
      "K_relnorm_vllm": 0.4774552583694458,
      "K_relnorm_hf": 0.4802991449832916,
      "V_mse_vllm": 0.06979769468307495,
      "V_mse_hf": 0.0665675550699234,
      "V_mse_ratio": 1.0485242339118295,
      "V_relnorm_vllm": 0.55520099401474,
      "V_relnorm_hf": 0.5542435646057129,
      "mean_K_abs_vllm": 1.0272128582000732,
      "mean_K_abs_hf": 1.0260646343231201,
      "mean_V_abs_vllm": 0.37067052721977234,
      "mean_V_abs_hf": 0.36167433857917786
    },
    {
      "layer": 3,
      "K_mse_vllm": 0.9310023188591003,
      "K_mse_hf": 0.9236114025115967,
      "K_mse_ratio": 1.00800219261846,
      "K_relnorm_vllm": 0.6672419309616089,
      "K_relnorm_hf": 0.6666876673698425,
      "V_mse_vllm": 0.07421880215406418,
      "V_mse_hf": 0.0713878870010376,
      "V_mse_ratio": 1.039655399143351,
      "V_relnorm_vllm": 0.5691221356391907,
      "V_relnorm_hf": 0.5688377618789673,
      "mean_K_abs_vllm": 0.9770060777664185,
      "mean_K_abs_hf": 0.9723157286643982,
      "mean_V_abs_vllm": 0.37334105372428894,
      "mean_V_abs_hf": 0.3659660816192627
    },
    {
      "layer": 4,
      "K_mse_vllm": 0.4559005796909332,
      "K_mse_hf": 0.4508669972419739,
      "K_mse_ratio": 1.0111642290958323,
      "K_relnorm_vllm": 0.4999789595603943,
      "K_relnorm_hf": 0.5024513006210327,
      "V_mse_vllm": 0.12278737127780914,
      "V_mse_hf": 0.12132126092910767,
      "V_mse_ratio": 1.0120845294342775,
      "V_relnorm_vllm": 0.598885715007782,
      "V_relnorm_hf": 0.600288987159729,
      "mean_K_abs_vllm": 0.9652628898620605,
      "mean_K_abs_hf": 0.9588552117347717,
      "mean_V_abs_vllm": 0.4557230770587921,
      "mean_V_abs_hf": 0.45251229405403137
    },
    {
      "layer": 5,
      "K_mse_vllm": 0.6618500351905823,
      "K_mse_hf": 0.6533917188644409,
      "K_mse_ratio": 1.0129452456802506,
      "K_relnorm_vllm": 0.5614566206932068,
      "K_relnorm_hf": 0.559312641620636,
      "V_mse_vllm": 0.11763149499893188,
      "V_mse_hf": 0.1220819354057312,
      "V_mse_ratio": 0.9635454632005254,
      "V_relnorm_vllm": 0.5471838712692261,
      "V_relnorm_hf": 0.5498330593109131,
      "mean_K_abs_vllm": 0.9772470593452454,
      "mean_K_abs_hf": 0.9744845628738403,
      "mean_V_abs_vllm": 0.4729127287864685,
      "mean_V_abs_hf": 0.48023098707199097
    },
    {
      "layer": 6,
      "K_mse_vllm": 0.7787660956382751,
      "K_mse_hf": 0.7734306454658508,
      "K_mse_ratio": 1.006898420955651,
      "K_relnorm_vllm": 0.66257244348526,
      "K_relnorm_hf": 0.6611983776092529,
      "V_mse_vllm": 0.09013915807008743,
      "V_mse_hf": 0.09113448858261108,
      "V_mse_ratio": 0.9890784429911909,
      "V_relnorm_vllm": 0.5243862271308899,
      "V_relnorm_hf": 0.5268429517745972,
      "mean_K_abs_vllm": 1.003502607345581,
      "mean_K_abs_hf": 1.0026878118515015,
      "mean_V_abs_vllm": 0.43776243925094604,
      "mean_V_abs_hf": 0.4380960464477539
    },
    {
      "layer": 8,
      "K_mse_vllm": 0.842772901058197,
      "K_mse_hf": 0.8575443625450134,
      "K_mse_ratio": 0.9827746969929605,
      "K_relnorm_vllm": 0.5965176224708557,
      "K_relnorm_hf": 0.5951135158538818,
      "V_mse_vllm": 0.14632879197597504,
      "V_mse_hf": 0.14953887462615967,
      "V_mse_ratio": 0.9785334572149905,
      "V_relnorm_vllm": 0.5529686808586121,
      "V_relnorm_hf": 0.5518496036529541,
      "mean_K_abs_vllm": 1.1247214078903198,
      "mean_K_abs_hf": 1.1358312368392944,
      "mean_V_abs_vllm": 0.5301999449729919,
      "mean_V_abs_hf": 0.5359520316123962
    },
    {
      "layer": 9,
      "K_mse_vllm": 0.653895378112793,
      "K_mse_hf": 0.6484334468841553,
      "K_mse_ratio": 1.008423271894569,
      "K_relnorm_vllm": 0.6218151450157166,
      "K_relnorm_hf": 0.6209069490432739,
      "V_mse_vllm": 0.1265941709280014,
      "V_mse_hf": 0.12861664593219757,
      "V_mse_ratio": 0.9842751691311998,
      "V_relnorm_vllm": 0.5609910488128662,
      "V_relnorm_hf": 0.5631718039512634,
      "mean_K_abs_vllm": 0.9923715591430664,
      "mean_K_abs_hf": 0.9904364943504333,
      "mean_V_abs_vllm": 0.48581984639167786,
      "mean_V_abs_hf": 0.4875989854335785
    },
    {
      "layer": 10,
      "K_mse_vllm": 0.491864949464798,
      "K_mse_hf": 0.4894617795944214,
      "K_mse_ratio": 1.0049098212987497,
      "K_relnorm_vllm": 0.47683802247047424,
      "K_relnorm_hf": 0.47701025009155273,
      "V_mse_vllm": 0.18833835422992706,
      "V_mse_hf": 0.19280843436717987,
      "V_mse_ratio": 0.9768159512734796,
      "V_relnorm_vllm": 0.5890727043151855,
      "V_relnorm_hf": 0.5933096408843994,
      "mean_K_abs_vllm": 1.031059980392456,
      "mean_K_abs_hf": 1.0283468961715698,
      "mean_V_abs_vllm": 0.5694419145584106,
      "mean_V_abs_hf": 0.5722001194953918
    },
    {
      "layer": 11,
      "K_mse_vllm": 0.4988176226615906,
      "K_mse_hf": 0.4974910318851471,
      "K_mse_ratio": 1.0026665621919186,
      "K_relnorm_vllm": 0.5187491178512573,
      "K_relnorm_hf": 0.5207988023757935,
      "V_mse_vllm": 0.13482749462127686,
      "V_mse_hf": 0.1368892341852188,
      "V_mse_ratio": 0.984938628839487,
      "V_relnorm_vllm": 0.5619996786117554,
      "V_relnorm_hf": 0.5664156675338745,
      "mean_K_abs_vllm": 0.9924769997596741,
      "mean_K_abs_hf": 0.9879741072654724,
      "mean_V_abs_vllm": 0.5036872029304504,
      "mean_V_abs_hf": 0.5039395093917847
    },
    {
      "layer": 12,
      "K_mse_vllm": 0.7926542162895203,
      "K_mse_hf": 0.7929542660713196,
      "K_mse_ratio": 0.999621605186279,
      "K_relnorm_vllm": 0.6203159689903259,
      "K_relnorm_hf": 0.6208849549293518,
      "V_mse_vllm": 0.18795432150363922,
      "V_mse_hf": 0.18782472610473633,
      "V_mse_ratio": 1.0006899805025171,
      "V_relnorm_vllm": 0.5362176299095154,
      "V_relnorm_hf": 0.5355062484741211,
      "mean_K_abs_vllm": 1.0467162132263184,
      "mean_K_abs_hf": 1.046872615814209,
      "mean_V_abs_vllm": 0.625353991985321,
      "mean_V_abs_hf": 0.6253883838653564
    },
    {
      "layer": 13,
      "K_mse_vllm": 0.7200484871864319,
      "K_mse_hf": 0.7056576609611511,
      "K_mse_ratio": 1.0203934953468508,
      "K_relnorm_vllm": 0.5973234176635742,
      "K_relnorm_hf": 0.5942937731742859,
      "V_mse_vllm": 0.13932935893535614,
      "V_mse_hf": 0.13748909533023834,
      "V_mse_ratio": 1.0133847968138683,
      "V_relnorm_vllm": 0.5345718264579773,
      "V_relnorm_hf": 0.5329408049583435,
      "mean_K_abs_vllm": 1.0627561807632446,
      "mean_K_abs_hf": 1.0577229261398315,
      "mean_V_abs_vllm": 0.5310600996017456,