{"metric":"MSE","block_size":512,"variance_ratio":0.95,"k":16,"bit_width":3,"dim":128,"num_vecs_encoded":65536,"num_blocks":128,"skeleton_bytes":3358528,"codes_bytes":2277376,"compressed_bytes":5635904,"baseline_bytes_f32":33554432,"baseline_bytes_bf16":16777216,"ratio_vs_f32":5.953691,"ratio_vs_bf16":2.976846,"encode_seconds":1.545804,"decode_seconds":0.074580,"verify":true,"mean_block_mse":0.3358216445}