{"metric":"InnerProduct","block_size":512,"variance_ratio":0.95,"k":16,"bit_width":3,"dim":64,"num_vecs_encoded":262144,"num_blocks":512,"skeleton_bytes":5967872,"codes_bytes":8329216,"compressed_bytes":14297088,"baseline_bytes_f32":67108864,"baseline_bytes_bf16":33554432,"ratio_vs_f32":4.693883,"ratio_vs_bf16":2.346942,"encode_seconds":1.894292,"decode_seconds":0.208439,"verify":true,"mean_block_mse":0.8182278684}