{
  "model_name": "ds_distill_qwen_1_5b_k_only",
  "model_path": "deepseek-ai/DeepSeek-R1-Distill-Qwen-1.5B",
  "engine": "vllm",
  "recipe": "v1.3 PPL full guardrails",
  "ctx_len": 2048,
  "n_eval": 64,
  "block_size": 512,
  "bit_width_k": 3,
  "bit_width_v": 2,
  "variance_ratio": 0.95,
  "pca_method": "randomized",
  "rsvd_target_rank_factor": 0.5,
  "q_calib": "reports/v1_4_q_pca/flagship/deepseek_distill_q_calib.safetensors",
  "k_centroids": "reports/v1_4_q_pca/calibrated_codebook/ds_K_b3_centroids.f32",
  "v_centroids": "reports/v1_4_q_pca/calibrated_codebook/ds_V_b2_centroids.f32",
  "outlier_threshold": 2.0,
  "boundary_skip_layers": [
    0,
    1,
    7,
    14,
    26,
    27
  ],
  "share_basis_v": true,
  "n_passages": 4,
  "mean_ppl_delta_rel": 0.2254570937234031,
  "mean_top1_agreement": 0.69140625,
  "verdict": "REJECT",
  "per_passage": [
    {
      "ctx_len": 2048,
      "n_eval": 64,
      "t_ref_sec": 0.13249260932207108,
      "t_alt_sec": 8.9643594622612,
      "codec_layer_calls": 56,
      "codec_total_compressed_bytes": 2722436,
      "boundary_skips": 12,
      "metrics": {
        "ppl_ref": 124.8755040661336,
        "ppl_alt": 108.42882936436447,
        "ppl_delta_rel": -0.13170457108272435,
        "top1_agreement": 0.734375,
        "mean_abs_dlogp_true": 0.5818154623475493,
        "n_tokens": 64
      }
    },
    {
      "ctx_len": 2048,
      "n_eval": 64,
      "t_ref_sec": 0.1002084156498313,
      "t_alt_sec": 9.241994438692927,
      "codec_layer_calls": 56,
      "codec_total_compressed_bytes": 2613108,
      "boundary_skips": 12,
      "metrics": {
        "ppl_ref": 33.0042923548772,
        "ppl_alt": 40.43671974196611,
        "ppl_delta_rel": 0.22519578081456978,
        "top1_agreement": 0.671875,
        "mean_abs_dlogp_true": 0.7751498885158981,
        "n_tokens": 64
      }
    },
    {
      "ctx_len": 2048,
      "n_eval": 64,
      "t_ref_sec": 0.09568933583796024,
      "t_alt_sec": 9.208638415671885,
      "codec_layer_calls": 56,
      "codec_total_compressed_bytes": 2512116,
      "boundary_skips": 12,
      "metrics": {
        "ppl_ref": 8.535555997020436,
        "ppl_alt": 10.201957740918466,
        "ppl_delta_rel": 0.1952306029601038,
        "top1_agreement": 0.703125,
        "mean_abs_dlogp_true": 0.6314752803191368,
        "n_tokens": 64
      }
    },
    {
      "ctx_len": 2048,
      "n_eval": 64,
      "t_ref_sec": 0.13525690510869026,
      "t_alt_sec": 9.435937971808016,
      "codec_layer_calls": 56,
      "codec_total_compressed_bytes": 2522720,
      "boundary_skips": 12,
      "metrics": {
        "ppl_ref": 25.35456860935595,
        "ppl_alt": 40.89962100554438,
        "ppl_delta_rel": 0.6131065622016632,
        "top1_agreement": 0.65625,
        "mean_abs_dlogp_true": 1.0818352744513504,
        "n_tokens": 64
      }
    }
  ]
}