{"metric":"MSE","block_size":512,"variance_ratio":0.95,"k":16,"bit_width":3,"dim":128,"num_vecs_encoded":49152,"num_blocks":96,"skeleton_bytes":2900352,"codes_bytes":1708032,"compressed_bytes":4608384,"baseline_bytes_f32":25165824,"baseline_bytes_bf16":12582912,"ratio_vs_f32":5.460878,"ratio_vs_bf16":2.730439,"encode_seconds":1.382249,"decode_seconds":0.071935,"verify":true,"mean_block_mse":0.0896143471}