{"metric":"MSE","block_size":512,"variance_ratio":0.95,"k":16,"bit_width":3,"dim":64,"num_vecs_encoded":65536,"num_blocks":128,"skeleton_bytes":1388608,"codes_bytes":1924096,"compressed_bytes":3312704,"baseline_bytes_f32":16777216,"baseline_bytes_bf16":8388608,"ratio_vs_f32":5.064508,"ratio_vs_bf16":2.532254,"encode_seconds":0.366269,"decode_seconds":0.047084,"verify":true,"mean_block_mse":0.0006839781}