{
  "sigma_path": "reports/v1_3_ppl/vllm_recalibrated/q_calib.safetensors",
  "centroids": {
    "K_b2": {
      "path": "reports/v1_3_ppl/vllm_recalibrated/K_b2_centroids.f32",
      "n_samples": 5000000,
      "std": 1.0000910758972168,
      "mse_gaussian": 0.11428027234165657,
      "mse_calibrated": 0.07206343114376068,
      "mse_improvement_x": 1.5858289083360009,
      "gaussian_init": [
        -1.51,
        -0.4528,
        0.4528,
        1.51
      ],
      "calibrated": [
        -1.1933221817016602,
        -0.4748612940311432,
        0.5109690427780151,
        1.1847046613693237
      ]
    },
    "K_b3": {
      "path": "reports/v1_3_ppl/vllm_recalibrated/K_b3_centroids.f32",
      "n_samples": 5000000,
      "std": 1.0000910758972168,
      "mse_gaussian": 0.031756222033386156,
      "mse_calibrated": 0.02138727344572544,
      "mse_improvement_x": 1.4848186288904022,
      "gaussian_init": [
        -2.151945,
        -1.343757,
        -0.756268,
        -0.244943,
        0.244943,
        0.756268,
        1.343757,
        2.151945
      ],
      "calibrated": [
        -1.773905873298645,
        -1.2773849964141846,
        -0.9210411310195923,
        -0.46586254239082336,
        0.09332156181335449,
        0.631490170955658,
        1.0465940237045288,
        1.5768957138061523
      ]
    },
    "V_b2": {
      "path": "reports/v1_3_ppl/vllm_recalibrated/V_b2_centroids.f32",
      "n_samples": 5000000,
      "std": 0.999721109867096,
      "mse_gaussian": 0.11398505172945357,
      "mse_calibrated": 0.11395134031772614,
      "mse_improvement_x": 1.0002958404142808,
      "gaussian_init": [
        -1.51,
        -0.4528,
        0.4528,
        1.51
      ],
      "calibrated": [
        -1.4982718229293823,
        -0.45374470949172974,
        0.4505667984485626,
        1.4951882362365723
      ]
    }
  }
}