{"metric":"MSE","block_size":512,"variance_ratio":0.95,"k":16,"bit_width":3,"dim":128,"num_vecs_encoded":24576,"num_blocks":48,"skeleton_bytes":1803264,"codes_bytes":1019904,"compressed_bytes":2823168,"baseline_bytes_f32":12582912,"baseline_bytes_bf16":6291456,"ratio_vs_f32":4.457018,"ratio_vs_bf16":2.228509,"encode_seconds":0.690488,"decode_seconds":0.045751,"verify":true,"mean_block_mse":0.7991279778}