{"metric":"MSE","block_size":512,"variance_ratio":0.95,"k":16,"bit_width":3,"dim":128,"num_vecs_encoded":24576,"num_blocks":48,"skeleton_bytes":1836672,"codes_bytes":1167360,"compressed_bytes":3004032,"baseline_bytes_f32":12582912,"baseline_bytes_bf16":6291456,"ratio_vs_f32":4.188674,"ratio_vs_bf16":2.094337,"encode_seconds":0.649497,"decode_seconds":0.041290,"verify":true,"mean_block_mse":1.1322406835}