{"metric":"MSE","block_size":512,"variance_ratio":0.95,"k":16,"bit_width":3,"dim":128,"num_vecs_encoded":24576,"num_blocks":48,"skeleton_bytes":1826304,"codes_bytes":1191936,"compressed_bytes":3018240,"baseline_bytes_f32":12582912,"baseline_bytes_bf16":6291456,"ratio_vs_f32":4.168957,"ratio_vs_bf16":2.084478,"encode_seconds":0.664285,"decode_seconds":0.040051,"verify":true,"mean_block_mse":0.5020449935}